S01B00004E6574416E616C797A65725F464732335F5630312E73333705
S3150800000000080020D90500083B8D00083B8D000834
S31508000010679800083B8D00083B8D00083B8D00085B
S315080000203B8D00083B8D00083B8D00083B8D000882
S315080000303B8D00083B8D00083B8D00083B8D000872
S315080000403B8D00083B8D00083B8D00083B8D000862
S315080000503B8D00083B8D00083B8D00083B8D000852
S315080000603B8D00083B8D00083B8D0008A104000865
S31508000070910400083B8D00083B8D00083B8D000865
S315080000803B8D00083B8D00083B8D00083B8D000822
S315080000903B8D00083B8D0008F10C00083B8D0008DD
S315080000A03B8D00083B8D0008C9080008A108000818
S315080000B03B8D00083B8D000831760008ED8000086E
S315080000C0A39F00089F9F0008A1780008B99F000811
S315080000D0A79F0008BD800008AB9F00085181000853
S315080000E0898100083B8D00083B8D00083B8D000880
S315080000F03B8D00083B8D00083B8D00083B8D0008B2
S315080001003B8D00083B8D00083B8D00083B8D0008A1
S315080001103B8D00083B8D00083B8D00083B8D000891
S315080001203B8D00083B8D00083B8D00083B8D000881
S315080001303B8D00083B8D00083B8D00083B8D000871
S315080001403B8D00083B8D00083B8D00083B8D000861
S315080001503B8D00083B8D000815AB0008956000082C
S315080001603B8D00083B8D0008459F00084B9F000803
S3150800018070470000000000000000000000000000AA
S315080001900000000000000000000000000000000051
S315080001A00348044B834202D0034B03B118477047F8
S315080001B05C1400205C14002000000000064B074970
S315080001C0C91A891048BF0131491003D0044B0BB135
S315080001D001481847704700BF5C1400205C140020D3
S315080001E00000000010B5064C237843B9FFF7D8FF86
S315080001F0044B13B10448AFF300800123237010BDEC
S31508000200B01200200000000014E7000808B5054BEE
S315080002101BB105490548AFF30080BDE80840FFF764
S31508000220CDBF00BF00000000400A002014E7000808
S31508000230A3F5803A704700BF174B002B08BF134B36
S315080002409D46FFF7F5FF00218B460F461348144AD3
S31508000250121A09F0B3FE0E4B002B00D098470D4B2F
S31508000260002B00D098470020002104000D000D48FF
S31508000270002802D00C48AFF3008008F0BDF9200032
S31508000280290008F009FD08F071F900BF0000080010
S315080002900000000000000000000800200008002000
S315080002A0E0120020000000000000000000B583B046
S315080002B00B4B4FF080625A66012304220921022063
S315080002C001F064FF0023019302E0019B01330193CF
S315080002D0019A49F63F439A42F7D903B05DF804FB01
S315080002E00090005008B54E220249034B186809F0E1
S315080002F026F808BD80AB00084413002030B591B03D
S315080003000AF0B8F9134B1A685B68904271EB03035D
S3150800031001D211B030BD05460C460F4A13680133A9
S3150800032013600E4A4021684608F032F9021E0ADCBC
S315080003304FF47A700AF0B8F9401944F10004054BF5
S3150800034018605C60E5E76946054B186808F0F7FF32
S31508000350EEE700BF00080020580A0020D0AB0008CE
S31508000360441300200023062073B1704754B224B901
S31508000370013353B15DF8044B70470228F8D008687A
S315080003800A4908601046F3E710B4094A52F82310E0
S315080003900A7A022AEAD9032AEAD1441EE4B2012CCF
S315080003A0E6D90868014908601046E1E75C0A0020BA
S315080003B01C13002030B5A3B020252A4600211AA810
S315080003C009F0FCFD294B1A934FF4E1331C930223E1
S315080003D08DF87530264A1E9201248DF87D408DF8D9
S315080003E07E408DF87F408DF880300021159116915A
S315080003F01791189119914FF4801315931D4B199362
S31508000400109111911291139114911B4B10931B4B40
S3150800041014933C2201A809F0D1FD0DF1040E0DF14B
S31508000420540CBCE80F00AEE80F00DCF80030CEF83C
S3150800043000300DF1180E0DF1400CBCE80F00AEE8C7
S315080004400F00DCF80030CEF800300D4B0B930C95FE
S315080004508DF835408DF836400A4B0F930A4B1AAA89
S3150800046001A90A4802F0EAFB23B030BDB8B3000878
S31508000470A8B300083C00015B010010004400015BC2
S31508000480600A002030130020800A0020340B002068
S3150800049008B5024808F0D2FF08BD00BF340B00209B
S315080004A008B5024808F0CAFF08BD00BF340B002093
S315080004B010B58EB02422002105A809F07FFD334B24
S315080004C00593334B1B88ADF82430324B1B88ADF8A7
S315080004D02630314B1B680B93304B1B680C93304A04
S315080004E005A9304803F0A8F800B1FEE72E4B1C68B2
S315080004F02E4A21462B4B186803F054F900B1FEE743
S315080005004CB12146274B186809F03AFA01464FF6CE
S31508000510FF73984206D10021224B186808F0EDFEB9
S3150800052038B1FEE71F4B186803F080FA0028F2D0AE
S31508000530FEE71F491B4B186803F0BCFA00B1FEE73B
S315080005406FF0C00240F2FF33CDE900234FF0FF32CF
S315080005504FF0FF331349086809F05BFA00B1FEE76C
S31508000560144B1B88ADF81030ADF80C3004A90D4BB0
S31508000570186809F036FA00B1FEE703A9094B1868AE
S3150800058009F045FA00B1FEE70EB010BD2B8D000844
S3150800059012B4000810B4000818B4000814B400080F
S315080005A00D8D0008481300200C130020178D000835
S315080005B00700110000B2000808B50448044A121AD8
S315080005C09210044908F0BAFB08BD00BF8001000874
S315080005D0A0010008E012002008B5154B83F30A882D
S315080005E000F030F8FFF7E8FF124A0AE01068516891
S315080005F050F8230041F82300013391688B42F5D364
S315080006000C320D4B9A4201D20023F6E70B4A08E05A
S315080006101168002041F82300013351688B42F7D353
S315080006200832074B9A4201D20023F6E7FFF704FE89
S31508000630000000201CE7000828E7000828E7000853
S3150800064028E7000870B5134B134A9A60D3F8882038
S3150800065042F47002C3F88820104A4FF4804191662C
S315080006600F4D05F500544FF0FF3222660D4A6266BB
S315080006700222C3F8D020BFF34F8FBFF36F8F00203D
S3150800068002F09AFA4FF44036E660002008F04FFE72
S315080006902E6170BD00ED00E00000000800900050DB
S315080006A0008000447FFF7F01014B1860704700BF40
S315080006B05013002008B5064B1860064B1B6F03F055
S315080006C00703032B00D008BD09F0E0FDFBE700BFD8
S315080006D0581300200080005010B504460FE001238F
S315080006E0834024EA03040F2814D800EB40020E4B7B
S315080006F003EB82035A6812B19968C0B2904794B165
S31508000700234600201F28EAD813F0010FE7D101304D
S315080007105B08F7E7103800EB40039B00B033024A4A
S3150800072013440433E6E710BD500B002008B50D4806
S315080007300AF0BDF81A2002F02FFA28B91B2002F099
S315080007402BFA40B9002008BD1A2002F035FA1A2003
S3150800075008F0EDFDF2E71B2002F02EFA1B2008F048
S31508000760E6FDEFE7A4B300082DE9F04170B30C46A7
S31508000770174605460F292BD803784BB1022B20D0F4
S31508000780032B21D0012B01D0002303E00F2301E026
S3150800079040F2FF736A78D34013F0010F1AD00F4B5B
S315080007A0D3F81063C6B90AF075F880463A4621466A
S315080007B0284601F033FE40460AF067F83046BDE8A1
S315080007C0F08140F2FF33E5E73F23E3E72226F5E72A
S315080007D02126F3E72126F1E70226EFE700C00350BA
S315080007E040B310B5044603784BB1022B1DD0032B3A
S315080007F01ED0012B01D0002303E00F2301E040F2B5
S31508000800FF736278D34013F0010F15D00AF042F84F
S31508000810237862780121914003EB43031B01074AC1
S31508000820D1500AF032F8002010BD40F2FF33E8E755
S315080008303F23E6E7222070472120F5E740D0035002
S3150800084040B310B5044603784BB1022B1DD0032BD9
S315080008501ED0012B01D0002303E00F2301E040F254
S31508000860FF736278D34013F0010F15D00AF012F81F
S31508000870237862780121914003EB43031B01074A61
S31508000880D1500AF002F8002010BD40F2FF33E8E725
S315080008903F23E6E7222070472120F5E740E0035092
S315080008A008B5084BD3F82404D3F82024104000F0E8
S315080008B0553020F0502003F50053C3F82004FFF705
S315080008C00BFF08BD00C0035008B5084BD3F8240435
S315080008D0D3F82024104000F0AA3020F0A02003F519
S315080008E00053C3F82004FFF7F7FE08BD00C0035005
S315080008F0F0B585B00C4694469DF83410664A1278D1
S31508000900002A00F0BD800546BCF1070F00F2BA8048
S315080009100A9A002A00F0B8800B9A002A00F0B680DE
S315080009200E9AB2F5006F00F3B38001285BD05B4ADC
S3150800093002EB0C12127B002A00F0AC800022009217
S31508000940019202920392564A02EB4C1E002C4FD19A
S315080009504FEA4C1600209051CEF80400CEF8080055
S31508000960CEF80C009EF8020040F010008EF8020047
S315080009709EF8030040F030008EF8030021B9C1B29A
S3150800098041F003018EF8031000930E9B013B444A85
S315080009904FEA4C1002EB4C11165A63F30E16165218
S315080009A00A9B8B600B9B4B60CB789DF83C2062F3CF
S315080009B08303CB70012D36D0109B002B56D0374AB7
S315080009C04FEA0C1102EB0C1310985050119A5A600A
S315080009D000249C605D7372466946604601F07AFCA5
S315080009E0204605B0F0BD0C9A002AA0D12D48F8E79C
S315080009F02B4F4FEA4C1607EB4C120020B8515060AB
S31508000A009060D060907840F010009070D07840F0F8
S31508000A100300D0700029B7D107EB4C12C1B241F0E0
S31508000A203001D170B0E70E460A7B42F001020A7324
S31508000A30D2B242F002020A73CA68042161F39F0225
S31508000A40F26006F1100796E80F0087E80F00F269D2
S31508000A506FF0030161F39F02F2610C9B7361012C35
S31508000A60AAD10B9AB2610C9A7260A5E7002DA6D19D
S31508000A700B4B03EB4C139A786FF304129A709EE7AC
S31508000A800948AEE70748ACE70648AAE70548A8E7D5
S31508000A900448A6E70548A4E7B1120020B80D0020CF
S31508000AA0B80C0020018000F0028000F0078000F0FA
S31508000AB0134B1B78FBB110B50446F0B109F0EAFEFA
S31508000AC00023072B13D80F4A02EB0312127B0AB135
S31508000AD00133F6E723600B4A190102EB03130124DD
S31508000AE01C730024545009F0D0FE204602E009F099
S31508000AF0CCFE054810BD054870470548FAE700BF13
S31508000B00B1120020B80D0020048000F0028000F029
S31508000B10018000F038B509F0BDFE04460023072B16
S31508000B2006DC0C4A02EB0312127B12B90133F6E714
S31508000B30002222B1204609F0A8FE074838BD01F078
S31508000B4075FB0025054B1D70204609F09EFE2846BC
S31508000B50F4E700BFB80D0020058000F0B1120020B0
S31508000B600F4B1B78BBB110B50446072815D809F0FA
S31508000B7091FE0C4B03EB04131B7B1BB909F085FE96
S31508000B8009480BE0074B03EB041300241C7309F018
S31508000B907CFE204602E005487047054810BD00BFA8
S31508000BA0B1120020B80D0020068000F0028000F087
S31508000BB0018000F000B583B0134B1B680193002336
S31508000BC08DF8043009F066FE104B1B7833B90F4BCD
S31508000BD001221A7009F059FE002309E009F055FEB2
S31508000BE00B480EE00B4A02EB031200211173013386
S31508000BF0072BF7DD08238DF8073001A801F03AFB2B
S31508000C00002003B05DF804FB04B20008B11200200E
S31508000C10038000F0B80D002010B5104C2478BCB144
S31508000C20072817DC0E4C04EB0014247BA4B10C4CEB
S31508000C304FEA001E04EB001C44F80E30029BCCF869
S31508000C4004300024CCF8084001F044FB204610BDCF
S31508000C500448FCE70448FAE70448F8E7B11200201C
S31508000C60B80D0020028000F0018000F0078000F037
S31508000C7008B50A4B1B785BB107280BD8084B03EB62
S31508000C8000131B7B43B1002101F0E6FA002008BDE2
S31508000C900448FCE70448FAE70448F8E7B1120020DC
S31508000CA0B80D0020028000F0018000F0078000F0F7
S31508000CB008B50A4B1B785BB107280BD8084B03EB22
S31508000CC000131B7B43B1012101F0C6FA002008BDC1
S31508000CD00448FCE70448FAE70448F8E7B11200209C
S31508000CE0B80D0020028000F0018000F0078000F0B7
S31508000CF0F8B5194B1F6D5B6D1F4002D40125002402
S31508000D0002E0FEE701346D00072C24D83D42F9D0F5
S31508000D10124B1D652301124AD358002BF2D002EB61
S31508000D200416B1680131B16072682046984780F0B0
S31508000D300100C0B2737B012BE4D10028E2D0094B35
S31508000D4003EB44131A7B6FF341021A731A7F6FF38E
S31508000D5041021A77D6E7F8BD000004500020045077
S31508000D60B80D0020B80C002038B505460C46164BC1
S31508000D70D3F8283103F00703013B052B20D8DFE819
S31508000D8003F003131B0F0B1709F05AFA052305B1D5
S31508000D90286004B1236038BD09F052FA0623F6E745
S31508000DA009F098FA0723F2E709F08AFA0323EEE72F
S31508000DB009F086FA0423EAE709F07EFA0223E6E751
S31508000DC000231846E3E700BF0080005030B583B023
S31508000DD005460C4600230193154BD3F8203203F041
S31508000DE00703042B21D8DFE803F0030B11161B00B9
S31508000DF001230DB1019A2A6004B1236003B030BD06
S31508000E00002101A8FFF7B0FF1123F2E709F062FA03
S31508000E1001900723EDE709F029FD01900A23E8E789
S31508000E2009F0A2FA01900923E3E70023E1E700BFEE
S31508000E300080005038B505460C460F4BD3F85032A3
S31508000E4003F00303022B12D0032B08D0012B0AD080
S31508000E500023184605B1286004B1236038BD09F09F
S31508000E6008FD0B23F6E709F001FD0A23F2E709F06E
S31508000E707BFA0923EEE700BF0080005038B5054627
S31508000E800C460C4BD3F8903203F00303012B05D024
S31508000E90022B07D109F01EFA072305E009F00CFA20
S31508000EA0022301E00023184605B1286004B1236037
S31508000EB038BD00BF00800050024B4FF480321A67DD
S31508000EC0704700BF00900050204B984236D009D991
S31508000ED01F4B984236D01F4B984222D11E4BD3F84F
S31508000EE0D0007047A3F5B703A3F55863984221D0FD
S31508000EF006D91A4B984212D1174BD3F8BC00704743
S31508000F00174B984202D0174B984203D1124BD3F88D
S31508000F10A0007047144B9842F8D000207047002074
S31508000F207047124B984203D10B4BD3F8C800704751
S31508000F3000207047084BD3F8B8007047064BD3F823
S31508000F40C0007047044BD3F8CC007047C0EA2101B3
S31508000F500048E801005A62020080E00F0024F4000D
S31508000F6080841E0000093D0040420F0080BA8C01B3
S31508000F7038B505460C46104BD3F8000100F00300BF
S31508000F80032815D8DFE800F002080C10012305B184
S31508000F90286004B1236038BD09F092F90323F6E707
S31508000FA009F0E2F90923F2E709F090F90823EEE7D8
S31508000FB000231846EBE700BF0080005038B5054609
S31508000FC00C46174BD3F8200100F00700062823D853
S31508000FD0DFE800F0040A0E16121A1E00012305B1F6
S31508000FE0286004B1236038BD09F02AF90523F6E71D
S31508000FF009F066F90323F2E709F06CF90723EEE72F
S3150800100009F05AF90223EAE709F01AF90623E6E78E
S3150800101009F056F90423E2E700231846DFE700BF84
S315080010200080005038B505460C46104BD3F84001F1
S3150800103000F00300032815D8DFE800F002080C10BA
S31508001040012305B1286004B1236038BD09F00EFC00
S315080010500A23F6E709F088F90923F2E709F009FCFB
S315080010600B23EEE700231846EBE700BF008000508D
S3150800107030B583B005460C4600230193144BD3F8CC
S31508001080603203F00703013B032B1FD8DFE803F0A8
S31508001090020E1914002101A8FFF790FF0F230DB1C6
S315080010A0019A2A6004B1236003B030BD002101A86B
S315080010B0FFF7B8FF1023F2E709F00CF901900723B0
S315080010C0EDE709F0F9F801900223E8E70023E6E7DF
S315080010D00080005030B583B005460C4600230193C6
S315080010E00C4BD3F8703203F00303012B09D0022B03
S315080010F00DD114230DB1019A2A6004B1236003B0FF
S3150800110030BD002101A8FFF78DFF1023F2E7002369
S31508001110F0E700BF0080005038B505460C46104B76
S31508001120D3F8600100F00300032815D8DFE800F0C3
S3150800113002080C10012305B1286004B1236038BDEC
S3150800114009F094FB0A23F6E709F00EF90923F2E7FA
S3150800115009F08FFB0B23EEE700231846EBE700BFE9
S3150800116000800050324B984252D029D8314B9842D1
S3150800117048D009D9304B984247D0304B98421DD1B8
S315080011802F4BD3F8800070472E4B984237D005D99D
S315080011902D4B984210D12A4B186F70472B4B98420B
S315080011A002D02B4B984202D1254B986D7047294B9C
S315080011B09842F9D0002070470020704700207047F9
S315080011C0254B98422CD00CD9244B98422CD003F5A9
S315080011D0740303F5105398420FD1194BD3F89800AE
S315080011E070471F4B984217D01E4B984203D1144B99
S315080011F0D3F88C0070470020704700207047104BCA
S31508001200586E70470E4B586F70470D4B986F704766
S315080012100B4BD3F884007047094BD3F88800704706
S31508001220074BD3F890007047054BD3F894007047E6
S315080012300048E8010024F400C0EA210180BA8C01C4
S315080012400080E00FC0CF6A00405DC60080841E00A3
S3150800125000093D0040420F00007E56030090D0036F
S3150800126080D54302006CDC0270B582B006460D4696
S3150800127000230193104BD3F8804104F00304022C99
S3150800128016D0032C0FD0012C07D000240EB1019BD9
S31508001290336005B12C6002B070BD002101A8FFF7CC
S315080012A08DFE0F24F2E709F015F801900724EDE703
S315080012B009F002F80190E9E70080005038B50546C4
S315080012C00C46104BD3F8400200F00300032815D84B
S315080012D0DFE800F002080C10012305B1286004B10C
S315080012E0236038BD09F0C2FA0A23F6E709F03CF88C
S315080012F00923F2E709F0BDFA0B23EEE700231846A7
S31508001300EBE700BF0080005038B505460C46134B86
S31508001310D3F8000200F0070004281BD8DFE800F025
S3150800132003090D111500012305B1286004B12360D6
S3150800133038BD09F09BFA0A23F6E709F015F80923E0
S31508001340F2E709F096FA0B23EEE708F09FFF800A0A
S315080013500E23E9E700231846E6E700BF00800050A1
S3150800136038B505460C46134BD3F8080200F00700BB
S3150800137004281BD8DFE800F003090D111500012326
S3150800138005B1286004B1236038BD09F06FFA0A2355
S31508001390F6E708F0E9FF0923F2E709F06AFA0B23F2
S315080013A0EEE708F073FF800A0E23E9E700231846E4
S315080013B0E6E700BF00800050B0F5207F20D00ED8A9
S315080013C0B0F5007F16D020D810B1B0F5C07F04D193
S315080013D00F4B186FC0F3033018E0002016E0B0F585
S315080013E0607F05D10A4BD3F88000C0F301100DE0E9
S315080013F000200BE0064BD3F89000C0F3046005E02C
S31508001400034B186FC0F3802000E0002001307047BE
S315080014100080005038B505460C46174B4FF480320D
S315080014209A660020FFF7C8FF05FB00F0134BDA6940
S3150800143002F4803241F67131D9635B6823F44013B4
S315080014406CB90F49884207D800210B430B494B60FA
S315080014500AB10022CA6338BD4FF48011F5E7002CA3
S3150800146007DD0849884201D80021EEE74FF48011CC
S31508001470EBE74FF44011E8E70090005000000350F6
S31508001480005A6202002D3101430905D0012B0DD007
S31508001490022B0DD0002200E0002200F01F0049B107
S315080014A002F580520123834013607047034AF4E72C
S315080014B0034AF2E702F50052F4E700BF64800050E1
S315080014C06880005008B5802007F0AFFC034B9842AF
S315080014D003D8034B4FF480321A6708BD005A6202DC
S315080014E000A0005000B583B000230193B0F5807FBB
S315080014F000F0AF8011D9B0F5086F00F0B48044D978
S31508001500B0F5286F00F0C38069D9B0F5306F79D18E
S3150800151001A90020FFF7B2FC75E0802873D82428BB
S3150800152071D324385C286ED8DFE800F04C4C4C4C5C
S315080015304C6D446D98546D6D6D6D6D6D6D6D6D6D05
S315080015406D986D6D6D39A76D6D6D6D6D6D6D6D6D8C
S315080015506D6D6D6DAC4C6D6D6D676D6D5FB1A27720
S31508001560776D6D6D6D6D6D6D6D6D6D6D6D6D6D6D93
S315080015706D6D6D6D6D6D6D6D6D6D6D6D6D6D6D6D8D
S315080015806D6D6D6D6D6D6D6D7C00B0F5C06F65D060
S315080015900AD9B0F5E06F70D0B0F5F06F17D101A990
S315080015A00020FFF7B9FD2EE0B0F5A06F60D0B0F5CA
S315080015B0B06F04D101A90020FFF756FE23E0B0F56D
S315080015C0806F20D101A90020FFF7F8FC1BE0B0F5D9
S315080015D0D06F18D101A90020FFF796FE13E0B0F5E9
S315080015E0186F4FD0B0F5206F04D101A90020FFF77E
S315080015F03FFD08E0B0F5106F05D101A90020FFF7FF
S31508001600AFFE00E003D2019803B05DF804FBB0F525
S31508001610386F23D0B0F5406FF5D101A90020FFF748
S31508001620A3FBF0E71C4B1B6F03F00703013B032BDF
S31508001630E9D8DFE803F00B02050805230193E2E782
S3150800164003230193DFE708230193DCE702230193D1
S31508001650D9E701A9002007F0C3FBD4E701A90020B8
S31508001660FFF7E0FCCFE701A90020FFF781FCCAE7F6
S3150800167001A90020FFF7AAFBC5E701A90020FFF78B
S315080016801DFEC0E701A90020FFF7D4FBBBE701A9AF
S315080016900020FFF71FFDB6E700800050094B596E82
S315080016A003F580534FF480325A66074A536A23F08B
S315080016B00103536211F4803F03D1044B4FF4803287
S315080016C05A6670470080005000C0075000A00050BE
S315080016D038B504468020FFF705FF032800F0B580DB
S315080016E0604B4FF480125A665F4B45F60E02C3F8FC
S315080016F0802003F580524FF0A061916203F50053F4
S315080017004FF480329A62584B9B6D13F4803FFAD19E
S31508001710554B9B6D13F0804FFAD1226863681B0501
S3150800172043EA0263227B43EA0243627B43EA0233CB
S31508001730A27B43EA8213E27B13434B4D2B61AB69D1
S3150800174003F00043226943EA8263626943EA02635B
S31508001750227E43EA0243627E43EA0223A27E1343C1
S31508001760AB614FF400624FF44061404807F01FFB3D
S315080017702B6A23F00F03E269002A46D111460B4370
S31508001780E17E43EA81031A43374B1A62E369002B69
S315080017903DD1354A916A364B0B4094F8201043EAFE
S315080017A0411394F8211043EA011394F8241043EAEC
S315080017B0C10343F4803393622B4B9A6D2D4B9343AD
S315080017C0FAD1294A02F580514FF080738B6213696A
S315080017D023F47003A06843EA005313614FF00043F3
S315080017E08B6194F822301BB9234B4FF080729A62B2
S315080017F094F8233013BB204B4FF480329A621A4B6D
S315080018009B6D13F0804FFAD118E00821B7E7022B39
S315080018101CD0154A916A164B0B4094F8201043EADF
S31508001820411394F8221043EA016394F8241043EA1A
S31508001830C10394F8231043EA0143936294F82530D0
S315080018401BB1094B0D4AC3F8802038BD064B002250
S315080018501A619A614FF408524FF47F41084807F01D
S31508001860A6FAD6E7009000500040005A3840005AC1
S31508001870C7FFFEFE030001000060005AF1A7FFFF44
S315080018803440005A014B93F9000070474614002073
S31508001890014B1880704700BF3C140020B0F5207F2C
S315080018A048D02DD8B0F5007F39D04CD810B1B0F556
S315080018B0C07F24D110B54C1E07F0B0FA07F09BFC88
S315080018C0FFF7FAFA204A136F23F4704343EA043306
S315080018D0136708F0DBFC1D4BD3F8843013F0100FA8
S315080018E0F9D11A4BD3F88410C1F38111C1F1020161
S315080018F007F076FC00F040F8FFF7E4FD10BD7047EE
S31508001900B0F5607F0AD101390F4AD2F8803023F04A
S31508001910300343EA0113C2F8803070477047013933
S31508001920094AD2F8903023F0F85343EA0163C2F823
S31508001930903070470139044A136F23F4806343EAF1
S31508001940812313677047704700800050004000509D
S3150800195008B50121022000F0F3F84FF42070FFF7D4
S315080019602BFD044B187007F059FA07F044FCFFF7F3
S31508001970A3FA08BDB212002008B54FF4C07007F0EC
S3150800198054FA054B984205D902214FF42070FFF707
S3150800199085FF08BD0121F8E780F0FA0210B5044674
S315080019A008F074FC0F4BD3F8843013F0100FF9D1FC
S315080019B00C4BD3F88410C1F38111C1F1020107F071
S315080019C00FFC0121002000F001F924B1FFF7D4FF34
S315080019D0FFF778FD10BD044B19784FF42070FFF718
S315080019E05DFFF5E700400050B212002070B50446CE
S315080019F0FFF7B8FB0546364B4FF4C0225A6603F587
S31508001A0098335B68012B29D08020FFF76BFD0528EA
S31508001A102DD025F040752F4B9C422FD02E4B9C4243
S31508001A202FD008F00DFC064684422DD82B4BDB68D8
S31508001A3013F0060FFAD1294B9A689D609B686B4094
S31508001A4013F4F81F25D0254B9A6034468020FFF7FB
S31508001A5049FD052821D0B44235D970BD204B012255
S31508001A605A60204B5B6813F0020FFAD1CCE707F0F7
S31508001A70D5F907F0C0FBFFF71FFACAE745F000756E
S31508001A80CFE745F08075CCE70121204600F09EF8A7
S31508001A90CCE72046FEF708FED8E708F0F7FB124B1E
S31508001AA0D3F8843013F0100FF9D10F4BD3F8841004
S31508001AB0C1F38111C1F1020107F092FBFFF75CFF48
S31508001AC0FFF700FDC7E70121002000F07FF8C4E713
S31508001AD00090005040420F0080841E000000015014
S31508001AE000E0015000C001500040005010B5044607
S31508001AF0FFF7EAF90A4B4FF400225A6620F04070C5
S31508001B00084A944206D0084A944206D04FF0B44296
S31508001B10906010BD40F00070F8E740F08070F5E77F
S31508001B200090005040420F0080841E00034AD36E86
S31508001B3023F0300301790B43D36670470040005009
S31508001B40F8B50446204BD3F8843013F0100FF9D1BA
S31508001B501D4BD3F88430C3F381139C422DD008F073
S31508001B6075FB0646012C11D008F08BFE0546164F6C
S31508001B7007F500534FF000725A66204607F042FBFD
S31508001B80621E4FF4806393403B6706E0012107F02D
S31508001B9027FBE9E70C4BD3F884300B4B5B6E13F04D
S31508001BA0007F05D1084BD3F8843013F0200FF1D00D
S31508001BB0284608F061FE022C00D0F8BD0021304608
S31508001BC007F00EFBF9E700BF0040005010B50C46C1
S31508001BD0034650B1094A127812B1094A934208D904
S31508001BE021460220FFF7ACFF10BD08F02FFB034685
S31508001BF0F0E721460120FFF7A3FFF5E7380E00209E
S31508001C00005A620238B52F4B4FF000425A6603F568
S31508001C100B235C6C04F001044AF6CD321A64E8B969
S31508001C20294B5B6B13F00103FAD1274A556815F067
S31508001C30010539D002F50052012151601A462249A0
S31508001C40096B11F0010F04D120498A4201D80132EB
S31508001C50F5E71E498A422FD81D4625E000231A4A71
S31508001C60126B12F0080F04D0184A934201D80133B8
S31508001C70F5E7164A934221D8134B03F50052202163
S31508001C80916203F5805301225A60002300E0013374
S31508001C900D4A926A12F0200F02D10C4A9342F6D9E5
S31508001CA00A4A93420CD8002514B1074B084A1A640D
S31508001CB001F0D4FE284638BD0725F5E70725F3E7E2
S31508001CC00725F1E700900050004009503F420F00F9
S31508001CD03254FFFF10B51A4B4FF000425A6603F50F
S31508001CE00B235C6C04F001044AF6CD321A6443787F
S31508001CF05B0043F00103134AD363134B5B6B13F08A
S31508001D000B0FFAD1104A536823F4F873817843EA23
S31508001D1001135360C178437943EA0123936001793B
S31508001D20837943EA012313610078FFF76BFF14B147
S31508001D30054B064A1A6401F091FE012010BD00BF4A
S31508001D400090005000400050004009503254FFFFF8
S31508001D5010B50F2800D90F20124B5C6E03F580537F
S31508001D604FF000425A6603F50B235A6C02F0010243
S31508001D704AF6CD3119640C4B5B6B13F0800FFAD120
S31508001D8009490B6A23F00F0303430B620AB1074A9A
S31508001D900A64002C03DB064B4FF000425A6601F03A
S31508001DA05DFE10BD00800050004009503254FFFF10
S31508001DB000A0005010B5134B5C6E03F580534FF02E
S31508001DC000425A6603F50B235A6C02F001024AF6E2
S31508001DD0CD3119640C4B5B6B13F0800FFAD10A49AD
S31508001DE00B6A23F4F85343EA00230B620AB1074A45
S31508001DF00A64002C03DB064B4FF000425A6601F0DA
S31508001E002DFE10BD00800050004009503254FFFFDF
S31508001E1000A00050084B98420AD0084B984209D0B7
S31508001E2003F58043984201D0002070475820704738
S31508001E3056207047572070470000015B00000A5083
S31508001E4010B5044607F0DFF9042307E004F58053CC
S31508001E5004221A6104F500531A610B46591E002B19
S31508001E60F4D1202323610023E360A36041F2020238
S31508001E706261A3614FF4A0226262E3612362A362F6
S31508001E80E3626363236504F500520249D164236360
S31508001E9010BD00BFFF3F0D03F8B5044615460846BA
S31508001EA0E1B1A36813F0010F34D06668B0FBF5F012
S31508001EB0451E16F001062BD0636D13F0280FFBD1D3
S31508001EC0A36C13F0030F0FD1A36C13F0010F1BD1F2
S31508001ED0A36C13F0020F19D1002706E02046FFF77E
S31508001EE099FF06F0A2FFDCE70527204607F08BF9E5
S31508001EF0236923F07F4343EA0563236146B33946E2
S31508001F00204607F09FF923E00927EEE70627ECE7C6
S31508001F100027EDE76368A36803F0E003402B1DD0B4
S31508001F2017D9602B1ED0802B12D10123400105FB47
S31508001F3003F3B0FBF3F020380B4A02EAC002636DE4
S31508001F4013F0010FFBD12263636D13F0010FFBD170
S31508001F50F8BD2BB1202BFBD10823E7E70623E5E7DD
S31508001F601023E3E70423E1E7F8FF7F0070B5044692
S31508001F700D461646436823B1636DC3F30B03002B66
S31508001F80FAD12046FFF75CFF636923F44C5323F02C
S31508001F900F036A7B1343EA8913432A8A134363614F
S31508001FA0A36823F0804323F0E2032A7B13432A7EA7
S31508001FB013436A691343A360AB681BB9A36843F06C
S31508001FC00043A360EA69002A70D0A168694B0B40F8
S31508001FD0117A43EA8153917A43EA4143918801F49D
S31508001FE0C0410B43517843EA8103517B43EAC1035D
S31508001FF0917B43EA0113927843EA8223A360E2685D
S315080020005D4B1340EA6911690B4351690B4391799A
S3150800201043EA8123D27943EA4223E360EB691B78DA
S31508002020012B01D0032B03D1E36843F00403E360DB
S31508002030EB691B78023BDBB2012B51D94F4B9C4213
S315080020406BD04F4B9C426AD003F580439C4262D0CA
S315080020504FF0FF3303F593735B0103F1A04303F5D8
S31508002060703302225A60EB695A7A04F580539A62F1
S31508002070EB695B7A1BB1E36843F40063E360EB69E1
S31508002080DB7A63B1E36843F40043E3603B4B9C426D
S3150800209047D03B4B9C424BD03A4B9C424FD0636A4D
S315080020A023F00303EA69D27B134363623EB196F8D1
S315080020B02030002B4AD004F5805301221A6204F519
S315080020C0805301225A60AA68002A4ED129782046F0
S315080020D007F0B8F8A36CDB4313F4405FFAD170BD80
S315080020E0264B9C4213D0264B9C4212D003F58043C4
S315080020F09C420AD04FF0FF33A6335B0103F1A0439D
S3150800210003F5703302225A60ADE70223F4E7002391
S31508002110F2E70123F0E702239CE700239AE701236D
S3150800212098E7EB691B7B03F00F03174A5366B0E782
S31508002130EB691B7B03F00F03134A1367ACE7EB69E4
S315080021401B7B03F00F03104AD367A8E7E36923F064
S31508002150090396F82220134396F82120134343F0E7
S31508002160010304F58052D361A9E769682046FFF7A1
S3150800217093FEABE7E39BBDFFFFF9F0870000015B29
S3150800218000000A5000400A5000900350F8B5044673
S315080021900D461E4617463AB1FBB101228A4000EBAE
S315080021A0400109011D4B5A50072D1ED8A90004EB02
S315080021B044031B0107FA01F20F2000FA01F118483F
S315080021C0184407F076F83FB9FEB10122AA4004EB9D
S315080021D044042401114B1A51F8BD01228A4000EB30
S315080021E0400109010F4B5A50DEE7A5F108039B0091
S315080021F004EB440C4FEA0C1C07FA03F20F21994032
S315080022000948604407F055F8DDE70122AA4004EBC7
S3150800221044042401034B1A51DEE700BF40D00350A3
S3150800222034C0035040E003503CC0035010B516209C
S3150800223007F079F8074B00245C65FF229A625C6018
S3150800224021462020FFF720F921462120FFF71CF917
S3150800225010BD00BF0000045029B9044A012303FA3F
S3150800226000F010607047024AF8E700BF40100450BB
S315080022704020045010B5044601212020FFF704F938
S3150800228001212120FFF700F9114B01225A6022781B
S3150800229012069A606178A27842EA01429A61FF22A0
S315080022A09A6200229A631A644FF000425A6503F54F
S315080022B000534FF0FF321A65162000F07DFCE178D6
S315080022C0162007F038F8162007F031F810BD00BFC1
S315080022D00000045070B50C46C3B201259D40214943
S315080022E001F500531D65830003F1A04303F5882318
S315080022F026685E60637B00EB400C01EB0C1CCCF897
S31508002300603094F80AE0E37A1B0543EA0E4394F832
S315080023100CE043EA4E53CCF85C3022F00302CCF8CA
S31508002320702008F0B7FA104B5D65237A0BB10E4B97
S315080023301D64637A0BB10C4B9D632379A27942EA3B
S315080023400342084B03F500518A6194F805C0E27907
S3150800235042EA0C4203F58054A2614D639D6408F07D
S3150800236094FA70BD000004500010045010B5C0B2B5
S315080023700124844008F08EFA044B5A6D22EA0402BE
S315080023805A659C6208F081FA10BD00BF000004502F
S3150800239010B5C0B20124844008F07CFA084BDB6A09
S315080023A0234205D1064B5B6B9C4306D0002400E014
S315080023B0002408F06AFA204610BD0124F9E700BF98
S315080023C00000045070B50446C3B201259D4008F0CC
S315080023D061FA084B5E6B04EB440403EB04135C6E72
S315080023E008F053FA354203D1C4F30A10013070BD20
S315080023F00020FCE700000450074B4FF480325A6671
S3150800240003F5E6239B69C3F38512827003F03F0246
S3150800241042701B0B037070470090005070B504465D
S315080024200D461646037841782C4AD2F810236A1EC0
S315080024300E2A09D8DFE802F00A0A0A0A0A0A0A0A6C
S315080024400A0A0A0A0A0A0A00002200E02A463DB1D8
S3150800245016B30120884003EB43031B012049C850EB
S315080024606178072920D82378890003EB43031B01E9
S315080024708A400F2000FA01F11A48184406F027FF8F
S315080024804DB906B3237862780121914003EB4303E3
S315080024901B01134AD15070BD0120884003EB43034A
S315080024A01B011149C850DBE723780839890003EB7B
S315080024B043031B018A400F2000FA01F10B48184418
S315080024C006F005FFDCE7237862780121914003EBEB
S315080024D043031B01044AD150DDE700BF00C0035087
S315080024E040D0035034C0035040E003503CC0035072
S315080024F0074B9B6813F0020FFAD1054B5B6813F084
S31508002500020FF5D1024BDB69002BF1D1704700BFF2
S3150800251000800A50074B5B68064B5B6813F0010F97
S3150800252003D0044BDB69002BF6D1024B02221A6159
S31508002530704700BF00800A5008B5FFF7D9FF034B64
S3150800254003F5805101224A601A6108BD00800A50CD
S3150800255008B5054B5B68012B00D008BDFFF7DAFF0D
S31508002560024B01225A60F8E700800A5000A00A5080
S3150800257010B50446FFF7BCFF084B5B68012B05D076
S31508002580237843B10122054BDA6010BDFFF7E0FF5F
S31508002590FFF7AEFFF4E70022F5E700BF00800A5018
S315080025A038B505460C4607F04DFFDDB92378D3B19B
S315080025B00123626812B1127843EAC2036278A2B1B3
S315080025C002221343A26812B1127843EA8213E27810
S315080025D06AB104221343226912B1127843EA4223EC
S315080025E0044A936438BD0023E3E70022E9E70022A2
S315080025F0F0E700BF00800A5038B5044607F035FA00
S31508002600864658B9064DA446BCE80F000FC5BCE877
S315080026100F000FC59CE8030085E80300704638BD27
S315080026203C0E002047F6FF739A427DD009297DD8D3
S3150800263070B5414B13F801E0BEF1030F78D83F4B54
S3150800264003EBCE0191F802C0604613F83E30012B29
S3150800265026D03A4B03EBCE035C68002C6AD0B4F95B
S315080026600030934204DBB4F90230934200DC13468F
S31508002670A288FF2A2CD000212826C8221D46D21A55
S3150800268092FBF6F20A4412B22C4B03EBCE0393F8F4
S3150800269001E0964501DD002A2FDA0EF1FF322CE023
S315080026A0CB78A3EB0C0300249C420ED2191BA3EB98
S315080026B05101224800EBCE00406830F911009042E3
S315080026C001DC0C46F0E74B1EEEE76344D8B230E077
S315080026D0B4F90620B4F908600121CFE75C3318493C
S315080026E0A1FB03139B09013212B2164696450FDD6C
S315080026F004EBC201898899420AD304EBC2018B68AC
S31508002700B1F9061001FB0533002BE7DA0023E5E7EC
S31508002710013E04EBC604A2889A4200D31A469445A1
S3150800272000D81046C0B204E0FF207047002070476A
S31508002730002070BD0020FCE708B200083C0E00200F
S31508002740D34D621009296FD83A4B5B5C032B6DD8C1
S31508002750394911F8331001292AD010B4364901EB4A
S31508002760C3014C68002C63D0201D334901EBC3011B
S315080027708978914234D2304901EBC301C978914234
S3150800278033D92D4901EBC30393F801C00CF1FF3C83
S315080027905FFA8CFCA388FF2B2AD00023634529D235
S315080027A0591C30F83110914224D30133DBB2F5E7D6
S315080027B0214901EBC301C978914200D20A461E4855
S315080027C000EBC3008078121AD2B2091A8A4200DDD9
S315080027D00022194901EBC3035B6833F912007047FD
S315080027E0B4F902005DF8044B7047B4F90000F9E744
S315080027F00123D3E74FF47A7101FB02F200EBC30021
S315080028004368D31AB0F9022002EBD27103EB6103D5
S3150800281093FBF2F3B4F900009842E3DBB4F9020043
S315080028209842DFDC18B2DDE7044870470348704772
S315080028300248D7E708B200083C0E00200080FFFFD8
S3150800284008B50348FFF7D8FE012007F012F908BDBE
S3150800285014B2000830B583B00446694607F007F994
S3150800286000B1FEE79DF80030134A1278934217D05C
S315080028700C2B06D164251049204607F0E5F828B147
S31508002880FEE7204601F000F90546F4E7294620460A
S3150800289007F0C1F800B1FEE7074B1B780A2B01D0F9
S315080028A003B030BD6946204607F0E1F89DF80020E0
S315080028B0014B1A70F4E700BF5C13002008B5024804
S315080028C007F0F5FF08BD00BFA0B3000810B58AB031
S315080028D0EC46194C0FCCACE80F000FCCACE80F0057
S315080028E094E803008CE80300144BD3F84C3113F436
S315080028F0002F05D0124B1C88FF2C05D98C2403E029
S315080029000E4BD3F85041E4B28DF81940FEF7BAFFE2
S31508002910241803D4FF2C02DDFF2400E000248DF8E0
S3150800292018400848FDF7C6FE6846FEF7D1FE322075
S31508002930FEF7AEFF0AB010BD6CB300080080E00FCA
S315080029400001E00FC017530208B50248FFF74EF81A
S3150800295008BD00BF00B4C40408B50248FFF7C6F8AE
S3150800296008BD00BFC0EA210110B5FEF7F1FF4E4CC5
S31508002970236F23F0070343F0030323670020FFF7C1
S315080029800DF8236F23F474432367484BD3F8FC30C0
S3150800299013F0807F75D1464B0022C3F88020424C45
S315080029A0D4F8203123F0070343F00203C4F820319A
S315080029B0D4F8283123F0070343F00203C4F828317A
S315080029C0D4F8803123F0030343F00103C4F88031BF
S315080029D0D4F8903223F0030343F00103C4F890328D
S315080029E0D4F8403123F0030343F00103C4F840311F
S315080029F0D4F8603123F0030343F00103C4F86031CF
S31508002A00D4F8403223F0030343F00103C4F84032FC
S31508002A10D4F8003223F0070343F00103C4F8003268
S31508002A20D4F8083223F0070343F00103C4F8083248
S31508002A30D4F8503223F0030343F00103C4F85032AC
S31508002A40D4F8703223F0030343F00103C4F870325C
S31508002A50D4F8203223F0070343F00103C4F82032E8
S31508002A60FEF71CFE4FF0E022136943F004031361DE
S31508002A70D4F8603223F0070343F00103C4F8603248
S31508002A8010BD0A4BD3F8FC2022F08072C3F8FC2054
S31508002A90074A0021C2F88010D3F8FC2042F0807261
S31508002AA0C3F8FC207BE700BF0080005000ED00E083
S31508002AB00090005008B5074807F0F9FEFFF706FF33
S31508002AC0FFF742FFFFF748FFFFF7F8FEFFF74CFF57
S31508002AD0002008BD9CB3000800B583B0094B93E8F5
S31508002AE003000090ADF80410090C8DF8061068462E
S31508002AF0FFF7F0F80920FFF72BF9002003B05DF87F
S31508002B0004FB00BF94B3000810B582B0074A536FA0
S31508002B1043F001035367002400948DF80440684687
S31508002B20FFF704F8204602B010BD00BF0040005071
S31508002B30002808DB0901C9B200F1604000F56140D0
S31508002B4080F80013704700F00F000901C9B2014B65
S31508002B501954704714ED00E0002807DB00F01F0247
S31508002B60400901239340024A42F82030704700BFCB
S31508002B7000E100E000280CDB00F01F0240090123F9
S31508002B8093402030034A42F82030BFF34F8FBFF3FB
S31508002B906F8F704700E100E04211064B53F8223070
S31508002BA000F01F0023FA00F080F0010000F0010099
S31508002BB0704700BF00E100E0002808DB00F01F02B4
S31508002BC04009012393406030014A42F8203070479B
S31508002BD000E100E010B507F05DFE0B4B1B783BB932
S31508002BE0094B01221A7007F050FE6FF0040408E042
S31508002BF007F04BFE07E00521204606F09CFB013452
S31508002C0064B24B2CF7DD10BDB312002010B5044694
S31508002C1007F037FE024B1C6007F02EFE002010BDA1
S31508002C20640E002010B507F02CFE034B1C6807F055
S31508002C3023FE204610BD00BF640E00202DE9F0419A
S31508002C408EB007460E4614461D461368D3F8008014
S31508002C5091F83130002B48D00DF1180CDFF830E22E
S31508002C60BEE80F00ACE80F009EE80F008CE80F00E6
S31508002C700023009301930293039304930593A36897
S31508002C800893237B012B3DD0022B3ED14FF4407392
S31508002C90ADF82630607B06F065FBADF82800CDF868
S31508002CA034D001238DF80630A37B022B04D0032BE6
S31508002CB002D0012B00D000238DF80030B36B6E4A8A
S31508002CC01A60B36B6D4A5A60B36B00229A60B36B95
S31508002CD06B4ADA6032462946384600F0AFFA0746AC
S31508002CE0A8B138460EB0BDE8F0810DF1180CDFF832
S31508002CF0A4E1BEE80F00ACE80F009EE80F008CE8E0
S31508002D000F00B5E74FF40073C2E70023C0E7236955
S31508002D10C5F8A430237E85F8AB30E37D85F8AA3064
S31508002D20A37D85F8A930637D85F8A830A37E85F84C
S31508002D30AD30637E85F8AC30237F85F8AF30E37E0F
S31508002D4085F8AE302368C5F8A0304E4807F0AFFDC9
S31508002D5001230422A17D607DFFF718FA01230222D0
S31508002D60217EE07DFFF712FA002385F8B03020694E
S31508002D7007F09DFD96F83130002B5DD006A9404638
S31508002D8006F08BFA95F8B03043F0040385F8B030B6
S31508002D90227D3D4B263203EB421214215160617DA0
S31508002DA0A07D227D41EA004103EB4212C2F8DC1401
S31508002DB0E27D207E217D42EA004203EB4113C3F8FF
S31508002DC0D424A37B012B3CD0032B3AD0A37B023B14
S31508002DD0DBB2012B42D995F8B03013F0010F0CD0B5
S31508002DE0627EA17E237D42EA01425B0103F1A04394
S31508002DF003F5703341F2CC415A5095F8B03013F0D0
S31508002E00010F10D0237D204AA63302EB431302217B
S31508002E105960E37E207F217D43EA004302EB41129D
S31508002E2041F2D041535008F50053184ADA64052197
S31508002E30404606F007FA54E706A9404606F033FA74
S31508002E40A6E795F8B03043F0010385F8B0300023C3
S31508002E500222A17E607EFFF799F9B7E795F8B030B0
S31508002E6043F0020385F8B03000230422217FE07E78
S31508002E70FFF78CF9AFE700BF8D9300082D94000883
S31508002E80A7930008A4B3000800C00350FF3F0D0332
S31508002E90C4B30008E4B3000830B583B0007D104B16
S31508002EA000EB400203EB0212D56E00EB400203EB87
S31508002EB002131C6F0DF1070107F07CFA9DF8073025
S31508002EC04BB904F00204074B9D4201D0002003E0F1
S31508002ED024B1002000E0012003B030BD0120FBE74B
S31508002EE000000450B4120020037D0E4A03EB430190
S31508002EF002EB0111C96E03EB430302EB0312136FD6
S31508002F0003F00203084A914201D0002070470BB92A
S31508002F1000207047036A006D984214BF0020012004
S31508002F20704700BF00000450B412002030B583B0CB
S31508002F3003464169026902F1FF3CC5684C6F01F11D
S31508002F407C020020C86750609060D060B1F87C00B1
S31508002F506CF30E10A1F87C0091F87E0040F010008A
S31508002F6081F87E0091F87F0040F0300081F87F00FC
S31508002F70C1F88050C1F88440012081F88C0091F88E
S31508002F8078000093024B6431FDF746FE03B030BD6E
S31508002F908D9700082DE9F04184B0044600F1380603
S31508002FA000F11808002585637560B560F56090F82E
S31508002FB03A3043F0100380F83A3090F83B3043F04B
S31508002FC0030380F83B30494FC7630764007DFDF76C
S31508002FD04FFEA5637560B560F56094F83A3043F026
S31508002FE0100384F83A3094F83B3043F0030384F82E
S31508002FF03B30E7632764207D00EB40031B0103F1A8
S31508003000A04303F58023DB6EBB4219D00DF10F01F7
S3150800301007F0D0F99DF80F30ABB194F844306FF350
S31508003020410384F844300094314B32462146207DD2
S31508003030FDF7F2FD207DFDF73BFE04B0BDE8F0810B
S31508003040FDF736FEF9E7204606F0FFF9054602A920
S31508003050207D07F0D3F9029B591E20690023A3613E
S31508003060E36123626362228B61F30E122283A27EDE
S3150800307042F01002A276E27E42F00302E276E061B6
S315080030802562227D1B4902EB420001EB0010056F09
S31508003090C5F3400594F8247065F3410784F8247055
S315080030A0A57E63F30415A576056FF8B265F30000EF
S315080030B084F8240002EB420201EB02110A6F921017
S315080030C0616A62F39F01616294F8442042F0020249
S315080030D084F84420D2B263F3000284F844204FEA0D
S315080030E0A808636C68F39F0363649CE7B412002026
S315080030F0F595000800000450F0B589B004460E4660
S31508003100007DFDF7B5FD0DF11F01207D07F052F991
S31508003110204606F09AF90546236D83424AD2A26CE8
S31508003120934216D0238DC3F30A12324462F30E1368
S315080031302385236D1E442665A26CE36C13449E42C8
S315080031406FD0236DAB426ED0207DFDF7B1FD09B07F
S31508003150F0BD701E276904F128030021A162E1620F
S3150800316021636163B4F828C060F30E1CA4F828C074
S3150800317094F82A0040F0100084F82A0094F82B00EE
S3150800318040F0030084F82B00E762226394F82A20B3
S3150800319061F3041284F82A2023F00302237D42F007
S315080031A0020203EB43031B0103F1A04303F580234B
S315080031B01A67BEE79DF81F30B3B9227D1D4802EB9A
S315080031C0420300EB0313596EC1F30A1131445B6ED7
S315080031D023F4FF4323F0700343EA011302EB420290
S315080031E000EB02104366A4E70494134B03930023F1
S315080031F00293019601230093236902462168207DE4
S3150800320005F0BAFD237D0B4A03EB430102EB0111DE
S31508003210496E21F4801103EB430302EB0312516656
S3150800322087E722658DE7012384F854302046FFF7A7
S31508003230B1FE89E700000450F595000870B588B01E
S3150800324006460C461546A0220021204606F0B6FE84
S31508003250A446AE46BEE80F00ACE80F00DEF8003024
S31508003260CCF8003004F1640C05F1140EBEE80F002A
S31508003270ACE80F00DEF80030CCF80030AB6AA36487
S31508003280EA6AE264236595F8302084F8952095F873
S31508003290332084F89620C4F89830012384F89C30AB
S315080032A084F85430AB6B23663460374B7360374B06
S315080032B0B360374BF360374B7361374BB361374BAA
S315080032C03361FDF777FC10B1354A904253D100219E
S315080032D007A8FDF7EDFB00284FD19DF81C30237594
S315080032E0002107A8FDF7E4FB00283FD19DF81C3014
S315080032F084F87830207DFDF7BBFC002840D1E36CCC
S315080033000494284A0392002202920193012300930F
S315080033102369A26C2168207D05F02EFD90BB237DD4
S3150800332003EB43031B0103F1A04303F5802342F299
S3150800333064024FF480119950AB6B93F91000FFF7B4
S315080033403BFCAB6B93F9100005F0F1FF04F190001C
S3150800335005F0FEFC3046FFF759FC2046FFF71AFE3B
S31508003360207DFDF7A5FC48B1102007E0207DFDF77C
S31508003370F7FB102002E0102000E0102008B070BD16
S315080033801020FBE71020F9E79B950008AF95000889
S31508003390559700083F94000845940008D1970008FF
S315080033A0038000F0F59500080346064A10680344B2
S315080033B0054A934202D8034A136070474FF0FF301C
S315080033C0704700BF6413002000800020BFF34F8FB2
S315080033D00549CA6802F4E062044B1343CB60BFF3A5
S315080033E04F8F00BFFDE700BF00ED00E00400FA05BF
S315080033F0BFF35F8F074B5A6A22F480325A62D3F8BA
S31508003400942022F00102C3F89420BFF34F8FBFF334
S315080034106F8F704700ED00E070B5FFF7E9FFA02257
S315080034200021214806F003FA204B21498B4206D099
S3150800343021F01F02203AB2F1005F0FD300E01D4AC7
S315080034401D4D286842F001021C4CC4F898001C4E19
S31508003450C4F89C60C4F8A020013028608B4210D0C4
S315080034601F3323F01F0343F003031348026813496D
S31508003470C1F89820C1F89C30124BC1F8A03001322F
S315080034800260BFF35F8F0D4B0522C3F894205A6A7A
S3150800349042F480325A62BFF34F8FBFF36F8FBFF388
S315080034A04F8FBFF36F8F70BD90ED00E000130020C3
S315080034B0E012002000800020680E002000ED00E0E9
S315080034C003000020E17F002010B4194B5A6E02F465
S315080034D0803203F580514FF480304866586E4FF0BD
S315080034E000434B66134B596C01F001014AF6CD3483
S315080034F01C64104B5B6B13F0010FFAD10E4B0124C1
S315080035005C600C4B1B6B13F0010FFAD011B1094B21
S315080035100A491964002803DB094B4FF00041596634
S315080035201AB9074B4FF480325A665DF8044B704758
S315080035300080005000400950006009503254FFFFD7
S3150800354000A0005010B507F0A5F90446144B1B78E7
S31508003550DBB9144A1360144A1360144A136000F066
S315080035602DF8012007F0C6FA07F016F90246104BA7
S31508003570186078B100230F4840F2E73104F066FE80
S315080035800D4B1860064B01221A70204607F07DF98C
S31508003590002010BD204607F078F92320F9E700BF80
S315080035A0B7120020740E0020700E00207C0E00203A
S315080035B0780E002018FCFFFF6C0E002010B586B0B0
S315080035C000248DF814400094019402940394049402
S315080035D001238DF80030164807F069F9BFF34F8FBD
S315080035E005A8FEF7C5FF8DF8004069462046FEF798
S315080035F0D7FF0F21204606F039FF0F21204606F097
S315080036003BFFFEF799FF0B4B5B6813F0010F03D0E6
S31508003610084BDB69002BF6D1064B00229A6146203F
S31508003620FFF7CAFA462005F082FE06B010BD00BFB5
S315080036309CB3000800800A502DE9F843DFF8609033
S315080036400646D9F8008008461746B8F1000F03D099
S315080036500E242046BDE8F88306B3336801331DD12E
S31508003660E1B100F067F805460028F1D0C9F8000076
S3150800367000F086F8284606F048F9044640B1404668
S31508003680C9F8008000F07CF8284606F039F9E0E72A
S315080036903560002FDDD02846B847DAE72124D8E779
S315080036A0800E0020024B1868003818BF01207047AA
S315080036B0800E002038B505460C4601F0A9F838B149
S315080036C0204602F0F7FD40F26512412100F0FCF9B0
S315080036D044B1236833B11B68013303D0E3680BB1E7
S315080036E0A3684BB906F077FB00204FF4C17241215D
S315080036F000F0EAF9212038BD204601F0D9FB002365
S315080037000A4A85F83031C5E93743C2E900336369A7
S315080037104BB1074A422110684FF4D272C31A584275
S31508003720584100F0D1F90020E5E700BF001300205A
S31508003730C4100020F8B5044607F0A3F8002607468B
S315080037400E4B1B6893B19E68AEB196F82420D2073B
S3150800375011D435460FCC0FC50FCC0FC523682B6087
S3150800376096F8243043F0010386F82430384607F0EB
S3150800377083F83046F8BD1B68E4E700BF6C130020E9
S3150800378010B5044618B9054B054A136010BD00F07C
S31508003790FDF9D4F8E830002BF6D1F4E7ED980008E7
S315080037A068130020084B10B4002A14BF14461C46A0
S315080037B0064B1C6019B15DF8044B06F0EDB80846D7
S315080037C05DF8044B704700BFED98000868130020A9
S315080037D0D0F8E0302DE9F04105460C4613B1C38D0B
S315080037E08B424CD0D5F8DC30002B4BD09E68002E8F
S315080037F048D0D868002845D0013800B200281ADB1E
S31508003800002106E0128A591CA24217D209B2884240
S3150800381011DB0B1803EBD3735B1003EBC30206EB48
S315080038208202B2F80EC003F1FF3EA445EAD90FFAA8
S315080038308EF08842EDDA2120BDE8F0814FF6FF725E
S3150800384099B29142F7D09BB203EBC30306EB83060A
S315080038502846B6F9122095F82411D5F8F080FEF717
S31508003860E1FE0746B8F1000F04D000233246284689
S315080038701946C047EC85C5F8E06085F82D7100202B
S31508003880BDE8F0810E20BDE8F08100BF2DE9F047C4
S3150800389082B004460F46164600F0AEFF00286FD1E8
S315080038A0494D2B68D4F8DCA0D4F8E0800BB1534519
S315080038B06AD04FF00009AF6000F0B4FF0128074650
S315080038C004D001210022084600F0B0F92B68DAF886
S315080038D00010D8F8002013B1186888425FD0204637
S315080038E006F0ECF994F82530C5E900A813F0010FA5
S315080038F00CBF32460122D4F8F05062F3000384F874
S3150800390025308DF80760002D50D00022204611463C
S315080039100DF10703A847204600F06CFC0546B9F1EF
S31508003920000F10D07EB9D4F88C3013BB012F06D007
S31508003930002D47D0254B002103205B689847284671
S3150800394002B0BDE8F087B5FA85F040F2FA423321B5
S31508003950400900F0B9F83146204600F05FFD1C4BDF
S3150800396005461B68414620469847D4F88C30002BFC
S31508003970DCD000224FF40073204600F017F9D5E793
S315080039800023114D6B608CE76B68002B91D0434583
S315080039908FD1AB689F4215D04FF001098BE7696854
S315080039A011B1096891429DD0596898E794F82A1090
S315080039B094F82D313246994228BF1946204600F020
S315080039C06BFBA8E70025BAE7001300207413002054
S315080039D068130020F8B50E46054606F052FF314634
S315080039E007462846FFF7F4FE044620B1384606F097
S315080039F043FF2046F8BD00F0DFFE22463146284642
S31508003A00FFF744FF04460028F0D195F92430002B2F
S31508003A10ECDA284606F0A6F90028E7D0224628461A
S31508003A2095F82C1006F05CF90446DFE770B50446F5
S31508003A300E4606F026FF314605462046FFF7CAFF22
S31508003A40044620B9044B01465B680320984728467C
S31508003A5006F012FF204670BD7413002010B5FFF75C
S31508003A6021FE20B9054B1A68054B9A4204D1BDE8D8
S31508003A701040044B1B68184710BD00BFB013002048
S31508003A8000800040B413002013B50446694605F0CB
S31508003A90EEFF204606F076F8FF28024606D02046B6
S31508003AA09DF80010FEF74EFE02B010BD0048FBE779
S31508003AB00080FFFF08B50B460249194005F0DBFFF9
S31508003AC0002008BD0700110010B550B90548064B7F
S31508003AD00160064802601868054B1860186805F00A
S31508003AE010F910BD70130020800E002088100020E9
S31508003AF084100020D0F8E43013B11A68032A10D8CD
S31508003B00094BDB6BC3F3C20213F0380F03F007004F
S31508003B1018BF504313F4E07FC3F3821203D0504317
S31508003B207047986A400E7047008001B8431C07D05A
S31508003B306FF0FF02034B10405A62A3F58053586298
S31508003B40704700BF00E000B8F8B504460F461646B1
S31508003B5006F097FE0546A047044620B1284606F01B
S31508003B608BFE2046F8BD03F0BFFC04220549D1F8B8
S31508003B70003F23EA07033343C1F8003F024B5A6468
S31508003B80ECE700BF003000B0002002B838B1036887
S31508003B90044A002B08BF1346034A13607047014BBB
S31508003BA0FAE700BFC59A00088413002010B4D0E9CC
S31508003BB0544122400B4052EA030104D003495DF800
S31508003BC0044B096808475DF8044B704784130020C6
S31508003BD0024B986F00F00F00704700BF003F00B01F
S31508003BE00F2938B505460C460ED800F01BFE0128ED
S31508003BF00CD1074A2846936F23F00F032343936794
S31508003C0006F098F8002038BD2120FCE70220FAE7E4
S31508003C10003F00B0014BD86F704700BF003F00B0AF
S31508003C20014B0020D9677047003F00B003282DE9F3
S31508003C30F74F0C46914600F28780444B13F800A0D4
S31508003C40434B1E5C434B13F800B006F01AFE804641
S31508003C5003F0FCFB074640B100230022CDE9003300
S31508003C6001200023002103F0CFF903F0F7FB48B148
S31508003C7000230022CDE90033002000234FF4004141
S31508003C8003F0C2F9002E52D0334BDD6C05F008055F
S31508003C900AEB0600314B23305844DD64C0B201F00C
S31508003CA09BFD3146504603F081FC5A463146504644
S31508003CB003F020FD2A4BDD64DFB12A4B1868D0F8E3
S31508003CC09410F83002F068F927490868FFF72EFFC4
S31508003CD04FF0FF330B60254B1A68511C06D06FF066
S31508003CE07E402349C863A1F58051CA634FF0FF326D
S31508003CF01A60B9F1000F04D01E4B002103205B683F
S31508003D009847B4B14FF480621B4B1D6F03F50053FF
S31508003D10C5F380251A67404606F0AEFD00F082FD21
S31508003D20012808D15DB9002003B0BDE8F08F3546FB
S31508003D30AEE72546EFE7002CF0D10520F4E74FF46F
S31508003D4080620E4B1A67EEE72120EDE724B40008DF
S31508003D5020B400081CB40008004000B8006000B891
S31508003D60005000B8800E0020801300207C1300202D
S31508003D7000E000B87413002000C001B800D001B8F4
S31508003D8070B50D46064620B91A4B1B68A3B10E201E
S31508003D9011E000F047FD012829D1174B93F900409F
S31508003DA0C4F12704641BC4F11C03002BB8BF5B4293
S31508003DB0232B0CDD212070BDA1F10B03002BB8BF0E
S31508003DC05B42232BF6DC0C4B19700020F3E786F8D0
S31508003DD0275006F056FD094AE402136A04F4FF2444
S31508003DE023F4FF231C43146206F046FDEDE7022088
S31508003DF0E1E700BF800E0020B812002000C000B81E
S31508003E000B4B08461A6D92020FD4D3F84021D107FE
S31508003E100CD4D3F83823D20708D4D3F8803013F457
S31508003E20706F14BF0120002070470120704700BF43
S31508003E30004001B8F8B50D46D0F8943002EA0104FE
S31508003E4023EA01032343C0F894303B4A01F00B03ED
S31508003E5023EA0401D1642340A2F580526F0706467F
S31508003E60D36410D50121FFF7CBFF60B103F03CFB0B
S31508003E704FF4007314F0040F14BF304A304A136528
S31508003E800422304B5A64E90606D514F0100F14BF05
S31508003E9000221B222C4B5A652A0618D5230611D553
S31508003EA04FF40012254BDA6406F0EBFC0E210746A8
S31508003EB0032002F001F840F20122234B3846DA6269
S31508003EC006F0DAFC214606F1F80002F065F8EF057F
S31508003ED003D5E0052AD501F0DDFFA90503D5A2051E
S31508003EE027D501F0E3FF15F0600F0AD0D6F8E410E5
S31508003EF0304605F0E8FD8022144BC3F88800144BC1
S31508003F001A612B0510D503F0EFFA124A14F4006F64
S31508003F10D2F8003F14BF43F0006323F00063C2F8F1
S31508003F20003F0422074B5A640020F8BD01F0ACFF9D
S31508003F30D3E701F0B5FFD6E7006000B8005001B836
S31508003F40006001B8002002B8004000B8003F00B089
S31508003F50000002B8003000B00A78022A11D0101FFB
S31508003F604242424152004B781201022B0BD0191FD4
S31508003F704B424B415B000549054842EA8312FFF76D
S31508003F80E3BD0122EFE70123F5E700BFF0FFFF00DD
S31508003F906D4800080B78022B10D0181F4342434186
S31508003FA05B004A78022A0BD0111F4A424A41520046
S31508003FB00F21044843EA8202FFF7C6BD0123F0E752
S31508003FC00122F5E799480008F8B50D7804460A2D48
S31508003FD00E4690F8247108D10625284600F080FF81
S31508003FE018B90135EDB20A2DF7D1284600F078FF49
S31508003FF0002848D094F82431AB4209D1B288D4F8C5
S31508004000A4309A4204D17288B4F826319A4238D03C
S3150800401084F82451B3882846A4F82831738804F50F
S315080040209275A4F82631B388C4F8A430FF2384F81F
S315080040302B3005F0FBFE84F82A00284601F00CF820
S3150800404010BB284600F042FFF0B9D4F8E03053B16F
S3150800405094F82411B94206D02046B3F91220FEF787
S31508004060E1FA84F82D01204601F016F90849A4F86A
S3150800407028010123074AD1F8FC1004F1F80002F0E0
S315080040809FFD0020F8BD21200C2384F82431F9E790
S31508004090004F00B0983F00B070B5054690F824016F
S315080040A00C460C281FD0FF2901D1212070BD1AB15A
S315080040B04FF0FF320D4B1A6005F0B8FE064695F82C
S315080040C0240100F04BFF844228BF0446E4B2B44200
S315080040D038BF3446E0B285F82B0001F00DFAFF2808
S315080040E0E3D00020E2E70220E0E700BF88130020C3
S315080040F010B590F8243104460C2B44D0D0F8E030A3
S3150800410080F82A10DBB3D0F8F020D2B990F82D3118
S315080041108B421CD300222046FFF7BEFF48BB1B4B31
S315080041201B78063B032B23D8204601F0B5F818491F
S315080041300123184AD1F8FC1004F1F80002F040FDFA
S3150800414016E0B0F94220B3F912309A42E2DD0022B5
S31508004150204694F82D11FFF79FFF50B9C4F8E000E8
S31508004160204605F026FC4FF6FF739842014601D11A
S31508004170002010BD2046BDE81040FFF72BBCFF23EA
S3150800418080F82B30F4E70220F3E700BF4014002044
S31508004190004F00B0983F00B0F0B51D46144B0446DA
S315080041A01B780F46164685B05BB1D0F8E030E3B110
S315080041B002AAB3F912300092002205F096F805B06B
S315080041C0F0BD02A905F053FC9DF808103A462046B2
S315080041D0FEF728FA014626B92A462046FFF75CFF6D
S315080041E0EDE72046FFF784FFE9E71846E7E700BF53
S315080041F012B20008F0B5D0F89C3095B0012B03D167
S315080042000025284615B0F0BD04467C4905F046FE53
S31508004210D4F8E0600146E58DC4F8E4002EB13368B1
S315080042201BB15B68002B40F0A58006F02AFB01460F
S315080042302046FFF75FFC0746084606F01DFBD4F844
S31508004240E410B3898DF80E70EB1A9BB2D6E90120FB
S3150800425000FB03226A48ADF80C30036802929942C3
S3150800426008D0204605F02FFC80226649664BC1F827
S3150800427088001A61654D644E00F0D4FA0128FBD116
S315080042802B6CDA07F8D4736CDB01F5D494F8253077
S31508004290DF070CD5D6F878215D4BC6F8EC23D3F8A2
S315080042A0F830D6F8A0209D06C6F8F02369D494F80D
S315080042B02530D4F8E4106FF3000384F8253020463F
S315080042C012919DF80E20029908AB02F0E5F880B924
S315080042D000F0A8FA0128FBD14B4A4C49536CD80187
S315080042E0FCD40B6CDB07F9D408A901A802F01AFB69
S315080042F018B10225284615B0F0BDE28D454B5A6423
S3150800430000F036FE054600287FF47BAF94F824308B
S3150800431060F3410384F8243000F034FBD4F8E0302D
S31508004320411E5B69C9B21E68FD29024604962CD94E
S31508004330F71C3DD938490136096818BF0126C81C3B
S3150800434042D85B68FF2A0491059344D1DF1C27D81D
S31508004350204604A905F00FFD002E7FF451AFD4F8CE
S31508004360543198052AD494F8243043F0020384F88B
S31508004370243045E71A68032A7FF657AF9F6A7F0EEF
S315080043805FE7204600F088FF91E75B680128059300
S3150800439004D0204604A905F0EEFC31E70126D5E74E
S315080043A001331D4B5B6818D0D91C12D80593CFE78B
S315080043B05B68FF280593F1D02A46EAE720464FF4C2
S315080043C0803105F066FB1BE7FF2A5B680DD0059375
S315080043D0C2E7FF2AC0D10022BAE7DD1C08D820466A
S315080043E004A9059305F0C7FCB9E701220593ADE7D3
S315080043F0FF2AB4D10022204604A9F3E7FC4F00B0F7
S3150800440090100020003F00B0000002B800C002B8BB
S31508004410004F00B0008001B894130020F8B5044698
S315080044200E4619B990F824305A0647D43B4B3C4AF5
S315080044305B6A618EC3F3032313704FF6FF739942C9
S31508004440D4F8E47004D0374B1B680BB12046984764
S31508004450354D2B68BB4256D0344B1B683BB11FB158
S315080044603A68002A51D0BF68394620469847072738
S31508004470204600F011FF002E3BD006202C4B94F965
S31508004480272093F900302549C3F127039B1A0A6AA6
S31508004490DB0222F4FF2203F4FF2313430B62D4F852
S315080044A0E420244B2A60986701F0BEF80122224BCB
S315080044B020461A7005F03EFC0020F8BD4FF6FF7C3A
S315080044C066F38613154A80F82430536A164D144944
S315080044D0C3F30323D0F8E4700B702B68A0F832C03E
S315080044E0BB4217D0114B1B68002BB8D100F0D4FE85
S315080044F0072712493B46124AD1F8FC1004F1F80086
S3150800450002F05EFBB9E70127B2E7174620463946AF
S315080045109847ACE700F0C0FE0127EAE700C000B8FC
S31508004520BA12002098100020901000209410002045
S31508004530B8120020006000B8B9120020004F00B081
S31508004540983F00B0054A12681AB190F81E1119B9B9
S315080045501047084601F0C2BC014870478C1000207D
S3150800456000FEFFFF404B2DE9F7431D6801F4007973
S3150800457000F00103174653EA090206460C4640D0E6
S315080045804FF0000893B30023002201200021CDE953
S31508004590008802F039FD41462846FFF7D3FF01227D
S315080045A041462886104605F002FAD5F8941005F11A
S315080045B0F80001F0F1FC2D490868FFF7B7FA4FF04B
S315080045C0FF330B602A4B1A68511C06D06FF07E40E9
S315080045D02849C863A1F58051CA634FF0FF321A60B3
S315080045E095F8243043F0040385F82430B9F1000F18
S315080045F007D00121284605F04CFA24F40074064336
S315080046000C43324623462846FFF7D0FA22044FF0D9
S31508004610000308D5CDE900330022002300204FF41B
S31508004620004102F0F1FCFB070FD51349134A08684D
S315080046300021136811600121114A117003B19847CE
S31508004640104B002102205B68984717F00E0F08D020
S315080046504FF409723B21002003B0BDE8F043FFF791
S3150800466033BA03B0BDE8F083800E00208013002023
S315080046707C13002000E000B89C100020A010002049
S31508004680BB1200207413002008B5582200210648E2
S3150800469005F094FC1022FF21044805F08FFC03F076
S315080046A09BFD002008BD00BF043F00B0483F00B096
S315080046B073B581217A22A0F814118221C0F800214D
S315080046C0C0E9411264220C23C0E9432207224FF0B5
S315080046D0FF35002680F824314FF6FF730446C2875B
S315080046E000F14C0282641F4AC385A0F8403080F866
S315080046F02C3043864263038780F82760C0F8A450AD
S31508004700458502F0B3FE2046FFF7BEFF0122164B91
S315080047102046C3F8382294F92710FFF731FB6023A7
S31508004720124A41F6FF71D3644FF03A42116311679A
S315080047300F4A2946D36440220E4B20465A64D4F8C1
S315080047409420FFF777FB0E230022CDE9003340F2D1
S3150800475002231046194602F057FC00F0D9FB3046F2
S3150800476002B070BD4000FFFF005001B8004000B81D
S31508004770005000B8002002B838B506F082F84FF6A7
S31508004780FF710A4A13888B4203D106F075F80E208A
S3150800479038BD074C074D1B046567A4F5805463674D
S315080047A0118006F069F80020F2E700BF3E140020E9
S315080047B0006001B80000FFFF08B50C4BD3F84C2188
S315080047C0531C11D012F080420ED1094B1B681BB145
S315080047D011460320FFF72AFA4FF08062054B1A6547
S315080047E001225A6102229A6208BD00BF0080E00FCA
S315080047F0800E0020001002B84FF40022034B586CBC
S3150800480003F500535A64C0F3C0407047000002B86D
S31508004810034BDB6913F4401F0CBF012000207047CF
S315080048200080E00F0F4BDB68C3F30363013B0B2BE0
S315080048300FD8DFE803F006060C06060606080A087F
S315080048400808022070470420704705207047032097
S315080048507047054B5B6913F0060F0CBF0120042057
S31508004860704700BF000002B800C001B8094AD36803
S31508004870C3F303630B2B08D06FF49050184100F074
S31508004880010080F0010040007047506C10F4803041
S31508004890EDD17047000002B80C4AD368C3F303632E
S315080048A0062B07D8042BD8B20BD8C31E584258413A
S315080048B040007047072B06D1D2F868010028ECD1D2
S315080048C07047022070470020704700BF000002B8FA
S315080048D0094BDB68C3F303639A1E012A8CBF0022C7
S315080048E00122012B02701EBF4FF4026222FA03F363
S315080048F003F001030B707047000002B8FF28074B4E
S3150800490009BF0A6851F82020C3F878224A6818BFF8
S31508004910C3F87822C3F87C22704700BF004001B86C
S31508004920144BFF281870144A144B09D11821C2F8E1
S31508004930FC131022C3F8FC23114BD3F874320DE094
S31508004940C0431821C00000F00800C2F8FC13C3F8E1
S31508004950FC030028F0D10A4BD3F8783240F2FF3135
S31508004960054AC3F30903C2F80C11A2F58052C2F82E
S315080049700C317047BC120020002002B8001002B8A3
S315080049800080E00F014B1878704700BFBC1200206A
S315080049904FF03A43D3F81421D2031ED54FF4803290
S315080049A00E49C1F81421A1F58051C1F818215A6D94
S315080049B0D1B2C2F30722C3F8A410C3F8A420042274
S315080049C0C3F8A4200022C3F8A420C3F8A420C3F87F
S315080049D0A420C3F8A420C3F8A4207047002000BA76
S315080049E0F0220B4B01219A64A022A3F580539A6406
S315080049F04FF03A43826CC3F8F410FC21C3F8CC108C
S31508004A00C3F8D0204FF40052C3F8F020704700BF17
S31508004A10006000B8F8B50D464FF03A44174606460A
S31508004A2005F02FFF01230421074A6363E760266127
S31508004A306561C2F81411054AC2F8843105F01CFFF5
S31508004A400DB102236363F8BD002000BA00E100E05F
S31508004A502DE9F04105460124006800F007000630FC
S31508004A6004FA00F3A868EC685E1EA04262D000EA69
S31508004A70060E6C6810441E430640A3EB0E000EEBB0
S31508004A80040C8242644618D9D31A0EEB030298B175
S31508004A90431E052B04D94B1CACEB0303022B59D838
S31508004AA00B460844ACEB010E03EB0E0113F8014B61
S31508004AB083420C70F8D101466C688AB1531E052BE7
S31508004AC001F1010302D9E01A022812D80A44611E2C
S31508004AD000E0013313F8010C934201F8010FF8D1F5
S31508004AE005F0CFFE0223AE60AB62BDE8F04105F0EB
S31508004AF0C3BE0B46204622F0030E8E4453F804CB61
S31508004B00734540F804CBF9D122F00303D01A920773
S31508004B1001EB030C04EB0307E2D0CA5C0128E2545C
S31508004B20DED09CF8013002287B70D9D09CF8023080
S31508004B30BB70D5E7042A35D90878043AA8614878BD
S31508004B400431A86111F8020CA86111F8010CA861DA
S31508004B50A8688CE70B4620F003070F44ACEB010E60
S31508004B601C684EF803400433BB42F9D120F0030316
S31508004B7010F0030F01EB030EA0EB03040CEB030785
S31508004B8028D011F80380012C0CF8038022D09EF857
S31508004B900130022C7B7018BF9EF80230084418BFFB
S31508004BA0BB7088E7013A032A12D8DFE802F00F152E
S31508004BB007020B4613F8012B1946AA610A4612F892
S31508004BC0013BAB61114611F8013BAB610B78AB6158
S31508004BD0BDE8F08108446EE70A46F3E738B50B46A8
S31508004BE0154601464FF03A4468B101221048C4F808
S31508004BF0F4201A46FFF72CFF25B14FF03A4304225A
S31508004C00C3F8F42038BD73B1D4F8D8209A4284BFCB
S31508004C100122C4F8F4204FF03A42C2F8D4300223F5
S31508004C20C2F8F430E8E70123C4F8F430E4E700BF3B
S31508004C30CC0000BA38B5044605F023FE4FF03A42D8
S31508004C400121638F054651674BB3B3FA83F3C3F16A
S31508004C501903DBB2A069C2F8B410C2F88C30072376
S31508004C60C2F89000C2F8B0304FF4A02302F5005203
S31508004C70C2F81431A2F58052C2F8183100220C4B42
S31508004C801A600C4B5B6C5B0209D54FF480020A4B29
S31508004C9004F1F8005A64D4F8941001F07DF94FF441
S31508004CA0E0232846E363BDE8384005F0E5BD00BFCC
S31508004CB0A4100020000002B8002002B82DE9F8432D
S31508004CC005460C46B1B1D0F81880478F05F0D9FDD6
S31508004CD0B5F83CC0791E01EA0C0323F00702032C41
S31508004CE00646DFF8F8E042445ED1DEF8004024B913
S31508004CF005F0C2FD0E20BDE8F88324F00104DEF8B5
S31508004D00000020F00100A04253D10023CEF8003065
S31508004D10238894426FEA43436FEA534323803ED184
S31508004D20EB8F08EB07091846083880B202F1080429
S31508004D304C4528BF4446082804D9B4F800E0BEF517
S31508004D40804F40D263440F431B1A3B409BB2AB874C
S31508004D50E887947811884FF03A42C1F30C019165BF
S31508004D60C2F89830C2F8B0004FF48022174B04F00E
S31508004D700704C3F814210122154BC3F88421FFF751
S31508004D8007FE042C0BD14FF48002124B05F1F800F4
S31508004D905B6C114B5A64D5F8941001F0FDF8304657
S31508004DA005F06AFD0020A6E7601E012898BF144694
S31508004DB0A5E7E88F4344E31A48BFDB190838984249
S31508004DC0A6DC304694E72246AEE700BF002000BACC
S31508004DD000E100E0000002B8002002B8A41000209C
S31508004DE0154B10B51968CA8F8B8F488F1344013835
S31508004DF0073B8C69034023F007031C4402F10803B0
S31508004E004FF03A429BB2CB87C2F8B0304FF48022BB
S31508004E100A4BC3F814210122094BC3F88421A07850
S31508004E2000F00700042803D1064AD3681B03FCD404
S31508004E30054B1C6010BD00BF800E0020002000BA84
S31508004E4000E100E0000002B8A410002010B5064CEE
S31508004E50216839B1CB0703D4044B1868FFF72EFF36
S31508004E600023236010BD00BFA4100020800E002080
S31508004E704FF480320C4B0D49C3F818214FF03A43D2
S31508004E80C1F81421D3F8AC10D3F88C20012302F012
S31508004E90070206329340C1F30C01083B994201D838
S31508004EA0FFF776BD704700BF002000BA001000BAB1
S31508004EB0054BA822D3F84C013121431C0CBF012015
S31508004EC0C0F38070FEF700BE0080E00F034B1A683F
S31508004ED002609B8883800020704700BF4014002032
S31508004EE010B50446084B063C9B689847074B032CAD
S31508004EF0D3F8F80706D800F4C020B0F5C02018BFCC
S31508004F00012010BD0020FCE7B4130020000002B801
S31508004F100E4BD3F8FC37FF2B0ED0C3F3421103F028
S31508004F201F03013303EB4112FE2A88BFFE23084AFA
S31508004F3098BF03EB4113137041F66A02054B1B68D1
S31508004F40B3FBF2F3044A1360704700BF000002B8CF
S31508004F504B140020C4100020A8100020063803288F
S31508004F609ABF024B18780020704700BF4B140020E8
S31508004F70334BD3F8F827D3F8FC17324B1B68D3F812
S31508004F80E43013B11A68032A2BD82F4BDB6BC3F313
S31508004F90C20013F0380F03F0070218BF424313F498
S31508004FA0E07FC3F3821000D04243C1F34213022BC1
S31508004FB0234919D9062A37D9D1F8FC3313F0010346
S31508004FC035D14FF0E0702149092AC1F82C01204853
S31508004FD0C0F82C316FF0FF03C1F828311DD91D4BDD
S31508004FE01DE09A6A520EE0E70023D1F8FC13C907C0
S31508004FF0E7D5032A1CD84FF47C71144A43F44C7342
S31508005000C2F82C114FF0E071C2F82C111049C1F802
S315080050102C316FF0FF03C2F828314FF408530C4ABD
S315080050200020C2F8283170474FF40003DDE700235B
S315080050304FF47C70054943F43873C1F82C01C0E776
S31508005040000002B8800E0020008001B8002002B8D7
S31508005050001002B8002DB00BF8B5834D0446297828
S31508005060002950D12C22814804F0A8FF2378804FCC
S31508005070FF223B70638800247B807E4B4FF481506F
S31508005080C3F8DC407C4B1A7007227C4BD3F8F81720
S31508005090D3F8FC6703F50053C3F8FC234FF470728A
S315080050A0C3F82C21764A4903C3F830214FF0010290
S315080050B0C3F83421C3F86C014FF40060A3F580539C
S315080050C0C3F86C0126D4C3F8FC234FF4307216F0EB
S315080050D0E00FC3F82C2108BF4FF480524FF00800A8
S315080050E008BFC3F86C21FCF765FE4FF4780420224C
S315080050F06449C1F86C213A78063A032A2BD8DFE8C6
S3150800510002F0156B6E7300235F4AC2F8FC305F4AE3
S315080051101370ABE70421C3F8FC1380210920C3F8F8
S315080051202C11C3F83421FCF745FEE0E716F0E00F32
S31508005130C6F3421204D144F40C3444F440740AE031
S31508005140012A1BBF2020524A44F4C134C2F86C011C
S3150800515018BF44F48024C1F83041FFF709FF00283E
S3150800516039D14C4B1A68B2F1406F474A5BD3D3F832
S315080051707C1201313BD0D3F87C12C9B2C2F8DC10DC
S31508005180D3F88032404ADBB24249C2F8E430D1F85B
S315080051908432013343F63F7332D0D1F884421C403F
S315080051A0C2F8D840D1F888120B40C2F8E030394B23
S315080051B0D3F88C1201312CD0D3F88C1201F0FC01F3
S315080051C0C2F8F010D3F8903203F0FC032E4AC2F866
S315080051D0F43001232B70F8BD44F40834ADE744F4E9
S315080051E0A73444F48074B6E744F4FE44B3E723498D
S315080051F0D1F82831DBB2C2F8DC30D1F82831C1E762
S315080052001E4CD4F824111940C2F8D810D4F8241129
S31508005210CAE71A49D1F8343103F0FC03C2F8F03072
S31508005220D1F83431D0E71549D1F8F847D3F8301218
S31508005230C9B2C2F8DC10D3F83432DBB2C2F8E430B3
S31508005240630357BF43F62B3341F61B33C2F8D830F6
S31508005250C2F8E03049BFC2F8D830FC23C2F8E030C3
S31508005260DC23C2F8F030B1E7BE120020D43F00B00C
S3150800527040140020004001B84A140020000002B87B
S3150800528000FFFF00001002B8003F00B0BD1200206A
S31508005290002002B80080E00FD0F8A4104C220229A2
S315080052A038BF02212DE9F04F804690F824A18148A5
S315080052B00139C36CD0F8DC507F48C3F38213DA4057
S315080052C0036898F82B708B42DFF828B27B4B87B0BF
S315080052D002F0010219D11C78944216D1784C247830
S315080052E0544512D1D8F8A8407CB1AC420DD1754CC2
S315080052F0D4F8F840A60608D4734C2478BC4204D1E6
S31508005300BBF8040007B0BDE8F08F01609BF8000009
S315080053101A70FFF723FEFF2F81466A4840D1AAF18B
S315080053200603032BD0F8F800684B09D985064DD536
S3150800533040F2FF30C3F88800FB0843F4407309E0E5
S31508005340840642D540F2FF300127C3F88800BB081F
S3150800535043F438735E48C0F888305C4B0120C3F8C4
S31508005360E0005C4B1E6840F27123B6FBF3F6192386
S315080053704E43B6FBF3F65AB3D8F8E4502DB12B6872
S31508005380082B40F2948095F83850294605A80596CA
S3150800539004F028FD0602059C46F011062D043CE0A3
S315080053A009F1FF33BB4228BF3B46012B38BF012317
S315080053B0D0F8F800DFB2800608D540F2FF3443483B
S315080053C01B06C0F88840B7D4C1E70127404BC5E79C
S315080053D0414B9821A3FB062303A8039304F002FD7F
S315080053E0039C3E4A361BA2FB06120190342104A8F0
S315080053F0049204F0F7FC049D0090761B302105A862
S31508005400059604F0EFFC019B009A1E02059B2C44AE
S3150800541046EA0216324D06431C44324B40F69702C2
S3150800542018682B21003818BF0120FEF74DFBFA2219
S315080054302C4B02FB04F01B6840F6FF72B0FBF3F03E
S315080054400A235843214B00F57A74C3F8D820A3F5EC
S315080054508053C3F8D860A3F58053C3F8DC50224BB9
S31508005460224E1B78C6F8D4700BB9C6F8FC7086F8BD
S31508005470FB9000F58C50C8F8A8501D4D14302C60D0
S3150800548001F028FB4FF47A72C6F89800C6F8EC00CB
S315080054902B680D49B3FBF2F3ABF80430084BB4FBA9
S315080054A0F2F083F800A098F82B300B702AE7002555
S315080054B06BE700BF004001B888130020BF12002028
S315080054C049140020004F00B048140020006001B8BD
S315080054D0005001B8C410002069C2F568B97A146E84
S315080054E03064FC00A8100020BD120020003F00B068
S315080054F0AC1000204014002010B5104B0246187856
S315080055000F4C0C2802D1FF20207010BD831F042BDE
S3150800551034BF0121FF21FFF721FD904228BF104625
S31508005520C0B2884238BF084623788342EDD0054B7F
S3150800553020701868FFF7B0FE2078E6E740140020D0
S315080055404A140020800E002008B50E4B0246187833
S315080055500C2812D0FF2A13D0FFF700FD904228BF6F
S315080055601046C2B2012A38BF0122074BC3F8FC20F5
S315080055700123064910460B7008BD0023FF22F8E7F1
S315080055800023F6E740140020003F00B0BD120020BB
S315080055900020044B1870044BD3F8D420C3F8FC2021
S315080055A0704700BFBD120020003F00B010B504468A
S315080055B0FEF778F878B1154B1B786BB964B1144BC4
S315080055C01B784BB1134B1B78013B012B04D84FF4C6
S315080055D00042114B1A6510BD104B1B6D1B04FAD403
S315080055E005F04FF9044601F07FFF4FF400420C4BDB
S315080055F02046BDE810401A6502220A4BC3F8242546
S315080056000422054B5A6405F037B900BFC0120020C2
S31508005610C1120020B0100020002002B8000002B815
S31508005620001002B800D00350054BD3F8843013F0AD
S31508005630030F4FF4802314BF024A034A936470474A
S31508005640004000B8005000B8006000B8594B2DE97A
S31508005650F34193F82E800646B8F1000F40F0A88073
S315080056609B68554C984701213A20FBF70DFF534B91
S315080056702578534F1E7085BB2846FFF797FF23787A
S31508005680013B012B19D8E37B01A88DF80430237C54
S315080056908DF80530FBF7D4F8C7F824554FF6FF7296
S315080056A0484BC3F88420F822A3F58053C3F8842016
S315080056B00022434BC3F824250DE04FF6FF72414BF9
S315080056C0C7F82455C3F88420F822A3F58053C3F8F5
S315080056D08420C7F824553C4B5BE04046FFF766FF3D
S315080056E02378013B012B08D8E37B01A88DF8043009
S315080056F0237C8DF80530FBF7A3F80023C7F824357B
S31508005700002ECBD062685AB3304B1B6803EB5203AA
S31508005710B3FBF2F3013B1B0243F0F8032678294951
S31508005720022E2B4A1ED0032E4FF6FF75244826D08C
S31508005730012E37D143F00203C1F88450C2F88430F1
S315080057400723C0F82435E37B01A88DF80430237CB1
S315080057508DF80530FBF744F80120FFF727FF17E01F
S31508005760F823DBE74FF6FF7043F00103C1F8840026
S31508005770C2F884300622124BC3F82425E3E743F027
S315080057800503C1F88450C2F884300423C0F82435D0
S31508005790104B4FF080421A65FFF746FF002002B013
S315080057A0BDE8F081C1F88450C2F884300023EDE7E3
S315080057B00E20F4E7B4130020B0100020C112002018
S315080057C000C00350006000B8002002B8C4100020D2
S315080057D0005000B8001002B8034B1B6D002BBCBF6D
S315080057E0024BC3F888007047000002B8004000B8B2
S315080057F0304B2DE9F047DB6898474FF47A762E4B05
S31508005800B0FBF6F618604FF4FA73734307462B4855
S31508005810190E1B0218182A4A4FF0000341F100011D
S3150800582002F014FD274BA0F5807205461A6320B9CD
S3150800583048222B21FEF748F901254FF47A724FF0DA
S31508005840000A6A4353465008310202F0FFFC1D4B1A
S315080058501D4AB7F57A7F9A601C4B4FEA05681960AE
S315080058601B4B8946044618604FEA152505D29B222C
S315080058702B215046FEF728F901264FF47A73A8FB28
S31508005880030103FB05117308C01841F10001002349
S31508005890324602F0DBFC0F4B023419600E4B49F11D
S315080058A00009A408186044EA8974064B013C9C6305
S315080058B0BDE8F087B4130020C410002020A107001B
S315080058C040420F0000C001B802110100D4100020A8
S315080058D0D0100020CC100020C81000201022044B45
S315080058E0C3F884215A600122024BDA60704700BF70
S315080058F000E100E000C001B838B501250A4B0201F5
S315080059009D504FF480730446084A8340536604F05A
S31508005910B8FF074AA540137823EA05031370BDE8C4
S31508005920384004F0A9BF00BF00E101B800E001B8A3
S31508005930CA12002038B504F0ADFF084B084A1D6AA4
S3150800594092F8CD405A6EE4B2520744BF1D6A01343C
S3150800595004F09BFF284604F0030138BD00C001B8D7
S31508005960003E00B0064B1B68434303EB8171054BB1
S315080059701B68A3FB003013F1004341EB000070479E
S31508005980CC100020C81000200C4A20F040430146E5
S3150800599010B5002014684FF00042E4FB0320084AC3
S315080059A0890F126802FB0300064B9B6B984204D9C9
S315080059B001330131C01A01F0030110BDD0100020D7
S315080059C0D410002000C001B8044B01F0F07110306B
S315080059D041F0030100011950704700BF00C001B82B
S315080059E008B52220FFF7F8FE4FF48022014BDA6053
S315080059F008BD00BF00C001B8836833B10549C26855
S31508005A00096803F13043032A00D8704743F8041B9A
S31508005A10043AF8E7E813002070B51646054600B3C1
S31508005A20F9B1F2B14268104B006803321B6892085C
S31508005A3000F130409847044688B9EA68A8680332F6
S31508005A403146920800F1304004F00CFA044630B9A9
S31508005A50D5E90402214600F1304004F0AFFA2046A9
S31508005A6070BD2124FBE700BF9013002070B50C68B9
S31508005A70651C15D0C4F302669E42C4F3074530D1AF
S31508005A80A4B294422DD804EB8506B24229D2141B3F
S31508005A90A50824F003040E59340F04D0012C08D0AD
S31508005AA00022212402E06B1C51F82320C0E90024BF
S31508005AB070BD0E4C34F8133042EA03431A686B1C67
S31508005AC051F8234001EB83014B6822405E4036F0D3
S31508005AD0704404D11B0F032B04BF8B681A430024A0
S31508005AE0E4E7013501EB8501C1E700BF58B40008BA
S31508005AF007B501A8FCF780FC42F201020C4B0D49E0
S31508005B00C3F870224FF4FC72C3F8E0205822A3F5BC
S31508005B108053C3F8E020084AA3F61C7352F8040B16
S31508005B2043F8040B8B42F9D103B05DF804FB00BFC0
S31508005B30006001B8104101B82CB4000870B5032400
S31508005B40134E144DB3689847134A144B1A6500F060
S31508005B509BFFFFF7CDFF124BC3F8104101232B65BE
S31508005B60336898474FF460736B614FF400732B6585
S31508005B70FEF708FF0021FEF7D3FE8022094B1C64BE
S31508005B80A3F580535C64084BC3F884215A6070BD42
S31508005B90B4130020001002B80048F000000002B854
S31508005BA0005001B800A0095000E100E02DE9F047D7
S31508005BB005460E461446DFF88480DFF884901E4FAB
S31508005BC088B01CB9204608B0BDE8F087B4F5006F68
S31508005BD04FF010024FF000016846A24628BF4FF466
S31508005BE0006A04F0EBF908238DF800300AF1FF3358
S31508005BF09BB2009A1B0143F0036302EA090203EA17
S31508005C0008031343102200210DEB0200CDE90036EC
S31508005C10029504F0D3F96A46387804A9FCF75AFBCA
S31508005C20A4EB0A0406EB8A0605EB8A053878FCF726
S31508005C30AFFB0028FAD0C4E74C140020F07F300CE4
S31508005C400F80CFF3002210B5274B284C5A649A646C
S31508005C50DA6494F82D2003F5805312B14FF00072E0
S31508005C601A6594F82E20002A39D04FF400421A6596
S31508005C7094F830302BB14FF480521D4B1A65A36A45
S31508005C80984794F831201A4B12B14FF400521A650E
S31508005C9001225A6102229A62134AD368C3F3036344
S31508005CA00D2B01D0002BF8D111231249D3631248CA
S31508005CB0124AFFF7B1FE01F03FF81148FFF79CFEC4
S31508005CC01048FFF799FE1048FFF796FE4FF08062DE
S31508005CD0074B5A61012203F580535A6110BD012111
S31508005CE03A20FBF7D1FBC3E7000002B8B413002043
S31508005CF0001002B8CCB40008B0B40008C8B4000854
S31508005D0080B4000898B4000868B400080F4B10491E
S31508005D101A68012302F58052C2F8803291660D4A4C
S31508005D2053600D4A53600D4A5360A2F58042536092
S31508005D30A2F54042536002F5C032536002F5804234
S31508005D405360A2F500425360704700BFB0130020AD
S31508005D50FF0B001600D000B8001000BA005001B8BA
S31508005D6008B504F073FA044B1B681B6FC3F30043B2
S31508005D700133B0FBF3F008BDB013002070B504463C
S31508005D8098B1B1B13A4A52F8043B834213D1002381
S31508005D90384A116CC907FCD4374800EB830004F075
S31508005DA06AF8364B106001221A6470BD01330C2B59
S31508005DB002D1334D2CE0012352F8041BA142F5D140
S31508005DC0304A32F81330E3E7C2F3016335F81300BB
S31508005DD0110C93B211F0FE0F43EA0043606820D01D
S31508005DE00434CAB2022A216808D9D4E90160033A00
S31508005DF0C3E9001698600C340C33F3E704D16268E3
S31508005E00C3E90012083403E0012A01D104341960F9
S31508005E102268531CD8D10022164B1A6003F580530A
S31508005E20C1E7120F072AEDD8DFE802F00704090DCB
S31508005E301013181DC04303F500531860E2E71A68EB
S31508005E4042401A60DEE703F58053F6E703F0FFFFEA
S31508005E50D8E7012203F580538240F2E7012203F5D1
S31508005E6000538240EDE71A6830EA0202FBD1C9E71F
S31508005E70D810002000C002B8404000B000D002B8D8
S31508005E8058B40008961200200122014B1A65704783
S31508005E90001002B80122014B1A657047002002B8AB
S31508005EA04022014B1A657047002002B84022014B78
S31508005EB01A657047001002B8064BDB68C3F3036324
S31508005EC0984206D1044A936F23F0F00343EA01117E
S31508005ED091677047000002B8003F00B02DE9F7430C
S31508005EE0064603F0ADFF00248046DFF8909004F0E4
S31508005EF0C8FC0DF1070105460DF10600FEF7E8FCA2
S31508005F009DF806308BB9721C29D003F099FFA0EBD7
S31508005F100804284604F0B0FC9DF8063013B99DF82D
S31508005F2007303BB3A642E2D824E0D9F80C3013F484
S31508005F30603FE8D0D9F8180003F0F0FF731C074655
S31508005F4003D003F07DFFA0EB0804284604F094FC78
S31508005F5017F5007FE0D0384603B0BDE8F083284641
S31508005F6004F08AFC9DF80630002BC0D19DF8073056
S31508005F70002BBCD1004FEEE700FEFFFF00C000B8C3
S31508005F80044BD3F8B03010B1C3F30332027003F0F8
S31508005F900F007047000002B8064B01F080015B6CE9
S31508005FA003F480030B4302BF4FF40012024BDA647A
S31508005FB0704700BF000002B8006001B84FF0B05249
S31508005FC0024B1B6803F580539A667047B01300208E
S31508005FD0044B1B68986E00F0B05000F16A435842B3
S31508005FE058417047B01300200F4B1B788BB1012B1B
S31508005FF011D10E4A012102F580528B4291600FD8C9
S315080060000A4A0B49002B08BF0A4693689B07FCD42B
S315080060107047074AEEE700224FF480539A60FFDE86
S3150800602000239B68FBE700BFCB120020004003B8A3
S31508006030000003B838B50B4B0B4C002818BF1C469C
S31508006040A569E3691D4007D0084B1B682BB1284694
S31508006050984704F50054A56138BD6B05F9D5FFF7D7
S31508006060C3FFF6E7004003B8000003B80811002094
S315080060704FF604014FF60502044B01201B6C9BB238
S315080060808B4208BF1346024A136670470080E00F2A
S3150800609000C001B8034B1A6E596E03F500530A4047
S315080060A01A66704700800A5030B54FF04044114BCD
S315080060B01A68D2F8883002F50055C5F8A040C3F32F
S315080060C08803C5F8A44091B1B3F5D17F28BF4FF432
S315080060D0D173D52B38BFD52303F14605A3F1460165
S315080060E041EA0541D16702F58052C2F8A44003800F
S315080060F0002030BDAC1300204FF48022034B002053
S315080061001B6803F581539A61704700BFA4130020EA
S3150800611073B50446234B244D9B68984701213A20C2
S31508006120FBF7B2F9E1782279286841EA0243C0F818
S31508006130F435E679A37943EA0643C0F8F8352378B7
S315080061404BB18DF8041004218DF805200DEB0100E4
S315080061500022FAF709FB63785BB10421A3790022D0
S315080061608DF80430E3790DEB01008DF80530FAF768
S31508006170FBFA2B682178012203F5BE6359B103F5B2
S3150800618080510A606178022241B103F580530020EC
S315080061901A6002B070BD03F50051F2E703F500532B
S315080061A0F5E700BFB4130020A81300204FF0804283
S315080061B0034BC3F88020BFF34F8FBFF36F8F704731
S315080061C000E100E04FF08042014B1A60704700BFC3
S315080061D000E100E0124A10B5D2F84C315468D26991
S315080061E0104912F4401F0FD15A1C0DD124F0404417
S315080061F024F44004240C24040B4803F0A9FE214689
S31508006200BDE8104003F0A4BE084A19409442F3D1F1
S3150800621003F4FE43B3F5807F08BF41F4A061EBE7C2
S315080062200080E00FE0FFF01FCF13468B1400150126
S315080062302DE9F0470C4681B1B1F1006F0DD31C4B27
S31508006240CA1C9A4209D84FF0000844F6FC7654F85E
S3150800625028104FEA88094B1C01D1BDE8F08703F0E6
S3150800626077FEC1F30263032B844608F10107C1F3E5
S31508006270074514D18BB2F31AB5EB930F4FEA930A7D
S315080062800DD909F104015246214403F07CFE8446E7
S3150800629008F10208013D08EB0A07A5EB0A052A469C
S315080062A0604604EB870103F06EFE07EB0508CEE7B0
S315080062B0FFFF07082DE9F041044668B1B0F1006F09
S315080062C00AD3254B00F117029A4205D8234B244AD4
S315080062D019780023994224D800252427FFF77AFF46
S315080062E02168FFF7A5FF6168FFF7A2FFE668AE42DF
S315080062F021D12269111A4B424B41B4F1006F15D3D3
S31508006300154904F117058D4210D8824222D1134A45
S315080063101378052B09D8124941F823400133137025
S3150800632003E052F8040BA04203D101231846BDE846
S31508006330F0810133CEE707FB05F3A2680135D15892
S3150800634002EB0308FFF774FF042208EB020103F0CF
S315080063501AFECCE70023E9E7FFFF0708CD12002065
S315080063600C11002070B52C4B0C461A781AB92B4A1A
S31508006370D2F86C221A702A4A126D52054AD51D782F
S31508006380284B05F00F06B0FBF3F040434FEA15150E
S3150800639005D140F27C622B21FDF796FB0120224AAB
S315080063A00A217243B2FBF0F34843B3FBF1F602EB62
S315080063B05002B2FBF0F201FB1633042BD2B207D817
S315080063C0C3EB8310C3EB80035BB283B96DB217E0EE
S315080063D0C3F10B0303EB8303DBB2B3FBF1F32B44EB
S315080063E0DDB20F2DF2D9013AD2B2053DEEE7053BF3
S315080063F05BB293FBF1F31D44EBB26DB2002D04DBE7
S31508006400002042EA0512226070BD01320533D2B27D
S315080064105DB2F5E70220F7E7CE1200200080E00F14
S31508006420000002B8403B250080969800F8B50B4658
S31508006430002213F8044B944225D91D68854224D1BD
S3150800644006245A791D79124B88181E6804FB050321
S31508006450104F33F8063C7B43B3420ED900238A5AC1
S315080064607A43964202D804FB0300F8BD9D42FAD946
S31508006470013304FB03F2825AF2E740F244423D211B
S315080064800020FDF721FB0020EFE708330132D2E7B1
S315080064902411002040420F0000202DE9F04FA2FBF6
S315080064A0016AB94FDFF824C3F7191D466AF10003DC
S315080064B0BC4570EB030383B008D240F23E220E219E
S315080064C0FDF702FB022003B0BDE8F08FD5F828904F
S315080064D08B461446B9F1000F04D0D9F80030032BC7
S315080064E000F29381A94BAA4A9B6BD2F8FC90C3F39E
S315080064F01408A84B1B6F59074EBF4FF440039B0562
S3150800650003F0E07348EA0308A34BD3F8EC305A00CB
S3150800651048BF48F0807848EA446803F0D1FE074649
S31508006520002CCFD00028CDD09C4B6E62C3F800B0AB
S315080065309B4B984200F0B18103F5122303F5F863EB
S31508006540984200F07381974B984200F0B181024659
S31508006550002300204FF0007101F078FE002301307F
S3150800656006FB03F300FB0A33A6FB000213442033A1
S3150800657089499B092B60D1F8ECB3D1F8F033D1F8EF
S3150800658078A1D1F8A01000930846584030F47F63EC
S315080065900CBF012000204FF4287201911021FDF74D
S315080065A093FA8BEA0A0232F47F634FF0100140F245
S315080065B0A6220CBF01200020FDF786FA7A4A009B26
S315080065C0D2F86012C9B2FF291CBF2AF47F6242EAD8
S315080065D00112764908BF5A468E4207D9211F01295A
S315080065E040F2278172498E4200F22381B7FBF4F705
S315080065F0C8F31301A1FB0717AB61684BC90C41EA45
S31508006600473118F4801F1F686A4B08BF4942196052
S31508006610694B0F44C5E907B21F60B9F1000F00F0D6
S31508006620328100236B60AB60D9F81C60D9F800A0F2
S31508006630002E49D0BAF10F0F97BF574BB9F818B0CB
S31508006640D3F88C31C3F3832B524B98BF0BF1080B4D
S31508006650D3F83C31B7FBFBF2DB0216D5002381EAFF
S31508006660E17EAEEBE17E5549C8F3815811F808C0C2
S31508006670194650084FEACC5CCCFB0E01009201F09B
S31508006680E5FD009AC0F3130068605F4504D3B2FACB
S3150800669082F10D2940F3048133469103B1FBF3F1EE
S315080066A04B004FEAC23E0133520C01E0023301317E
S315080066B0A3FB06C0E64572EB0000F7D2C1F30E0154
S315080066C0090341F00061A960BAF1050F40F2DF80C5
S315080066D0D9F82C60002E00F0B680307804FB07F756
S315080066E0A0F10400B0FA80F040F20B523D214009B7
S315080066F0FDF7EAF9324B9F4240F20181314B9F4246
S3150800670040F20181304A974294BF0222032244F2A2
S315080067101421FF0B07EBC70307EB43039B0B013B56
S315080067205B0232446B61567801FB07F2B6EBD25F27
S315080067304FEAD25380F0E5802644B34240F2D78030
S315080067402644B34240F2E1802644B34240F2DF8059
S315080067502644B34240F2DD802644B34298BF052062
S3150800676040F2C680002040F226523D21FDF7ACF9E2
S3150800677044F6776307FB03F3DB0D013BB34280F076
S31508006780BC80002026E000BF006CCA88008001B8E3
S31508006790004F00B0004001B8000002B82C110020DC
S315080067A000F04902005A62020080E00F00BBEEA02A
S315080067B000AE5EA7281100202411002060B400084E
S315080067C020D4CB8F00DAF89AE0DF25A6807C814AB0
S315080067D0042804D8361BB34200F10100F8D3032875
S315080067E08CBF0020012040F232523D21FDF76CF9A2
S315080067F001216B69A6F1140242EA86421343D9F8CD
S3150800680000A06B6185F82C101FE0042BD9F82880AE
S315080068107FF483AE18F0807F14BF4FF4400308F06E
S31508006820E07328F0E07848EA030876E600233A4859
S3150800683096E6019B2AF47F6A23F47F6343F42A636E
S315080068404AF4CC6BD2E685F82C600023BAF1060F21
S31508006850EB6018D9D9F83030ABB103F031FDD9F86F
S315080068603010FFF7E3FD044608B183781BBB03F03D
S31508006870E7FCD9F83010FFF7D9FD20B1837813B1BA
S31508006880C3781B042B61002003B0BDE8F08F0023FA
S31508006890002085F82C30EB60F6E700231F485FE6FA
S315080068A0C1F10E0326FA03F302FA01F10133F5E604
S315080068B000231B4854E6407940F25552003818BF69
S315080068C001203D21FDF700F9207940F256520038A3
S315080068D018BF01203D21FDF7F7F8237962791B02DD
S315080068E043EA0213EB60E3781B042B61BFE7012040
S315080068F003288CBF0020012035E7012073E700221A
S3150800690005E701202FE7012201E70220F0E703202F
S31508006910EEE70420ECE700BF313641DC0A3BB2DF84
S31508006920D694BFD630B505460C468DB059B9334B0B
S31508006930827AD3F8FC30416831480A9300686B467E
S31508006940FFF7AAFD6C462F4B22685A632B4BD3F8E8
S31508006950FC30002B3CD0636843B12B4B2B4AC3F861
S315080069603C216268A3F58053C3F83C21A36843B170
S31508006970254B274AC3F81C21A268A3F58053C3F800
S315080069801C21244AE168D2F8983194F82C0023F4A3
S31508006990EE630B43C2F898316FF078421E4B1F49DD
S315080069A09A606269A3F580539A604FF44033C1F840
S315080069B08C3122691A4BC3F88C214FF40012D8B1D6
S315080069C00A65184B1B6898471749606AFFF7CAFC9F
S315080069D00020A2690F4BC3F8A020E269C3F878210A
S315080069E0226AC3F8F8232A89A3F5E0339A6203F5E5
S315080069F0A03318640DB030BD1A65E2E7004F00B049
S31508006A00800E0020008001B8006001B8FFFF0F006B
S31508006A1000F0FF0F000002B800600C50002002B81A
S31508006A20001002B8B4130020588001B84FF40022B1
S31508006A30014B00201A657047002002B80E4B1B68F0
S31508006A40D3F88022D2070ED55B6E002B0DDA0B4BDE
S31508006A504FF480029B6813F00C0F094B09D11A6595
S31508006A604FF480421A65002070474FF48002054BA8
S31508006A70F5E704490A65F3E7B0130020004009501A
S31508006A80002002B8001002B84FF48062014B1A6564
S31508006A90704700BF001002B810B590B10468012C09
S31508006AA00FD902696AB11168094B102C196051682F
S31508006AB05960916888BFD268996094BFD960DA60D6
S31508006AC010BD10220021024803F078FAF8E700BF4B
S31508006AD034110020084BC1171A68A2FB000302FBF9
S31508006AE0013310F1807043F10003400E40EAC310F1
S31508006AF0803820EAE0707047441100200722194BBD
S31508006B0070B51A64184B194A1D68194BEC08E0054C
S31508006B10C0184FEA153141F10001002301F096FB38
S31508006B20144B154E18601548FFF7D4FF4042C6F8B7
S31508006B30D00049F65800FFF7CDFFC6F89C0010486C
S31508006B40FEF722FF024660B1E301500818184FEA23
S31508006B5015714FF0000341F1000101F077FBC6F80B
S31508006B60A80070BD000002B8C410002065CD1D0045
S31508006B70B2E60E0044110020003F00B0701101007B
S31508006B8040420F0010B5044698B10B4BD3F8FC00F1
S31508006B90FFF782FF4FF47A7303FB04F0074BA0F567
S31508006BA07A60DA689B681044C01ABDE81040FFF79F
S31508006BB091BF4CF25030F8E7004F00B03411002076
S31508006BC02DE9F8430546084614461E46FFF764FFB6
S31508006BD005B306F0020716F004061DD1D7B14FF427
S31508006BE07A706B685843002B40F08C80FFF772FF71
S31508006BF020636B69002B00F08C804A4AD0684FF4FA
S31508006C007A7202FB0300A0F5FA50FFF763FFE06211
S31508006C10002E58D1BDE8F8832869002869D04FF4BA
S31508006C207A7358433F4BA0F57A609B68C01AFFF702
S31508006C3051FFA062A88B00285ED04FF47A735843A0
S31508006C40384BA0F57A609B68C01AFFF743FFE061EE
S31508006C50354BE968D3F80080002950D04FF47A7391
S31508006C605943304BA1F57A619A685B68891AC91A43
S31508006C702E4BC8171A68DFF8BC90A2FB011302FB5B
S31508006C80003311F1807143F10003490E41EAC31143
S31508006C908039274B2162D3F8B8306362D9F80030BF
S31508006CA053B1404603F043F830B12246D9F80030D4
S31508006CB01C49D8F8D80098470021A869FFF762FF51
S31508006CC06063002F8BD1A86830BB47F23050FFF7BE
S31508006CD001FF60614FF47A702B6858432BB1114B52
S31508006CE01B6803F51C5310331844FFF7F3FEA06125
S31508006CF090E74CF250309AE74CF25030A5E74CF248
S31508006D005031B5E7074B1B6803F51C53103318447D
S31508006D106CE747F2305078E74FF47A735843A0F59A
S31508006D20FA50D4E734110020800E002044110020C8
S31508006D30003F00B03011002070B5154C8CB001AD85
S31508006D400FCC0FC50FCC0FC594E8070085E80700E0
S31508006D50AC2200210F4803F031F99C2200210E488D
S31508006D6003F02CF9202200210C4803F027F903F040
S31508006D7015F90B4B1B784BB1054E01AD0FCD0FC660
S31508006D800FCD0FC695E8070084E807000CB070BD64
S31508006D90D43F00B0B83E00B0643F00B0E04F00B04A
S31508006DA0BE12002008B503F06CFD0E4B1A78A2B986
S31508006DB00D4A126812F4843F0FD10C4A102111654E
S31508006DC01B7863B9084B1B68DB0508D4074B2022E0
S31508006DD01A65BDE8084003F04FBD054AEEE7044BC7
S31508006DE0F5E700BFD4120020380A0020002002B8B8
S31508006DF0001002B810B5104B104AD3F8B800147832
S31508006E00596A9A6A00F00F0021F4706122F0E05284
S31508006E10844241EA042142EA84624FF01F0408488A
S31508006E2035BF9A6259625962C0F8B84034BFC0F893
S31508006E30B8409A6210BD00BF00C000B8BA12002060
S31508006E4000E000B80A4B197801F0FF0229B10021C9
S31508006E50197008499202C1F80821597801F0FF0211
S31508006E6029B1002159709302024AC2F80C317047C1
S31508006E70CF120020005000B8084BD3F8000F084B7B
S31508006E809A6C110107D4074A926E920705D5D3F872
S31508006E90F4339B0701D500F580707047003000B0C9
S31508006EA0000002B8004000B810B503F0EAFC0E2155
S31508006EB004460320FFF700F840F20122034B204660
S31508006EC0BDE81040DA6203F0D7BC00BF004000B846
S31508006ED038B503F0D6FC4FF00043244C0546C4F8F9
S31508006EE08030BFF34F8FBFF36F8F0123C4F8843010
S31508006EF0BFF34F8FBFF36F8F0223C4F88430BFF3FD
S31508006F004F8FBFF36F8F0423C4F88430BFF34F8FBE
S31508006F10BFF36F8F0823C4F88430BFF34F8FBFF3D6
S31508006F206F8F134B1B6A98471023C4F88430BFF33E
S31508006F304F8FBFF36F8F2023C4F88430BFF34F8F72
S31508006F40BFF36F8F4023C4F88430BFF34F8FBFF36E
S31508006F506F8F4FF48073C4F88430BFF34F8FBFF33D
S31508006F606F8F2846BDE8384003F086BC00E100E094
S31508006F70B413002038B503F084FC05464FF00043EF
S31508006F800C4C236001236360042363600823636059
S31508006F90094BDB699847102363602023636040230D
S31508006FA063604FF4807363602846BDE8384003F099
S31508006FB063BC00BF00E100E0B4130020012370B5F4
S31508006FC0074C2370074B1E68074B3240D3E9005322
S31508006FD019402840FDF7C6FA0023237070BD00BF8C
S31508006FE0D21200204C110020380A00200022044B3F
S31508006FF01A70044B197811B11A70FFF7D3BE70478F
S31508007000D3120020D41200202DE9F047DDF8209095
S3150800701003EA0108099B06460D4602EA000703EA49
S31508007020090AB9F1000F40F0F280031F0B4300F084
S31508007030A180052871F100036FD250EA010300F020
S31508007040D481431E0B4300F0B880FFF741FF814A05
S31508007050D2E9004323EA050324EA06043C4343EA4B
S3150800706008077D4BC2E900471E6826EA090646EA74
S315080070700A061E60FFF796FE16F0020F42F202039A
S3150800708008BF0223754A7648D26E250383EA0201B1
S3150800709022EA0302C266734A03EA01038166D366DB
S315080070A0C4F380424FEA023248BF42F48072E006D7
S315080070B048BF42F40052A10648BF42F40072630674
S315080070C0694B48BF42F48062DB68250648BF42F434
S315080070D00062664882EA030123EA0203C360644B3E
S315080070E00A4017F4007F8160DA6007F40071614B8B
S315080070F000F0D2800121604A83F8941092F82D009E
S315080071004FF00073002800F0A1805C48036593697E
S315080071105B4898474FF48025D1E04FF400439942E5
S3150800712008BF48454B4C61D081458B418DD3A0F5AE
S3150800713080630B4305D020F48063A3F500730B43EB
S3150800714083D103F09EFBD4E9003223EA060322EA40
S31508007150050242EA08023B43C4E90032494A12687A
S3150800716092F8F610484A09B313F4C06F1ED04FF4CC
S31508007170807311E003F085FB364AD2E9003123F02B
S3150800718004033B4341EA080157EA0807C2E900310C
S315080071904FF480633C4A0BD0C2F81431A2F58052F2
S315080071A0C2F81831BDE8F04703F066BB4FF48073A8
S315080071B0C2F81831C2F81431F4E703F062FB254A25
S315080071C0D2E9003123F001033B4341EA0801C2E951
S315080071D0003101232D4A57EA08071BBF9364A2F51D
S315080071E08052D364D36408BF9364DBE703F049FB9A
S315080071F0D4E9002323F400433A4343EA0803C4E9E5
S31508007200002357EA08074FF48063204AE5E750EA67
S3150800721001037FF41AAFB9F1010F7FF416AF03F03B
S3150800722030FB0D4A136823F0010343EA0A0313608F
S315080072304FF48063164ABAF1000F04D05366A2F5DC
S3150800724080521367AEE713675366ABE7114A1365B7
S3150800725060E700BF380A00204C110020004000B843
S31508007260006000B8005000B8004001B8006001B8DE
S31508007270005001B8003F00B0B4130020001002B857
S31508007280843F00B0800E0020002000BA00E000B85D
S3150800729000E001B8002002B893F8942072B154486F
S315080072A083F8941090F82D304FF00072002B00F000
S315080072B08C80504B1A6583694F4898470025E0042F
S315080072C048BF45F48035A10348BF45F48015A20799
S315080072D048BF45F4800514F4001FDFF85C8106D02A
S315080072E0D8F8000002F041FD08B945F40025E3028C
S315080072F0424B48BF45F40035F8061A6A48BF45F4BC
S315080073000005610248BF45F4001585EA020323F02B
S3150800731001033B491A400A621D40CB61394A354B85
S3150800732016F0010F1D62384B18BF13467A07374A05
S3150800733048BF43F00063126F354883EA020122EA28
S3150800734003020267334A0B4041661367324A04F068
S315080073500103D26C3D0448BF43F480632F4883EA97
S31508007360020122EA0302C2642D4A0B408164D364F7
S31508007370D8F80020200248BF2A4B92F8F62058BFBA
S31508007380294B610748BF43F4806322B114F4C06FE8
S3150800739018BF43F4807332074FF03A42BDE8F0470E
S315080073A0D2F8181148BF43F0004383EA010222F4D9
S315080073B0A0221E481140C0F818111340C0F8142125
S315080073C01B4AC2F81831FFF7D5BD0D490A65194A97
S315080073D0D2F8A41002F50052C2F8A410C2F8A01000
S315080073E04FF05022C2F8A43068E7BDE8F08700BF26
S315080073F0B4130020001002B8843F00B0000002B8A1
S31508007400002002B8041C00030418000300C001B8D9
S3150800741000E001B800D001B800C000B800E000B82C
S3150800742000D000B80D0A0A09090A0A09002000BA9C
S31508007430001000BA00400050800E0020024B586829
S31508007440C0F3C000704700BF380A0020024B186816
S3150800745000F00100704700BF380A0020024B586848
S31508007460C0F3C030704700BF380A002010B5044684
S31508007470FEF764FBFFF72CFD2046FDF7B1FAFEF791
S31508007480E1FBFEF7B5F9FEF729FAFFF737FB1349D3
S315080074900723134AD1F8FC1004F1F800FFF790FB14
S315080074A04FF080710020FEF78FFA4FF000720D4BF7
S315080074B04FF400110120C3F80021FEF785FAFEF704
S315080074C0D7FD20B940F292321421FCF7FDFAFFF7F6
S315080074D0ADFABDE810400120FEF7B8B8004F00B07D
S315080074E0983F00B000D001B8F8B5084C084D636C59
S315080074F00423084F6B64636C5B0300D4F8BD042651
S3150800750002207E6402F0A3FC6E64F4E7000002B871
S31508007510001002B8002002B8A82238B51B4B5D6CD3
S3150800752003F500535A6410229A60A3F5804302F1CA
S3150800753000521A675A66FFF785FC154B1B7813B974
S315080075400320FEF7D9F90024124B9C67FFF7CCFFFE
S31508007550114A124BD2F8001F0B40C2F8003F042212
S315080075600F4B5A640F4BC3F8D840FFF743FCAB06E2
S3150800757008D50D4BD3F88830B3F5817F22BF80221A
S31508007580024B1A61BDE83840FDF7F6B8000002B8AC
S31508007590D112002000C001B8003000B0DF0000FFA3
S315080075A0002002B8003E00B0003F00B010B551B947
S315080075B020B3154BDB681B0E13F00E0F1ED1134BB1
S315080075C01B6CD9071AD4FFF76FFC0F4C0020FEF787
S315080075D0D7FC032801D0092805D1A36ADA07F5D410
S315080075E0A36CDB03F2D4FFF77FFF0122084B5A6135
S315080075F002229A62042203F580535A644FF4C06249
S31508007600044B9A6510BD00BF000002B800C002B85E
S31508007610001002B8006001B808B503210920FEF77A
S315080076204BFC2022014B1A6108BD00BF000002B8BE
S31508007630144B10B51B78CBB9134AD2F8A030D2F840
S31508007640A4100B40B3F1804F0CD34FF040400F49C4
S315080076500F4CC1F8A400D467C1F8A0004FF48021EC
S315080076600C4AD161094AC2F8A03010BD0A4A0B4B30
S3150800767092F894109B690A4898474FF48022054B64
S31508007680DA61F2E7CC12002000400050006000509A
S315080076900000FF01001002B8003F00B0B41300203C
S315080076A0843F00B038B5054603F0EBF80E4B0446A8
S315080076B01868FDF7BFFA35B1FFF798FC2046BDE814
S315080076C0384003F0D9B8094B1B78002BF6D0084B85
S315080076D01D78002DF2D1FFF789FC2A464FF4804029
S315080076E00021FFF76BFCE9E7800E0020D31200208B
S315080076F0D21200202DE9F84F5B4B06460D4614467C
S315080077005B6C002A40F0AC8013F0A00F14BF4FF05A
S3150800771001094FF00009FDF72FF8FFF76BFBA023CF
S315080077204FF0000ADFF85C810320C8F84430FEF702
S31508007730E3F80420FEF7E0F84C4FFFF757FC4C4BF4
S315080077404FF0040B7B67C7F878A0FFF7CDFE494BCF
S315080077504FF48071D3F8D02E42F02002C3F8D02E11
S31508007760FF22C8F80820404A1161D3F8002F424981
S315080077701140C3F8001FC8F844B0C3F8D8AE7B69F7
S3150800778013F0060F04D0FEF72BF95846FEF7B4F8A7
S31508007790B9F1000F09D04FF40063384A5364022345
S315080077A0C2F8F433A2F5E032936666B1344BDB6C6B
S315080077B0180701D4FFF778FBFFF72EFF0420FEF722
S315080077C09BF8FFF73FFB284B5A69D10746D5DA687D
S315080077D012F0706FFBD12B4B2B4A5A642B4A936FCE
S315080077E023F0F003936715B12046FFF75BFF284B9C
S315080077F0D3F84C315A1C01D05B0002D50122214B2B
S315080078005A615CB31E4BDA6E03F500539A6603F5AC
S31508007810D0331B6A1B4A23F00103D3611D4BD96879
S3150800782003F50053996003F50053D3F8841003F564
S31508007830005399674FF03A43D3F8181103F50053EC
S31508007840C3F81411144BD96C03F500539964134902
S3150800785003F5803359664FF608435364BDE8F88F3D
S315080078604FF0000957E700BF000002B800C001B892
S3150800787000000101003000B0DF0000FF001002B870
S31508007880004000B8002002B810003000003F00B0E9
S315080078900080E00F004001B800C000B85000002F7B
S315080078A0A74B2DE9F04F9A6EDB6E87B002EA030804
S315080078B0A44BC3F868804FF03A43D3F81461D3F861
S315080078C018311E40A04BC3F81461A04B9A68DB68B8
S315080078D002EA030A9E4BC3F808A003F52043DA69B7
S315080078E01B6A02EA03099B4B09F47702DA619A4B91
S315080078F0D3F80422D70606D4D3F80431DD06C3F339
S31508007900001740F1F88002F0BCFF944B5A695F6E8D
S3150800791012F0060F14BF012200221B6F00921F40AF
S315080079208F4A27F0007323F400637C07536606D555
S315080079308C4A92F8CD300133DBB282F8CD3002F0B2
S315080079409BFFB8F1000F00F0F78018F0020400F072
S31508007950F180854B0025D3F8F4B303F500530BF0FB
S315080079600702CBF380041BF0020FC3F8F4234FEA97
S3150800797044542ED002F085FF0190FFF77DFA0346A6
S315080079807A4A1268106811688842FCD010688842E2
S31508007990FCD0CDE90223FFF76FFA039B029A9842BF
S315080079A040F0AB800198029302F066FF704A029B92
S315080079B013606D4A526C12F4E05140F0A08023F037
S315080079C07F4323F0DF030BB9FFF7A6FD4FF0807363
S315080079D01C431BF0010F13D0634B5E495B6C03F429
S315080079E060424A64002A00F09F801A0400F19F80D2
S315080079F013F4005F0CBF4FF000534FF000631C43B5
S31508007A00C8F340384FEA48085A4B3340002B4BD04E
S31508007A1016F4206F0AD040F6A31206210020FCF7C0
S31508007A2053F80020FFF73EFE26F48026F00506D51B
S31508007A30FF22484B44F4C0649A60FFF735FA16F003
S31508007A40090F0BD040F6B81208210020FCF73CF8C5
S31508007A50FFF7E2FD4FF03A4301225A6316F0106F22
S31508007A600CD040F6C11209210020FCF72DF8FFF7CB
S31508007A70D3FD002211461046FDF7B0F816F4202F64
S31508007A800AD040F6C91207210020FCF71DF800208D
S31508007A90FFF708FE26F48026F10301D5FDF7E8F97D
S31508007AA0002EB8BF48F0080872070ED54FF03A43C3
S31508007AB01B6B13F4005F4FF4005317BF224A2E4A7C
S31508007AC0136344F4000408BF1363730548BF44F006
S31508007AD0040416F4802B00F0B880FDF781F901380C
S31508007AE006284BD8DFE810F0330136013301390197
S31508007AF03C013F013F01009723E7034642E7CDE9F2
S31508007B000121FFF709FD0299124B019A5964D10424
S31508007B1007D412F4806F0CBF4FF080534FF0806388
S31508007B2056E74FF0804353E74FF0007367E74FF08F
S31508007B30004364E7254663E74446454664E700BFD5
S31508007B40004000B8006000B8002000BA004001B844
S31508007B50006001B8002002B800E100E000C001B8EA
S31508007B6000E001B8003E00B0000002B828B40008E2
S31508007B7048110020090B0B89001000BA40F6FA12CA
S31508007B8003210020FBF7A0FF4FF03A420121D2F86B
S31508007B908C30D2F8AC0003F00703063301FA03F37E
S31508007BA0C0F30C001B1A9BB2072B12D9784B5B6CDF
S31508007BB058020ED47748D36CD26E406D58B103F094
S31508007BC0070306339940C2F30C03C91A89B2072979
S31508007BD001D844F40074704B1B78002B35D04FF055
S31508007BE03A43D3F8143113F4A02F2ED16B4B6C4AB9
S31508007BF01B7893B9FB0410D4137873B1E308694969
S31508007C0043EA457383F00103D1F8001F03F001032B
S31508007C105B0021FA03F3980717D10420FDF76CFEE1
S31508007C20614B62495967FFF7E1F95D4A137843B931
S31508007C305F4B1B782BB15F4B5F4A1B68234013428F
S31508007C4001D144F4804427F48057BAF1000F1DD0BF
S31508007C501AF4805F18BF44F480241AF4807F18BF92
S31508007C6044F400241AF4005F18BF44F010041AF410
S31508007C70007F18BF44F020041AF4806F18BF44F040
S31508007C8040041AF4006F18BF44F08004B9F1000FDD
S31508007C903FD019F4802F18BF45F4007519F4803FBA
S31508007CA018BF44F4805419F4801F18BF44F40034F4
S31508007CB019F4800F18BF44F0020419F4003F18BFE6
S31508007CC044F4801419F4000F18BF45F0100519F490
S31508007CD0002F19D0334BD3F8D03E13F0C00F13D072
S31508007CE02B4AD368C3F30363032B01D0072B05D1B3
S31508007CF0936CD90602D4D36C1A0737D54FF40022F1
S31508007D002E4B29F40029DA6119F4001F18BF44F430
S31508007D108004002F00F019813B0540F1898028492D
S31508007D20DFF884A0CB78274A002B51D04FF40060A7
S31508007D30013BDBB25066CB7033B9234B1B78C3B11A
S31508007D4040F60142214B5A67002300226EE044F4B4
S31508007D50803419E744F4006416E744F4806413E7B2
S31508007D6044F4807410E744F008040DE744F4001462
S31508007D70CAE7DAF8783013F4A05F15BF4FF48073BA
S31508007D8040F60143CAF85830CAF87830DCE700BF35
S31508007D90000002B8004000B8D4120020D312002018
S31508007DA0D6120020003000B000C001B80000010162
S31508007DB0D5120020380A0020088D0100002002B8DC
S31508007DC0C212002000E001B8D112002000D001B88C
S31508007DD00320FDF791FDDAF81430A24813F0060FD8
S31508007DE004BF41F61F73A04AA04908BF53674FF462
S31508007DF000629D4B5A66DAF8143013F0060308BF82
S31508007E00CAF87830B0F8CA3013F400625CD023F4AC
S31508007E100063A0F8CA300B7803F0FF0A002B57D18D
S31508007E20FDF7DEFDFFF778FB534620221C4315437A
S31508007E30B80009D52E20FDF7CFFC4FF000528A4B2B
S31508007E4045F008051A675A66F90606D52B20FDF788
S31508007E50C3FC1022844B1A675A6617F0306F05D197
S31508007E60FA045FD5009B002B00F0AA803B0111D5D0
S31508007E702920FDF7B1FCFFF7E1FA48B17C4B7D49B3
S31508007E80794A53660B6701F54051C968480422D4FC
S31508007E9045F0040517F0007328D00420FDF72CFDE3
S31508007EA02720FDF799FCFFF737FB4FF000726E4B62
S31508007EB05A66714BD3F8002F52067BD46F4B0222B9
S31508007EC09A6045F002052AE00B784FF40053ADE7B7
S31508007ED04FF4004339E7136720205366FDF77CFC0F
S31508007EE02D2045F00C05FDF777FCD3E717F0807FCA
S31508007EF0DFF88CA149D004200093FDF7FDFC28206B
S31508007F00FDF76AFCDAF87820009B002A3AD1FFF7D9
S31508007F1003FB554B564A45F001051A675A66002277
S31508007F20574B9A653A0404D5564B1B689847044341
S31508007F300D437B0509D5544A9378002B00F08C80B5
S31508007F40013B9370002348EA030842462046294627
S31508007F50FFF734F8BBF1000F01D0FCF777FF0122D9
S31508007F604A4B06F00436C3F81461494B19F4002F3E
S31508007F70C3F884211EBF4FF40022404BDA6107B0D4
S31508007F80BDE8F08FCAF87830C3E7F904C7D50420EE
S31508007F90FDF7B2FC3F4BCAF87430FDF721FDDAF85D
S31508007FA0643013F0407FBAD12A20FDF715FCFFF79D
S31508007FB0B3FA7EE7D3F8D03E9B0682D4364B7EE7EB
S31508007FC0314A13794BB1013BDBB2137113B9294B13
S31508007FD0324A5A6700231C43A4E70420FDF78CFCA9
S31508007FE00320FDF789FC264B2A4A5A6702F049FC0A
S31508007FF082460DF11700FDF7C3FF294B1B781BB10D
S315080080000090FEF751FF009803280BD10020FDF7DA
S31508008010B7FF032806D1234B9A6AD007F6D49A6C81
S31508008020D103F3D49DF81730032B06D101221E4B3A
S3150800803050461A7002F020FCCCE74FF03A43D3F8CA
S31508008040143113F4A02FF1D1FEF7D0FF504602F0F9
S3150800805013FC4FF48043BEE70220FDF74DFC0123D5
S3150800806071E700BF003E00B000E001B8D112002061
S315080080701000002000D001B8003000B0002002B87F
S3150800808000C001B88C130020C2120020002000BADC
S3150800809000E100E000000101001002B80000010D37
S315080080A0D7120020000002B8D31200200122024B8A
S315080080B01A62DA61704700BF002002B8094A08B59B
S315080080C0D369116A0B40084923F47F00DB07C861AE
S315080080D006D5D1684FF0FF30C1F3036101F067FFA1
S315080080E008BD00BF000002B8002002B8154B10B545
S315080080F09C6CDB6C1C40144BE2079C640DD5134B3F
S3150800810040F663421878122100F00100FBF7DCFC08
S31508008110002201200021FEF751FF630510D50B4B05
S3150800812040F66A4258684D21C0F3C030FBF7CCFCD4
S31508008130BDE81040002200204FF40041FEF73EBF84
S3150800814010BD00BF00C000B800E000B8380A002023
S3150800815038B50B4D2C6C6B6C1C400A4B24F0020294
S315080081601A64E20705D540F6CA4200202968FBF7DB
S31508008170ABFCA30741BF0222024B1A646B6838BDE9
S315080081800080095000A0095038B50B4C0B4DD4F8A7
S315080081908430DB0706D4A36FD4F884201340084A3A
S315080081A0936738BDD5F804311A06F0D5FFF7D0FF26
S315080081B08023C5F88431EAE7008001B800E100E0D1
S315080081C000A001B8034BD3F8D03E99430CBF012059
S315080081D000207047003000B0184BD3F8D02E12F0AC
S315080081E0010312D0164B93F85C30164A43F080739D
S315080081F0C2F8D0304FF4801302F50052C2F8B430FA
S31508008200A2F58052C2F8B830704712F0C00FECD110
S315080082100B4B93F85B1021B1D20602D593F8583070
S31508008220E3E74FF480120020074B0649C3F8B8204D
S31508008230C1F8D000C3F8B420704700BF003000B0C2
S31508008240003F00B0004000B8006000B853B94AB912
S31508008250002908BF00281CBF4FF0FF314FF0FF3040
S3150800826000F082B9ADF1080C6DE904CE00F006F80D
S31508008270DDF804E0DDE9022304B070472DE9F04F8C
S31508008280099D0C46002B4DD18A420F4684469646D8
S31508008290B2FA82F360D94BB102FA03FEC3F12002A7
S315080082A09F4000FA03FC20FA02F217434FEA1E46E3
S315080082B01FFA8EF44FEA1C42B7FBF6F106FB11775C
S315080082C001FB04F042EA0742904208D91EEB02027B
S315080082D001F1FF3702D2904200F231813946121A73
S315080082E01FFA8CFCB2FBF6F006FB102200FB04F426
S315080082F04CEA024C644508D91EEB0C0C00F1FF321F
S3150800830002D2644500F21E81104640EA0140ACEBF9
S31508008310040C002125B12CFA03F30022C5E900322A
S31508008320BDE8F08F8B4205D90DB1C5E900010021E2
S315080083300846F5E7B3FA83F100294DD1A342C0F008
S31508008340F380904280F0F080064623460846002DCA
S31508008350E6D0C5E90063E3E7002B40F0A3808A1A5C
S315080083604FEA1E471FFA8EF60121B2FBF7F407FB08
S3150800837014204FEA1C4242EA004206FB04F09042EF
S315080083800FD91EEB020204F1FF382CBF4FF001098A
S315080083904FF00009904203D9B9F1000F00F0CC80E4
S315080083A04446121A1FFA8CFCB2FBF7F007FB1022A0
S315080083B000FB06F64CEA024C664508D91EEB0C0C87
S315080083C000F1FF3202D2664500F2B3801046ACEBEC
S315080083D0060C40EA04409DE7C1F120068B4004FAEA
S315080083E001FE22FA06F720FA06FCF4408A401F43EB
S315080083F04EEA0C0300FA01FE4FEA17484FEA134902
S315080084001FFA87FCB4FBF8F008FB104449EA044459
S3150800841000FB0CF9A1450ED93C1900F1FF3A2CBF17
S315080084204FF0010B4FF0000BA14503D9BBF1000F2C
S3150800843000F08B805046A4EB09041FFA83F9B4FBBD
S31508008440F8F308FB134403FB0CFC49EA0444A4456F
S3150800845006D93C1903F1FF3801D2A4457BD8434617
S3150800846043EA0040A4EB0C04A0FB02984445CC4622
S31508008470434602D306D1CE4504D20138B9EB020CE5
S3150800848068EB0703002D6CD0BEEB0C0264EB03040B
S3150800849022FA01F304FA06F6CC4000211E43C5E988
S315080084A000643DE702FA03FEC3F1200104FA03F271
S315080084B000FA03FCCC404FEA1E4720FA01F11FFAE6
S315080084C08EF6B4FBF7F00A4307FB1044110C41EA99
S315080084D0044100FB06F48C420ED91EEB010100F1A3
S315080084E0FF382CBF4FF001094FF000098C4202D922
S315080084F0B9F1000F2CD04046091B92B2B1FBF7F434
S3150800850007FB141142EA014204FB06F1914207D91E
S315080085101EEB020204F1FF3801D291421ED84446EE
S31508008520521A44EA004120E7861A64EB0303012045
S315080085300DE7F44402384AE7023C724431E702394F
S315080085407244CCE6F4440238DFE602383C4472E76B
S3150800855002387144D0E7023B3C4481E7023C72444E
S31508008560DEE72946DCE600BF704700BF08B5064BC4
S31508008570044613B10021AFF30080044B1B6803B116
S315080085809847204600F0F7FB0000000088120020FC
S315080085900CB4184B30B50C1E9DB01D6808DA8B2339
S315080085A04FF0FF302B601DB0BDE8304002B0704779
S315080085B04FF402730290069002A9ADF8143014BF66
S315080085C004F1FF332346209A2846049307934FF66F
S315080085D0FF73ADF8163021AB019300F031F8431C58
S315080085E0BCBF8B232B60002CDDD0029B00221A70A7
S315080085F0D9E700BFEC13002070B50D4D00260D4CD1
S31508008600641BA410A64209D10B4D00260B4C02F0A0
S31508008610A7FA641BA410A64205D170BD55F8043B01
S3150800862001369847EEE755F8043B01369847F2E7D6
S315080086305014002050140020501400205814002014
S315080086402DE9F04F98468B899DB007461B060D46C7
S31508008650144610D50B6973B9402100F00FF928604C
S31508008660286130B90C233B604FF0FF301DB0BDE8E0
S31508008670F08F40236B610023CDF80C804FF0010981
S31508008680DFF8A081099320238DF8293030238DF84F
S315080086902A3023469A4613F8012B0AB1252AF9D11E
S315080086A0BAEB040B0BD05B4622462946384601F046
S315080086B09CFC013000F0A780099A5A4409929AF85E
S315080086C00030002B00F09F8000234FF0FF320AF1A4
S315080086D0010A049307938DF853301A93CDE90523BD
S315080086E0544605224F4814F8011B01F093FD049ADD
S315080086F0D8B9D00644BF20238DF85330110744BF9C
S315080087002B238DF853309AF800302A2B15D0079A68
S31508008710544600204FF00A0C214611F8013B303B25
S31508008720092B4BD9B0B1079214E0A0EB0803A24677
S3150800873009FA03F313430493D2E7039B191D1B6835
S31508008740002B0391BBBF5B4242F0020207930793DB
S31508008750B8BF049223782E2B0AD163782A2B32D1FC
S31508008760039B02341A1D1B6843EAE37303920593BD
S31508008770DFF8C0A003222178504601F04BFD38B13E
S31508008780A0EB0A004022049B013482401343049361
S3150800879014F8011B062224488DF8281001F03AFD2A
S315080087A0002836D0214B1BBB039B073323F0070356
S315080087B008330393099B334409936AE70CFB023297
S315080087C00C460120A8E7002301344FF00A0C19468D
S315080087D00593204610F8012B303A092A03D9002BB5
S315080087E0C6D00591C4E70CFB012104460123F0E736
S315080087F003AB2A4604A9384600930D4BAFF3008015
S31508008800421C0646D6D1AB895B063FF52DAF0998C3
S315080088102CE703AB2A4604A938460093044B00F01C
S31508008820A5F8EDE7E0E60008EAE600080000000023
S31508008830EB9F0008E6E6000870B50F4E0C460546A5
S31508008840316811B900F0CAF930602146284600F0AF
S31508008850C5F9431C03D14FF0FF34204670BDC41C34
S3150800886024F00304A042F8D0211A284600F0B6F9ED
S315080088700130F2D1EFE700BF8C1200202DE9F0415C
S31508008880CD1C064625F0030508350C2D38BF0C25EA
S31508008890002D01DBA94204D90C2333600020BDE872
S315080088A0F081314F00F08EF93B681C4644BB2946DF
S315080088B03046FFF7C1FF431C044650D13C682146A9
S315080088C0002941D1002C44D02368304604EB030824
S315080088D000F084F980453CD1216830466D1A294656
S315080088E0FFF7AAFF013034D023682B4423603B6886
S315080088F0002B36D05A68A24229D100225A600EE0CF
S315080089002268521B1DD40B2A16D96119A342256069
S3150800891018BF5960636808BF396062514B603046BA
S3150800892000F056F904F10B00231D20F00700C21AC7
S31508008930B5D01B1AA350B2E7A3426268DED13A60EB
S31508008940EDE723466468B1E70C464968B8E713467D
S31508008950CEE70C233046336000F03AF99EE705600F
S31508008960DDE75B60FFDE00BF901200202DE9FF47C0
S315080089700F7E914680460C46782F9A460C9E01F14A
S31508008980430207D8622F0AD8002F00F0DD80582F3F
S3150800899000F0C38004F1420684F842703AE0A7F179
S315080089A06303152BF6D801A151F823F0058A0008B0
S315080089B0198A00089589000895890008958900088C
S315080089C095890008198A000895890008958900087C
S315080089D095890008958900082F8B0008A78A000842
S315080089E0E78A00089589000895890008518B0008D0
S315080089F095890008A78A00089589000895890008BE
S31508008A00EF8A000833681A1D1B68326004F14206B3
S31508008A1084F842300123A8E031682368081D3060D5
S31508008A201E0601D50D6803E05D06FBD5B1F90050B9
S31508008A30002D616878DA2D200029A16084F84300AA
S31508008A402DDA6D425D480A231646B5FBF3F103FBA2
S31508008A501157C75D06F8017D2F460D46BB42F4D96E
S31508008A60082B0BD12368DF0708D52369616899426B
S31508008A70DEBF302306F8013C06F1FF36921B226161
S31508008A804B4603AA21464046CDF800A001F008FB54
S31508008A9001306FD14FF0FF3004B0BDE8F08723F006
S31508008AA004032360CDE721683368080653F8045B9E
S31508008AB002D4490648BFADB26F2F33603F4814BF92
S31508008AC00A230823002184F843106668002EA6604E
S31508008AD0BADB216821F004012160002DB4D1002EF3
S31508008AE0B2D11646BCE7236843F0200323607827F3
S31508008AF03348236884F845701F06316851F8045BCB
S31508008B0002D45F0648BFADB23160D90744BF43F00F
S31508008B10200323601DB11023D4E72848E9E723681A
S31508008B2023F020032360F6E724480A23CDE73368B9
S31508008B302568181D616930602E061B6801D5196005
S31508008B4002E06806FBD5198000231646236197E7DD
S31508008B50336800211A1D32601E686268304601F0CB
S31508008B6059FB08B1801B606063682361002384F8A1
S31508008B70433085E72369324649464046D0470130A7
S31508008B8088D023689B0714D4E068039B9842B8BF33
S31508008B90184681E70123324649464046D047013008
S31508008BA03FF478AF0135E36803995B1AAB42F1DC11
S31508008BB0EAE7002504F11906F5E700BFF1E6000823
S31508008BC002E70008014801F001BA00BFD8120020E8
S31508008BD0014801F0FCB900BFD812002038B50023BF
S31508008BE0054D044608462B60FAF7DEFB431C02D106
S31508008BF02B6803B1236038BD9412002038B50546AA
S31508008C00002941D051F8043C0C1F002BB8BFE418CA
S31508008C10FFF7D8FF1D4A136833B963601460284606
S31508008C20BDE83840FFF7D4BFA34208D92068211809
S31508008C308B4201BF19685B6809182160EDE71A467F
S31508008C405B680BB1A342FAD911685018A0420BD140
S31508008C5020680144501811608342E0D118685B68A7
S31508008C60084453601060DAE702D90C232B60D6E774
S31508008C70206821188B4202BF19685B68091863606F
S31508008C8008BF21605460CAE738BD00BF90120020B3
S31508008C9008B5F7F727FB08BD08B500F0F6FDFFF79E
S31508008CA0F7FF00F019FEF7F729FBFAE77047704758
S31508008CB07047704708B500F027FB08BD704708B530
S31508008CC0F7F734FD08BD08B5F9F7BAFD00F031F835
S31508008CD008BD7047704770477047704708B500F081
S31508008CE00BF808BD08B5F7F73DFB08BD08B5FFF753
S31508008CF0F5FFFFF7F7FF08BD08B5F7F75BFB08BDFB
S31508008D00FEE708B5FFF7FCFF08BD704708B5FFF793
S31508008D10FCFF08BD704738B504460D46F9F79AFDBD
S31508008D2029462046FFF7F6FF38BD08B501F024FFAF
S31508008D3008BD08B5F7F7BCFB08BDFEE704E050F828
S31508008D40042B41F8042B1A46531E002AF7D1704704
S31508008D5000230360704700E018460368002BFBD128
S31508008D600B60016070470346006818B102681A6014
S31508008D70002303607047FEE700B589B084460E9865
S31508008D8007900D9806909DF8300005900B98049072
S31508008D909DF82800039000200290019300920B464C
S31508008DA062460121F7F7A4FD09B05DF804FB70B52A
S31508008DB005460E46144601F064FD2B685C403440B7
S31508008DC05C402C6001F058FD70BD38B505460C4670
S31508008DD001F03CFA05B128600CB10D23236038BDBB
S31508008DE030B583B005460C46002301934FF0E023C7
S31508008DF01B6913F0040F0CD001F048FA01900C23FC
S31508008E0000930DB1019B2B600CB1009B236003B04E
S31508008E1030BD694601A8F8F705F9F2E708B501F08B
S31508008E2047FA0021F8F7F6FA08BD10B582B0002314
S31508008E3001930093B0F5807F00F20781B0F5807F3B
S31508008E4000F28B81DFE810F054018901890189015C
S31508008E5089018901890189018901890189018901B4
S31508008E6089018901890189018901890189018901A4
S31508008E708901890189018901890189018901890194
S31508008E80890189018901890154018C0154018C01E8
S31508008E90A401A401A401A401A4018C01A90145010E
S31508008EA06601B30145018C018C018C018901890198
S31508008EB08901890189018901890166018C018C0171
S31508008EC08C01C7012B018C0189018901890189015E
S31508008ED08901890189018901890189018901890134
S31508008EE07101A401540154015401B8014501450119
S31508008EF0BD0181015E0116011601890189018901F9
S31508008F008901890189018901890189018901890103
S31508008F1089018901890189018901890189018901F3
S31508008F2089018901890189018901890189018901E3
S31508008F3089018901890189018901890189018901D3
S31508008F4089018901890189018601890189018901C6
S31508008F5089018901890189018901890189018901B3
S31508008F6089018901890189018901890189018901A3
S31508008F708901890189018901890189018901890193
S31508008F808901890189018901890189018901890183
S31508008F908901890189018901890189018901890173
S31508008FA08901890189018901890189018901890163
S31508008FB08901890189018901890189018901890153
S31508008FC08901890189018901890189018901890143
S31508008FD08901890189018901890189018901890133
S31508008FE08901890189018901890189018901890123
S31508008FF08901890189018901890189018901890113
S315080090008901890189018901890189018901890102
S3150800901089018901890189018901890189018901F2
S3150800902089018901890189018901890189018901E2
S3150800903089018901890189018901890189018901D2
S315080090408901890189018901AE01B0F5F06F00F047
S31508009050C28014D9B0F5206F00F0B3805FD9B0F59F
S31508009060306F00F0B3806DD9B0F5386F52D0B0F5D7
S31508009070406F72D1002101A8F7F776FE6DE0B0F5D2
S31508009080607F78D010D9B0F5B06F00F0868033D9FC
S31508009090B0F5D06F00F08B80B0F5E06F37D10021C6
S315080090A001A8F8F70BF958E0B0F5007F0AD101F0EE
S315080090B0CDF804464FF40070F8F77EF9B4FBF0F4E7
S315080090C001944AE011D9B0F5207F49D0B0F5407F28
S315080090D043D101F0DBF804464FF42070F8F76CF939
S315080090E0B4FBF0F46408019437E0B0F5C07F34D1DE
S315080090F001F0CCF8019030E0B0F5806F48D0B0F5BB
S31508009100A06F2AD1002101A8F7F760FE25E0B0F587
S31508009110C06F22D1002101A8F7F784FF1DE0B0F542
S31508009120106F49D0B0F5186F04D1002101A8F7F7E0
S3150800913081FE12E0B0F5086F0FD1002101A8F7F7FC
S3150800914017FF0AE0B0F5286F07D1002101A8F7F745
S31508009150C1FF02E001F07AF80190019802B010BD53
S3150800916001F094F804464FF42070F8F725F9B4FB9B
S31508009170F0F40194F1E700216846FFF726FE009C0B
S315080091804FF46070F8F718F9B4FBF0F40194E4E7CB
S31508009190002101A8F7F712FFDFE7002101A8F8F779
S315080091A063F8DAE7002101A8FFF71AFED5E70021E0
S315080091B001A8F8F7A9F8D0E7002101A8F8F7D0F830
S315080091C0CBE7002101A8F7F753FFC6E7002101A85E
S315080091D0F7F754FEC1E7002101A8F7F79DFFBCE7A2
S315080091E008B5002903DD0121F8F714F908BD0021A7
S315080091F0F8F710F9FAE708B502214FF42070F8F7E6
S315080092004DFB08BD7047436813F0010F19D08368FA
S3150800921013F0010F03D0036913F0010F09D00A23D5
S315080092208363436D13F0500FFBD1836C13F0030F68
S31508009230FBD100F5005301225A60436813F0020F70
S31508009240FBD1704708B5F9B10A4600F580530121EC
S31508009250596002F00F01436DC3F30B03002BFAD1DB
S315080092608163436D13F07803FBD112F0010F00D030
S31508009270012312F0040F01D043F00203826C02F0BE
S3150800928003029A42FAD108BDFFF7BDFFFBE7836CDC
S3150800929013F0400FFBD04164704708B500231A4607
S315080092A0F8F764FE08BD08B500231A46F8F75EFE0F
S315080092B008BD70B505460E46144601F0E2FA2B685D
S315080092C05C4034405C402C6001F0D6FA70BD70B545
S315080092D005460E46144601F0D4FA2B685C40344025
S315080092E05C402C6001F0C8FA70BD0020704708B5D4
S315080092F0002100F05AFB002008BD09B12120704763
S3150800930008B5FFF7F4FF08BD08B500F001F808BD79
S315080093100020704708B5F9F7CDFB08BD08B540B27F
S31508009320F9F706FC08BD08B5F9F724FC08BD08B529
S31508009330F9F712FC08BD08B5FFF7F0FF08BD70B5D0
S315080093400C461546034630B15E684EB12A4621469C
S315080093501868B04770BDF9F765FC03460028F3D1D5
S315080093602320F7E703280BD8DFE800F0020D0407EF
S31508009370002070474FF4805070474FF440507047B4
S315080093804FF4805070474FF400507047D0F8A03023
S315080093901B689A6C12F0800F03D0DB6B0B700020F1
S315080093A070471B20704738B50446D0F8A0301D68B2
S315080093B0AB6C13F0400FFBD000231A4694F8A910A3
S315080093C094F8A800F8F7E2FE00231A4694F8AB10C2
S315080093D094F8AA00F8F7DAFE94F8B03013F0010F03
S315080093E012D194F8B03013F0020F16D105F50053D8
S315080093F004221A6500212846FFF724FFD4F8A400A2
S3150800940001F05AFA002038BD00231A4694F8AD1028
S3150800941094F8AC00F8F7BAFEE3E700231A4694F886
S31508009420AF1094F8AE00F8F7B1FEDFE708B5D0F84C
S31508009430A0301868FFF72BFF002008BD704780F89A
S315080094409510704790F89500704710B582B004469D
S315080094500DF10701007D00F0ADFF9DF807303BB127
S31508009460206DA26CE36C134483420BD002B010BD8E
S31508009470237D03EB43031B0103F1A04303F580237C
S31508009480D86EEEE71046F1E710B50446FFF7DDFFA4
S31508009490236D834201D2C01A10BDA26CE16C0A4446
S315080094A0D01AF9E738B50446007DF7F7E1FB204600
S315080094B0F9F71AFD0546207DF7F7FAFB284638BD69
S315080094C0F8B50446FFF7EEFF00B1F8BD01F0E2F982
S315080094D00646207DF7F7CCFB2046FFF7B6FF451E6C
S315080094E0A36CAB4202D9E56C013D1D4494F8547057
S315080094F0207DF7F7DDFBCFB92B46D4F898209A42A2
S3150800950012D01A78112A09D0132A07D0013BA26C67
S315080095109A42F2D9E36C013B1344EEE7112A14BFD1
S315080095200022012284F89C20C4F89850304601F0A5
S31508009530ACF9CAE72DE9F84304460F46154690F8F4
S31508009540959000264FF0010802E094F89C304BB93C
S31508009550AE421FD294F89630002BF6D02046FFF77D
S31508009560AFFFF2E7B9F1000F02D03B780A2B09D01A
S31508009570236E5B68397820469847804650B901378C
S315080095800136E5E7236E5B680D212046984780463D
S315080095900028EDD04046BDE8F88308B590F8943029
S315080095A01BB9FFF7C7FF002008BD0E20FCE790F89F
S315080095B09430DBB170B504460D460B69B3F5006F00
S315080095C016D801F067F906466C6194F88C304BB1F1
S315080095D0294604F19000FFF7BEFB304601F055F925
S315080095E0002070BD2846F9F7A1FCF6E70E20704763
S315080095F02120F6E730B583B0144692F8543033B1DB
S31508009600936D0BB1D06D9847002384F8543094F8C5
S31508009610963023B9002084F8540003B030BD2046A4
S31508009620F9F73AFC0028F5D0236E5B68132120462B
S315080096309847002507E0112B14BF0023012384F85F
S315080096409C300135EDB20F2D0DD8236E1B680DF138
S3150800965007012046984730B99DF80730112BEAD004
S31508009660132BEED1E7E72046F9F794FCD2E72DE96C
S31508009670F04F83B090464AB104460D46002966D09D
S31508009680FFF710FF814628B14FF00008404603B0A7
S31508009690BDE8F08F2046FFF7F7FE4746804528BF0E
S315080096A0074694F896A0BAF1000F48D001F0F2F8F0
S315080096B00190266D2046F9F7EFFB8346B84600224F
S315080096C011E00133C4F89830D14612E008F1FF38AA
S315080096D0B9F1000F05D0112B14BF0023012384F81C
S315080096E09C3001320136BA420BD2D4F89830B342D4
S315080096F0E7D03378112BE9D0132BE7D005F8013BD7
S31508009700EFE7D4F89810A26CE36C1344994213D08F
S31508009710019801F0BAF839462046F9F7EDFC94F8B5
S315080097209630002BB2D0BBF1000FAFD0236E5B682A
S31508009730112120469847A9E7C4F89820E8E73A4651
S31508009740216D284600F044FCB846D346E3E74FF0BF
S3150800975000089BE72DE9F04180460F4616461D4650
S3150800976000232B602968721A39444046FFF77FFFA9
S31508009770034620B12C681C442C60B442F2D32B68F3
S3150800978013B10020BDE8F0811B20FBE710B5144695
S315080097905069002380F88C309030FFF7E4FA08B15E
S315080097A0F9F7C4FB63681BB1A268002120469847F5
S315080097B0002010BD50B138B5056801F06BF80024DB
S315080097C0AC65EC6501F061F8204638BD222070478B
S315080097D038B5056895F894303BBB0446FFF7EAFFB1
S315080097E0F9F720FA84421CD02B6E93F91000F9F78A
S315080097F0E3F92B6E93F91000FFF795FD287D00F02D
S31508009800B9FD287DF7F7ACF9F7F784F9002323604B
S315080098106360E3606361A3612B6EDB682846984743
S3150800982038BD0020F9F7F2F9DEE70F20F8E701F076
S315080098300303DB004FF0FF0C0CFA03FC07290ED8D4
S3150800984010B54FEA910E0EF10C0150F821409A40DE
S31508009850624002EA0C02624040F8212010BD7047BF
S3150800986008B5F9F7B3FD08B5FFF7FAFF08BD704765
S31508009870704708B5FFF71EFAFFF721FAFFF736FA21
S31508009880FFF721FAFFF725FA08BD08B5F9F71CFE18
S31508009890FFF7EDFFF9F79EF9F9F71EF9FFF73AFD1D
S315080098A0F9F732F9F9F74EFEF9F7B6FDFFF7E0FFDB
S315080098B000F006F8FFF702FAFFF7DBFF08BD70476E
S315080098C008B5FFF7F3F9FFF7F2F9FFF7F1F9FFF734
S315080098D0F0F9FFF7F4FF08BD08B5FFF7FBF9FFF746
S315080098E0FAF9FFF7F9F9FFF7F8F908BD7047431ECB
S315080098F0012B03D9031F584258417047012070476E
S315080099004FF4D872002100F059BB70B50446FAF737
S31508009910CFFE0546A8B9A169F1B1238AD3B120467D
S3150800992004F1100200F0A2F938BBE16919B3638AA1
S31508009930A3B1204604F1120200F06DF978B105468C
S3150800994003E00023A3612361E361002328466361E2
S31508009950236270BDA061E8E72082E6E7E361216A39
S315080099600029F2D0A28A002AEFD02046E38ABDE871
S31508009970704000F00FB96182F1E76582E561DEE7C4
S3150800998011B9D0F8DC1021B1CB6813B18B68D8892E
S3150800999070474FF6FF70704710B5F9F78BFE04460F
S315080099A008B900F01EFA204610BDFAF719B9FAF7F9
S315080099B03DB9C08D70470A7838B505461046FFF799
S315080099C096FF60B14C782046FFF791FF38B12243E5
S315080099D0530704D42846BDE83840FAF7BDBA212013
S315080099E038BDFFF7E8BF10B504460878FFF77FFFD4
S315080099F058B14A781046FFF77AFF30B1042A04D0E6
S31508009A002046BDE81040FAF7C5BA212010BDFFF779
S31508009A10EABF00F071B870B5044600200E4600F0A3
S31508009A20DCF9D4F8F0503DB1002331462046AC4667
S31508009A30BDE870401A4660472B460122314620464B
S31508009A40FAF7AAFB284670BD38B5044648880D467D
S31508009A5000F0C3F9D4F8F0302BB929462046BDE802
S31508009A603840FAF7B1BA022038BD00F0B8B900F0AC
S31508009A7080B800F0E1B938B504460D4600F001FF9C
S31508009A800023C4F89050C4F88C30BDE8384000F084
S31508009A90F3BE38B505460C4600F0F3FED5F890300F
S31508009AA01C40D5F88C302343C5F88C3000F0E4FE12
S31508009AB0211E18BF01210020490238BD0020704729
S31508009AC0002070477047D0F8943003F06003402BAD
S31508009AD00DD0602B03D0203B58425841704749B1FE
S31508009AE00B68012B06D9486940F00100704740F21F
S31508009AF00110704700207047F7B504461046D4E9B0
S31508009B0054C7DDE908268CEA020587EA06010540FE
S31508009B10194085EA0C057940C4E95451002523F417
S31508009B20004106EA010320F0010043F400730240F5
S31508009B3043F00203CDE90055FDF766FA94F82430A0
S31508009B409A0713D5D4F854319B050FD54FF48811CD
S31508009B502046FFF79EFF94F82430024665F341033A
S31508009B6084F8243020460B46FAF720F8002003B084
S31508009B70F0BD0346D0F824010860B3F82831002068
S31508009B808B80704790F824310C2B14BF90F82B006B
S31508009B90FF2070472DE9F041884618F0030706466E
S31508009BA01546194633D1B2F5805F30D89A422ED37E
S31508009BB03F2A28D9B2FA82F401220120C4F11F03F0
S31508009BC0DBB29A4092B2AA422CBFC4F11904C4F17E
S31508009BD01A04E2B2931DDBB2984080B2A84214D0B0
S31508009BE096F8F530ABB9012096F8253060F34103B5
S31508009BF086F825304046FAF70DFFC6F82080B5826C
S31508009C003846BDE8F0813A46EAE70020ECE7212726
S31508009C10F6E70E27F4E7F8B511F0030607460D46F2
S31508009C20144621D102B313883F2B1DD9B3FA83F307
S31508009C30C3F11901C9B2062901D8192B12D0062970
S31508009C4028BF062101238A1DD2B2934028462380C5
S31508009C5000F0B7F823883846FD617B82FAF7EAFFF9
S31508009C603046F8BD3146EDE72126F9E738B51488C0
S31508009C7011F003054FEAC4041ED13F2C1CD9B4FACF
S31508009C8084F4C4F11903DBB2052B01D8192C11D0C1
S31508009C90052B28BF052301240633DBB204FA03F398
S31508009CA0C3F3CF041480816104824387FAF7C2FFA5
S31508009CB0284638BD2B46EEE72125F9E738B515467F
S31508009CC0044608460121FCF759F801212846FCF705
S31508009CD055F894F8253043F0010384F8253038BD4B
S31508009CE038B50446154680F82C105AB100F03AF8F3
S31508009CF008B900201AE094F8243043F0800384F869
S31508009D002430F6E70846FBF71FFCFF2884F82C00EA
S31508009D1009D0204600F026F80028EAD094F8243026
S31508009D2065F3C713EBE7FBF733FC212038BD802129
S31508009D30FEF748BA38B50546F9F76CFF04462846D3
S31508009D40F9F746FF072804BF24F47F4121F00801EC
S31508009D50284614BF24F0800141F08001BDE8384050
S31508009D60F9F75EBF4021FEF72DBA90F8F400431EBE
S31508009D7058425841704738B5054610460C46FAF71A
S31508009D80BDFDD5B1D5F8E030BBB15B69ABB1421EBC
S31508009D90D2B2FD2A13D90A68013204BF6FF0010254
S31508009DA00A600A68FF281A6007D16268013202D180
S31508009DB06FF00102626062685A60002038BD0128AF
S31508009DC0F2E74FF03A4301225A6741F6FF72D96427
S31508009DD018651A677047FAF7EFBC0020704700202D
S31508009DE07047704710B504680246090494B9D9B19A
S31508009DF0B1FA81F3C3F12003C3F10F00012838BF7C
S31508009E00012003F01F03D9408C4201D201384908CA
S31508009E10116010BDB4FA84F331B1B1FA81F01B1A9E
S31508009E20002BE9DC0F20EFE70F20F1E706380428BE
S31508009E3034BF0120FF20704770470020002170477B
S31508009E4008B5FBF777FDBDE80840FBF78BBD38B5CD
S31508009E500446FFF7F5FF0546FFF7F2FF431BA3424B
S31508009E60FAD338BD08B521B1920000F0B1F8002048
S31508009E7008BD2120FCE700F06F43B3F1804F02D004
S31508009E80B3F1204F02D120F07040704700F06043D4
S31508009E90B3F1204F08BF20F0805070470B0C23F415
S31508009EA08053B3F5284FF7B50D468FB2064699B2DB
S31508009EB016D04AF60103994214D04AF6020399428B
S31508009EC012D0B1F5204F14BF04240324D6F8E0308D
S31508009ED00BB1196851B9D6F8DC3093B928680EE089
S31508009EE00024F3E70124F1E70224EFE72346684656
S31508009EF03A46FBF7BBFDDDE90003002BEBD103B0C7
S31508009F00F0BD19680029E9D0234668463A46FBF7AA
S31508009F10ADFDDDE90003002BE0D1F0E70204C0F354
S31508009F20891307D56FEA83536FEA935313F5007FB6
S31508009F3018B206D0A3F1C8006FF4FF739842B8BFF1
S31508009F40184670470020FCF775B80120FCF772B870
S31508009F5000EB8023C0EB831353FA81F303EB8322D0
S31508009F60C3EB8213C1F30722134403EB8322C3EB2B
S31508009F708213C1F30742134403EB8322C3EB821314
S31508009F8003EB1160704738B50D46144604B938BD61
S31508009F9055F8041BFFF7DCFF013CF7E77047FDF7B0
S31508009FA07FBCFDF77DBCFDF77BBCFDF779BC08B52A
S31508009FB00846FEF77BF808BDFDF772BC0244034667
S31508009FC0934200D1704703F8011BF9E770477047C1
S31508009FD00A44431E914200D1704710B511F8014B4F
S31508009FE0914203F8014FF9D110BD2DE9F0471F46FC
S31508009FF08E6882460C46BE4290460B682DD8B1F94B
S3150800A0000C2012F4906F26D06569096905EB4505A1
S3150800A010A3EB01097B1C05EBD5754B446D109D42DE
S3150800A02038BF1D46530527D52946FEF727FC0646A1
S3150800A03060B34A462169FFF7CBFFA38923F49063EF
S3150800A04043F08003A38126614E446561A5EB0905AB
S3150800A05026603E46A560BE4200D93E463246414687
S3150800A060206800F0BDF8A36800209B1BA360236846
S3150800A07033442360BDE8F0872A4600F083F8064695
S3150800A0800028E0D121695046FEF7B8FD0C234FF0B1
S3150800A090FF30CAF80030A38943F04003A381E9E7FB
S3150800A0A02DE9F047164698468A6807460B690C4616
S3150800A0B0DDF820909342B8BF1346336091F84320E9
S3150800A0C00AB1013333602368990642BF3368023305
S3150800A0D03360256815F0060506D104F1190AE36808
S3150800A0E032689B1AAB422BDC94F843302268003B5B
S3150800A0F018BF0123920630D404F14302414638467C
S3150800A100C847013023D023681A3454F80A2C03F0C0
S3150800A1100603042B0ABF54F80E5C002533684FF07B
S3150800A120000608BFED1A54F8123C08BF25EAE57583
S3150800A1309342C4BF9B1AED18B5421AD1002008E015
S3150800A1400123524641463846C847013003D14FF0ED
S3150800A150FF30BDE8F0870135C1E7E1185A1C302009
S3150800A1600233224481F8430094F8451082F84310DC
S3150800A170C2E70123224641463846C8470130E6D0A1
S3150800A1800136D9E72DE9F041804615460C4621B936
S3150800A1901146BDE8F041FEF771BB2AB9FEF72EFD60
S3150800A1A000242046BDE8F08100F042F885420646C4
S3150800A1B002D8B5EB500FF4D829464046FEF75EFBA9
S3150800A1C007460028ECD0B5422A46214628BF324623
S3150800A1D0FFF7FEFE214640463C46FEF70FFDE0E748
S3150800A1E0884210B501EB020402D98442234607D8F7
S3150800A1F0431EA14208D011F8012B03F8012FF8E7F6
S3150800A200024401468A4200D110BD13F8014D02F8F6
S3150800A210014DF7E7C9B20346024410B59342184602
S3150800A22001D1002003E0047801338C42F6D110BD39
S3150800A23051F8043C181F002BBCBF0B58C0187047B8
S3150800A240014B1868704700BF5013002008B50B4B28
S3150800A2501B6F03F00703013B032B09D8DFE803F064
S3150800A2600B020509FFF7ECFF04E0054B186801E04F
S3150800A270FEE7044808BD0448FCE700BF008000501C
S3150800A2805813002080D54302002D310108B5FFF789
S3150800A290DDFF054B1B6FC3F303330133B0FBF3F04C
S3150800A2A0024B186008BD00BF008000504C13002008
S3150800A2B00048704700B4C40400487047002D3101B7
S3150800A2C0014B1868704700BF5813002000487047B4
S3150800A2D080D543021A4B4FF400225A664FF0B44316
S3150800A2E09868C0F304400C2808D8DFE800F009078E
S3150800A2F00707070722181A071C1E200000207047A8
S3150800A3004FF0B4439B6803F04073B3F1807F12D0DB
S3150800A310B3F1007F11D003B170470A4870470A4865
S3150800A32070470A4870470A4870470A4870470A48FB
S3150800A33070470A4870470A4870470A48ECE700BF62
S3150800A3400090005000093D000024F400C0EA2101F5
S3150800A35080BA8C010048E801005A6202405DC600D6
S3150800A36080841E0040420F00014B1868704700BFEA
S3150800A3705413002008B50A4B1B7853B107280AD88E
S3150800A380084B03EB00131B7B3BB1F7F7EFFF0020ED
S3150800A39008BD0548FCE70548FAE70548F8E700BFA1
S3150800A3A0B1120020B80D0020028000F0018000F0F4
S3150800A3B0078000F00C4B1B7873B110B50C460728C4
S3150800A3C00CD869B1094B03EB00131B7B53B1F7F7A4
S3150800A3D0DFFF2070002010BD054870470548FAE7E2
S3150800A3E00448F8E70448F6E7B1120020B80D002043
S3150800A3F0028000F0018000F0078000F00C4B1B780B
S3150800A40073B110B50C4607280CD869B1094B03EB94
S3150800A41000131B7B53B1F7F7D5FF2060002010BD52
S3150800A420054870470548FAE70448F8E70448F6E798
S3150800A430B1120020B80D0020028000F0018000F063
S3150800A440078000F040B9054B5B6813F0010F03D095
S3150800A450024B9B6D002BF6D1704700BF00800A5057
S3150800A46008B9014B5964704700900A5008B9014B66
S3150800A4705964704700A00A5008B9014B196470471F
S3150800A48000A00A5010B9024B186C7047002070479C
S3150800A49000800A5038B505460C46FFF7D3FF55B974
S3150800A4A01CB1012C04D0002006E0044BD86C03E054
S3150800A4B0024B186D00E0002038BD00BF00800A502E
S3150800A4C070B505460C461646FFF7BCFF15B914B11C
S3150800A4D0012C03D070BD034BDE64FBE7014B1E6500
S3150800A4E0F8E700BF00800A50B8B1036803F03F00E0
S3150800A4F0C3F3821213F4E07F03D0012A0FD1094A6D
S3150800A50000E0094A31B102F5805201238340136005
S3150800A5100020704702F50052F7E70E2070470E201C
S3150800A520704700BF68800050648000504161114B3D
S3150800A5301B68CBB110B4002403E0891A41611C469C
S3150800A5409B6823B15A698A42F7D9002AF5D044B1E3
S3150800A550A060836013B15A69521A5A615DF8044BB8
S3150800A5607047044A1060F4E7024B186000238360C2
S3150800A570704700BF740E0020104B1B680246B8B126
S3150800A580002101E019469B680BB19342FAD1934228
S3150800A59010D149B193688B6093686BB15969526958
S3150800A5A011445961002070479168044B1960F3E71C
S3150800A5B0222070470220704700207047740E002042
S3150800A5C008B500F0DBF80B4B1B680B4A1268821AB9
S3150800A5D003E0521A002159619B683BB132B15969AF
S3150800A5E09142F6D3891A59610022F5E7024B1860A1
S3150800A5F008BD00BF740E0020700E00200B4B1B68B0
S3150800A60000220B490A70012A0ED86BB1D98811F0BD
S3150800A610020F05D19B68002BF5D059690A44F2E769
S3150800A620034B01221A707047704700BF740E002052
S3150800A630B61200200D4B1B68B3B110B55B6963B148
S3150800A6400B4A14681C44022000F054FA204600F015
S3150800A650B1F8FFF7D3FF002010BD022000F04AFA38
S3150800A660022000F0F9F8F4E722207047740E002063
S3150800A670700E002070B500F00DF9054600F07EF862
S3150800A6800446084B1E68012000F01DFA28B9284622
S3150800A69000F0FBF82046314670BD00F06FF804461E
S3150800A6A00136F4E77C0E002008B5084B1968A1FBB3
S3150800A6B0000140F2E733C0184FF47A724FF00003F6
S3150800A6C041F10001FDF7C2FD08BD00BF780E00206C
S3150800A6D0F8B5044610F0010F03D114F0020F09D1A2
S3150800A6E0F8BD234A136801331360FFF769FFFFF7C4
S3150800A6F0A1FFF2E700F0CEF80546FFF761FF002755
S3150800A7003E4616E09B683BB15A692AB921791A79FF
S3150800A7109142F7D91C46F5E7284600F0B6F82046D8
S3150800A72000F083F9E788013600F0B4F80546FFF72C
S3150800A73047FF104B1C681CB163690BB92346E2E757
S3150800A7400D4B00221A70012E07D0FFF773FF22283F
S3150800A75009D0284600F099F8C2E717F0020FF4D09E
S3150800A76001221A70F1E7022000F05CF8F1E700BF59
S3150800A7707C0E0020740E0020B5120020054B5B6885
S3150800A78013F0010F03D0034BDB69002BF6D1014B05
S3150800A7909869704700800A5000B583B001A9044B38
S3150800A7A0187900F07DF8019803B05DF804FB00BF46
S3150800A7B0ACB30008F8B5044600F063F80646FFF7A0
S3150800A7C0DDFF054600F090F907460020FFF75AFE20
S3150800A7D010F0020F04D17B1B032B01D8BD420FD109
S3150800A7E0631B022B00D8EC1CB4F1FF3F2CBF22469A
S3150800A7F0621E00210846FFF763FE022000F07AF980
S3150800A800304600F039F8054B1B782BB1044B012272
S3150800A8109A64024B00221A70F8BD00BF4714002044
S3150800A82000900A5008B510F0010F0ED1002110F063
S3150800A830020F06D041F002010123054A1370054AAA
S3150800A84093640020FFF712FE08BD0121EFE700BF61
S3150800A8504714002000A00A5010F0020F02D0024B45
S3150800A86002221A64704700BF00900A504FF4004055
S3150800A87070474FF47A70704710B962B6BFF36F8F9E
S3150800A8807047EFF3108072B6704780F31188BFF3F4
S3150800A8906F8F7047EFF31180302383F31188704769
S3150800A8A019B108B500F00DF808BD2220704708B5A3
S3150800A8B00121FFF719FE08BD08B50021FFF714FEB0
S3150800A8C008BD70B504460E46FFF7E4FF05461F2C83
S3150800A8D000F2A780DFE804F01019A520272EA53579
S3150800A8E03CA543A54A51A5585F66A56DA574A59EC6
S3150800A8F0A57BA582A5899097FFF7A8FC3060002460
S3150800A9002846FFF7C2FF204670BD4FF4C070FEF719
S3150800A9108CFA30600024F3E74FF42070FEF785FACE
S3150800A92030600024ECE74FF44070FEF77EFA3060A2
S3150800A9300024E5E74FF46070FEF777FA30600024EC
S3150800A940DEE74FF40070FEF770FA30600024D7E7B0
S3150800A9504FF48060FEF769FA30600024D0E74FF4C0
S3150800A9604060FEF762FA30600024C9E74FF4C06021
S3150800A970FEF75BFA30600024C2E74FF4F060FEF79A
S3150800A98054FA30600024BBE74FF4B060FEF74DFA86
S3150800A99030600024B4E74FF4D060FEF746FA306022
S3150800A9A00024ADE74FF41060FEF73FFA306000244C
S3150800A9B0A6E74FF4E060FEF738FA306000249FE718
S3150800A9C04FF4A060FEF731FA3060002498E74FF4A0
S3150800A9D01860FEF72AFA3060002491E74FF42860E1
S3150800A9E0FEF723FA306000248AE74FF48070FEF7FA
S3150800A9F01CFA3060002483E74FF43060FEF715FA3E
S3150800AA00306000247CE74FF42060FEF70EFA3060D1
S3150800AA10002475E74FF40860FEF707FA3060002453
S3150800AA206EE70023336021246AE72DE9F0410446E6
S3150800AA3005696DBB00252F462E46002D39D02369A2
S3150800AA40FBB1F5B9BE1BA38B6BB1E28B13449BB26A
S3150800AA50E383B3F57A7F06D3A3F57A73E383013EDE
S3150800AA60A369013BA361FFF715FF0546314620465A
S3150800AA70FFF75CFDA36922691344A3612846FFF723
S3150800AA8004FFE36813B1216820469847BDE8F081C2
S3150800AA902F46FFF773FEA369C61AF217AE4272F184
S3150800AAA0000204DB22691344A3610125C5E70025DA
S3150800AAB0C3E7FFF7EFFE80462046FFF75DFD4046F9
S3150800AAC0FFF7E3FEBBE710B504460020FFF7DAFC04
S3150800AAD0012C04D0022C05D1C0F3400003E000F09D
S3150800AAE0010000E0002010BD08B500210846FFF768
S3150800AAF0D1FC08BD08B510F0010F09D1002110F0EE
S3150800AB00020F01D041F002010020FFF7A9FC08BDA1
S3150800AB100121F4E738B5FFF7BDFE04460020FFF72C
S3150800AB20B1FC10F0010F11D1002510F0020F01D071
S3150800AB3045F0020500F003010020FFF79DFC2846BA
S3150800AB40FFF7C6FD2046FFF7A0FE38BD0125ECE756
S3150800AB5000000000000000000000000000000000E7
S3150800AB60F8B500BFF8BC08BC9E467047F8B500BFEC
S3150800AB70F8BC08BC9E4670475FF800F0E11200205A
S3150800AB800D0A3D3D3D204E6574416E616C797A65CE
S3150800AB90725F464732335F563031202846535F4E40
S3150800ABA03D3129203D3D3D0D0A5541525420313154
S3150800ABB03532303020382D4E2D31202F205042305E
S3150800ABC0313D545820504230323D52580D0A00004B
S3150800ABD05B53315D207469636B3D256C750D0A0006
S3150800ABE0A0AC000800000000F8AB00080200000056
S3150800ABF000000000C017530270AC0008ECAFA81A9A
S3150800AC00D4300000000000001800FF7F1413002055
S3150800AC100000000098B100080000000040AC0008E1
S3150800AC20ECAFA81AD4300000640064007C00FF7FF3
S3150800AC30141300200000000098B10008000000006E
S3150800AC40FC4F010344B10008744004011200701758
S3150800AC50B42B00000000000059FF00002442010147
S3150800AC60F82E0000F84F010300000000FFFFFFFF69
S3150800AC70FC4F010344B10008744004011200280087
S3150800AC80B42B000000000000590F00002442010107
S3150800AC9068000000F84F010300000000FFFFFFFFF7
S3150800ACA00C40020001800000FF4000002040020026
S3150800ACB0000000000000000030400700000000000F
S3150800ACC00000000000000000000000000000000076
S3150800ACD000400000A00700005040010000000000EE
S3150800ACE05C4002000000000000000000A8400100CF
S3150800ACF007000000BC40040000000000000000003F
S3150800AD0000000000000000000841040000480000A0
S3150800AD10FF4C000000490000FF4D000020C0011054
S3150800AD2000F8070020C00130FE01280024C00110E9
S3150800AD30FF00000024C001300013000028C00800EE
S3150800AD40EC80B30343754051A00F00F83040000073
S3150800AD50A8AA07000000000000000000000000008C
S3150800AD6054C0140087213000F400E3E6DC0200003A
S3150800AD7086B7CFDCE300000088C602008004000026
S3150800AD80BA14000000000F002C004D007500AC003E
S3150800AD90EF00D401D502E603BD05BF07F709A30DE9
S3150800ADA0AD11D916C71DB626CE31FF3FD039FF3FA4
S3150800ADB0FF3F0000A8C00500BD4B721511A318057A
S3150800ADC010325476980A000000000000CCC0040037
S3150800ADD0FE0100000000000001000A000100280032
S3150800ADE008000101C40700001800010100FF000067
S3150800ADF0200001010884000040400D0100003030A9
S3150800AE000000000010000000000000040FC08200CF
S3150800AE1000000020000000000000000300000020E1
S3150800AE2000000000F47E1400400C000088010000B9
S3150800AE308440150100000000300309000000066286
S3150800AE4000000000040A142232414A4F00000000A4
S3150800AE5000000000000000000000000000000000E4
S3150800AE6000000000000000000000000000000000D4
S3150800AE7000000000000000000000000000000000C4
S3150800AE800000000000000000E0400111F801000089
S3150800AE90E04001310102000010410201331E0500A5
S3150800AEA0000000001C410E0100E0388F0000000081
S3150800AEB0FF0483078813C83AFF06660CFF04830756
S3150800AEC08813FF03BC200AF0A3C95000D756A04038
S3150800AED0D42D55559F826943893B4000C0030080A5
S3150800AEE05841020100000000FFFD00006441010115
S3150800AEF00C0100006C410B0100000040000000003E
S3150800AF000000000000000000000000000000000033
S3150800AF100101000000000000000000000000000021
S3150800AF2000000000A441020100000000000000002B
S3150800AF30B0410C010000000058963FC00000000018
S3150800AF400000000000003C00AAAA0600000000005D
S3150800AF500000000055555555E70268800600C200F6
S3150800AF6000000000E4411001E6E7FF0BCDA10A004E
S3150800AF70BD066A005EB04D007D02420EA5B62202ED
S3150800AF80FF25B234EA6B8F00B3000E00773A0E0045
S3150800AF902FBFBB0015BA4C0F2206A704981DF9212E
S3150800AFA000000080000000002842040100000000A4
S3150800AFB06018004000000000000000003C4201014B
S3150800AFC000000000444203011400000000000000D5
S3150800AFD00800050430430F010000000000000000CF
S3150800AFE00000000000000000000000000000000053
S3150800AFF00000000000000000000000000000000043
S3150800B00000000000000000380000000000000000FA
S3150800B0100000FF581080010103000000388002017B
S3150800B02001151000050000009C80030100000000C7
S3150800B03070B8030070B80300A8800111F60100007B
S3150800B040A880013101420101AC800111F60100001E
S3150800B050AC80013101420101B08002010003000207
S3150800B060000300029800030200000000000C000420
S3150800B0704C040000D8000202050040AA880100001E
S3150800B080EC000112E00F0000EC0001320D20511116
S3150800B090F000010223330000000101021001000044
S3150800B0A00401011200000000040101321001000031
S3150800B0B01001011200FF0F001001013202000042C8
S3150800B0C02C01011200FC1F002C010132AA0080008D
S3150800B0D0400101023F0000005001011200C00000BB
S3150800B0E05001013262005100680102021000060098
S3150800B0F000200600740101026901100C7801011292
S3150800B10000001C00780101324004E0CF80010112E2
S3150800B110790700008001013206000000880102025A
S3150800B1209000000000000000AC010112F8010000C8
S3150800B130AC01013204000100B00101020002000066
S3150800B140FFFFFFFF1400000022222200000000007B
S3150800B150E0B10008C8B100080000000008000000BF
S3150800B16000000000B80B00000101EE000115100AEE
S3150800B170D8B100089CB100080000000000000000DB
S3150800B18000000000B80B00000000000000000000EE
S3150800B1900000000010000000000000000100000090
S3150800B1A0C0175302050C00009E0100000000CC01E8
S3150800B1B001010505FA010101060528020101060635
S3150800B1C05602010107060000985909009859090016
S3150800B1D0151605000000000004A5B4C3CD00000044
S3150800B1E01429020000311100000001000264000168
S3150800B1F0012F00000700000056636F6D0000000075
S3150800B200010100001E0000030404040404040001F4
S3150800B21002030000000901F020B30008000901F04C
S3150800B220D4B20008000901F088B20008000901F04C
S3150800B2303CB200080000000000000000CEFF84FEBB
S3150800B240FF00CEFF0A000000F00094077D240500E9
S3150800B250D300C8084A720500BA00DB07482C050067
S3150800B260A6004F07B4FD040094007506A9AC0400B7
S3150800B2708500F405017804007600C004A6EE0300F4
S3150800B2804F00A5015B2702001E0084FEFF001E007A
S3150800B2900A000000F0001F0845CA0200D400220A6E
S3150800B2A0B0AD0200BA00380925B20200A50096071B
S3150800B2B003AA020090009F06609B02008100E10538
S3150800B2C01E89020073004305987402004B005A0158
S3150800B2D01E7B01006E00A2FEFF006E001E0000002D
S3150800B2E0F000C40B7391FEFF880046068136000005
S3150800B2F05B00C30357AF00003C0070022CC500007A
S3150800B3002A00B6012DBC00001D001F0151A2000035
S3150800B3101400B800838400000C003A009648000028
S3150800B32096001AFFFF0096001E000000F000671442
S3150800B33027ADF7FF530087041126FFFF2E001902D9
S3150800B340C2FBFFFF1E005001A92800001400D00010
S3150800B3508C3600000D0085003C35000009005A00B7
S3150800B3604D2F0000050022006F1E00000B00000094
S3150800B3700C00000003000000000020200000000070
S3150800B380020000003C3C3C000000000000000000F9
S3150800B3900000000001031001010903001E0000005F
S3150800B3A0160000001A0000005600000000800A502F
S3150800B3B0130000009CB300080000015B15000000A4
S3150800B3C0A8B30008050000000000000000C2010044
S3150800B3D0000200000010000000000000000000004D
S3150800B3E000000000050000000000000080250000A5
S3150800B3F0800200000010000000000040000000006D
S3150800B4000000000000000000B0010000080800204D
S3150800B41000021000840E0020B80900200000000178
S3150800B420000001010001010120C001B86090A31AC3
S3150800B430F26EEF03410821066310420AA518630E4F
S3150800B440E720941249A9B518AC39F72251CA392907
S3150800B450D55EAC39BDFB0F0000B801B802B800B024
S3150800B4600304040808050000C43B0000C8000000E7
S3150800B4708C3C00000C000000703E0000000000003C
S3150800B480CC360000F80400009C3C000004000000D4
S3150800B490783E00000300000014320000B8040000E3
S3150800B4A0983C000004000000703E00000800000000
S3150800B4B000000000143200007C3E0000000000007E
S3150800B4C07C3E00003C00000000000000703E0000CA
S3150800B4D0CD2C0000E52C0000E52C0000E52C000032
S3150800B4E0E52C0000E52C000000000000000000002C
S3150800B4F00000000000000000E52C0000E52C00001C
S3150800B500E52C00001D310000E52C0000FB2500009D
S3150800B5100B260000B32600002B270000B5270000E5
S3150800B52049290000D5270000DD2900002928000048
S3150800B53089280000FD280000412B00000D2C000082
S3150800B540C92500005B2E000019220000792E000094
S3150800B550FD2E0000E52C0000F52F0000C12F00008D
S3150800B560E52C0000E52C000045300000E52C000025
S3150800B570E52C0000E52C0000E52C0000E52C000079
S3150800B580E52C00001D1300001313000056488068C0
S3150800B590000200D4704780B58020800253490860B5
S3150800B5A0CF2000F0C9FA102051490968014003D09C
S3150800B5B0B849C8630220086001BDF8B54D48816BDB
S3150800B5C04D4F802292033A604C4E336840241D0545
S3150800B5D00BD41C402AD0012003F085F8002825D07A
S3150800B5E08020C0058E49086020E0130BA0250D4079
S3150800B5F002D10068C00601D53B6017E00A403FD17A
S3150800B6008020884A1060884A1060194038D0364D24
S3150800B610287A400705D50120844908600002844934
S3150800B62008602878002801D0062801DB0020F2BD32
S3150800B63000F094FB716889684E682978052907D156
S3150800B640E105B9606E60B668CC218901784A116057
S3150800B65000F08DFB012E00DA0226BC2080058E49FB
S3150800B6600860942080058D4908606E480021C9430A
S3150800B6700164714241648021894A11600460D5E7FA
S3150800B680A3480360FFF782FF0120F2BD184801684E
S3150800B690890504D5C06E0004000F022801D00020D9
S3150800B6A070470120704738B580245E48046000F072
S3150800B6B055FB05009748006800F0C2F9280000F01D
S3150800B6C056FBFFF763FF0848007A000705D5A00078
S3150800B6D00949086000F022FC31BD60038C49086006
S3150800B6E08D48046031BD00007C3E00001C1002A895
S3150800B6F0440002A80C0002A8442002A8D03E00007C
S3150800B700FEB50400854D8C208001686001268448BA
S3150800B7100660FFF7BBFF002826D08248007800287D
S3150800B7207DD031020194052802D022460A4076D1FE
S3150800B730CC2292012A607C4A126881231B0213409C
S3150800B74001D0032301E053075B0F0C01022804D143
S3150800B750022B62D3364804605CE04D01032804D10D
S3150800B760022B5AD932480560F7BD042802D1114088
S3150800B77053D0F7BD052850D1019800284DD0C005F3
S3150800B780C10F684641700198C004C10F6846017030
S3150800B79000F0E4FA0290634840686946497800294F
S3150800B7A003D006688021204A1160670495496A46D5
S3150800B7B01278002A0CD0C2680B68D21A924B1B6802
S3150800B7C03B4001D0066800E04668964200DD160058
S3150800B7D0684640786A461278024308D008684242AA
S3150800B7E0B01E824202DA7042886000E000260298A3
S3150800B7F000F0BDFA0198800501D5984807600198C0
S3150800B800054001D096480760002E06D0CC2080015E
S3150800B81007490860B6480460F7BDFFF744FFF7BD5F
S3150800B8204C6201A80CC001A890E001A8C4D000A8E9
S3150800B830145001A838B580248A4804600120384984
S3150800B8400860384D2878052802D06000A9490860A4
S3150800B850FFF71CFF002812D02E480068000A802136
S3150800B8604140A868000EC9B2814208D22E48006835
S3150800B8704007400F022802D2FFF715FF31BD9E4848
S3150800B8800168C0220A4002D1C06F204001D0044896
S3150800B890046031BD082002A808E001A808D001A864
S3150800B8A094D001A80A0000D1704780B518225143E8
S3150800B8B040180C304069002803D08021090300F0A5
S3150800B8C0DDF901BD38B500F049FA04008B48056872
S3150800B8D0A86881782800FFF7E5FF688801210143F9
S3150800B8E0698002208649086086490860200000F0C1
S3150800B8F03EFA31BD10B500F031FA04007F48006801
S3150800B9008168C978FFF7CEFF200000F030FA10BD35
S3150800B910441002A818C000A8100002A8106001A8C8
S3150800B920C4E000A87C3E0000184001A8F1B582B02A
S3150800B9300F00A020384003D173480068C00603D51D
S3150800B94080208000714959E000F008FA00906B48A1
S3150800B9500468F80204D5A0680069029000F07CFB30
S3150800B96000F0D5FB80210903606800F087F9267886
S3150800B9700020761C6178B14200D200261821714356
S3150800B98065180C3529780829F3DA2670A560604908
S3150800B9902A780A70BA0507D5584800688068C068CA
S3150800B9A0FA0201D4032290438860012738400DD15A
S3150800B9B058480299426B89180068081A564940186F
S3150800B9C0012803DB00F09CFC01F01DF8F904686906
S3150800B9D000F054F93C2000F0AFF8F0B200F0ACF8F3
S3150800B9E060884E4901406180009800F0C0F938052A
S3150800B9F0464908604A48076038024A49086002987A
S3150800BA00FEBD000048C001A84C0002A810B5464873
S3150800BA100068800501D4FE2010BDC020800343497C
S3150800BA20086000F09BF9354909688A78D20702D57B
S3150800BA3089688C7800E00C7800F099F9200010BD30
S3150800BA402E4909688A688B78DB0704D5927818230B
S3150800BA505A438A180C329060704700004C1002A8AE
S3150800BA604C2002A894E001A8F1B582B0304F3C689A
S3150800BA700026200F000702D1E00102902AE000F01C
S3150800BA80C2FF00F06BF9019080210903606800F09D
S3150800BA90F5F825786D1C6078A84200D20025E800E4
S3150800BAA020180C3000900068029080210903009845
S3150800BAB0406800F0E3F83D2000F03EF8E8B200F0F8
S3150800BAC03BF825700098A060019800F050F902A88C
S3150800BAD001F035F817480068800407D5F86901F0C1
S3150800BAE0A4FC02990818029000D502960298FEBD99
S3150800BAF0B03E0000146001A814C001A8D43E00009E
S3150800BB00284000A8448001A80C0002A8442002A8E6
S3150800BB107C3E00009C3F00000010FFFFFEFF000077
S3150800BB20C0E000A8106001A8440002A8441002A8BA
S3150800BB30D83E0000FC0302A845490968002901D53A
S3150800BB40444908607047F2B582B0434CA168434D3A
S3150800BB504A004ED50126090100D521260100404A92
S3150800BB601068526800922A689206920E23689B0013
S3150800BB7080273B4013437A001A430192394F0A0043
S3150800BB8026D0890601D5012008E0F021014007D119
S3150800BB906946097A0C220A4002D0022000F042F8CF
S3150800BBA0396EBC22920091420DD12F490968C9030A
S3150800BBB009D52168490306D52168090701D4022158
S3150800BBC000E0032100914836019A3968890002E0AD
S3150800BBD0019AB96B09094023194011439A00009B41
S3150800BBE0002B02D013432B660836296602432A66C1
S3150800BBF02E66E86D45076D0F00F09AF8A8070BD07A
S3150800BC00052D09D0A068000406D400F0A7F8022183
S3150800BC10164A116000F0ABF800F093F8002000F027
S3150800BC2001F8F7BD0E490A68F0239A43000110434C
S3150800BC300860C0B270478020C0020D4909688907AC
S3150800BC4001D10C4900E00C4908607047000000006B
S3150800BC50500002A8884000A8480002A8284000A86A
S3150800BC60783F0000184001A8D03E000024D50350B4
S3150800BC70844000A8486000A8485000A880B5494AF2
S3150800BC80116001F0FDFBFFF7D6FF01BD70B500F0AE
S3150800BC9065F8454A454BD1688C0819002140D124DE
S3150800BCA06400D52901D2D52102E0A14200D921009C
S3150800BCB00D0046352D041E042E400D00463D2B4032
S3150800BCC033431360C0221206394B1A60394A137C73
S3150800BCD0002B0AD0384BD52902D98025ED051D60E1
S3150800BCE0A14202D2802424061C600023334C236020
S3150800BCF05388002B00D1118000F039F870BD80B54B
S3150800BD002F48304908603048C1680902090A1922D3
S3150800BD105143416005210160FFF7B8FF01BD2A487C
S3150800BD200068C00300D4704780B5FFF7AFFF01BDB8
S3150800BD308020C0021B490860244800684007FBD4DD
S3150800BD4070478020C00222490860704701E02149F7
S3150800BD500860214909680140F9D170471F48006801
S3150800BD6020211F4A116010211E4A11607047302198
S3150800BD70014002D110201A49086070471748006828
S3150800BD8030210140102901D1012070470020704759
S3150800BD90154801210160C1607047012013490860F8
S3150800BDA070470000441002A87C400050FF010000C4
S3150800BDB0A0600050843F0000A450005018E000E046
S3150800BDC07F1A0601540002A810E000E0440002A809
S3150800BDD0442002A8282002A8280002A8600002A879
S3150800BDE0602002A8601002A8789001A884A001A883
S3150800BDF0F8B54C4880214902C16102214A4A51607E
S3150800BE0000214A4A11604A4A11800321464A1160B4
S3150800BE100221016000204749086020204649086041
S3150800BE20802046490860CC208001454908600124E5
S3150800BE30444804603D48806F00900F26070B374042
S3150800BE4041480068C505ED0D103DC0202843C0B225
S3150800BE50FFF772FE35480069800303D5092F01D024
S3150800BE6001F060F900980640009638480668009880
S3150800BE70032803D0022806D1032F32D000F0B0FAE7
S3150800BE800098032803D0062F2BD1062D29D0304839
S3150800BE900068C00B204001D001F024FCFC20800182
S3150800BEA00068000108D5052D06D10125294804603A
S3150800BEB06005FFF74BFF00E000253100380000F071
S3150800BEC0E9FA0600002D06D000F098FC2248046026
S3150800BED002202249086060051F49486580092049F3
S3150800BEE00860114821040162002F08D1022141602F
S3150800BEF000200E490861C020C0001149486430007E
S3150800BF00F2BD80B5FFF714FF16480078800602D404
S3150800BF10022015490860FFF714FF01BD02201349E6
S3150800BF20086070472C1002A8282002A8380002A82A
S3150800BF30B43E0000B03E000094E001A80CC001A881
S3150800BF40146001A8C4E000A804ED00E0B44000A80D
S3150800BF5000E200E0645000A8646000A82C4000A835
S3150800BF6080E200E0D03E0000081002A8082002A8DF
S3150800BF7070B5794C794D802676017948006830404D
S3150800BF8005D06660062001F07BFC6E6004E06E60FA
S3150800BF90062001F075FC66603D20A06070212960CE
S3150800BFA00F222A602160A86070BDF8B56C4C802508
S3150800BFB0ED028D4E6F097068384002D160688005C1
S3150800BFC029D58A480068C00405D4FFF7C7FE884902
S3150800BFD00D60FFF7CCFE706886490140902040014D
S3150800BFE0084370608448854908600020606070686E
S3150800BFF0384002D1F02080006060706807402AD07F
S3150800C0007A480068C00726D57D480078800722D47C
S3150800C01001F03EFC1DE03068C0071CD5AE09734828
S3150800C0200068304005D1FFF799FE71490D60FFF7AA
S3150800C0309EFE7448FF21FE314160F12149026F4A94
S3150800C040116021680E4001D0822100E0C321490217
S3150800C0500160FFF78DFFF1BD80B568480121624A8E
S3150800C06012680A4006D0684A1268920501D4CA02C4
S3150800C07002608160C02141605C480068C00407D442
S3150800C080FFF76CFE8021C902BB4A1160FFF76FFEFD
S3150800C09001BDF8B5554804685C4D80270226344230
S3150800C0A00AD092480068E021C900014004D02F60F8
S3150800C0B00420686101206861FFF750FED021C9039A
S3150800C0C0214007D18A490968314003D189490122AB
S3150800C0D04A600E60210507D52F6004216961C249AF
S3150800C0E00D220A600F220A60FFF741FEF1BD80B5F6
S3150800C0F0FFF734FE0121804A1160804A022313604B
S3150800C10051600021B94A1160FFF731FE01BD904820
S3150800C1100068C007FBD4B64804214161802101604C
S3150800C12070478C4908680122104200D1704710B543
S3150800C130E023DB000340FF24A41CA34207D3AD4B36
S3150800C1409C6BA40602D41B68DB0600D5486802402F
S3150800C15001D000F001F910BDA82102A8A81102A873
S3150800C160AC0102A8F8B5C821844A11600621844AA0
S3150800C170116080214903834A1160834C8909216033
S3150800C18082490A684B691C251D40102D01D10123DF
S3150800C19000E0002305000720824313430B6028684C
S3150800C1A08E490F68874200D30700C01B286001210B
S3150800C1B0280000F08AFB06002868C0192860FFF7E7
S3150800C1C068FF8D480168C90603D584208000E061B0
S3150800C1D007E0954908220068104001D00A6000E08F
S3150800C1E04A603000F2BD0000EC0002A8500002A828
S3150800C1F03850005AFFE3FFFF00FEFFFFAC2102A8FC
S3150800C200843E0000AC1102A8B00102A8841102A85D
S3150800C210F1B58648864908608020C00185490860CE
S3150800C220854C0827A7650420A06501258348056075
S3150800C2301D20A062824EE930B061072001F020FB84
S3150800C2400220A06210216C4A13680B4003D022001A
S3150800C2507C4B23600AE00D2312683A4003D0320073
S3150800C2601032A56502E032001432A0651360764AE2
S3150800C2701268002A00D4B761744A3260C022D2001C
S3150800C280734B1B68F824E4011C4001D1F26201E0FB
S3150800C2906A4B5A616F4A12682A4007D075666E491A
S3150800C2A00968890503D48102F16500E07163614973
S3150800C2B00A6C2A4008D0496BC90705D4674909683A
S3150800C2C0084001D101F01CFB0020C0436449086006
S3150800C2D0584C606B054001D1FFF7DBFE009801F072
S3150800C2E0BDFA606B8001FCD4F1BD0000980102A87C
S3150800C2F000400C5000500C50982102A800600C50C9
S3150800C300F8B54C4F786BC00701D4FFF7F0FE4B4CDD
S3150800C310B72040002060534D03262E634B48A8667D
S3150800C3200020E061504908600D2033490968090773
S3150800C33001D5A86700E0E867FFF78EFE1020E061E8
S3150800C3402E600C202863802000023860F1BD0000B2
S3150800C3509C0102A8883F0000F0210901434A1160A8
S3150800C3600140434801602020424908604249096863
S3150800C37008404249086070473860005A548001A84E
S3150800C3800C9001A8982002A8A41002A8740102A87B
S3150800C39080B53B483B4982680A4002D1C2681140D1
S3150800C3A001D02249016026480821374A13680B4004
S3150800C3B000D081611178C90602D58621090101607C
S3150800C3C0FFF7AFFE1420FE2189010860BA4801680C
S3150800C3D0490701D0FF21416101BD00009C3F0000D3
S3150800C3E0124813490860704700100C5000000C50A2
S3150800C3F0842102A80C0002A8FC0302A823480068AE
S3150800C40023490968890F89070CD0AC490968C90707
S3150800C41008D5AB49802292030A60B64B1A601040D1
S3150800C42000D00A6070470000601102A801200000D1
S3150800C430706201A8100002A8C01002A8682102A80C
S3150800C440501102A8FF03000028C000A8043E0000FF
S3150800C450A88001A8EC0002A8B00102A8843E00004A
S3150800C460B46000A8E82002A8C00002A8586001A885
S3150800C470585001A8482002A8184001A8481002A848
S3150800C480704201A800800080F84F00004C4001A8C7
S3150800C4904C4201A8F0B587B005000C009648006824
S3150800C4A0400102D5200040240443944800680590C2
S3150800C4B09348C66AFFF752FC0690B00503D5914823
S3150800C4C00068FFF7BDFA0020019001237006C00F2F
S3150800C4D002908D4A916800209060B82040008B4EEB
S3150800C4E030606608B82030401278F0261640402E94
S3150800C4F002D10200402010430D2D02D10A0004216A
S3150800C50011434A0704D5020014201043102294430D
S3150800C5107F4A12686D462B70D20506D580225200D6
S3150800C5207C4B1A60020001201043029A002A11D19E
S3150800C5300C220240082A0DD00200714B9B6BDD06C7
S3150800C54001D41025AA439B0601D420239A43B1237C
S3150800C55013404FD06A461278002A4ED0A54A956BEA
S3150800C560966D01236D076D0FAD1DAB40F504ED0CFF
S3150800C5705B1B9BB2082B09D280200623604D2B60DB
S3150800C58043029D4D2B6000236D462B70812303408B
S3150800C59036D00823029D002D00D113620D00082114
S3150800C5A0294310239C4304231D05984E3560DD045A
S3150800C5B0434E35606D462D78002D1ED0062B24D3AC
S3150800C5C04D4DEE6CF60620D5914E3668360E019620
S3150800C5D06D69ADB28E4EF66B360603D02E008025F9
S3150800C5E06D01354315612D121561494A1268D50545
S3150800C5F092D40AE008227F4B1A620491009031E037
S3150800C60030A34506ED0E5B5DD4E7049100903C48E7
S3150800C610026B7F490968774D2E686F463E8128264A
S3150800C62016401E43930CDB0133431600120E3240AC
S3150800C630102632401A43890040231940114302AAA2
S3150800C6409170406B000A02A9C870FFF7DFF902A9CA
S3150800C6500871019848716F480068C8800298E866B2
S3150800C6600398E8660698FFF782FB600602D508205D
S3150800C670664988600498C1B20098C0B2FFF763FAA9
S3150800C680FFF7BCFEBC20800061490A6E824207D1D2
S3150800C690059AD20301D4086E0BE05F4A5F4B1A6015
S3150800C6A0096E814205D10598C00302D55C48006829
S3150800C6B08047200007B0F0BD0C4000A8384301A809
S3150800C6C04C5001A8030107060301070605010606E3
S3150800C6D00501060603020706030207060502060603
S3150800C6E005020606081A03D24E4909684018401C76
S3150800C6F0704700004C6001A8084000A8D03E000022
S3150800C700180002A81CC000A8783F0000B46000A862
S3150800C7101C0100AA1C2100AAF8B5434E0F240125C6
S3150800C72042491027B06B38401BD00120087040489A
S3150800C730006840490968FFF7D5FF3F49096840186E
S3150800C74001284BDB01F09EF93C490968090B0C40AE
S3150800C750022C41D1A9053A4A11603A490F6435605D
S3150800C7603AE0306CC0001ED537480068E0218905DC
S3150800C770014033D0314D28682103014078028142B7
S3150800C7802CD1FFF7EBFA314A31490968C90502D5B8
S3150800C7903049096811602968090B21400229F3D03C
S3150800C7A0FFF7E5FAF1BD2C4E3068002816D00D705B
S3150800C7B001F054F8002811D101F064F91F490968FD
S3150800C7C0090B0C40022C07D129041D4A11600221CD
S3150800C7D01C4A11600021316001F058F9F1BD802032
S3150800C7E080041E4908607047802040041B49086081
S3150800C7F070470000540000AA141100AA18480168DE
S3150800C800490701D0FF21416170470000441002A882
S3150800C810184001A8448001A808000400482002A87E
S3150800C8208C3C000038C001A8100002A8B63E0000E3
S3150800C8301CC101A820C001A8F03E0000B00002A853
S3150800C8401C1002A8082002A84C4001A8800000AAD3
S3150800C850084000A8904000A89C3E00003C2002A882
S3150800C8600C4000A8F0B58020000208217B4A116020
S3150800C8700A227B4B01210124944004438AA5AD5C1E
S3150800C88025431D60F025774E3560744D89A6B65C44
S3150800C890022737432F6004262E60734D2D680D40FE
S3150800C8A001D00220F0BD1D6C2D03FCD41D6C5E6CFE
S3150800C8B06D036D0BAE4200D22000521EDBD5082256
S3150800C8C0684C226018600020F0BDF3B581B0060000
S3150800C8D0FFF70DFC654800680090654800686349E5
S3150800C8E00860644D3068296847180024012F12DB58
S3150800C8F000F04FFDC001381A01280CDBFFF707FCD2
S3150800C90000F081F830682968401800F0A7FF050094
S3150800C91001D0346072E0584F8026B6003E60574812
S3150800C920006F07282CD005210840052806D0534853
S3150800C93001670C2000F0A4FF05005FD1504DFF20D1
S3150800C9407A3068620420A862FFF7E1FB02202860BB
S3150800C950E020C0044B494860300478600220386003
S3150800C960012000F08DFF6E62022000F089FF700042
S3150800C97068620820A862022000F082FF0220A862EE
S3150800C9806846007A002805D03C480068C00701D5EB
S3150800C990FFF70BFB3C4EE02040003060042000F01F
S3150800C9A06FFF050024D10220364908608002B06274
S3150800C9B0C001B062354F102038600120F06540266E
S3150800C9C033480068304003D1FFF74CFF05000FD10C
S3150800C9D001203860FC67022000F052FF2D4C2660CB
S3150800C9E0B0002060022000F04BFF8120C002A06248
S3150800C9F027480068800101D4FFF791F900981B4980
S3150800CA0008602800FEBD70B5FFF771FBFFF77FFBD6
S3150800CA1002241E480460204E0820B062C0017062DD
S3150800CA20012000F02DFF2502756234600620B062F1
S3150800CA301A487062E020400016490860114E3460BA
S3150800CA40FFF776F916480078002800D00520154922
S3150800CA500860FFF776F9356070BD0000889001A878
S3150800CA604C8001A888A001A8140002A8780102A891
S3150800CA70F80302A8D03F0000981002A8EC0002A80C
S3150800CA805C1102A8982002A82C9001A80C8001A885
S3150800CA90500002A82CA001A85C2102A8F961000098
S3150800CAA0703F00005C0102A80000000101020202BA
S3150800CAB008081000505050404030303030202000D8
S3150800CAC0F8B504000F00444DA878FF2801D12E8838
S3150800CAD00FE042480068800108D4FFF73FF9404953
S3150800CAE009684905CE0DFFF742F901E03D48068879
S3150800CAF02E80E92E01D2E92604E0CC2040008642A9
S3150800CB0000D9060020003978814200DA08000121A0
S3150800CB107A56010051430222BA5E8918414304201D
S3150800CB20385E08183049711848438015001901D530
S3150800CB300020F2BDE978814200DA0800F2BD38B576
S3150800CB400400102029490860FFF7E1FAC020C00058
S3150800CB5027490968F822D2010A4001D1254900E08F
S3150800CB60254908602548C82181640A2101602448AE
S3150800CB708021490301608909C16022480168426928
S3150800CB80E0231340802B01D1012200E00022072375
S3150800CB9099430A4302601C480068C821C901451820
S3150800CBA02068854200D30500401B20600021200034
S3150800CBB0FFF78BFE21684919216032BD80200001EC
S3150800CBC012490860000312490860022011490860EA
S3150800CBD01149086070470000F83F0000500002A89D
S3150800CBE088400050843F0000D6FEFFFF984101A808
S3150800CBF0AC8001A87C1102A87C2102A80C8001A89F
S3150800CC00981002A8740102A8983F0000441002A8D0
S3150800CC10442002A8F41302A8685000A8F1B584B00D
S3150800CC20BD4800680190BD48C068C821C9014018C0
S3150800CC300499884204D2081A00F010FE002803D18D
S3150800CC400124C94D6868204000D0BAE10420C749CC
S3150800CC50C8628003C6498862C6480668A86B80070A
S3150800CC60800F00906704032803D01020BF49C862CC
S3150800CC7022E008468762E96B890601D5012041E072
S3150800CC80310610D5E96B89070DD4CF4905220A600C
S3150800CC90EA6B10231A40022313430B6000220A6032
S3150800CCA0AA6B120A0A600421C162E86B002803D540
S3150800CCB0AE48876200200090A86B400704D5A86B91
S3150800CCC0C0002102084003E094480068204201D0D1
S3150800CCD0FFF742FB264009D0BC4800998901401855
S3150800CCE0006AC004C00C401EB9490860C020800014
S3150800CCF0B849486500990902B74A1160B54B986565
S3150800CD0051600020296C942292050A40160000D032
S3150800CD1001263043000635D096483021405CC021B4
S3150800CD200140402902D1FFF7ECF801E0FFF7F6F8D9
S3150800CD3020202860360600D143E1B54FA74EA86BE0
S3150800CD4040070CD5A0038A49886240028749886251
S3150800CD5034600220386000F03BFA00280BD004202B
S3150800CD608249C86240028249886200037F49886214
S3150800CD700220306038607F480078000600D420E141
S3150800CD80E0041CE16868204000D01AE17848C762D0
S3150800CD90FEF7CEFF8E48406E296C090408D4C006FB
S3150800CDA006D5FEF7DBFF02219A4A1160FEF7DFFF80
S3150800CDB0FEF7C7FF20032860974EC02000063063A1
S3150800CDC0200496490860A86B4007C10F68460170A1
S3150800CDD0FEF7C4FF92490C60FEF7C9FF914F9248CF
S3150800CDE0B861686B000206D59048801C0068E105AA
S3150800CDF05E4A916201E04948806C296CC90208D5EF
S3150800CE00202806D976A1019A520700D4891DFFF772
S3150800CE1057FE0100854A1070002809D041091F22D3
S3150800CE201040062904D940002043202800D31F209B
S3150800CE304A01024348021043306001217C48C26F10
S3150800CE407C4B1343C36774668022F2620822734BD5
S3150800CE501A66019AD20603D5AA6B920603D403E092
S3150800CE60019A120700D40021AB4A3A60FC223A61C3
S3150800CE7000290BD039003C310291284A116DD36C38
S3150800CE80664DEB66526E2B46DA6709E0390040318B
S3150800CE900291224B996D614A5D6DD5669B6ED3678B
S3150800CEA00268FF239A4311430160A020C000306343
S3150800CEB0052000F0E5FC04250198284001D08020D3
S3150800CEC000E040200299086002203063062000F046
S3150800CED0D7FC08203063052000F0D2FC346320021A
S3150800CEE0B864042000F0CCFC64027460022000F0F0
S3150800CEF0C7FC842080003063022000F0C1FCFC617E
S3150800CF00062000F0BDFC02988449401801990D409E
S3150800CF1006D0202105E000BFFC0302A88C3F0000D4
S3150800CF2010210160062000F0ABFCB4640020C04369
S3150800CF302849086000F02DFA7949401DC001CA68E1
S3150800CF4086189E4F60017C6F04409D4A10609D4D77
S3150800CF500498864211D2C968401A00F07FFC00285E
S3150800CF600AD02C602DE000BF100002A81C2002A8E1
S3150800CF701C1002A8D03E0000049E012000F080FC90
S3150800CF808020400025490860300000F067FC8E4E7E
S3150800CF9068460078002805D1386870628020000449
S3150800CFA08A4908602C6068460078002809D0012064
S3150800CFB000F066FC3078000603D5802000039B4904
S3150800CFC0086005B0F0BD00BFE40000AA0C0000AA86
S3150800CFD0204000A8B46000A8085100A8F41302A8CD
S3150800CFE0C0350C109E8DAF1B3813460D80B5FEF765
S3150800CFF0B5FE8F4900220A600A22CA61FEF7B7FE0B
S3150800D0008C488321090401608B49416001BD0000F9
S3150800D010685000A824E503503C1102A8B81002A8DD
S3150800D02000500C50242102A8FF0E0000FA3F000011
S3150800D030280102A8FF3FFF3F8048806B800300D489
S3150800D0407047F8B57E4804687E4D0826E00629D55F
S3150800D0507A48806B800627D4280048300090012043
S3150800D06000F00EFC00277848076078480660784884
S3150800D0700068C00403D4774800683040FBD002201B
S3150800D08000F0FEFB842080006865022000F0F8FBB3
S3150800D090700171490860042000F0F2FB600706D5AC
S3150800D0A0202005E03442D7D128004C30D6E710209E
S3150800D0B000990860FEF752FE0121684A1160FEF7E2
S3150800D0C056FE0220686500F0DBFB09206865C02073
S3150800D0D000066865022000F0D3FB00980F49401847
S3150800D0E0610701D5802100E040210160A020C00031
S3150800D0F06865082000F0C4FBB001E8662E60E020F1
S3150800D1002865574807604760B0024C490860000127
S3150800D11054490860F1BD00003F3F000000F0FFFFE2
S3150800D1208C3F0000F8B5504800680D2707400424D6
S3150800D130002F00D104274D480225102608214C4A05
S3150800D1404C4B1B682340126818D04260394005D002
S3150800D1500220FEF767FD6003474908603C4007D098
S3150800D1604648006806434548066028034249086061
S3150800D1700120434908604348056018E002603940C9
S3150800D18005D00220FEF74EFDA0023B4908603C4050
S3150800D19006D03A4801680E430660680236490860B8
S3150800D1A03748056037480560A8062E490860FFF726
S3150800D1B043FF00210020FEF7C6FCF1BD20C001A8F0
S3150800D1C094E001A894D001A8D03E00001C1002A843
S3150800D1D010B580202C490A6802400AD02B4B1A68E1
S3150800D1E00624144005D15C6E294A22401B6D9C0119
S3150800D1F001D5002010BD096808400DD02548824297
S3150800D20003D1180501D5012010BD23480068C107C0
S3150800D210C90F481E8041C00F10BD20480321016474
S3150800D220A821C16310210160704700001C2002A8D4
S3150800D230D80000AA442002A804000080100002A812
S3150800D240FC0302A8182102A8B80002A8106001A8C9
S3150800D250D84001A8104001A86C1102A800600C5023
S3150800D260A00102A8482002A8B44000A8F83E000081
S3150800D2701CC101A8480002A8441002A8783F000073
S3150800D280F41302A8685000A8440002A814C001A814
S3150800D2901F1F0000010C000030C101A8082002A8C9
S3150800D2A06C4800680121084209D16B4A12686B4B29
S3150800D2B0000C1840F03291400B40984201D00220F1
S3150800D2C0704700207047F8B507000F386A46108087
S3150800D2D0604CE0680A0004D16B461B8882B29A4209
S3150800D2E03AD200226B461A80012502263A0013D04C
S3150800D2F02268324007D000292ED059480088401CA1
S3150800D3005749088000203900216156490E6080B2CD
S3150800D310B84201D369460D805348456000E030BFE6
S3150800D3202068304003D1FFF7BBFF0028F7D04D48EF
S3150800D3304560390010D02168314005D048490A882F
S3150800D3406B461B88D2180A80066000202061E068B8
S3150800D350B84201D244480660FFF7A2FFF2BD38B5CD
S3150800D360050000F08FFB0400012199204543A80918
S3150800D3703E4A12688018123880B2FFF7A4FF0500EB
S3150800D3808020C0013A490860200000F07FFB280091
S3150800D39032BD334803883549096802889342F9D172
S3150800D3A0100408187047FEB51238070C694608803D
S3150800D3B000F068FB0190274C294D2888B8421ADAF4
S3150800D3C001202C490860274E30BF02202168014001
S3150800D3D006D030604003264908602888401C28800B
S3150800D3E0FFF75EFF002802D12988B942ECDB01214C
S3150800D3F0716000280DD12888B8420AD1E0686946CC
S3150800D4000988884205D2002168460088FFF75BFF35
S3150800D41001E0FFF745FF04008020C00114490860B9
S3150800D420019800F033FB2000FEBD10B512490A68CA
S3150800D4300E4B1B680C689442FAD0DB014033141A71
S3150800D44002D288692418641C0C4800684443181BD7
S3150800D45010BD0000280002A804ED00E0FF3F000010
S3150800D460B43E0000282002A8281002A8340002A80A
S3150800D47080E200E02C1002A820C001A8A83F000006
S3150800D480F0B502E00A601C602E607EC84F1C07D00B
S3150800D4905F1C04D06F1CF5D10A601C60F0BD0A60E1
S3150800D4A0F0BD000080B5FEF7BDFB0120824908608B
S3150800D4B001BD38B581490C68082581490D60FFF71B
S3150800D4C0F1FF2C4001D07F48056031BD80B5EB20C7
S3150800D4D000F001F801BD30B5FE2189010B6818403E
S3150800D4E01022134210D0784B784C2468224008D07A
S3150800D4F0774A14682402FF252D0225401D6300245F
S3150800D5001460802252031A60086030BDF3B501002A
S3150800D51016001C00002500956E48019A3300002766
S3150800D5200BE0BC464F5D4743AE009E597E40575DB3
S3150800D53047433740664637436D1CA542F1D3390940
S3150800D54039438A080A43510811430840C10901436F
S3150800D5500F208A0B0A4302405040F6BDF1B582B04F
S3150800D5600E0000205A4908605B4DEF7AA87A0190B0
S3150800D5700F21394000910ED00B46584A5849029857
S3150800D580FFF7C4FF0199014051480160994841439A
S3150800D5909948084001D1012400E04401380915D012
S3150800D5A032003B0929000298009E6D7A75194019C8
S3150800D5B0FFF7ACFF019909110140454802680B01C4
S3150800D5C013430360002901D0480044438B48006890
S3150800D5D0204001D10420FEBD0020FEBD80B50A0012
S3150800D5E000211180864952888018FFF7B7FF02BDCF
S3150800D5F0F0B50F22834B5C7905780F202040C54093
S3150800D6002009284001259C79C4402C4001D10320DB
S3150800D610F0BD2E4C2468254008D07B4D9E684700F7
S3150800D620F65B761E2E608026B601EE60DD78DE7922
S3150800D630C640F00711D5E0060FD5002D0DD073486A
S3150800D64048600888488008881C7800192A4080188D
S3150800D6505A7880182A09801800E0002008800020DF
S3150800D660F0BD80B56A4801686A4A0820014200D0C0
S3150800D6709061C90602D58621090111606649674A83
S3150800D6801368034005D0664B1B689B0F9B0700D0A9
S3150800D69008600E480078C023034002D18020400568
S3150800D6A0086010682022104008605E480068C001C3
S3150800D6B001D4FFF70BFF01BD2C4000A84C4000A881
S3150800D6C04C6000A84C5000A81C1002A8D03E0000D0
S3150800D6D0A03E000001010101503F0000083F000084
S3150800D6E0483F0000F8B5504B586F9E6F06404F48AC
S3150800D6F030404F4908604F4F022000210122340470
S3150800D7001FD500923C7E002C07D13C695C60FC6802
S3150800D7107D6964191C603A7606E0FC685C603C69C1
S3150800D7207D6964191C6039767B7E002B00D00091D8
S3150800D7307976009B002B04D004233F4C23603F4B93
S3150800D740186004053E4DF3022BD53B681F0605D528
S3150800D7503C490968A9602A70A88016E0134203D0DC
S3150800D7603948A860AA8010E0D80610D52748A860CE
S3150800D770364A907803071B0F12789A180009101872
S3150800D780A880E980A888002809D0264309E0580619
S3150800D79004D5281D2E4909688847F3E7A980FFF7AD
S3150800D7A095FE264024D0224E74603460294FA888FE
S3150800D7B000280BD03968814208D3291D2648AA6853
S3150800D7C090470100F3D0FFF76DFEF1BD01000CD0C4
S3150800D7D0FC218902F161194902038A6634600C65E5
S3150800D7E03A68824204D3CC64F1BDEB20FFF773FE9E
S3150800D7F0F1BD00001111000021840000043F000063
S3150800D800283F0000583F0000204000A811210000D2
S3150800D810F84F0000502102A8481002A8184001A895
S3150800D8204C4201A8D04000A8404000A8FFFFDFFFF7
S3150800D830B46000A8D03E0000F41302A8685000A8FF
S3150800D840A43E00009C3C000025210000593F000032
S3150800D850983C0000D44000A8D84000A810B5C409D8
S3150800D860FFF797FD201A312806DAC000183801D4C8
S3150800D870C01EFDD5002010BD2000FFF794FD10BD89
S3150800D880C32148436F3801D41E38FDD500207047A0
S3150800D89052480121017052490A684260496881600C
S3150800D8A05049E02252010A60802292004E4B1A60CB
S3150800D8B0FD224A604D49096801614D494D4A11608A
S3150800D8C08121C9004C4A11604C490968C16007208A
S3150800D8D04B49086002204B49086070473F48017869
S3150800D8E000290CD00169414A116000210170C16804
S3150800D8F0424A11603A4982684A604068086070473F
S3150800D900FEB5C020C00440490860404C40486065E8
S3150800D9104048A0651020FFF7B3FF00285CD1FF2020
S3150800D92000053D4908603D483D4908603D4820607E
S3150800D93080256D03384805603B4807680820FFF7CF
S3150800D9409FFF002848D10826384806600120FFF7BF
S3150800D95097FF35488068019035480660354820604D
S3150800D9602D4805600820FFF78BFF002834D12F4883
S3150800D97006600120FFF784FF2B4DA86800902C480D
S3150800D98006602D4820600199009800F05FF80004B1
S3150800D990FC26B60306400198C10B0098C00B00F0A0
S3150800D9A055F80106FC208005084030432349020C3F
S3150800D9B04A40FF239B1CD2181140014321602F6067
S3150800D9C080200003144908601D481E4901601E494D
S3150800D9D04160FFF783FF0020FEBD0000883E00007F
S3150800D9E0AC0102A8AC1102A8B02102A8F00002A856
S3150800D9F0083E0000F02002A8F01002A8704001A816
S3150800DA00706001A8705001A820E000A84C0102A887
S3150800DA1057140000FF3FFF3FB42002A80000380E4D
S3150800DA20B41002A810103030104101A8105101A8F6
S3150800DA30106101A830301010202020203F3F000040
S3150800DA40A02102A8F703F000FF3F000010B5490423
S3150800DA50CA104004C310991A00209A18D30F9A18AE
S3150800DA60521052188B115B0E5B18DB11D21820234B
S3150800DA70541A01D422001843CC0F611849105B08C8
S3150800DA80F6D110BDEFF3108072B67047002800D1AA
S3150800DA9062B6704780B5FEF7ABF9A5480068000383
S3150800DAA00CD4FEF79DFCFFF7C7FAFEF729FC012008
S3150800DAB0FFF79CFAFEF7A7FFFFF710FF8020800507
S3150800DAC0FEF744F901BD80B5FEF792F980204002C1
S3150800DAD0FEF73CF901BDF8B5FEF72AF9844D052095
S3150800DAE06865FEF72EF9934806680124264201D197
S3150800DAF0FEF7FDFA6003C02189018F4A1268D20534
S3150800DB00D20D012A00D108008C4A11602860E00570
S3150800DB108B490860FEF76CF98A48016800914068ED
S3150800DB2089490860B005C70F884D0020286038006D
S3150800DB3004D031000098FDF7F9FE009028682040CF
S3150800DB4005D16846FEF70EFB00280BD107E0002F2B
S3150800DB5005D07F480068204001D0FEF726FA0098D5
S3150800DB60FEF756FB76480460022096490860C820EE
S3150800DB70C0049F4908606004FEF7E8F8F1BDF8B5EF
S3150800DB809C4F9B4C01259C489C4909680140814251
S3150800DB900FD19B48006828400BD09A4801689A48DC
S3150800DBA005606805E063B863014000D1E063974803
S3150800DBB00560974E306CC00506D58020000630609B
S3150800DBC000BF00BF40083060FEF7E2FBFEF710F921
S3150800DBD0280320603860FDF7F0FC0400A848A9492E
S3150800DBE00860A804FEF7B2F8002C01D08020306047
S3150800DBF0A5480570F1BDF8B5FEF7FAF8FC27BF0190
S3150800DC0038780521014002D0FEF77BF901E0FEF7DE
S3150800DC1085F97F4C012502263868304000D02560FA
S3150800DC201020C043994908600020E06398490860BD
S3150800DC30FEF77EF897480068216C090407D40007A8
S3150800DC4005D5FEF78BF894490E60FEF790F8FEF7B7
S3150800DC5078F8FFF706FD9148006805400CD080204B
S3150800DC6000068F490968014006D08E4909680840B0
S3150800DC7002D10D20FFF71DFCB004FEF767F8F1BDD1
S3150800DC8080B5FEF7B5F82A480068000303D4FEF706
S3150800DC9037FBFEF7B8FE80204003FEF757F801BDB4
S3150800DCA038B5FEF7A5F85A4C2025FFF791FA002853
S3150800DCB006D0606B000704D5FFF7AFFAFEF77EFFC4
S3150800DCC02560FEF71DFBFEF79EFEFC20800100780E
S3150800DCD00C210140042902D1FEF713F901E0FEF7F1
S3150800DCE01DF96804FEF732F84020206031BD0000B7
S3150800DCF0081102A880B5FEF71BF80520BE49086082
S3150800DD00FEF71FF8FEF774F8FFF787FAFF20800181
S3150800DD10006800906846FEF712FF002802D10098B6
S3150800DD20FEF77CFF80204004FEF710F801BD0000D6
S3150800DD300C0002A8440002A83C8001A8082102A8F9
S3150800DD40442002A8AC3F00009C3E0000843E000030
S3150800DD50EC0002A8F8B5FEF74BF8A84CA56A5020C7
S3150800DD60284002D0FEF7CDF801E0FEF7D7F8284F95
S3150800DD70FFF72EFA00281BD1B86B40071DD4786B25
S3150800DD80E0214901014018D1A80611D4FDF7D0FFBA
S3150800DD90A56A9B4E354207D0FF20C0432D18A562C1
S3150800DDA08020000597490860FDF7CBFF2E4002D07A
S3150800DDB00120386001E00020206080208004FDF703
S3150800DDC0C5FFF1BD305201A880B5FEF711F8BE486F
S3150800DDD00068C00501D5FEF793FA0120FFF706F99A
S3150800DDE0FEF711FE8020C004FDF7B0FF01BD00005C
S3150800DDF0106001A8145001A840000800D03E000099
S3150800DE00884101A84C4001A8405101A8406101A8D9
S3150800DE10100002A810B5FC2080010468FDF7E8FF91
S3150800DE2079490968090326D40321C00601D521408A
S3150800DE3001E0A0080140012902D1FEF762F80BE0D3
S3150800DE40200107D50E20FFF72DFBA048042101600D
S3150800DE5008210160FEF762F89D4801699D4A116034
S3150800DE600068002807D04000122802D2FFF708FDF4
S3150800DE7001E0FFF774FA80208003FDF767FF10BD05
S3150800DE8070012000B46000A8B63E0000482002A831
S3150800DE90A03E0000844000A824E50350404101A8A4
S3150800DEA0D44101A8304001A8F0B585B001276846DD
S3150800DEB0077000240394FDF79BFF0490524D2868D1
S3150800DEC000036FD40320A5490864A548006802909A
S3150800DED0A44EA5490007000F032804D002980004A1
S3150800DEE0000F06283AD1A14800684A6803922A6CAE
S3150800DEF0920701D589680391FFF797FA03994018A5
S3150800DF0001D5019400E00190A86B0107C80F032111
S3150800DF10326B0A40022A1BD1049AD20618D53268F7
S3150800DF20D30513D5EF6B924B1F409F4203D11021A7
S3150800DF308A4A11640CE092050AD42A6C28231340F5
S3150800DF4006D16B461C702F4A116001E06A461470B0
S3150800DF50039068460778002F02D10EE00868019002
S3150800DF60FFF736F9002808D0FFF757F90398002875
S3150800DF7002D0FEF723FE00E000270220774908605A
S3150800DF80002F10D03020305C0C210140042902D02B
S3150800DF90E86BC00602D5FDF7B4FF01E0FDF7BEFF4A
S3150800DFA02020686021E0FEF7ABF9802000061549BD
S3150800DFB008600020C0436F49086001A8FEF7BFFD4E
S3150800DFC0002812D102980007000F03280AD1A86B6F
S3150800DFD0800507D5A020400031680140814201D163
S3150800DFE0FDF788FC0198FEF719FE80200004FDF76E
S3150800DFF0ADFE05B0F0BD00005C1102A8D83E0000D9
S3150800E00000FFFF00481002A80C0002A8FEB5002475
S3150800E0100194FDF7EDFE584EF06E584D0007000FBF
S3150800E020072807D17068002804D40020FEF7DEFF11
S3150800E030286841E0012103204A4A73685B070BD42C
S3150800E0404F4B1B680B4007D01368DF050BD55B05E4
S3150800E05002D43368DB0503D40191116B890904E006
S3150800E0601021484B1960116B0909084000900020DF
S3150800E070FEF7BCFF0098002805D17068C00602D4D8
S3150800E080FDF74CFF01E0FDF73CFF00200199002950
S3150800E09003D13D480068FFF7C8F96969401801D5FA
S3150800E0A0009400E000906846FEF75CF8002805D169
S3150800E0B00098FEF7ADF8A8690649086080200005B3
S3150800E0C0FDF744FEF7BD0000680102A880E200E003
S3150800E0D0A03F00009C3E0000F8B5FDF789FE00242D
S3150800E0E000252A48466B80277F05300606D5300767
S3150800E0F009D5FFF792F8FEF761FD2AE001252048C9
S3150800E1000068284019D00020FEF770FF022006405C
S3150800E11002D01F490C60C8611E480468002D03D050
S3150800E1202000FDF7A1FC0400FFF777F82000FEF7B2
S3150800E13075FD3800FDF70AFEF1BDFC208001007868
S3150800E140C0210140402902D1FDF7DBFE01E0FDF7C1
S3150800E150E5FE20200D490860EBE70000082002A82C
S3150800E160B00002A8D03E0000B43F00000CC101A8D0
S3150800E17010000010B46000A8440002A8B03F0000D8
S3150800E180B44000A8481002A81CC101A8100002A8A3
S3150800E190180000AACC3F000000F03CF802480349EA
S3150800E1A0486000F053F800BF812D00000000000011
S3150800E1B080B5EFF305800B2801D23A2100E029212A
S3150800E1C0FF221632002000F039FAFEE710B5C20029
S3150800E1D018231340FF249C40E2438907090E9940FF
S3150800E1E0030004D46E489B089B00C01806E0A14BA8
S3150800E1F00007000F083880088000181803681A40BE
S3150800E2001143016010BD80B573225421002000F02F
S3150800E21015FA01BD10B5FFF735FC624901220A60FF
S3150800E220614B624C2360624C23600323614C23607C
S3150800E230614C2360614B1A60614B1A60614A9F4BBF
S3150800E2401A6011228A63FFF721FC10BDFFF71AFC3A
S3150800E25005000024012160B2FFF7B8FF641C0E2CEC
S3150800E260F8D301210F20FFF7B1FF01211120FFF795
S3150800E270ADFF01211320FFF7A9FF01211720FFF7A2
S3150800E280A5FF03210120C043FFF7A0FF01211E209F
S3150800E290FFF79CFF784879490860022078490860AA
S3150800E2A00120904908604704764C20693840FCD024
S3150800E2B02068800101D4FDF722FD2800FFF7E6FB60
S3150800E2C0714D0AE000281BD0FDF748FD18E02069CB
S3150800E2D03840FCD03000FFF7D9FB206E0004000F51
S3150800E2E0022801D1FEF718FAFFF7CCFB0600FDF766
S3150800E2F045FD00286878E5D0002801D1FDF737FDEF
S3150800E30001202978002906D177490968890601D4A8
S3150800E3105B49086030BF002129700221584A116004
S3150800E32070490860D3E77148016842680A40704836
S3150800E33010401E490860800703D5A9480188491C72
S3150800E34001807047F8B56B48016840680840070EB9
S3150800E3503F066948046880256D02F8010DD56748AF
S3150800E3600068BC218900884204D12C4202D0644846
S3150800E37000688047022063490860634E68020742C6
S3150800E3800BD070605D480068BC218900884204D1C2
S3150800E390254002D0A548006880473760F1BD0000D7
S3150800E3A000E400E0040002A80000FF3F282002A8BD
S3150800E3B02C1002A840E002A844C002A804C001A884
S3150800E3C0044001A820006006F8B5864C20686568F8
S3150800E3D00540974805608026F6054C4AB00C9549D5
S3150800E3E00B68002B10D105420ED0934B5F68FF07D0
S3150800E3F00AD51B68DB0007D580231B06136000BF00
S3150800E40000BF16608A4B18609B4F3B78062B0FDAC5
S3150800E41008688C218901014329401BD0FFF732FB8C
S3150800E42000902800FDF76CF90098FFF72FFB11E024
S3150800E4300B68526B92050DD5C822D2041A432A409E
S3150800E44005D0FDF7DBFF2800FDF75AF902E0AA021E
S3150800E45000D5086089480068064009D0A80607D58F
S3150800E460A068000704D53878072801D1FDF72AFAED
S3150800E470F1BD00001CED00E0FFFF9B4000E100E05D
S3150800E480602002A8500002A8B63E000010B57C48DD
S3150800E490016844680C407B48046080210C4205D022
S3150800E4A04160794801600020FDF72AF9600403D528
S3150800E4B0802040057549086010BD0000145001A869
S3150800E4C038B57348016844680C40E00707D5FFF77C
S3150800E4D0D9FA0500FDF7AEF92800FFF7D7FA6D4817
S3150800E4E0046031BD601002A8F40302A8280002A83F
S3150800E4F0FFFF00C0B44000A8D03E0000784001A845
S3150800E500903C00002C4000A8B46000A8100002A8A7
S3150800E510FEB5614C206C676C074001252F4216D06A
S3150800E5202E065E48066020685D490D60002802D008
S3150800E5300021FDF7A3FB5B480068A021C9018842BA
S3150800E5408041C043C00F5849487058480660FDF7D7
S3150800E55005FC0190022007403ED06168CEB20F0A42
S3150800E56053490822474B4403012E24D0022E31D1A9
S3150800E570012F22D14F4EF67800964E4E3778012657
S3150800E580BE404D4F3E604B4E3678760590277F0449
S3150800E590F71903263E43494F3E601C60484B1C60F2
S3150800E5A00B68009C1B194B65424909788D40454903
S3150800E5B00D6045490DE00090DFE7002F0AD1434E74
S3150800E5C0356000254D655C601C60C104404B1960D0
S3150800E5D040490A60324908600198FDF7C8FBF7BD53
S3150800E5E0B43E0000104001A870B5FDF7B7FB040063
S3150800E5F0FFF748FA31490A68D20710D52C4A566DF2
S3150800E6001368FB25AD012E60CE686E604968E98106
S3150800E6108021C904214E3160297B59185165FFF7BD
S3150800E62035FA2000FDF7A3FB70BD0000943C0000FE
S3150800E630106001A8B03E0000344301A8002800D0AD
S3150800E640704770B50C00FDF789FB0500FFF71AFA4D
S3150800E6500600FDF79DFB2048046001211F4A116052
S3150800E660026C0A40FCD1FDF798FB3000FFF70EFA62
S3150800E6702800FDF77CFB70BD7C3E00004C4201A8DB
S3150800E68090C001A890E001A80CC001A804ED00E024
S3150800E690C0C000A8C0E000A800C002A8441002A894
S3150800E6A040E002A8404000A8B63E0000442002A868
S3150800E6B018800A50C93E000068A00A5060C101A827
S3150800E6C094D001A868900A50F42302A860E101A832
S3150800E6D080E200E0F41302A8008009504090095037
S3150800E6E0232D302B2000686C4C006566674546472D
S3150800E6F000303132333435363738394142434445B0
S3150800E700460030313233343536373839616263641E
S3090800E710656600002C
S30D0800E7141C1BFF7F0100000039
S3110800E71C28E70008001300205700000042
S3150800E7280000000000000000FFFF0000E0AB000842
S3150800E73800000000FFFFFFFFFFFFFFFF2013002078
S3150800E748340B0020F8B1000802000000B5030008E1
S3150800E75800000000000000000000000000000000A3
S3150800E7680B000000340B0020FFFFFFFFC0EA210161
S3150800E778C0EA210100800000C01753020A00E40C11
S3150800E7880A00000060140020ED98000804B4000888
S3150800E798FFFFFFFFC19A0008BD9A0008FFFFFFFFA9
S3150800E7A8FFFFFFFFC59A0008FFFFFFFF3B9E000813
S3150800E7B8659E0008FFFFFFFFFFFFFFFFFFFFFFFF44
S3150800E7C8FFFFFFFF0040005A00C0035000400050FA
S3150800E7D8008000503D6A0008116100080D5D0008B8
S3150800E7E8615D0008BD5F0008D15F0008A9600008E0
S3150800E7F8C5610008AD610008AD5B0008F96000084E
S3150800E80800000000000000003B2D0000F013002067
S3150800E8180000000050110020B81100202012002026
S3150800E82800000000000000000000000000000000D2
S3150800E83800000000000000000000000000000000C2
S3150800E84800000000000000000000000000000000B2
S3150800E858000000000000000000000000FFFFFFFFA6
S3150800E8680C00000000002801FF0CFFF0FF00000064
S3110800E8780D020008AD020008E5010008CA
S705080005D914
