S01B00004E6574416E616C797A65725F464732335F5630312E73333705
S3150800000000080020C1060008138E0008138E000899
S315080000103F990008138E0008138E0008138E0008F7
S31508000020138E0008138E0008138E0008138E00081E
S31508000030138E0008138E0008138E0008138E00080E
S31508000040138E0008138E0008138E0008138E0008FE
S31508000050138E0008138E0008138E0008138E0008EE
S31508000060138E0008138E0008138E000889050008F1
S3150800007079050008138E0008138E0008138E0008F1
S31508000080138E0008138E0008138E0008138E0008BE
S31508000090138E0008138E0008D90D0008138E000869
S315080000A0138E0008138E0008B10900088909000894
S315080000B0138E0008138E000819770008D5810008EA
S315080000C07BA0000877A000088979000891A000089D
S315080000D07FA00008A581000883A0000839820008CF
S315080000E071820008138E0008138E0008138E00080C
S315080000F0138E0008138E0008138E0008138E00084E
S31508000100138E0008138E0008138E0008138E00083D
S31508000110138E0008138E0008138E0008138E00082D
S31508000120138E0008138E0008138E0008138E00081D
S31508000130138E0008138E0008138E0008138E00080D
S31508000140138E0008138E0008138E0008138E0008FD
S31508000150138E0008138E000845AC00087D61000860
S31508000160138E0008138E00081DA0000823A000089F
S3150800018070470000000000000000000000000000AA
S315080001900000000000000000000000000000000051
S315080001A00348044B834202D0034B03B118477047F8
S315080001B05C1400205C14002000000000064B074970
S315080001C0C91A891048BF0131491003D0044B0BB135
S315080001D001481847704700BF5C1400205C140020D3
S315080001E00000000010B5064C237843B9FFF7D8FF86
S315080001F0044B13B10448AFF300800123237010BDEC
S31508000200B012002000000000C0E8000808B5054B41
S315080002101BB105490548AFF30080BDE80840FFF764
S31508000220CDBF00BF00000000400A0020C0E800085B
S31508000230A3F5803A704700BF174B002B08BF134B36
S315080002409D46FFF7F5FF00218B460F461348144AD3
S31508000250121A09F04AFF0E4B002B00D098470D4B97
S31508000260002B00D098470020002104000D000D48FF
S31508000270002802D00C48AFF3008008F00BFA2000E3
S31508000280290008F057FD08F0E5F900BF000008004E
S315080002900000000000000000000800200008002000
S315080002A0E012002000000000000000000FB400B5B6
S315080002B0B3B034AB53F8042B0193C02102A808F05D
S315080002C0DBF9021E07DDBF2A28BFBF2202A9044B9D
S315080002D0186809F0A0F833B05DF804EB04B070476D
S315080002E04413002000B583B00B4B4FF080625A666A
S315080002F0012304220921022001F0BCFF00230193F7
S3150800030002E0019B01330193019A49F63F439A4261
S31508000310F7D903B05DF804FB0090005000B583B030
S3150800032002211248FFF7C2FF0023ADF80430ADF8EA
S3150800033006300DF1060101A800F066F8A0B10C49D7
S315080003400C48FFF7B3FF42F6B112BDF804100A488D
S31508000350FFF7ACFF4FF20852BDF806100748FFF743
S31508000360A5FF03B05DF804FB0549E9E7B0AC000852
S31508000370A0AC000800AD00081CAD000844AD00089C
S31508000380A8AC00080FB400B5B3B034AB53F8042BCF
S315080003900193C02102A808F06FF9021E07DDBF2AE3
S315080003A028BFBF2202A9044B186809F034F833B0F5
S315080003B05DF804EB04B070474413002038B50AF022
S315080003C0F1F90E4B1A685B68904271EB030300D291
S315080003D038BD05460C460A4B1968013119600948AB
S315080003E0FFF7D0FF4FF47A700AF0F6F9401944F196
S315080003F00004024B18605C60EAE700BF00080020B2
S31508000400580A00206CAD000870B506460D4609214D
S315080004100C4808F099FC044603210B4808F094FCA4
S3150800042006B1348005B1288042F6B1139C4201D04A
S31508000430002070BD4FF20853984201D00020F8E71B
S315080004400120F6E780AD00087CAD000800230620F1
S3150800045073B1704754B224B9013353B15DF8044BF4
S3150800046070470228F8D008680A4908601046F3E77A
S3150800047010B4094A52F823100A7A022AEAD9032A3A
S31508000480EAD1441EE4B2012CE6D90868014908609D
S315080004901046E1E75C0A00201C13002030B5A3B023
S315080004A020252A4600211AA809F01FFE294B1A936F
S315080004B04FF4E1331C9302238DF87530264A1E92B9
S315080004C001248DF87D408DF87E408DF87F408DF8AB
S315080004D080300021159116911791189119914FF4B2
S315080004E0801315931D4B1993109111911291139125
S315080004F014911B4B10931B4B14933C2201A809F033
S31508000500F4FD0DF1040E0DF1540CBCE80F00AEE835
S315080005100F00DCF80030CEF800300DF1180E0DF1A2
S31508000520400CBCE80F00AEE80F00DCF80030CEF84F
S3150800053000300D4B0B930C958DF835408DF83640F1
S315080005400A4B0F930A4B1AAA01A90A4802F0EAFBBA
S3150800055023B030BD64B5000854B500083C00015B03
S31508000560010010004400015B600A002030130020DF
S31508000570800A0020340B002008B5024808F0CAFF9C
S3150800058008BD00BF340B002008B5024808F0C2FFBA
S3150800059008BD00BF340B002010B58EB02422002100
S315080005A005A809F0A2FD334B0593334B1B88ADF81C
S315080005B02430324B1B88ADF82630314B1B680B9321
S315080005C0304B1B680C93304A05A9304803F0A8F84D
S315080005D000B1FEE72E4B1C682E4A21462B4B1868A5
S315080005E003F054F900B1FEE74CB12146274B1868D1
S315080005F009F032FA01464FF6FF73984206D10021F8
S31508000600224B186808F0E5FE38B1FEE71F4B18685C
S3150800061003F080FA0028F2D0FEE71F491B4B186842
S3150800062003F0BCFA00B1FEE76FF0C00240F2FF33F8
S31508000630CDE900234FF0FF324FF0FF331349086826
S3150800064009F053FA00B1FEE7144B1B88ADF81030D9
S31508000650ADF80C3004A90D4B186809F02EFA00B154
S31508000660FEE703A9094B186809F03DFA00B1FEE751
S315080006700EB010BD038E0008BEB50008BCB5000854
S31508000680C4B50008C0B50008E58D00084813002069
S315080006900C130020EF8D000807001100ACB300080A
S315080006A008B50448044A121A9210044908F0B2FB25
S315080006B008BD00BF80010008A0010008E012002064
S315080006C008B5154B83F30A8800F030F8FFF7E8FF02
S315080006D0124A0AE01068516850F8230041F82300CE
S315080006E0013391688B42F5D30C320D4B9A4201D2F5
S315080006F00023F6E70B4A08E01168002041F82300BA
S31508000700013351688B42F7D30832074B9A4201D21C
S315080007100023F6E7FFF790FD00000020C8E8000870
S31508000720D4E80008D4E80008D4E8000870B5134BEC
S31508000730134A9A60D3F8882042F47002C3F88820D6
S31508000740104A4FF4804191660F4D05F500544FF05D
S31508000750FF3222660D4A62660222C3F8D020BFF332
S315080007604F8FBFF36F8F002002F09AFA4FF440368E
S31508000770E660002008F047FE2E6170BD00ED00E03F
S315080007800000000800900050008000447FFF7F01B1
S31508000790014B1860704700BF5013002008B5064B80
S315080007A01860064B1B6F03F00703032B00D008BD28
S315080007B009F004FEFBE700BF581300200080005034
S315080007C010B504460FE00123834024EA03040F28EA
S315080007D014D800EB40020E4B03EB82035A6812B1A1
S315080007E09968C0B2904794B1234600201F28EAD8DA
S315080007F013F0010FE7D101305B08F7E7103800EB7B
S3150800080040039B00B033024A13440433E6E710BDA5
S31508000810500B002008B50D480AF0E1F81A2002F03E
S315080008202FFA28B91B2002F02BFA40B9002008BD80
S315080008301A2002F035FA1A2008F0E5FDF2E71B2027
S3150800084002F02EFA1B2008F0DEFDEFE750B500088F
S315080008502DE9F04170B30C46174605460F292BD8EB
S3150800086003784BB1022B20D0032B21D0012B01D0CA
S31508000870002303E00F2301E040F2FF736A78D340B8
S3150800088013F0010F1AD00F4BD3F81063C6B90AF04C
S3150800089099F880463A462146284601F033FE4046F6
S315080008A00AF08BF83046BDE8F08140F2FF33E5E701
S315080008B03F23E3E72226F5E72126F3E72126F1E79A
S315080008C00226EFE700C0035040B310B5044603788C
S315080008D04BB1022B1DD0032B1ED0012B01D00023B8
S315080008E003E00F2301E040F2FF736278D34013F070
S315080008F0010F15D00AF066F8237862780121914035
S3150800090003EB43031B01074AD1500AF056F80020AF
S3150800091010BD40F2FF33E8E73F23E6E722207047A1
S315080009202120F5E740D0035040B310B504460378BC
S315080009304BB1022B1DD0032B1ED0012B01D0002357
S3150800094003E00F2301E040F2FF736278D34013F00F
S31508000950010F15D00AF036F8237862780121914004
S3150800096003EB43031B01074AD1500AF026F800207F
S3150800097010BD40F2FF33E8E73F23E6E72220704741
S315080009802120F5E740E0035008B5084BD3F82404C6
S31508000990D3F82024104000F0553020F0502003F5FD
S315080009A00053C3F82004FFF70BFF08BD00C003502F
S315080009B008B5084BD3F82404D3F82024104000F0D7
S315080009C0AA3020F0A02003F50053C3F82004FFF74F
S315080009D0F7FE08BD00C00350F0B585B00C46944636
S315080009E09DF83410664A1278002A00F0BD80054644
S315080009F0BCF1070F00F2BA800A9A002A00F0B88004
S31508000A000B9A002A00F0B6800E9AB2F5006F00F332
S31508000A10B38001285BD05B4A02EB0C12127B002ADA
S31508000A2000F0AC8000220092019202920392564A8C
S31508000A3002EB4C1E002C4FD14FEA4C160020905169
S31508000A40CEF80400CEF80800CEF80C009EF8020096
S31508000A5040F010008EF802009EF8030040F03000C7
S31508000A608EF8030021B9C1B241F003018EF80310D4
S31508000A7000930E9B013B444A4FEA4C1002EB4C1183
S31508000A80165A63F30E1616520A9B8B600B9B4B6025
S31508000A90CB789DF83C2062F38303CB70012D36D0CA
S31508000AA0109B002B56D0374A4FEA0C1102EB0C1359
S31508000AB010985050119A5A6000249C605D737246D3
S31508000AC06946604601F07AFC204605B0F0BD0C9AEE
S31508000AD0002AA0D12D48F8E72B4F4FEA4C1607EB12
S31508000AE04C120020B85150609060D060907840F069
S31508000AF010009070D07840F00300D0700029B7D16C
S31508000B0007EB4C12C1B241F03001D170B0E70E4686
S31508000B100A7B42F001020A73D2B242F002020A7359
S31508000B20CA68042161F39F02F26006F1100796E88D
S31508000B300F0087E80F00F2696FF0030161F39F0267
S31508000B40F2610C9B7361012CAAD10B9AB2610C9AC3
S31508000B507260A5E7002DA6D10B4B03EB4C139A78D0
S31508000B606FF304129A709EE70948AEE70748ACE7A8
S31508000B700648AAE70548A8E70448A6E70548A4E7FB
S31508000B80B1120020B80D0020B80C0020018000F03A
S31508000B90028000F0078000F0134B1B78FBB110B5FC
S31508000BA00446F0B109F00EFF0023072B13D80F4AAD
S31508000BB002EB0312127B0AB10133F6E723600B4AF4
S31508000BC0190102EB031301241C730024545009F085
S31508000BD0F4FE204602E009F0F0FE054810BD05487F
S31508000BE070470548FAE700BFB1120020B80D00208B
S31508000BF0048000F0028000F0018000F038B509F0AA
S31508000C00E1FE04460023072B06DC0C4A02EB03121E
S31508000C10127B12B90133F6E7002222B1204609F009
S31508000C20CCFE074838BD01F075FB0025054B1D7045
S31508000C30204609F0C2FE2846F4E700BFB80D00209A
S31508000C40058000F0B11200200F4B1B78BBB110B520
S31508000C500446072815D809F0B5FE0C4B03EB041318
S31508000C601B7B1BB909F0A9FE09480BE0074B03EBF0
S31508000C70041300241C7309F0A0FE204602E0054870
S31508000C807047054810BD00BFB1120020B80D0020FE
S31508000C90068000F0028000F0018000F000B583B005
S31508000CA0134B1B68019300238DF8043009F08AFE64
S31508000CB0104B1B7833B90F4B01221A7009F07DFED1
S31508000CC0002309E009F079FE0B480EE00B4A02EB17
S31508000CD00312002111730133072BF7DD08238DF862
S31508000CE0073001A801F03AFB002003B05DF804FBC9
S31508000CF0B0B30008B1120020038000F0B80D002040
S31508000D0010B5104C2478BCB1072817DC0E4C04EB40
S31508000D100014247BA4B10C4C4FEA001E04EB001C03
S31508000D2044F80E30029BCCF804300024CCF8084076
S31508000D3001F044FB204610BD0448FCE70448FAE7E6
S31508000D400448F8E7B1120020B80D0020028000F030
S31508000D50018000F0078000F008B50A4B1B785BB1EC
S31508000D6007280BD8084B03EB00131B7B43B1002164
S31508000D7001F0E6FA002008BD0448FCE70448FAE753
S31508000D800448F8E7B1120020B80D0020028000F0F0
S31508000D90018000F0078000F008B50A4B1B785BB1AC
S31508000DA007280BD8084B03EB00131B7B43B1012123
S31508000DB001F0C6FA002008BD0448FCE70448FAE733
S31508000DC00448F8E7B1120020B80D0020028000F0B0
S31508000DD0018000F0078000F0F8B5194B1F6D5B6DB8
S31508000DE01F4002D40125002402E0FEE701346D000D
S31508000DF0072C24D83D42F9D0124B1D652301124A0F
S31508000E00D358002BF2D002EB0416B1680131B16059
S31508000E1072682046984780F00100C0B2737B012BA8
S31508000E20E4D10028E2D0094B03EB44131A7B6FF395
S31508000E3041021A731A7F6FF341021A77D6E7F8BD93
S31508000E400000045000200450B80D0020B80C002003
S31508000E5038B505460C46164BD3F8283103F0070378
S31508000E60013B052B20D8DFE803F003131B0F0B17F4
S31508000E7009F07EFA052305B1286004B1236038BD60
S31508000E8009F076FA0623F6E709F0BCFA0723F2E733
S31508000E9009F0AEFA0323EEE709F0AAFA0423EAE713
S31508000EA009F0A2FA0223E6E700231846E3E700BFA3
S31508000EB00080005030B583B005460C4600230193E8
S31508000EC0154BD3F8203203F00703042B21D8DFE8AB
S31508000ED003F0030B11161B0001230DB1019A2A60BA
S31508000EE004B1236003B030BD002101A8FFF7B0FFAD
S31508000EF01123F2E709F086FA01900723EDE709F0D6
S31508000F004DFD01900A23E8E709F0C6FA0190092386
S31508000F10E3E70023E1E700BF0080005038B5054647
S31508000F200C460F4BD3F8503203F00303022B12D0B2
S31508000F30032B08D0012B0AD00023184605B12860D8
S31508000F4004B1236038BD09F02CFD0B23F6E709F040
S31508000F5025FD0A23F2E709F09FFA0923EEE700BF09
S31508000F600080005038B505460C460C4BD3F8903235
S31508000F7003F00303012B05D0022B07D109F042FA2F
S31508000F80072305E009F030FA022301E0002318469A
S31508000F9005B1286004B1236038BD00BF0080005049
S31508000FA0024B4FF480321A67704700BF009000501A
S31508000FB0204B984236D009D91F4B984236D01F4B42
S31508000FC0984222D11E4BD3F8D0007047A3F5B70339
S31508000FD0A3F55863984221D006D91A4B984212D1E4
S31508000FE0174BD3F8BC007047174B984202D0174BE3
S31508000FF0984203D1124BD3F8A0007047144B98427D
S31508001000F8D00020704700207047124B984203D151
S315080010100B4BD3F8C800704700207047084BD3F82D
S31508001020B8007047064BD3F8C0007047044BD3F896
S31508001030CC007047C0EA21010048E801005A620264
S315080010400080E00F0024F40080841E0000093D00A3
S3150800105040420F0080BA8C0138B505460C46104B45
S31508001060D3F8000100F00300032815D8DFE800F0E4
S3150800107002080C10012305B1286004B1236038BDAD
S3150800108009F0B6F90323F6E709F006FA0923F2E7A9
S3150800109009F0B4F90823EEE700231846EBE700BF8A
S315080010A00080005038B505460C46174BD3F820018A
S315080010B000F00700062823D8DFE800F0040A0E1619
S315080010C0121A1E00012305B1286004B1236038BD39
S315080010D009F04EF90523F6E709F08AF90323F2E742
S315080010E009F090F90723EEE709F07EF90223EAE70B
S315080010F009F03EF90623E6E709F07AF90423E2E760
S3150800110000231846DFE700BF0080005038B50546C3
S315080011100C46104BD3F8400100F00300032815D8FD
S31508001120DFE800F002080C10012305B1286004B1BD
S31508001130236038BD09F032FC0A23F6E709F0ACF95A
S315080011400923F2E709F02DFC0B23EEE700231846E6
S31508001150EBE700BF0080005030B583B005460C466B
S3150800116000230193144BD3F8603203F00703013BC5
S31508001170032B1FD8DFE803F0020E1914002101A87B
S31508001180FFF790FF0F230DB1019A2A6004B123607F
S3150800119003B030BD002101A8FFF7B8FF1023F2E71E
S315080011A009F030F901900723EDE709F01DF90190E0
S315080011B00223E8E70023E6E70080005030B583B055
S315080011C005460C46002301930C4BD3F8703203F006
S315080011D00303012B09D0022B0DD114230DB1019A5B
S315080011E02A6004B1236003B030BD002101A8FFF7CF
S315080011F08DFF1023F2E70023F0E700BF00800050C0
S3150800120038B505460C46104BD3F8600100F00300CC
S31508001210032815D8DFE800F002080C10012305B1F1
S31508001220286004B1236038BD09F0B8FB0A23F6E745
S3150800123009F032F90923F2E709F0B3FB0B23EEE7CD
S3150800124000231846EBE700BF00800050324B984257
S3150800125052D029D8314B984248D009D9304B9842B8
S3150800126047D0304B98421DD12F4BD3F8800070479A
S315080012702E4B984237D005D92D4B984210D12A4B80
S31508001280186F70472B4B984202D02B4B984202D1CD
S31508001290254B986D7047294B9842F9D00020704726
S315080012A00020704700207047254B98422CD00CD957
S315080012B0244B98422CD003F5740303F51053984237
S315080012C00FD1194BD3F8980070471F4B984217D087
S315080012D01E4B984203D1144BD3F88C00704700205C
S315080012E0704700207047104B586E70470E4B586F6A
S315080012F070470D4B986F70470B4BD3F884007047B7
S31508001300094BD3F888007047074BD3F8900070470D
S31508001310054BD3F8940070470048E8010024F40010
S31508001320C0EA210180BA8C010080E00FC0CF6A00B4
S31508001330405DC60080841E0000093D0040420F0043
S31508001340007E56030090D00380D54302006CDC0271
S3150800135070B582B006460D4600230193104BD3F8AC
S31508001360804104F00304022C16D0032C0FD0012C64
S3150800137007D000240EB1019B336005B12C6002B082
S3150800138070BD002101A8FFF78DFE0F24F2E709F0D2
S3150800139039F801900724EDE709F026F80190E9E706
S315080013A00080005038B505460C46104BD3F840026D
S315080013B000F00300032815D8DFE800F002080C1037
S315080013C0012305B1286004B1236038BD09F0E6FAA7
S315080013D00A23F6E709F060F80923F2E709F0E1FACB
S315080013E00B23EEE700231846EBE700BF008000500A
S315080013F038B505460C46134BD3F8000200F0070033
S3150800140004281BD8DFE800F003090D111500012395
S3150800141005B1286004B1236038BD09F0BFFA0A2374
S31508001420F6E709F039F80923F2E709F0BAFA0B23C7
S31508001430EEE708F0C3FF800A0E23E9E70023184603
S31508001440E6E700BF0080005038B505460C46134B4A
S31508001450D3F8080200F0070004281BD8DFE800F0DC
S3150800146003090D111500012305B1286004B1236095
S3150800147038BD09F093FA0A23F6E709F00DF80923AF
S31508001480F2E709F08EFA0B23EEE708F097FF800AD9
S315080014900E23E9E700231846E6E700BF0080005060
S315080014A0B0F5207F20D00ED8B0F5007F16D020D812
S315080014B010B1B0F5C07F04D10F4B186FC0F30330DD
S315080014C018E0002016E0B0F5607F05D10A4BD3F886
S315080014D08000C0F301100DE000200BE0064BD3F8A6
S315080014E09000C0F3046005E0034B186FC0F380203A
S315080014F000E00020013070470080005038B50546EE
S315080015000C46174B4FF480329A660020FFF7C8FF47
S3150800151005FB00F0134BDA6902F4803241F67131AB
S31508001520D9635B6823F440136CB90F49884207D81E
S3150800153000210B430B494B600AB10022CA6338BD30
S315080015404FF48011F5E7002C07DD0849884201D8D9
S315080015500021EEE74FF48011EBE74FF44011E8E77E
S315080015600090005000000350005A6202002D31011D
S31508001570430905D0012B0DD0022B0DD0002200E027
S31508001580002200F01F0049B102F580520123834072
S3150800159013607047034AF4E7034AF2E702F500527C
S315080015A0F4E700BF648000506880005008B58020CA
S315080015B007F0A7FC034B984203D8034B4FF480323D
S315080015C01A6708BD005A620200A0005000B583B031
S315080015D000230193B0F5807F00F0AF8011D9B0F5F4
S315080015E0086F00F0B48044D9B0F5286F00F0C380C6
S315080015F069D9B0F5306F79D101A90020FFF7B2FC9F
S3150800160075E0802873D8242871D324385C286ED8CE
S31508001610DFE800F04C4C4C4C4C6D446D98546D6DA5
S315080016206D6D6D6D6D6D6D6D6D986D6D6D39A76DAB
S315080016306D6D6D6D6D6D6D6D6D6D6D6DAC4C6D6DAE
S315080016406D676D6D5FB1A277776D6D6D6D6D6D6D43
S315080016506D6D6D6D6D6D6D6D6D6D6D6D6D6D6D6DAC
S315080016606D6D6D6D6D6D6D6D6D6D6D6D6D6D6D6D9C
S315080016707C00B0F5C06F65D00AD9B0F5E06F70D0C0
S31508001680B0F5F06F17D101A90020FFF7B9FD2EE0DC
S31508001690B0F5A06F60D0B0F5B06F04D101A90020F5
S315080016A0FFF756FE23E0B0F5806F20D101A9002090
S315080016B0FFF7F8FC1BE0B0F5D06F18D101A90020A0
S315080016C0FFF796FE13E0B0F5186F4FD0B0F5206F10
S315080016D004D101A90020FFF73FFD08E0B0F5106F1F
S315080016E005D101A90020FFF7AFFE00E003D201985B
S315080016F003B05DF804FBB0F5386F23D0B0F5406F42
S31508001700F5D101A90020FFF7A3FBF0E71C4B1B6FDF
S3150800171003F00703013B032BE9D8DFE803F00B02CC
S31508001720050805230193E2E703230193DFE708236E
S315080017300193DCE702230193D9E701A9002007F00A
S31508001740BBFBD4E701A90020FFF7E0FCCFE701A91E
S315080017500020FFF781FCCAE701A90020FFF7AAFBD2
S31508001760C5E701A90020FFF71DFEC0E701A9002073
S31508001770FFF7D4FBBBE701A90020FFF71FFDB6E77B
S3150800178000800050094B596E03F580534FF48032A0
S315080017905A66074A536A23F00103536211F4803FDD
S315080017A003D1044B4FF480325A66704700800050CC
S315080017B000C0075000A0005038B504468020FFF747
S315080017C005FF032800F0B580604B4FF480125A6677
S315080017D05F4B45F60E02C3F8802003F580524FF0A2
S315080017E0A061916203F500534FF480329A62584B18
S315080017F09B6D13F4803FFAD1554B9B6D13F0804FC8
S31508001800FAD1226863681B0543EA0263227B43EA2E
S315080018100243627B43EA0233A27B43EA8213E27BFA
S3150800182013434B4D2B61AB6903F00043226943EA2E
S315080018308263626943EA0263227E43EA0243627E66
S3150800184043EA0223A27E1343AB614FF400624FF4CE
S315080018504061404807F017FB2B6A23F00F03E26943
S31508001860002A46D111460B43E17E43EA81031A4317
S31508001870374B1A62E369002B3DD1354A916A364BDC
S315080018800B4094F8201043EA411394F8211043EAD8
S31508001890011394F8241043EAC10343F48033936296
S315080018A02B4B9A6D2D4B9343FAD1294A02F5805159
S315080018B04FF080738B62136923F47003A06843EAC0
S315080018C0005313614FF000438B6194F822301BB923
S315080018D0234B4FF080729A6294F8233013BB204B47
S315080018E04FF480329A621A4B9B6D13F0804FFAD1EF
S315080018F018E00821B7E7022B1CD0154A916A164B47
S315080019000B4094F8201043EA411394F8221043EA56
S31508001910016394F8241043EAC10394F8231043EAB8
S315080019200143936294F825301BB1094B0D4AC3F85D
S31508001930802038BD064B00221A619A614FF408527E
S315080019404FF47F41084807F09EFAD6E7009000500A
S315080019500040005A3840005AC7FFFEFE0300010047
S315080019600060005AF1A7FFFF3440005A014B93F973
S315080019700000704746140020014B1880704700BFCE
S315080019803C140020B0F5207F48D02DD8B0F5007F54
S3150800199039D04CD810B1B0F5C07F24D110B54C1E43
S315080019A007F0A8FA07F093FCFFF7FAFA204A136F34
S315080019B023F4704343EA0433136708F0FFFC1D4B16
S315080019C0D3F8843013F0100FF9D11A4BD3F88410DA
S315080019D0C1F38111C1F1020107F06EFC00F040F875
S315080019E0FFF7E4FD10BD7047B0F5607F0AD10139F5
S315080019F00F4AD2F8803023F0300343EA0113C2F8C5
S31508001A008030704770470139094AD2F8903023F080
S31508001A10F85343EA0163C2F8903070470139044A23
S31508001A20136F23F4806343EA812313677047704773
S31508001A30008000500040005008B50121022000F047
S31508001A40F3F84FF42070FFF72BFD044B187007F0DE
S31508001A5051FA07F03CFCFFF7A3FA08BDB2120020C2
S31508001A6008B54FF4C07007F04CFA054B984205D9F3
S31508001A7002214FF42070FFF785FF08BD0121F8E722
S31508001A8080F0FA0210B5044608F098FC0F4BD3F81C
S31508001A90843013F0100FF9D10C4BD3F88410C1F32E
S31508001AA08111C1F1020107F007FC0121002000F0B5
S31508001AB001F924B1FFF7D4FFFFF778FD10BD044BF9
S31508001AC019784FF42070FFF75DFFF5E700400050E6
S31508001AD0B212002070B50446FFF7B8FB0546364B30
S31508001AE04FF4C0225A6603F598335B68012B29D058
S31508001AF08020FFF76BFD05282DD025F040752F4B6C
S31508001B009C422FD02E4B9C422FD008F031FC064623
S31508001B1084422DD82B4BDB6813F0060FFAD1294BDC
S31508001B209A689D609B686B4013F4F81F25D0254B77
S31508001B309A6034468020FFF749FD052821D0B44233
S31508001B4035D970BD204B01225A60204B5B6813F0D3
S31508001B50020FFAD1CCE707F0CDF907F0B8FBFFF78B
S31508001B601FFACAE745F00075CFE745F08075CCE760
S31508001B700121204600F09EF8CCE72046FEF708FE35
S31508001B80D8E708F01BFC124BD3F8843013F0100F7B
S31508001B90F9D10F4BD3F88410C1F38111C1F10201B9
S31508001BA007F08AFBFFF75CFFFFF700FDC7E7012197
S31508001BB0002000F07FF8C4E70090005040420F0074
S31508001BC080841E000000015000E0015000C0015052
S31508001BD00040005010B50446FFF7EAF90A4B4FF4E7
S31508001BE000225A6620F04070084A944206D0084AF5
S31508001BF0944206D04FF0B442906010BD40F0007099
S31508001C00F8E740F08070F5E70090005040420F007A
S31508001C1080841E00034AD36E23F0300301790B43F8
S31508001C20D366704700400050F8B50446204BD3F8F9
S31508001C30843013F0100FF9D11D4BD3F88430C3F359
S31508001C4081139C422DD008F099FB0646012C11D031
S31508001C5008F0AFFE0546164F07F500534FF0007221
S31508001C605A66204607F03AFB621E4FF4806393409B
S31508001C703B6706E0012107F01FFBE9E70C4BD3F8A9
S31508001C8084300B4B5B6E13F0007F05D1084BD3F8FD
S31508001C90843013F0200FF1D0284608F085FE022C78
S31508001CA000D0F8BD0021304607F006FBF9E700BF73
S31508001CB00040005010B50C46034650B1094A127848
S31508001CC012B1094A934208D921460220FFF7ACFF10
S31508001CD010BD08F053FB0346F0E721460120FFF745
S31508001CE0A3FFF5E7380E0020005A620238B52F4BDD
S31508001CF04FF000425A6603F50B235C6C04F00104AE
S31508001D004AF6CD321A64E8B9294B5B6B13F0010326
S31508001D10FAD1274A556815F0010539D002F500525F
S31508001D20012151601A462249096B11F0010F04D1AD
S31508001D3020498A4201D80132F5E71E498A422FD83E
S31508001D401D4625E000231A4A126B12F0080F04D02C
S31508001D50184A934201D80133F5E7164A934221D827
S31508001D60134B03F500522021916203F5805301229B
S31508001D705A60002300E001330D4A926A12F0200FE0
S31508001D8002D10C4A9342F6D90A4A93420CD8002546
S31508001D9014B1074B084A1A6401F0D4FE284638BD28
S31508001DA00725F5E70725F3E70725F1E70090005033
S31508001DB0004009503F420F003254FFFF10B51A4B3E
S31508001DC04FF000425A6603F50B235C6C04F00104DD
S31508001DD04AF6CD321A6443785B0043F00103134A8E
S31508001DE0D363134B5B6B13F00B0FFAD1104A53688E
S31508001DF023F4F873817843EA01135360C178437971
S31508001E0043EA012393600179837943EA0123136145
S31508001E100078FFF76BFF14B1054B064A1A6401F008
S31508001E2091FE012010BD00BF0090005000400050F8
S31508001E30004009503254FFFF10B50F2800D90F2073
S31508001E40124B5C6E03F580534FF000425A6603F559
S31508001E500B235A6C02F001024AF6CD3119640C4B79
S31508001E605B6B13F0800FFAD109490B6A23F00F0355
S31508001E7003430B620AB1074A0A64002C03DB064BCC
S31508001E804FF000425A6601F05DFE10BD008000501A
S31508001E90004009503254FFFF00A0005010B5134B04
S31508001EA05C6E03F580534FF000425A6603F50B2328
S31508001EB05A6C02F001024AF6CD3119640C4B5B6B81
S31508001EC013F0800FFAD10A490B6A23F4F85343EA50
S31508001ED000230B620AB1074A0A64002C03DB064B8F
S31508001EE04FF000425A6601F02DFE10BD00800050EA
S31508001EF0004009503254FFFF00A00050084B98429A
S31508001F000AD0084B984209D003F58043984201D07D
S31508001F100020704758207047562070475720704752
S31508001F200000015B00000A5010B5044607F0D7F917
S31508001F30042307E004F5805304221A6104F50053CC
S31508001F401A610B46591E002BF4D120232361002366
S31508001F50E360A36041F202026261A3614FF4A0222A
S31508001F606262E3612362A362E3626363236504F545
S31508001F7000520249D164236310BD00BFFF3F0D0321
S31508001F80F8B5044615460846E1B1A36813F0010FF3
S31508001F9034D06668B0FBF5F0451E16F001062BD066
S31508001FA0636D13F0280FFBD1A36C13F0030F0FD149
S31508001FB0A36C13F0010F1BD1A36C13F0020F19D1F8
S31508001FC0002706E02046FFF799FF06F09AFFDCE7B0
S31508001FD00527204607F083F9236923F07F4343EA60
S31508001FE00563236146B33946204607F097F923E08F
S31508001FF00927EEE70627ECE70027EDE76368A368FD
S3150800200003F0E003402B1DD017D9602B1ED0802B80
S3150800201012D10123400105FB03F3B0FBF3F020388E
S315080020200B4A02EAC002636D13F0010FFBD122636B
S31508002030636D13F0010FFBD1F8BD2BB1202BFBD13B
S315080020400823E7E70623E5E71023E3E70423E1E7A8
S31508002050F8FF7F0070B504460D461646436823B15F
S31508002060636DC3F30B03002BFAD12046FFF75CFF21
S31508002070636923F44C5323F00F036A7B1343EA89FD
S3150800208013432A8A13436361A36823F0804323F02A
S31508002090E2032A7B13432A7E13436A691343A36028
S315080020A0AB681BB9A36843F00043A360EA69002A3A
S315080020B070D0A168694B0B40117A43EA8153917A33
S315080020C043EA4143918801F4C0410B43517843EAFE
S315080020D08103517B43EAC103917B43EA011392785A
S315080020E043EA8223A360E2685D4B1340EA691169FB
S315080020F00B4351690B43917943EA8123D27943EA29
S315080021004223E360EB691B78012B01D0032B03D133
S31508002110E36843F00403E360EB691B78023BDBB238
S31508002120012B51D94F4B9C426BD04F4B9C426AD0E6
S3150800213003F580439C4262D04FF0FF3303F5937357
S315080021405B0103F1A04303F5703302225A60EB6981
S315080021505A7A04F580539A62EB695B7A1BB1E36895
S3150800216043F40063E360EB69DB7A63B1E36843F445
S315080021700043E3603B4B9C4247D03B4B9C424BD0D1
S315080021803A4B9C424FD0636A23F00303EA69D27B39
S31508002190134363623EB196F82030002B4AD004F50B
S315080021A0805301221A6204F5805301225A60AA68F4
S315080021B0002A4ED12978204607F0B0F8A36CDB43F5
S315080021C013F4405FFAD170BD264B9C4213D0264BC0
S315080021D09C4212D003F580439C420AD04FF0FF334D
S315080021E0A6335B0103F1A04303F5703302225A605C
S315080021F0ADE70223F4E70023F2E70123F0E7022321
S315080022009CE700239AE7012398E7EB691B7B03F019
S315080022100F03174A5366B0E7EB691B7B03F00F03FE
S31508002220134A1367ACE7EB691B7B03F00F03104AED
S31508002230D367A8E7E36923F0090396F82220134336
S3150800224096F82120134343F0010304F58052D36125
S31508002250A9E769682046FFF793FEABE7E39BBDFF56
S31508002260FFF9F0870000015B00000A5000400A50A1
S3150800227000900350F8B504460D461E4617463AB177
S31508002280FBB101228A4000EB400109011D4B5A505F
S31508002290072D1ED8A90004EB44031B0107FA01F217
S315080022A00F2000FA01F11848184407F06EF83FB9F4
S315080022B0FEB10122AA4004EB44042401114B1A5131
S315080022C0F8BD01228A4000EB400109010F4B5A5024
S315080022D0DEE7A5F108039B0004EB440C4FEA0C1C4F
S315080022E007FA03F20F2199400948604407F04DF8B0
S315080022F0DDE70122AA4004EB44042401034B1A51EA
S31508002300DEE700BF40D0035034C0035040E003501E
S315080023103CC0035010B5162007F071F8074B00248F
S315080023205C65FF229A625C6021462020FFF720F94F
S3150800233021462120FFF71CF910BD00BF00000450FC
S3150800234029B9044A012303FA00F010607047024ACB
S31508002350F8E700BF401004504020045010B504466A
S3150800236001212020FFF704F901212120FFF700F9B8
S31508002370114B01225A60227812069A606178A27877
S3150800238042EA01429A61FF229A6200229A631A641B
S315080023904FF000425A6503F500534FF0FF321A65B5
S315080023A0162000F07DFCE178162007F030F816209C
S315080023B007F029F810BD00BF0000045070B50C46A0
S315080023C0C3B201259D40214901F500531D658300CF
S315080023D003F1A04303F5882326685E60637B00EB60
S315080023E0400C01EB0C1CCCF8603094F80AE0E37A58
S315080023F01B0543EA0E4394F80CE043EA4E53CCF827
S315080024005C3022F00302CCF8702008F0DBFA104B9F
S315080024105D65237A0BB10E4B1D64637A0BB10C4BC9
S315080024209D632379A27942EA0342084B03F50051DA
S315080024308A6194F805C0E27942EA0C4203F58054B1
S31508002440A2614D639D6408F0B8FA70BD000004509F
S315080024500010045010B5C0B20124844008F0B2FA46
S31508002460044B5A6D22EA04025A659C6208F0A5FAE2
S3150800247010BD00BF0000045010B5C0B2012484404E
S3150800248008F0A0FA084BDB6A234205D1064B5B6BC2
S315080024909C4306D0002400E0002408F08EFA20466B
S315080024A010BD0124F9E700BF0000045070B50446CA
S315080024B0C3B201259D4008F085FA084B5E6B04EB14
S315080024C0440403EB04135C6E08F077FA354203D133
S315080024D0C4F30A10013070BD0020FCE70000045068
S315080024E0074B4FF480325A6603F5E6239B69C3F31C
S315080024F08512827003F03F0242701B0B037070470F
S315080025000090005070B504460D461646037841788B
S315080025102C4AD2F810236A1E0E2A09D8DFE802F0E0
S315080025200A0A0A0A0A0A0A0A0A0A0A0A0A0A0A0007
S31508002530002200E02A463DB116B30120884003EB8D
S3150800254043031B012049C8506178072920D82378FE
S31508002550890003EB43031B018A400F2000FA01F1AF
S315080025601A48184406F01FFF4DB906B32378627857
S315080025700121914003EB43031B01134AD15070BD5F
S315080025800120884003EB43031B011149C850DBE7D0
S3150800259023780839890003EB43031B018A400F207F
S315080025A000FA01F10B48184406F0FDFEDCE7237833
S315080025B062780121914003EB43031B01044AD15081
S315080025C0DDE700BF00C0035040D0035034C00350BD
S315080025D040E003503CC00350074B9B6813F0020FC2
S315080025E0FAD1054B5B6813F0020FF5D1024BDB6994
S315080025F0002BF1D1704700BF00800A50074B5B687B
S31508002600064B5B6813F0010F03D0044BDB69002B04
S31508002610F6D1024B02221A61704700BF00800A50A9
S3150800262008B5FFF7D9FF034B03F5805101224A602D
S315080026301A6108BD00800A5008B5054B5B68012B76
S3150800264000D008BDFFF7DAFF024B01225A60F8E70F
S3150800265000800A5000A00A5010B50446FFF7BCFFD8
S31508002660084B5B68012B05D0237843B10122054B43
S31508002670DA6010BDFFF7E0FFFFF7AEFFF4E70022D0
S31508002680F5E700BF00800A5038B505460C4607F046
S3150800269071FFDDB92378D3B10123626812B11278CC
S315080026A043EAC2036278A2B102221343A26812B1B6
S315080026B0127843EA8213E2786AB104221343226944
S315080026C012B1127843EA4223044A936438BD0023C0
S315080026D0E3E70022E9E70022F0E700BF00800A509E
S315080026E038B5044607F02DFA864658B9064DA4466D
S315080026F0BCE80F000FC5BCE80F000FC59CE8030037
S3150800270085E80300704638BD3C0E002047F6FF7387
S315080027109A427DD009297DD870B5414B13F801E05E
S31508002720BEF1030F78D83F4B03EBCE0191F802C0F8
S31508002730604613F83E30012B26D03A4B03EBCE0306
S315080027405C68002C6AD0B4F90030934204DBB4F913
S315080027500230934200DC1346A288FF2A2CD00021BF
S315080027602826C8221D46D21A92FBF6F20A4412B24D
S315080027702C4B03EBCE0393F801E0964501DD002AC6
S315080027802FDA0EF1FF322CE0CB78A3EB0C030024F2
S315080027909C420ED2191BA3EB5101224800EBCE0036
S315080027A0406830F91100904201DC0C46F0E74B1EF8
S315080027B0EEE76344D8B230E0B4F90620B4F908600D
S315080027C00121CFE75C331849A1FB03139B090132AA
S315080027D012B2164696450FDD04EBC2018988994266
S315080027E00AD304EBC2018B68B1F9061001FB053365
S315080027F0002BE7DA0023E5E7013E04EBC604A288CE
S315080028009A4200D31A46944500D81046C0B204E04E
S31508002810FF20704700207047002070BD0020FCE7AD
S31508002820B4B300083C0E0020D34D621009296FD8B6
S315080028303A4B5B5C032B6DD8394911F833100129E3
S315080028402AD010B4364901EBC3014C68002C63D07A
S31508002850201D334901EBC3018978914234D23049AE
S3150800286001EBC301C978914233D92D4901EBC30362
S3150800287093F801C00CF1FF3C5FFA8CFCA388FF2B90
S315080028802AD00023634529D2591C30F831109142C9
S3150800289024D30133DBB2F5E7214901EBC301C9783B
S315080028A0914200D20A461E4800EBC3008078121AED
S315080028B0D2B2091A8A4200DD0022194901EBC30384
S315080028C05B6833F912007047B4F902005DF8044BEF
S315080028D07047B4F90000F9E70123D3E74FF47A719A
S315080028E001FB02F200EBC3004368D31AB0F90220D9
S315080028F002EBD27103EB610393FBF2F3B4F9000028
S315080029009842E3DBB4F902009842DFDC18B2DDE74F
S3150800291004487047034870470248D7E7B4B300082D
S315080029203C0E00200080FFFF08B50348FFF7D8FEDD
S31508002930012007F00AF908BDC0B3000830B583B016
S315080029400446694607F0FFF800B1FEE79DF8003037
S31508002950134A1278934217D00C2B06D164251049D6
S31508002960204607F0DDF828B1FEE7204601F000F919
S315080029700546F4E72946204607F0B9F800B1FEE710
S31508002980074B1B780A2B01D003B030BD6946204699
S3150800299007F0D9F89DF80020014B1A70F4E700BF3C
S315080029A05C13002008B5024808F019F808BD00BFF6
S315080029B04CB5000810B58AB0EC46194C0FCCACE8FB
S315080029C00F000FCCACE80F0094E803008CE8030076
S315080029D0144BD3F84C3113F4002F05D0124B1C8836
S315080029E0FF2C05D98C2403E00E4BD3F85041E4B2F2
S315080029F08DF81940FEF7BAFF241803D4FF2C02DD20
S31508002A00FF2400E000248DF818400848FDF7C6FEAC
S31508002A106846FEF7D1FE3220FEF7AEFF0AB010BDBB
S31508002A2018B500080080E00F0001E00FC017530238
S31508002A3008B50248FFF74EF808BD00BF00B4C40445
S31508002A4008B50248FFF7C6F808BD00BFC0EA21016D
S31508002A5010B5FEF7F1FF4E4C236F23F0070343F042
S31508002A60030323670020FFF70DF8236F23F474434D
S31508002A702367484BD3F8FC3013F0807F75D1464B5B
S31508002A800022C3F88020424CD4F8203123F00703F3
S31508002A9043F00203C4F82031D4F8283123F00703A1
S31508002AA043F00203C4F82831D4F8803123F0030335
S31508002AB043F00103C4F88031D4F8903223F00303BD
S31508002AC043F00103C4F89032D4F8403123F00303ED
S31508002AD043F00103C4F84031D4F8603123F003030E
S31508002AE043F00103C4F86031D4F8403223F00303FD
S31508002AF043F00103C4F84032D4F8003223F0070348
S31508002B0043F00103C4F80032D4F8083223F007036F
S31508002B1043F00103C4F80832D4F8503223F0030313
S31508002B2043F00103C4F85032D4F8703223F003039B
S31508002B3043F00103C4F87032D4F8203223F00703B7
S31508002B4043F00103C4F82032FEF71CFE4FF0E022E2
S31508002B50136943F004031361D4F8603223F00703C2
S31508002B6043F00103C4F8603210BD0A4BD3F8FC20C9
S31508002B7022F08072C3F8FC20074A0021C2F88010B0
S31508002B80D3F8FC2042F08072C3F8FC207BE700BF34
S31508002B900080005000ED00E00090005008B507489E
S31508002BA007F01DFFFFF706FFFFF742FFFFF748FF95
S31508002BB0FFF7F8FEFFF74CFF002008BD48B50008F0
S31508002BC000B583B0094B93E803000090ADF80410F4
S31508002BD0090C8DF806106846FFF7F0F80920FFF78C
S31508002BE02BF9002003B05DF804FB00BF40B50008D0
S31508002BF010B582B0074A536F43F0010353670024A8
S31508002C0000948DF804406846FFF704F8204602B0A1
S31508002C1010BD00BF00400050002808DB0901C9B2FA
S31508002C2000F1604000F5614080F80013704700F03D
S31508002C300F000901C9B2014B1954704714ED00E0A1
S31508002C40002807DB00F01F02400901239340024ACF
S31508002C5042F82030704700BF00E100E000280CDB96
S31508002C6000F01F024009012393402030034A42F82E
S31508002C702030BFF34F8FBFF36F8F704700E100E03E
S31508002C804211064B53F8223000F01F0023FA00F0D9
S31508002C9080F0010000F00100704700BF00E100E08D
S31508002CA0002808DB00F01F0240090123934060302A
S31508002CB0014A42F82030704700E100E010B507F0FD
S31508002CC081FE0B4B1B783BB9094B01221A7007F0A2
S31508002CD074FE6FF0040408E007F06FFE07E00521B4
S31508002CE0204606F094FB013464B24B2CF7DD10BD88
S31508002CF0B312002010B5044607F05BFE024B1C60B9
S31508002D0007F052FE002010BD640E002010B507F033
S31508002D1050FE034B1C6807F047FE204610BD00BF57
S31508002D20640E00202DE9F0418EB007460E46144683
S31508002D301D461368D3F8008091F83130002B48D02F
S31508002D400DF1180CDFF830E2BEE80F00ACE80F0012
S31508002D509EE80F008CE80F0000230093019302936E
S31508002D60039304930593A3680893237B012B3DD013
S31508002D70022B3ED14FF44073ADF82630607B06F047
S31508002D805DFBADF82800CDF834D001238DF8063068
S31508002D90A37B022B04D0032B02D0012B00D00023E7
S31508002DA08DF80030B36B6E4A1A60B36B6D4A5A6081
S31508002DB0B36B00229A60B36B6B4ADA6032462946D7
S31508002DC0384600F0AFFA0746A8B138460EB0BDE857
S31508002DD0F0810DF1180CDFF8A4E1BEE80F00ACE8AD
S31508002DE00F009EE80F008CE80F00B5E74FF400735C
S31508002DF0C2E70023C0E72369C5F8A430237E85F817
S31508002E00AB30E37D85F8AA30A37D85F8A930637DCC
S31508002E1085F8A830A37E85F8AD30637E85F8AC309A
S31508002E20237F85F8AF30E37E85F8AE302368C5F892
S31508002E30A0304E4807F0D3FD01230422A17D607D12
S31508002E40FFF718FA01230222217EE07DFFF712FA26
S31508002E50002385F8B030206907F0C1FD96F83130B7
S31508002E60002B5DD006A9404606F083FA95F8B030E7
S31508002E7043F0040385F8B030227D3D4B263203EB40
S31508002E80421214215160617DA07D227D41EA0041F4
S31508002E9003EB4212C2F8DC14E27D207E217D42EA71
S31508002EA0004203EB4113C3F8D424A37B012B3CD087
S31508002EB0032B3AD0A37B023BDBB2012B42D995F810
S31508002EC0B03013F0010F0CD0627EA17E237D42EA5A
S31508002ED001425B0103F1A04303F5703341F2CC4193
S31508002EE05A5095F8B03013F0010F10D0237D204AC0
S31508002EF0A63302EB431302215960E37E207F217D2E
S31508002F0043EA004302EB411241F2D041535008F51F
S31508002F100053184ADA640521404606F0FFF954E7DB
S31508002F2006A9404606F02BFAA6E795F8B03043F016
S31508002F30010385F8B03000230222A17E607EFFF7E8
S31508002F4099F9B7E795F8B03043F0020385F8B03041
S31508002F5000230422217FE07EFFF78CF9AFE700BF4C
S31508002F6065940008059500087F94000850B5000888
S31508002F7000C00350FF3F0D0370B5000890B5000868
S31508002F8030B583B0007D104B00EB400203EB021214
S31508002F90D56E00EB400203EB02131C6F0DF107011F
S31508002FA007F0A0FA9DF807304BB904F00204074B66
S31508002FB09D4201D0002003E024B1002000E001205A
S31508002FC003B030BD0120FBE700000450B412002016
S31508002FD0037D0E4A03EB430102EB0111C96E03EBB5
S31508002FE0430302EB0312136F03F00203084A9142EC
S31508002FF001D0002070470BB900207047036A006DA6
S31508003000984214BF00200120704700BF00000450FA
S31508003010B412002030B583B003464169026902F153
S31508003020FF3CC5684C6F01F17C020020C867506000
S315080030309060D060B1F87C006CF30E10A1F87C00AB
S3150800304091F87E0040F0100081F87E0091F87F002C
S3150800305040F0300081F87F00C1F88050C1F8844004
S31508003060012081F88C0091F878000093024B6431B6
S31508003070FDF746FE03B030BD659800082DE9F0411E
S3150800308084B0044600F1380600F118080025856367
S315080030907560B560F56090F83A3043F0100380F833
S315080030A03A3090F83B3043F0030380F83B30494F01
S315080030B0C7630764007DFDF74FFEA5637560B560BD
S315080030C0F56094F83A3043F0100384F83A3094F8EF
S315080030D03B3043F0030384F83B30E7632764207DE5
S315080030E000EB40031B0103F1A04303F58023DB6ECD
S315080030F0BB4219D00DF10F0107F0F4F99DF80F3016
S31508003100ABB194F844306FF3410384F8443000942B
S31508003110314B32462146207DFDF7F2FD207DFDF735
S315080031203BFE04B0BDE8F081FDF736FEF9E7204620
S3150800313006F0F7F9054602A9207D07F0F7F9029B84
S31508003140591E20690023A361E36123626362228B0F
S3150800315061F30E122283A27E42F01002A276E27E6C
S3150800316042F00302E276E0612562227D1B4902EB0A
S31508003170420001EB0010056FC5F3400594F8247072
S3150800318065F3410784F82470A57E63F30415A576D4
S31508003190056FF8B265F3000084F8240002EB4202DA
S315080031A001EB02110A6F9210616A62F39F01616274
S315080031B094F8442042F0020284F84420D2B263F321
S315080031C0000284F844204FEAA808636C68F39F035A
S315080031D063649CE7B4120020CD96000800000450F2
S315080031E0F0B589B004460E46007DFDF7B5FD0DF134
S315080031F01F01207D07F076F9204606F092F905466C
S31508003200236D83424AD2A26C934216D0238DC3F310
S315080032100A12324462F30E132385236D1E44266573
S31508003220A26CE36C13449E426FD0236DAB426ED002
S31508003230207DFDF7B1FD09B0F0BD701E276904F1C8
S3150800324028030021A162E16221636163B4F828C002
S3150800325060F30E1CA4F828C094F82A0040F0100069
S3150800326084F82A0094F82B0040F0030084F82B0019
S31508003270E762226394F82A2061F3041284F82A206C
S3150800328023F00302237D42F0020203EB43031B01F2
S3150800329003F1A04303F580231A67BEE79DF81F30A4
S315080032A0B3B9227D1D4802EB420300EB0313596EA6
S315080032B0C1F30A1131445B6E23F4FF4323F0700314
S315080032C043EA011302EB420200EB02104366A4E74D
S315080032D00494134B0393002302930196012300934E
S315080032E0236902462168207D05F0B2FD237D0B4A3D
S315080032F003EB430102EB0111496E21F4801103EB44
S31508003300430302EB0312516687E722658DE7012323
S3150800331084F854302046FFF7B1FE89E700000450D0
S31508003320CD96000870B588B006460C461546A0220C
S315080033300021204606F0D9FEA446AE46BEE80F0098
S31508003340ACE80F00DEF80030CCF8003004F1640C6D
S3150800335005F1140EBEE80F00ACE80F00DEF80030E9
S31508003360CCF80030AB6AA364EA6AE264236595F890
S31508003370302084F8952095F8332084F89620C4F8F0
S315080033809830012384F89C3084F85430AB6B23665C
S315080033903460374B7360374BB360374BF360374B4A
S315080033A07361374BB361374B3361FDF777FC10B167
S315080033B0354A904253D1002107A8FDF7EDFB0028B6
S315080033C04FD19DF81C302375002107A8FDF7E4FBB3
S315080033D000283FD19DF81C3084F87830207DFDF711
S315080033E0BBFC002840D1E36C0494284A03920022CF
S315080033F002920193012300932369A26C2168207D20
S3150800340005F026FD90BB237D03EB43031B0103F167
S31508003410A04303F5802342F264024FF480119950C9
S31508003420AB6B93F91000FFF73BFCAB6B93F91000FD
S3150800343005F0E9FF04F1900005F0F6FC3046FFF7C9
S3150800344059FC2046FFF71AFE207DFDF7A5FC48B17A
S31508003450102007E0207DFDF7F7FB102002E0102082
S3150800346000E0102008B070BD1020FBE71020F9E737
S3150800347073960008879600082D9800081795000887
S315080034801D950008A9980008038000F0CD9600084D
S315080034900346064A10680344054A934202D8034A7B
S315080034A0136070474FF0FF30704700BF6413002069
S315080034B000800020BFF34F8F0549CA6802F4E06216
S315080034C0044B1343CB60BFF34F8F00BFFDE700BF2C
S315080034D000ED00E00400FA05BFF35F8F074B5A6A58
S315080034E022F480325A62D3F8942022F00102C3F8FB
S315080034F09420BFF34F8FBFF36F8F704700ED00E046
S3150800350070B5FFF7E9FFA0220021214806F0FBF974
S31508003510204B21498B4206D021F01F02203AB2F1F6
S31508003520005F0FD300E01D4A1D4D286842F00102D6
S315080035301C4CC4F898001C4EC4F89C60C4F8A02023
S31508003540013028608B4210D01F3323F01F0343F04D
S315080035500303134802681349C1F89820C1F89C3040
S31508003560124BC1F8A03001320260BFF35F8F0D4BDA
S315080035700522C3F894205A6A42F480325A62BFF38D
S315080035804F8FBFF36F8FBFF34F8FBFF36F8F70BD32
S3150800359090ED00E000130020E012002000800020DB
S315080035A0680E002000ED00E003000020E17F002007
S315080035B010B4194B5A6E02F4803203F580514FF459
S315080035C080304866586E4FF000434B66134B596C73
S315080035D001F001014AF6CD341C64104B5B6B13F005
S315080035E0010FFAD10E4B01245C600C4B1B6B13F0D8
S315080035F0010FFAD011B1094B0A491964002803DBF7
S31508003600094B4FF0004159661AB9074B4FF48032FF
S315080036105A665DF8044B7047008000500040095018
S31508003620006009503254FFFF00A0005010B507F0A3
S31508003630C9F90446144B1B78DBB9144A1360144ABB
S315080036401360144A136000F02DF8012007F0EAFA17
S3150800365007F03AF90246104B186078B100230F4874
S3150800366040F2E73104F066FE0D4B1860064B012266
S315080036701A70204607F0A1F9002010BD204607F071
S315080036809CF92320F9E700BFB7120020740E00202A
S31508003690700E00207C0E0020780E002018FCFFFF1C
S315080036A06C0E002010B586B000248DF814400094E6
S315080036B0019402940394049401238DF8003016486B
S315080036C007F08DF9BFF34F8F05A8FEF7C5FF8DF8F4
S315080036D0004069462046FEF7D7FF0F21204606F030
S315080036E05DFF0F21204606F05FFFFEF799FF0B4BA3
S315080036F05B6813F0010F03D0084BDB69002BF6D18A
S31508003700064B00229A614620FFF7CAFA462005F0C2
S315080037107AFE06B010BD00BF48B5000800800A5002
S315080037202DE9F843DFF860900646D9F80080084688
S315080037301746B8F1000F03D00E242046BDE8F883DB
S3150800374006B3336801331DD1E1B100F067F80546C9
S315080037500028F1D0C9F8000000F086F8284606F0DF
S3150800376040F9044640B14046C9F8008000F07CF8AC
S31508003770284606F031F9E0E73560002FDDD0284607
S31508003780B847DAE72124D8E7800E0020024B1868EC
S31508003790003818BF01207047800E002038B505464E
S315080037A00C4601F0A9F838B1204602F0F7FD40F2C0
S315080037B06512412100F0FCF944B1236833B11B6856
S315080037C0013303D0E3680BB1A3684BB906F06FFB6E
S315080037D000204FF4C172412100F0EAF9212038BDDA
S315080037E0204601F0D9FB00230A4A85F83031C5E99D
S315080037F03743C2E9003363694BB1074A422110686F
S315080038004FF4D272C31A5842584100F0D1F9002039
S31508003810E5E700BF00130020C4100020F8B50446F1
S3150800382007F0C7F8002607460E4B1B6893B19E683B
S31508003830AEB196F82420D20711D435460FCC0FC561
S315080038400FCC0FC523682B6096F8243043F001038C
S3150800385086F82430384607F0A7F83046F8BD1B68C6
S31508003860E4E700BF6C13002010B5044618B9054BF1
S31508003870054A136010BD00F0FDF9D4F8E830002BB6
S31508003880F6D1F4E7C599000868130020084B10B470
S31508003890002A14BF14461C46064B1C6019B15DF875
S315080038A0044B06F0E5B808465DF8044B704700BFC0
S315080038B0C599000868130020D0F8E0302DE9F041DA
S315080038C005460C4613B1C38D8B424CD0D5F8DC3077
S315080038D0002B4BD09E68002E48D0D868002845D0CB
S315080038E0013800B200281ADB002106E0128A591CAA
S315080038F0A24217D209B2884211DB0B1803EBD37325
S315080039005B1003EBC30206EB8202B2F80EC003F1AA
S31508003910FF3EA445EAD90FFA8EF08842EDDA212057
S31508003920BDE8F0814FF6FF7299B29142F7D09BB28B
S3150800393003EBC30306EB83062846B6F9122095F86F
S315080039402411D5F8F080FEF7E1FE0746B8F1000F1E
S3150800395004D00023324628461946C047EC85C5F8E8
S31508003960E06085F82D710020BDE8F0810E20BDE8E5
S31508003970F08100BF2DE9F04782B004460F4616468F
S3150800398000F0AEFF00286FD1494D2B68D4F8DCA0B3
S31508003990D4F8E0800BB153456AD04FF00009AF6008
S315080039A000F0B4FF0128074604D00121002208468A
S315080039B000F0B0F92B68DAF80010D8F8002013B137
S315080039C0186888425FD0204606F0E4F994F8253056
S315080039D0C5E900A813F0010F0CBF32460122D4F83E
S315080039E0F05062F3000384F825308DF80760002D47
S315080039F050D00022204611460DF10703A84720465D
S31508003A0000F06CFC0546B9F1000F10D07EB9D4F869
S31508003A108C3013BB012F06D0002D47D0254B002133
S31508003A2003205B689847284602B0BDE8F087B5FAD8
S31508003A3085F040F2FA423321400900F0B9F83146E0
S31508003A40204600F05FFD1C4B05461B684146204694
S31508003A509847D4F88C30002BDCD000224FF4007342
S31508003A60204600F017F9D5E70023114D6B608CE767
S31508003A706B68002B91D043458FD1AB689F4215D018
S31508003A804FF001098BE7696811B1096891429DD029
S31508003A90596898E794F82A1094F82D3132469942D5
S31508003AA028BF1946204600F06BFBA8E70025BAE7B1
S31508003AB0001300207413002068130020F8B50E4682
S31508003AC0054606F076FF314607462846FFF7F4FE18
S31508003AD0044620B1384606F067FF2046F8BD00F0D8
S31508003AE0DFFE224631462846FFF744FF04460028F3
S31508003AF0F0D195F92430002BECDA284606F09EF929
S31508003B000028E7D02246284695F82C1006F054F9E6
S31508003B100446DFE770B504460E4606F04AFF31460E
S31508003B2005462046FFF7CAFF044620B9044B01465E
S31508003B305B6803209847284606F036FF204670BD86
S31508003B407413002010B5FFF721FE20B9054B1A683B
S31508003B50054B9A4204D1BDE81040044B1B68184730
S31508003B6010BD00BFB013002000800040B413002031
S31508003B7013B50446694605F0E6FF204606F06EF8DA
S31508003B80FF28024606D020469DF80010FEF74EFE96
S31508003B9002B010BD0048FBE70080FFFF08B50B46E2
S31508003BA00249194005F0D3FF002008BD070011009F
S31508003BB010B550B90548064B0160064802601868FA
S31508003BC0054B1860186805F008F910BD7013002039
S31508003BD0800E00208810002084100020D0F8E430E1
S31508003BE013B11A68032A10D8094BDB6BC3F3C20258
S31508003BF013F0380F03F0070018BF504313F4E07FA3
S31508003C00C3F3821203D050437047986A400E704738
S31508003C10008001B8431C07D06FF0FF02034B104029
S31508003C205A62A3F580535862704700BF00E000B897
S31508003C30F8B504460F46164606F0BBFE0546A047ED
S31508003C40044620B1284606F0AFFE2046F8BD03F02C
S31508003C50BFFC04220549D1F8003F23EA0703334392
S31508003C60C1F8003F024B5A64ECE700BF003000B0D1
S31508003C70002002B838B10368044A002B08BF13466F
S31508003C80034A13607047014BFAE700BF9D9B000883
S31508003C908413002010B4D0E9544122400B4052EA64
S31508003CA0030104D003495DF8044B096808475DF829
S31508003CB0044B704784130020024B986F00F00F00E6
S31508003CC0704700BF003F00B00F2938B505460C46BF
S31508003CD00ED800F01BFE01280CD1074A2846936F20
S31508003CE023F00F032343936706F090F8002038BDAE
S31508003CF02120FCE70220FAE7003F00B0014BD86F0D
S31508003D00704700BF003F00B0014B0020D9677047DD
S31508003D10003F00B003282DE9F74F0C46914600F204
S31508003D208780444B13F800A0434B1E5C434B13F8A3
S31508003D3000B006F03EFE804603F0FCFB074640B1A5
S31508003D4000230022CDE9003301200023002103F0DF
S31508003D50CFF903F0F7FB48B100230022CDE9003381
S31508003D60002000234FF4004103F0C2F9002E52D080
S31508003D70334BDD6C05F008050AEB0600314B2330A2
S31508003D805844DD64C0B201F09BFD3146504603F04D
S31508003D9081FC5A463146504603F020FD2A4BDD6425
S31508003DA0DFB12A4B1868D0F89410F83002F068F999
S31508003DB027490868FFF72EFF4FF0FF330B60254BA6
S31508003DC01A68511C06D06FF07E402349C863A1F5D6
S31508003DD08051CA634FF0FF321A60B9F1000F04D060
S31508003DE01E4B002103205B689847B4B14FF48062EC
S31508003DF01B4B1D6F03F50053C5F380251A67404614
S31508003E0006F0D2FD00F082FD012808D15DB9002038
S31508003E1003B0BDE8F08F3546AEE72546EFE7002C40
S31508003E20F0D10520F4E74FF480620E4B1A67EEE7EF
S31508003E302120EDE7D0B50008CCB50008C8B50008C4
S31508003E40004000B8006000B8005000B8800E00209E
S31508003E50801300207C13002000E000B874130020B3
S31508003E6000C001B800D001B870B50D46064620B9A5
S31508003E701A4B1B68A3B10E2011E000F047FD01287C
S31508003E8029D1174B93F90040C4F12704641BC4F1E8
S31508003E901C03002BB8BF5B42232B0CDD212070BD11
S31508003EA0A1F10B03002BB8BF5B42232BF6DC0C4BAE
S31508003EB019700020F3E786F8275006F07AFD094ABC
S31508003EC0E402136A04F4FF2423F4FF231C43146258
S31508003ED006F06AFDEDE70220E1E700BF800E00204C
S31508003EE0B812002000C000B80B4B08461A6D9202A3
S31508003EF00FD4D3F84021D1070CD4D3F83823D207EE
S31508003F0008D4D3F8803013F4706F14BF0120002052
S31508003F1070470120704700BF004001B8F8B50D464C
S31508003F20D0F8943002EA010423EA01032343C0F8D7
S31508003F3094303B4A01F00B0323EA0401D164234081
S31508003F40A2F580526F070646D36410D50121FFF704
S31508003F50CBFF60B103F03CFB4FF4007314F0040F81
S31508003F6014BF304A304A13650422304B5A64E906B6
S31508003F7006D514F0100F14BF00221B222C4B5A65CD
S31508003F802A0618D5230611D54FF40012254BDA64F4
S31508003F9006F00FFD0E210746032002F001F840F255
S31508003FA00122234B3846DA6206F0FEFC214606F16A
S31508003FB0F80002F065F8EF0503D5E0052AD501F00B
S31508003FC0DDFFA90503D5A20527D501F0E3FF15F006
S31508003FD0600F0AD0D6F8E410304605F0E0FD8022DE
S31508003FE0144BC3F88800144B1A612B0510D503F03F
S31508003FF0EFFA124A14F4006FD2F8003F14BF43F0E8
S31508004000006323F00063C2F8003F0422074B5A649A
S315080040100020F8BD01F0ACFFD3E701F0B5FFD6E705
S31508004020006000B8005001B8006001B8002002B86E
S31508004030004000B8003F00B0000002B8003000B0F1
S315080040400A78022A11D0101F4242424152004B7888
S315080040501201022B0BD0191F4B424B415B0005493D
S31508004060054842EA8312FFF7E3BD0122EFE7012381
S31508004070F5E700BFF0FFFF00554900080B78022B53
S3150800408010D0181F434243415B004A78022A0BD0DE
S31508004090111F4A424A4152000F21044843EA82024C
S315080040A0FFF7C6BD0123F0E70122F5E781490008BD
S315080040B0F8B50D7804460A2D0E4690F8247108D1F5
S315080040C00625284600F080FF18B90135EDB20A2DFD
S315080040D0F7D1284600F078FF002848D094F8243114
S315080040E0AB4209D1B288D4F8A4309A4204D1728876
S315080040F0B4F826319A4238D084F82451B388284631
S31508004100A4F82831738804F59275A4F82631B38883
S31508004110C4F8A430FF2384F82B3005F0F3FE84F8A6
S315080041202A00284601F00CF810BB284600F042FF8A
S31508004130F0B9D4F8E03053B194F82411B94206D056
S315080041402046B3F91220FEF7E1FA84F82D0120463D
S3150800415001F016F90849A4F828010123074AD1F8FD
S31508004160FC1004F1F80002F09FFD0020F8BD2120A4
S315080041700C2384F82431F9E7004F00B0983F00B0CB
S3150800418070B5054690F824010C460C281FD0FF2967
S3150800419001D1212070BD1AB14FF0FF320D4B1A60C4
S315080041A005F0B0FE064695F8240100F04BFF844260
S315080041B028BF0446E4B2B44238BF3446E0B285F8B4
S315080041C02B0001F00DFAFF28E3D00020E2E70220D9
S315080041D0E0E700BF8813002010B590F824310446A4
S315080041E00C2B44D0D0F8E03080F82A10DBB3D0F896
S315080041F0F020D2B990F82D318B421CD300222046EC
S31508004200FFF7BEFF48BB1B4B1B78063B032B23D887
S31508004210204601F0B5F818490123184AD1F8FC10D0
S3150800422004F1F80002F040FD16E0B0F94220B3F9B7
S3150800423012309A42E2DD0022204694F82D11FFF74B
S315080042409FFF50B9C4F8E000204605F01EFC4FF663
S31508004250FF739842014601D1002010BD2046BDE8F3
S315080042601040FFF72BBCFF2380F82B30F4E7022021
S31508004270F3E700BF40140020004F00B0983F00B09D
S31508004280F0B51D46144B04461B780F46164685B0F6
S315080042905BB1D0F8E030E3B102AAB3F9123000926C
S315080042A0002205F08EF805B0F0BD02A905F04BFC1A
S315080042B09DF808103A462046FEF728FA014626B920
S315080042C02A462046FFF75CFFEDE72046FFF784FF06
S315080042D0E9E71846E7E700BFBEB30008F0B5D0F82F
S315080042E09C3095B0012B03D10025284615B0F0BDAA
S315080042F004467C4905F03EFED4F8E0600146E58DAB
S31508004300C4F8E4002EB133681BB15B68002B40F09B
S31508004310A58006F04EFB01462046FFF75FFC0746E0
S31508004320084606F041FBD4F8E410B3898DF80E7000
S31508004330EB1A9BB2D6E9012000FB03226A48ADF8C6
S315080043400C3003680292994208D0204605F027FCF3
S3150800435080226649664BC1F888001A61654D644E2D
S3150800436000F0D4FA0128FBD12B6CDA07F8D4736C69
S31508004370DB01F5D494F82530DF070CD5D6F878217B
S315080043805D4BC6F8EC23D3F8F830D6F8A0209D0686
S31508004390C6F8F02369D494F82530D4F8E4106FF3FE
S315080043A0000384F82530204612919DF80E200299C4
S315080043B008AB02F0E5F880B900F0A8FA0128FBD1AD
S315080043C04B4A4C49536CD801FCD40B6CDB07F9D427
S315080043D008A901A802F01AFB18B10225284615B04B
S315080043E0F0BDE28D454B5A6400F036FE05460028BE
S315080043F07FF47BAF94F8243060F3410384F82430CB
S3150800440000F034FBD4F8E030411E5B69C9B21E687F
S31508004410FD29024604962CD9F71C3DD938490136A0
S31508004420096818BF0126C81C42D85B68FF2A049190
S31508004430059344D1DF1C27D8204604A905F007FDBB
S31508004440002E7FF451AFD4F8543198052AD494F845
S31508004450243043F0020384F8243045E71A68032A17
S315080044607FF657AF9F6A7F0E5FE7204600F088FF0A
S3150800447091E75B680128059304D0204604A905F056
S31508004480E6FC31E70126D5E701331D4B5B6818D0FA
S31508004490D91C12D80593CFE75B68FF280593F1D09E
S315080044A02A46EAE720464FF4803105F05EFB1BE713
S315080044B0FF2A5B680DD00593C2E7FF2AC0D1002208
S315080044C0BAE7DD1C08D8204604A9059305F0BFFC09
S315080044D0B9E701220593ADE7FF2AB4D100222046A9
S315080044E004A9F3E7FC4F00B090100020003F00B08D
S315080044F0000002B800C002B8004F00B0008001B842
S3150800450094130020F8B504460E4619B990F82430DD
S315080045105A0647D43B4B3C4A5B6A618EC3F3032376
S3150800452013704FF6FF739942D4F8E47004D0374BF2
S315080045301B680BB120469847354D2B68BB4256D0B1
S31508004540344B1B683BB11FB13A68002A51D0BF688B
S315080045503946204698470727204600F011FF002EC7
S315080045603BD006202C4B94F9272093F90030254997
S31508004570C3F127039B1A0A6ADB0222F4FF2203F41B
S31508004580FF2313430B62D4F8E420244B2A60986770
S3150800459001F0BEF80122224B20461A7005F036FCBF
S315080045A00020F8BD4FF6FF7C66F38613154A80F89F
S315080045B02430536A164D1449C3F30323D0F8E47024
S315080045C00B702B68A0F832C0BB4217D0114B1B6882
S315080045D0002BB8D100F0D4FE072712493B46124AF1
S315080045E0D1F8FC1004F1F80002F05EFBB9E70127E8
S315080045F0B2E71746204639469847ACE700F0C0FEB2
S315080046000127EAE700C000B8BA1200209810002077
S315080046109010002094100020B8120020006000B806
S31508004620B9120020004F00B0983F00B0054A126842
S315080046301AB190F81E1119B91047084601F0C2BC04
S31508004640014870478C10002000FEFFFF404B2DE903
S31508004650F7431D6801F4007900F00103174653EA91
S31508004660090206460C4640D04FF0000893B30023D3
S31508004670002201200021CDE9008802F039FD4146DB
S315080046802846FFF7D3FF012241462886104605F043
S31508004690FAF9D5F8941005F1F80001F0F1FC2D4966
S315080046A00868FFF7B7FA4FF0FF330B602A4B1A6812
S315080046B0511C06D06FF07E402849C863A1F5805189
S315080046C0CA634FF0FF321A6095F8243043F00403AA
S315080046D085F82430B9F1000F07D00121284605F0E6
S315080046E044FA24F4007406430C433246234628460B
S315080046F0FFF7D0FA22044FF0000308D5CDE90033BE
S315080047000022002300204FF4004102F0F1FCFB07D1
S315080047100FD51349134A086800211368116001214F
S31508004720114A117003B19847104B002102205B68AB
S31508004730984717F00E0F08D04FF409723B21002056
S3150800474003B0BDE8F043FFF733BA03B0BDE8F08322
S31508004750800E0020801300207C13002000E000B8A3
S315080047609C100020A0100020BB120020741300200B
S3150800477008B558220021064805F0B7FC1022FF218B
S31508004780044805F0B2FC03F09BFD002008BD00BFFD
S31508004790043F00B0483F00B073B581217A22A0F8E3
S315080047A014118221C0F80021C0E9411264220C23A9
S315080047B0C0E9432207224FF0FF35002680F824314E
S315080047C04FF6FF730446C28700F14C0282641F4A03
S315080047D0C385A0F8403080F82C30438642630387AF
S315080047E080F82760C0F8A450458502F0B3FE20463D
S315080047F0FFF7BEFF0122164B2046C3F8382294F96C
S315080048002710FFF731FB6023124A41F6FF71D36484
S315080048104FF03A42116311670F4A2946D364402282
S315080048200E4B20465A64D4F89420FFF777FB0E23E4
S315080048300022CDE9003340F202231046194602F061
S3150800484057FC00F0D9FB304602B070BD4000FFFFB0
S31508004850005001B8004000B8005000B8002002B867
S3150800486038B506F0A6F84FF6FF710A4A13888B4248
S3150800487003D106F099F80E2038BD074C074D1B04E6
S315080048806567A4F580546367118006F08DF80020EB
S31508004890F2E700BF3E140020006001B80000FFFFE9
S315080048A008B50C4BD3F84C21531C11D012F080429A
S315080048B00ED1094B1B681BB111460320FFF72AFAD4
S315080048C04FF08062054B1A6501225A6102229A62EC
S315080048D008BD00BF0080E00F800E0020001002B85F
S315080048E04FF40022034B586C03F500535A64C0F387
S315080048F0C0407047000002B8034BDB6913F4401F41
S315080049000CBF0120002070470080E00F0F4BDB68CA
S31508004910C3F30363013B0B2B0FD8DFE803F006064E
S315080049200C06060606080A0808080220704704202E
S3150800493070470520704703207047054B5B6913F0E5
S31508004940060F0CBF01200420704700BF000002B804
S3150800495000C001B8094AD368C3F303630B2B08D018
S315080049606FF49050184100F0010080F001004000FB
S315080049707047506C10F48030EDD17047000002B8D3
S315080049800C4AD368C3F30363062B07D8042BD8B2A3
S315080049900BD8C31E5842584140007047072B06D112
S315080049A0D2F868010028ECD1704702207047002031
S315080049B0704700BF000002B8094BDB68C3F3036306
S315080049C09A1E012A8CBF00220122012B02701EBFEB
S315080049D04FF4026222FA03F303F001030B707047E7
S315080049E0000002B8FF28074B09BF0A6851F82020C3
S315080049F0C3F878224A6818BFC3F87822C3F87C221D
S31508004A00704700BF004001B8144BFF281870144ABD
S31508004A10144B09D11821C2F8FC131022C3F8FC2341
S31508004A20114BD3F874320DE0C0431821C00000F0D2
S31508004A300800C2F8FC13C3F8FC030028F0D10A4B9F
S31508004A40D3F8783240F2FF31054AC3F30903C2F8B6
S31508004A500C11A2F58052C2F80C317047BC12002026
S31508004A60002002B8001002B80080E00F014B187849
S31508004A70704700BFBC1200204FF03A43D3F8142108
S31508004A80D2031ED54FF480320E49C1F81421A1F580
S31508004A908051C1F818215A6DD1B2C2F30722C3F862
S31508004AA0A410C3F8A4200422C3F8A4200022C3F843
S31508004AB0A420C3F8A420C3F8A420C3F8A420C3F8EC
S31508004AC0A4207047002000BAF0220B4B01219A64FB
S31508004AD0A022A3F580539A644FF03A43826CC3F838
S31508004AE0F410FC21C3F8CC10C3F8D0204FF40052C0
S31508004AF0C3F8F020704700BF006000B8F8B50D464F
S31508004B004FF03A441746064605F053FF01230421A1
S31508004B10074A6363E76026616561C2F81411054AAE
S31508004B20C2F8843105F040FF0DB102236363F8BD76
S31508004B30002000BA00E100E02DE9F0410546012415
S31508004B40006800F00700063004FA00F3A868EC686D
S31508004B505E1EA04262D000EA060E6C6810441E4330
S31508004B600640A3EB0E000EEB040C8242644618D9ED
S31508004B70D31A0EEB030298B1431E052B04D94B1C1E
S31508004B80ACEB0303022B59D80B460844ACEB010ED9
S31508004B9003EB0E0113F8014B83420C70F8D1014662
S31508004BA06C688AB1531E052B01F1010302D9E01A7C
S31508004BB0022812D80A44611E00E0013313F8010CDA
S31508004BC0934201F8010FF8D105F0F3FE0223AE6017
S31508004BD0AB62BDE8F04105F0E7BE0B46204622F081
S31508004BE0030E8E4453F804CB734540F804CBF9D131
S31508004BF022F00303D01A920701EB030C04EB030718
S31508004C00E2D0CA5C0128E254DED09CF801300228C2
S31508004C107B70D9D09CF80230BB70D5E7042A35D909
S31508004C200878043AA86148780431A86111F8020C9A
S31508004C30A86111F8010CA861A8688CE70B4620F05A
S31508004C4003070F44ACEB010E1C684EF8034004330F
S31508004C50BB42F9D120F0030310F0030F01EB030E5A
S31508004C60A0EB03040CEB030728D011F80380012CF2
S31508004C700CF8038022D09EF80130022C7B7018BFF6
S31508004C809EF80230084418BFBB7088E7013A032A29
S31508004C9012D8DFE802F00F1507020B4613F8012BAE
S31508004CA01946AA610A4612F8013BAB61114611F88A
S31508004CB0013BAB610B78AB61BDE8F08108446EE758
S31508004CC00A46F3E738B50B46154601464FF03A440F
S31508004CD068B101221048C4F8F4201A46FFF72CFFE1
S31508004CE025B14FF03A430422C3F8F42038BD73B116
S31508004CF0D4F8D8209A4284BF0122C4F8F4204FF091
S31508004D003A42C2F8D4300223C2F8F430E8E7012365
S31508004D10C4F8F430E4E700BFCC0000BA38B504465E
S31508004D2005F047FE4FF03A420121638F0546516769
S31508004D304BB3B3FA83F3C3F11903DBB2A069C2F824
S31508004D40B410C2F88C300723C2F89000C2F8B0300D
S31508004D504FF4A02302F50052C2F81431A2F580528E
S31508004D60C2F8183100220C4B1A600C4B5B6C5B02C4
S31508004D7009D54FF480020A4B04F1F8005A64D4F8B6
S31508004D80941001F07DF94FF4E0232846E363BDE86B
S31508004D90384005F009BE00BFA4100020000002B884
S31508004DA0002002B82DE9F84305460C46B1B1D0F803
S31508004DB01880478F05F0FDFDB5F83CC0791E01EA5D
S31508004DC00C0323F00702032C0646DFF8F8E04244FA
S31508004DD05ED1DEF8004024B905F0E6FD0E20BDE8F8
S31508004DE0F88324F00104DEF8000020F00100A04258
S31508004DF053D10023CEF80030238894426FEA434308
S31508004E006FEA534323803ED1EB8F08EB0709184618
S31508004E10083880B202F108044C4528BF44460828E1
S31508004E2004D9B4F800E0BEF5804F40D263440F437E
S31508004E301B1A3B409BB2AB87E887947811884FF0E2
S31508004E403A42C1F30C019165C2F89830C2F8B00035
S31508004E504FF48022174B04F00704C3F814210122EB
S31508004E60154BC3F88421FFF707FE042C0BD14FF42A
S31508004E708002124B05F1F8005B6C114B5A64D5F8A9
S31508004E80941001F0FDF8304605F08EFD0020A6E7E7
S31508004E90601E012898BF1446A5E7E88F4344E31A25
S31508004EA048BFDB1908389842A6DC304694E7224604
S31508004EB0AEE700BF002000BA00E100E0000002B83B
S31508004EC0002002B8A4100020154B10B51968CA8F27
S31508004ED08B8F488F13440138073B8C69034023F0B6
S31508004EE007031C4402F108034FF03A429BB2CB87F2
S31508004EF0C2F8B0304FF480220A4BC3F814210122BD
S31508004F00094BC3F88421A07800F00700042803D1D0
S31508004F10064AD3681B03FCD4054B1C6010BD00BFB2
S31508004F20800E0020002000BA00E100E0000002B870
S31508004F30A410002010B5064C216839B1CB0703D45C
S31508004F40044B1868FFF72EFF0023236010BD00BF2F
S31508004F50A4100020800E00204FF480320C4B0D491F
S31508004F60C3F818214FF03A43C1F81421D3F8AC100E
S31508004F70D3F88C20012302F0070206329340C1F3CE
S31508004F800C01083B994201D8FFF776BD704700BF70
S31508004F90002000BA001000BA054BA822D3F84C012D
S31508004FA03121431C0CBF0120C0F38070FEF700BE00
S31508004FB00080E00F034B1A6802609B8883800020FC
S31508004FC0704700BF4014002010B50446084B063C45
S31508004FD09B689847074B032CD3F8F80706D800F4C4
S31508004FE0C020B0F5C02018BF012010BD0020FCE786
S31508004FF0B4130020000002B80E4BD3F8FC37FF2B81
S315080050000ED0C3F3421103F01F03013303EB411221
S31508005010FE2A88BFFE23084A98BF03EB4113137084
S3150800502041F66A02054B1B68B3FBF2F3044A1360A8
S31508005030704700BF000002B84B140020C4100020BF
S31508005040A8100020063803289ABF024B18780020BB
S31508005050704700BF4B140020334BD3F8F827D3F81A
S31508005060FC17324B1B68D3F8E43013B11A68032ACD
S315080050702BD82F4BDB6BC3F3C20013F0380F03F0AA
S31508005080070218BF424313F4E07FC3F3821000D02F
S315080050904243C1F34213022B234919D9062A37D9A9
S315080050A0D1F8FC3313F0010335D14FF0E0702149F4
S315080050B0092AC1F82C012048C0F82C316FF0FF03EB
S315080050C0C1F828311DD91D4B1DE09A6A520EE0E73A
S315080050D00023D1F8FC13C907E7D5032A1CD84FF4D7
S315080050E07C71144A43F44C73C2F82C114FF0E071EA
S315080050F0C2F82C111049C1F82C316FF0FF03C2F821
S3150800510028314FF408530C4A0020C2F8283170475A
S315080051104FF40003DDE700234FF47C70054943F4A0
S315080051203873C1F82C01C0E7000002B8800E0020D1
S31508005130008001B8002002B8001002B8002DB00B9C
S31508005140F8B5834D04462978002950D12C22814888
S3150800515004F0CBFF2378804FFF223B70638800243E
S315080051607B807E4B4FF48150C3F8DC407C4B1A7031
S3150800517007227C4BD3F8F817D3F8FC6703F50053DE
S31508005180C3F8FC234FF47072C3F82C21764A4903FE
S31508005190C3F830214FF00102C3F83421C3F86C017B
S315080051A04FF40060A3F58053C3F86C0126D4C3F806
S315080051B0FC234FF4307216F0E00FC3F82C2108BF19
S315080051C04FF480524FF0080008BFC3F86C21FCF773
S315080051D065FE4FF4780420226449C1F86C213A78B8
S315080051E0063A032A2BD8DFE802F0156B6E73002304
S315080051F05F4AC2F8FC305F4A1370ABE70421C3F874
S31508005200FC1380210920C3F82C11C3F83421FCF7BC
S3150800521045FEE0E716F0E00FC6F3421204D144F467
S315080052200C3444F440740AE0012A1BBF2020524A79
S3150800523044F4C134C2F86C0118BF44F48024C1F8A0
S315080052403041FFF709FF002839D14C4B1A68B2F1F3
S31508005250406F474A5BD3D3F87C1201313BD0D3F871
S315080052607C12C9B2C2F8DC10D3F88032404ADBB2ED
S315080052704249C2F8E430D1F88432013343F63F7329
S3150800528032D0D1F884421C40C2F8D840D1F88812EE
S315080052900B40C2F8E030394BD3F88C1201312CD0D0
S315080052A0D3F88C1201F0FC01C2F8F010D3F8903252
S315080052B003F0FC032E4AC2F8F43001232B70F8BD24
S315080052C044F40834ADE744F4A73444F48074B6E7EC
S315080052D044F4FE44B3E72349D1F82831DBB2C2F8D7
S315080052E0DC30D1F82831C1E71E4CD4F82411194016
S315080052F0C2F8D810D4F82411CAE71A49D1F83431BB
S3150800530003F0FC03C2F8F030D1F83431D0E7154980
S31508005310D1F8F847D3F83012C9B2C2F8DC10D3F87E
S315080053203432DBB2C2F8E430630357BF43F62B339B
S3150800533041F61B33C2F8D830C2F8E03049BFC2F88C
S31508005340D830FC23C2F8E030DC23C2F8F030B1E7ED
S31508005350BE120020D43F00B040140020004001B81F
S315080053604A140020000002B800FFFF00001002B82F
S31508005370003F00B0BD120020002002B80080E00FF8
S31508005380D0F8A4104C22022938BF02212DE9F04F8B
S31508005390804690F824A181480139C36CD0F8DC50C6
S315080053A07F48C3F38213DA40036898F82B708B4260
S315080053B0DFF828B27B4B87B002F0010219D11C78BE
S315080053C0944216D1784C2478544512D1D8F8A8407E
S315080053D07CB1AC420DD1754CD4F8F840A60608D479
S315080053E0734C2478BC4204D1BBF8040007B0BDE86E
S315080053F0F08F01609BF800001A70FFF723FEFF2F5D
S3150800540081466A4840D1AAF10603032BD0F8F80072
S31508005410684B09D985064DD540F2FF30C3F8880098
S31508005420FB0843F4407309E0840642D540F2FF3096
S315080054300127C3F88800BB0843F438735E48C0F8F0
S3150800544088305C4B0120C3F8E0005C4B1E6840F2D4
S315080054507123B6FBF3F619234E43B6FBF3F65AB39C
S31508005460D8F8E4502DB12B68082B40F2948095F8B3
S315080054703850294605A8059604F020FD0602059C25
S3150800548046F011062D043CE009F1FF33BB4228BF64
S315080054903B46012B38BF0123D0F8F800DFB280065F
S315080054A008D540F2FF3443481B06C0F88840B7D4F5
S315080054B0C1E70127404BC5E7414B9821A3FB0623CB
S315080054C003A8039304F0FAFC039C3E4A361BA2FB8E
S315080054D006120190342104A8049204F0EFFC049DFE
S315080054E00090761B302105A8059604F0E7FC019B81
S315080054F0009A1E02059B2C4446EA0216324D0643C4
S315080055001C44324B40F6970218682B21003818BF06
S315080055100120FEF74DFBFA222C4B02FB04F01B6818
S3150800552040F6FF72B0FBF3F00A235843214B00F50F
S315080055307A74C3F8D820A3F58053C3F8D860A3F5C6
S315080055408053C3F8DC50224B224E1B78C6F8D47021
S315080055500BB9C6F8FC7086F8FB9000F58C50C8F8B5
S31508005560A8501D4D14302C6001F028FB4FF47A72B8
S31508005570C6F89800C6F8EC002B680D49B3FBF2F3A1
S31508005580ABF80430084BB4FBF2F083F800A098F8A7
S315080055902B300B702AE700256BE700BF004001B8E7
S315080055A088130020BF12002049140020004F00B0C5
S315080055B048140020006001B8005001B8C41000204B
S315080055C069C2F568B97A146E3064FC00A810002028
S315080055D0BD120020003F00B0AC100020401400208F
S315080055E010B5104B024618780F4C0C2802D1FF2034
S315080055F0207010BD831F042B34BF0121FF21FFF744
S3150800560021FD904228BF1046C0B2884238BF0846DE
S3150800561023788342EDD0054B20701868FFF7B0FE5B
S315080056202078E6E7401400204A140020800E002067
S3150800563008B50E4B024618780C2812D0FF2A13D04C
S31508005640FFF700FD904228BF1046C2B2012A38BFB4
S315080056500122074BC3F8FC200123064910460B70AC
S3150800566008BD0023FF22F8E70023F6E740140020D0
S31508005670003F00B0BD1200200020044B1870044BF8
S31508005680D3F8D420C3F8FC20704700BFBD12002011
S31508005690003F00B010B50446FEF778F878B1154B10
S315080056A01B786BB964B1144B1B784BB1134B1B7841
S315080056B0013B012B04D84FF40042114B1A6510BD6B
S315080056C0104B1B6D1B04FAD405F073F9044601F060
S315080056D07FFF4FF400420C4B2046BDE810401A6588
S315080056E002220A4BC3F824250422054B5A6405F006
S315080056F05BB900BFC0120020C1120020B010002004
S31508005700002002B8000002B8001002B800D003500A
S31508005710054BD3F8843013F0030F4FF4802314BFDE
S31508005720024A034A93647047004000B8005000B824
S31508005730006000B8594B2DE9F34193F82E800646D0
S31508005740B8F1000F40F0A8809B68554C9847012196
S315080057503A20FBF70DFF534B2578534F1E7085BB38
S315080057602846FFF797FF2378013B012B19D8E37BDF
S3150800577001A88DF80430237C8DF80530FBF7D4F8A2
S31508005780C7F824554FF6FF72484BC3F88420F82211
S31508005790A3F58053C3F884200022434BC3F824257D
S315080057A00DE04FF6FF72414BC7F82455C3F8842025
S315080057B0F822A3F58053C3F88420C7F824553C4B38
S315080057C05BE04046FFF766FF2378013B012B08D8CC
S315080057D0E37B01A88DF80430237C8DF80530FBF7B0
S315080057E0A3F80023C7F82435002ECBD062685AB335
S315080057F0304B1B6803EB5203B3FBF2F3013B1B026E
S3150800580043F0F80326782949022E2B4A1ED0032E88
S315080058104FF6FF75244826D0012E37D143F00203F0
S31508005820C1F88450C2F884300723C0F82435E37BD6
S3150800583001A88DF80430237C8DF80530FBF744F871
S315080058400120FFF727FF17E0F823DBE74FF6FF7085
S3150800585043F00103C1F88400C2F884300622124BD3
S31508005860C3F82425E3E743F00503C1F88450C2F8DA
S3150800587084300423C0F82435104B4FF080421A6553
S31508005880FFF746FF002002B0BDE8F081C1F884505A
S31508005890C2F884300023EDE70E20F4E7B4130020A5
S315080058A0B0100020C112002000C00350006000B8EC
S315080058B0002002B8C4100020005000B8001002B83A
S315080058C0034B1B6D002BBCBF024BC3F88800704707
S315080058D0000002B8004000B8304B2DE9F047DB68FD
S315080058E098474FF47A762E4BB0FBF6F618604FF4CD
S315080058F0FA73734307462B48190E1B0218182A4ACF
S315080059004FF0000341F1000102F014FD274BA0F50A
S31508005910807205461A6320B948222B21FEF748F9FA
S3150800592001254FF47A724FF0000A6A43534650082D
S31508005930310202F0FFFC1D4B1D4AB7F57A7F9A60CB
S315080059401C4B4FEA056819601B4B894604461860CC
S315080059504FEA152505D29B222B215046FEF728F93A
S3150800596001264FF47A73A8FB030103FB051173089C
S31508005970C01841F100010023324602F0DBFC0F4B50
S31508005980023419600E4B49F10009A408186044EA6C
S315080059908974064B013C9C63BDE8F087B41300206C
S315080059A0C410002020A1070040420F0000C001B823
S315080059B002110100D4100020D0100020CC100020C5
S315080059C0C81000201022044BC3F884215A60012213
S315080059D0024BDA60704700BF00E100E000C001B882
S315080059E038B501250A4B02019D504FF480730446D1
S315080059F0084A8340536604F0DCFF074AA54013783B
S31508005A0023EA05031370BDE8384004F0CDBF00BF94
S31508005A1000E101B800E001B8CA12002038B504F068
S31508005A20D1FF084B084A1D6A92F8CD405A6EE4B277
S31508005A30520744BF1D6A013404F0BFFF284604F02C
S31508005A40030138BD00C001B8003E00B0064B1B6814
S31508005A50434303EB8171054B1B68A3FB003013F12D
S31508005A60004341EB00007047CC100020C81000200E
S31508005A700C4A20F04043014610B5002014684FF048
S31508005A800042E4FB0320084A890F126802FB030060
S31508005A90064B9B6B984204D901330131C01A01F0B9
S31508005AA0030110BDD0100020D410002000C001B89A
S31508005AB0044B01F0F071103041F003010001195058
S31508005AC0704700BF00C001B808B52220FFF7F8FEEE
S31508005AD04FF48022014BDA6008BD00BF00C001B850
S31508005AE0836833B10549C268096803F13043032A5C
S31508005AF000D8704743F8041B043AF8E7E813002077
S31508005B0070B51646054600B3F9B1F2B14268104BB6
S31508005B10006803321B68920800F130409847044633
S31508005B2088B9EA68A86803323146920800F130401D
S31508005B3004F004FA044630B9D5E90402214600F116
S31508005B40304004F0D2FA204670BD2124FBE700BF9E
S31508005B509013002070B50C68651C15D0C4F3026656
S31508005B609E42C4F3074530D1A4B294422DD804EB23
S31508005B708506B24229D2141BA50824F003040E593F
S31508005B80340F04D0012C08D00022212402E06B1C1B
S31508005B9051F82320C0E9002470BD0E4C34F81330A8
S31508005BA042EA03431A686B1C51F8234001EB830150
S31508005BB04B6822405E4036F0704404D11B0F032B1D
S31508005BC004BF8B681A430024E4E7013501EB85011D
S31508005BD0C1E700BF04B6000807B501A8FCF780FCBA
S31508005BE042F201020C4B0D49C3F870224FF4FC72C5
S31508005BF0C3F8E0205822A3F58053C3F8E020084AEA
S31508005C00A3F61C7352F8040B43F8040B8B42F9D124
S31508005C1003B05DF804FB00BF006001B8104101B88D
S31508005C20D8B5000870B50324134E144DB3689847C9
S31508005C30134A144B1A6500F09BFFFFF7CDFF124B72
S31508005C40C3F8104101232B65336898474FF46073F6
S31508005C506B614FF400732B65FEF708FF0021FEF712
S31508005C60D3FE8022094B1C64A3F580535C64084B61
S31508005C70C3F884215A6070BDB4130020001002B81E
S31508005C800048F000000002B8005001B800A0095012
S31508005C9000E100E02DE9F04705460E461446DFF818
S31508005CA08480DFF884901E4F88B01CB9204608B05F
S31508005CB0BDE8F087B4F5006F4FF010024FF0000111
S31508005CC06846A24628BF4FF4006A04F00EFA082375
S31508005CD08DF800300AF1FF339BB2009A1B0143F09E
S31508005CE0036302EA090203EA0803134310220021A8
S31508005CF00DEB0200CDE90036029504F0F6F96A4686
S31508005D00387804A9FCF75AFBA4EB0A0406EB8A06C2
S31508005D1005EB8A053878FCF7AFFB0028FAD0C4E70C
S31508005D204C140020F07F300C0F80CFF3002210B502
S31508005D30274B284C5A649A64DA6494F82D2003F5A4
S31508005D40805312B14FF000721A6594F82E20002A7B
S31508005D5039D04FF400421A6594F830302BB14FF41D
S31508005D6080521D4B1A65A36A984794F831201A4B3E
S31508005D7012B14FF400521A6501225A6102229A6240
S31508005D80134AD368C3F303630D2B01D0002BF8D154
S31508005D9011231249D3631248124AFFF7B1FE01F0E4
S31508005DA03FF81148FFF79CFE1048FFF799FE104888
S31508005DB0FFF796FE4FF08062074B5A61012203F502
S31508005DC080535A6110BD01213A20FBF7D1FBC3E786
S31508005DD0000002B8B4130020001002B878B6000814
S31508005DE05CB6000874B600082CB6000844B600086D
S31508005DF014B600080F4B10491A68012302F58052A1
S31508005E00C2F8803291660D4A53600D4A53600D4AB6
S31508005E105360A2F580425360A2F54042536002F5F2
S31508005E20C032536002F580425360A2F500425360C7
S31508005E30704700BFB0130020FF0B001600D000B853
S31508005E40001000BA005001B808B504F097FA044BE0
S31508005E501B681B6FC3F300430133B0FBF3F008BDA7
S31508005E60B013002070B5044698B1B1B13A4A52F859
S31508005E70043B834213D10023384A116CC907FCD46A
S31508005E80374800EB830004F062F8364B10600122B5
S31508005E901A6470BD01330C2B02D1334D2CE001235B
S31508005EA052F8041BA142F5D1304A32F81330E3E721
S31508005EB0C2F3016335F81300110C93B211F0FE0F0B
S31508005EC043EA0043606820D00434CAB2022A216833
S31508005ED008D9D4E90160033AC3E9001698600C347E
S31508005EE00C33F3E704D16268C3E90012083403E00F
S31508005EF0012A01D1043419602268531CD8D1002222
S31508005F00164B1A6003F58053C1E7120F072AEDD81E
S31508005F10DFE802F00704090D1013181DC04303F546
S31508005F2000531860E2E71A6842401A60DEE703F594
S31508005F308053F6E703F0F7FFD8E7012203F580530D
S31508005F408240F2E7012203F500538240EDE71A6822
S31508005F5030EA0202FBD1C9E7D810002000C002B817
S31508005F60404000B000D002B804B6000896120020DF
S31508005F700122014B1A657047001002B80122014B35
S31508005F801A657047002002B84022014B1A6570470F
S31508005F90002002B84022014B1A657047001002B86B
S31508005FA0064BDB68C3F30363984206D1044A936F32
S31508005FB023F0F00343EA011191677047000002B825
S31508005FC0003F00B02DE9F743064603F0A5FF00247D
S31508005FD08046DFF8909004F0ECFC0DF107010546C9
S31508005FE00DF10600FEF7E8FC9DF806308BB9721C29
S31508005FF029D003F091FFA0EB0804284604F0D4FC4E
S315080060009DF8063013B99DF807303BB3A642E2D88F
S3150800601024E0D9F80C3013F4603FE8D0D9F818001A
S3150800602003F0E8FF731C074603D003F075FFA0EBE7
S315080060300804284604F0B8FC17F5007FE0D0384677
S3150800604003B0BDE8F083284604F0AEFC9DF80630A0
S31508006050002BC0D19DF80730002BBCD1004FEEE7CE
S3150800606000FEFFFF00C000B8044BD3F8B03010B1F3
S31508006070C3F30332027003F00F007047000002B842
S31508006080064B01F080015B6C03F480030B4302BFEF
S315080060904FF40012024BDA64704700BF000002B8E2
S315080060A0006001B84FF0B052024B1B6803F58053ED
S315080060B09A667047B0130020044B1B68986E00F070
S315080060C0B05000F16A43584258417047B013002057
S315080060D00F4B1B788BB1012B11D10E4A012102F50A
S315080060E080528B4291600FD80A4A0B49002B08BF91
S315080060F00A4693689B07FCD47047074AEEE70022D6
S315080061004FF480539A60FFDE00239B68FBE700BFCD
S31508006110CB120020004003B8000003B838B50B4B7B
S315080061200B4C002818BF1C46A569E3691D4007D01B
S31508006130084B1B682BB12846984704F50054A561FF
S3150800614038BD6B05F9D5FFF7C3FFF6E7004003B87E
S31508006150000003B8081100204FF604014FF60502A7
S31508006160044B01201B6C9BB28B4208BF1346024AA4
S31508006170136670470080E00F00C001B8034B1A6E23
S31508006180596E03F500530A401A66704700800A5094
S3150800619030B54FF04044114B1A68D2F8883002F5F2
S315080061A00055C5F8A040C3F38803C5F8A44091B1CB
S315080061B0B3F5D17F28BF4FF4D173D52B38BFD5237C
S315080061C003F14605A3F1460141EA0541D16702F507
S315080061D08052C2F8A4400380002030BDAC130020D2
S315080061E04FF48022034B00201B6803F581539A6104
S315080061F0704700BFA413002073B50446234B244DF3
S315080062009B68984701213A20FBF7B2F9E178227991
S31508006210286841EA0243C0F8F435E679A37943EAE7
S315080062200643C0F8F83523784BB18DF804100421DD
S315080062308DF805200DEB01000022FAF709FB6378BB
S315080062405BB10421A37900228DF80430E3790DEBC4
S3150800625001008DF80530FAF7FBFA2B682178012240
S3150800626003F5BE6359B103F580510A6061780222CD
S3150800627041B103F5805300201A6002B070BD03F5E2
S315080062800051F2E703F50053F5E700BFB413002009
S31508006290A81300204FF08042034BC3F88020BFF3B9
S315080062A04F8FBFF36F8F704700E100E04FF08042D9
S315080062B0014B1A60704700BF00E100E0124A10B5B2
S315080062C0D2F84C315468D269104912F4401F0FD1E4
S315080062D05A1C0DD124F0404424F44004240C240410
S315080062E00B4803F0A1FE2146BDE8104003F09CBE12
S315080062F0084A19409442F3D103F4FE43B3F5807F6C
S3150800630008BF41F4A061EBE70080E00FE0FFF01F53
S31508006310CF13468B140015012DE9F0470C4681B1C1
S31508006320B1F1006F0DD31C4BCA1C9A4209D84FF025
S31508006330000844F6FC7654F828104FEA88094B1CE6
S3150800634001D1BDE8F08703F06FFEC1F30263032BAA
S31508006350844608F10107C1F3074514D18BB2F31A35
S31508006360B5EB930F4FEA930A0DD909F1040152468A
S31508006370214403F074FE844608F10208013D08EB47
S315080063800A07A5EB0A052A46604604EB870103F0CF
S3150800639066FE07EB0508CEE7FFFF07082DE9F04183
S315080063A0044668B1B0F1006F0AD3254B00F1170215
S315080063B09A4205D8234B244A19780023994224D8AF
S315080063C000252427FFF77AFF2168FFF7A5FF6168F4
S315080063D0FFF7A2FFE668AE4221D12269111A4B42A5
S315080063E04B41B4F1006F15D3154904F117058D42D9
S315080063F010D8824222D1134A1378052B09D812499C
S3150800640041F823400133137003E052F8040BA0420D
S3150800641003D101231846BDE8F0810133CEE707FB17
S3150800642005F3A2680135D15802EB0308FFF774FF9C
S31508006430042208EB020103F012FECCE70023E9E789
S31508006440FFFF0708CD1200200C11002070B52C4B59
S315080064500C461A781AB92B4AD2F86C221A702A4AAC
S31508006460126D52054AD51D78284B05F00F06B0FB6C
S31508006470F3F040434FEA151505D140F27C622B2113
S31508006480FDF796FB0120224A0A217243B2FBF0F37C
S315080064904843B3FBF1F602EB5002B2FBF0F201FB04
S315080064A01633042BD2B207D8C3EB8310C3EB800391
S315080064B05BB283B96DB217E0C3F10B0303EB830339
S315080064C0DBB2B3FBF1F32B44DDB20F2DF2D9013A5F
S315080064D0D2B2053DEEE7053B5BB293FBF1F31D44F3
S315080064E0EBB26DB2002D04DB002042EA05122260F1
S315080064F070BD01320533D2B25DB2F5E70220F7E787
S31508006500CE1200200080E00F000002B8403B2500B4
S3150800651080969800F8B50B46002213F8044B94426F
S3150800652025D91D68854224D106245A791D79124B2E
S3150800653088181E6804FB0503104F33F8063C7B4396
S31508006540B3420ED900238A5A7A43964202D804FBEC
S315080065500300F8BD9D42FAD9013304FB03F2825ABF
S31508006560F2E740F244423D210020FDF721FB0020DE
S31508006570EFE708330132D2E72411002040420F002A
S3150800658000202DE9F04FA2FB016AB94FDFF824C3BA
S31508006590F7191D466AF10003BC4570EB030383B087
S315080065A008D240F23E220E21FDF702FB022003B07C
S315080065B0BDE8F08FD5F828908B461446B9F1000F40
S315080065C004D0D9F80030032B00F29381A94BAA4ACC
S315080065D09B6BD2F8FC90C3F31408A84B1B6F5907A2
S315080065E04EBF4FF440039B0503F0E07348EA0308E7
S315080065F0A34BD3F8EC305A0048BF48F0807848EAF5
S31508006600446803F0F5FE0746002CCFD00028CDD00D
S315080066109C4B6E62C3F800B09B4B984200F0B18168
S3150800662003F5122303F5F863984200F07381974B3C
S31508006630984200F0B1810246002300204FF0007115
S3150800664001F078FE0023013006FB03F300FB0A3352
S31508006650A6FB00021344203389499B092B60D1F815
S31508006660ECB3D1F8F033D1F878A1D1F8A0100093A3
S315080066700846584030F47F630CBF012000204FF4D1
S31508006680287201911021FDF793FA8BEA0A0232F477
S315080066907F634FF0100140F2A6220CBF01200020B4
S315080066A0FDF786FA7A4A009BD2F86012C9B2FF292A
S315080066B01CBF2AF47F6242EA0112764908BF5A468D
S315080066C08E4207D9211F012940F2278172498E423D
S315080066D000F22381B7FBF4F7C8F31301A1FB0717F0
S315080066E0AB61684BC90C41EA473118F4801F1F6833
S315080066F06A4B08BF49421960694B0F44C5E907B29E
S315080067001F60B9F1000F00F0328100236B60AB60A7
S31508006710D9F81C60D9F800A0002E49D0BAF10F0F9D
S3150800672097BF574BB9F818B0D3F88C31C3F3832BFE
S31508006730524B98BF0BF1080BD3F83C31B7FBFBF271
S31508006740DB0216D5002381EAE17EAEEBE17E5549F0
S31508006750C8F3815811F808C0194650084FEACC5CAE
S31508006760CCFB0E01009201F0E5FD009AC0F3130080
S3150800677068605F4504D3B2FA82F10D2940F30481BB
S3150800678033469103B1FBF3F14B004FEAC23E0133A6
S31508006790520C01E002330131A3FB06C0E64572EB59
S315080067A00000F7D2C1F30E01090341F00061A960A8
S315080067B0BAF1050F40F2DF80D9F82C60002E00F000
S315080067C0B680307804FB07F7A0F10400B0FA80F031
S315080067D040F20B523D214009FDF7EAF9324B9F4240
S315080067E040F20181314B9F4240F20181304A974283
S315080067F094BF0222032244F21421FF0B07EBC703BE
S3150800680007EB43039B0B013B5B0232446B615678F3
S3150800681001FB07F2B6EBD25F4FEAD25380F0E58070
S315080068202644B34240F2D7802644B34240F2E18080
S315080068302644B34240F2DF802644B34240F2DD806C
S315080068402644B34298BF052040F2C680002040F295
S3150800685026523D21FDF7ACF944F6776307FB03F3AF
S31508006860DB0D013BB34280F0BC80002026E000BF70
S31508006870006CCA88008001B8004F00B0004001B81B
S31508006880000002B82C11002000F04902005A6202EA
S315080068900080E00F00BBEEA000AE5EA72811002026
S315080068A0241100200CB6000820D4CB8F00DAF89A01
S315080068B0E0DF25A6807C814A042804D8361BB3422B
S315080068C000F10100F8D303288CBF0020012040F214
S315080068D032523D21FDF76CF901216B69A6F11402CC
S315080068E042EA86421343D9F800A06B6185F82C105A
S315080068F01FE0042BD9F828807FF483AE18F0807F38
S3150800690014BF4FF4400308F0E07328F0E07848EA33
S31508006910030876E600233A4896E6019B2AF47F6A3E
S3150800692023F47F6343F42A634AF4CC6BD2E685F8F2
S315080069302C600023BAF1060FEB6018D9D9F830306D
S31508006940ABB103F055FDD9F83010FFF7E3FD044667
S3150800695008B183781BBB03F00BFDD9F83010FFF79D
S31508006960D9FD20B1837813B1C3781B042B610020AD
S3150800697003B0BDE8F08F0023002085F82C30EB60CB
S31508006980F6E700231F485FE6C1F10E0326FA03F374
S3150800699002FA01F10133F5E600231B4854E6407973
S315080069A040F25552003818BF01203D21FDF700F985
S315080069B0207940F25652003818BF01203D21FDF7D4
S315080069C0F7F8237962791B0243EA0213EB60E3784E
S315080069D01B042B61BFE7012003288CBF0020012080
S315080069E035E7012073E7002205E701202FE701229A
S315080069F001E70220F0E70320EEE70420ECE700BFFA
S31508006A00313641DC0A3BB2DFD694BFD630B50546EF
S31508006A100C468DB059B9334B827AD3F8FC304168AD
S31508006A2031480A9300686B46FFF7AAFD6C462F4B60
S31508006A3022685A632B4BD3F8FC30002B3CD0636892
S31508006A4043B12B4B2B4AC3F83C216268A3F580530C
S31508006A50C3F83C21A36843B1254B274AC3F81C2138
S31508006A60A268A3F58053C3F81C21244AE168D2F82A
S31508006A70983194F82C0023F4EE630B43C2F898314E
S31508006A806FF078421E4B1F499A606269A3F58053DE
S31508006A909A604FF44033C1F88C3122691A4BC3F817
S31508006AA08C214FF40012D8B10A65184B1B68984719
S31508006AB01749606AFFF7CAFC0020A2690F4BC3F8A2
S31508006AC0A020E269C3F87821226AC3F8F8232A8944
S31508006AD0A3F5E0339A6203F5A03318640DB030BD10
S31508006AE01A65E2E7004F00B0800E0020008001B86A
S31508006AF0006001B8FFFF0F0000F0FF0F000002B8AA
S31508006B0000600C50002002B8001002B8B413002030
S31508006B10588001B84FF40022014B00201A657047CF
S31508006B20002002B80E4B1B68D3F88022D2070ED578
S31508006B305B6E002B0DDA0B4B4FF480029B6813F04B
S31508006B400C0F094B09D11A654FF480421A650020CB
S31508006B5070474FF48002054BF5E704490A65F3E7E9
S31508006B60B013002000400950002002B8001002B8F7
S31508006B704FF48062014B1A65704700BF001002B8D7
S31508006B8010B590B10468012C0FD902696AB1116871
S31508006B90094B102C196051685960916888BFD268F2
S31508006BA0996094BFD960DA6010BD102200210248AE
S31508006BB003F09BFAF8E700BF34110020084BC11711
S31508006BC01A68A2FB000302FB013310F1807043F13F
S31508006BD00003400E40EAC310803820EAE070704790
S31508006BE0441100200722194B70B51A64184B194A2C
S31508006BF01D68194BEC08E005C0184FEA153141F13C
S31508006C000001002301F096FB144B154E1860154839
S31508006C10FFF7D4FF4042C6F8D00049F65800FFF700
S31508006C20CDFFC6F89C001048FEF722FF024660B169
S31508006C30E301500818184FEA15714FF0000341F1A7
S31508006C40000101F077FBC6F8A80070BD000002B885
S31508006C50C410002065CD1D00B2E60E0044110020C8
S31508006C60003F00B07011010040420F0010B5044605
S31508006C7098B10B4BD3F8FC00FFF782FF4FF47A73F9
S31508006C8003FB04F0074BA0F57A60DA689B681044AA
S31508006C90C01ABDE81040FFF791BF4CF25030F8E734
S31508006CA0004F00B0341100202DE9F8430546084688
S31508006CB014461E46FFF764FF05B306F0020716F0F2
S31508006CC004061DD1D7B14FF47A706B685843002B70
S31508006CD040F08C80FFF772FF20636B69002B00F091
S31508006CE08C804A4AD0684FF47A7202FB0300A0F5FA
S31508006CF0FA50FFF763FFE062002E58D1BDE8F8832B
S31508006D002869002869D04FF47A7358433F4BA0F599
S31508006D107A609B68C01AFFF751FFA062A88B00280B
S31508006D205ED04FF47A735843384BA0F57A609B6867
S31508006D30C01AFFF743FFE061354BE968D3F80080D6
S31508006D40002950D04FF47A735943304BA1F57A6134
S31508006D509A685B68891AC91A2E4BC8171A68DFF829
S31508006D60BC90A2FB011302FB003311F1807143F1C1
S31508006D700003490E41EAC3118039274B2162D3F833
S31508006D80B8306362D9F8003053B1404603F03BF897
S31508006D9030B12246D9F800301C49D8F8D8009847AF
S31508006DA00021A869FFF762FF6063002F8BD1A868EE
S31508006DB030BB47F23050FFF701FF60614FF47A703D
S31508006DC02B6858432BB1114B1B6803F51C53103322
S31508006DD01844FFF7F3FEA06190E74CF250309AE7AB
S31508006DE04CF25030A5E74CF25031B5E7074B1B681B
S31508006DF003F51C53103318446CE747F2305078E714
S31508006E004FF47A735843A0F5FA50D4E734110020AA
S31508006E10800E002044110020003F00B030110020F1
S31508006E2070B5154C8CB001AD0FCC0FC50FCC0FC586
S31508006E3094E8070085E80700AC2200210F4803F014
S31508006E4054F99C2200210E4803F04FF92022002114
S31508006E500C4803F04AF903F00DF90B4B1B784BB1BC
S31508006E60054E01AD0FCD0FC60FCD0FC695E807002D
S31508006E7084E807000CB070BDD43F00B0B83E00B03F
S31508006E80643F00B0E04F00B0BE12002008B503F022
S31508006E9090FD0E4B1A78A2B90D4A126812F4843F77
S31508006EA00FD10C4A102111651B7863B9084B1B6872
S31508006EB0DB0508D4074B20221A65BDE8084003F015
S31508006EC073BD054AEEE7044BF5E700BFD412002070
S31508006ED0380A0020002002B8001002B810B5104B7E
S31508006EE0104AD3F8B8001478596A9A6A00F00F0065
S31508006EF021F4706122F0E052844241EA042142EA18
S31508006F0084624FF01F04084835BF9A625962596275
S31508006F10C0F8B84034BFC0F8B8409A6210BD00BF88
S31508006F2000C000B8BA12002000E000B80A4B197871
S31508006F3001F0FF0229B10021197008499202C1F82F
S31508006F400821597801F0FF0229B1002159709302EE
S31508006F50024AC2F80C317047CF120020005000B820
S31508006F60084BD3F8000F084B9A6C110107D4074A4F
S31508006F70926E920705D5D3F8F4339B0701D500F531
S31508006F8080707047003000B0000002B8004000B8BA
S31508006F9010B503F00EFD0E2104460320FFF700F896
S31508006FA040F20122034B2046BDE81040DA6203F0A6
S31508006FB0FBBC00BF004000B838B503F0FAFC4FF040
S31508006FC00043244C0546C4F88030BFF34F8FBFF307
S31508006FD06F8F0123C4F88430BFF34F8FBFF36F8FD1
S31508006FE00223C4F88430BFF34F8FBFF36F8F042397
S31508006FF0C4F88430BFF34F8FBFF36F8F0823C4F8EC
S315080070008430BFF34F8FBFF36F8F134B1B6A9847BC
S315080070101023C4F88430BFF34F8FBFF36F8F20233C
S31508007020C4F88430BFF34F8FBFF36F8F4023C4F883
S315080070308430BFF34F8FBFF36F8F4FF48073C4F85C
S315080070408430BFF34F8FBFF36F8F2846BDE83840B3
S3150800705003F0AABC00E100E0B413002038B503F041
S31508007060A8FC05464FF000430C4C236001236360DF
S315080070700423636008236360094BDB699847102380
S31508007080636020236360402363604FF4807363600A
S315080070902846BDE8384003F087BC00BF00E100E0A1
S315080070A0B4130020012370B5074C2370074B1E68E4
S315080070B0074B3240D3E9005319402840FDF7C6FA7A
S315080070C00023237070BD00BFD21200204C1100208F
S315080070D0380A00200022044B1A70044B197811B1A3
S315080070E01A70FFF7D3BE7047D3120020D4120020BF
S315080070F02DE9F047DDF8209003EA0108099B0646CA
S315080071000D4602EA000703EA090AB9F1000F40F042
S31508007110F280031F0B4300F0A180052871F10003DC
S315080071206FD250EA010300F0D481431E0B4300F0EE
S31508007130B880FFF741FF814AD2E9004323EA0503F5
S3150800714024EA06043C4343EA08077D4BC2E90047A4
S315080071501E6826EA090646EA0A061E60FFF796FE34
S3150800716016F0020F42F2020308BF0223754A764858
S31508007170D26E250383EA020122EA0302C266734A33
S3150800718003EA01038166D366C4F380424FEA0232FA
S3150800719048BF42F48072E00648BF42F40052A10696
S315080071A048BF42F400726306694B48BF42F48062E6
S315080071B0DB68250648BF42F40062664882EA030196
S315080071C023EA0203C360644B0A4017F4007F816018
S315080071D0DA6007F40071614B00F0D2800121604A41
S315080071E083F8941092F82D004FF00073002800F0F1
S315080071F0A1805C48036593695B4898474FF48025EE
S31508007200D1E04FF40043994208BF48454B4C61D042
S3150800721081458B418DD3A0F580630B4305D020F4BF
S315080072208063A3F500730B4383D103F0C2FBD4E953
S31508007230003223EA060322EA050242EA08023B4331
S31508007240C4E90032494A126892F8F610484A09B366
S3150800725013F4C06F1ED04FF4807311E003F0A9FB3E
S31508007260364AD2E9003123F004033B4341EA0801D8
S3150800727057EA0807C2E900314FF480633C4A0BD04D
S31508007280C2F81431A2F58052C2F81831BDE8F047A9
S3150800729003F08ABB4FF48073C2F81831C2F8143170
S315080072A0F4E703F086FB254AD2E9003123F001030F
S315080072B03B4341EA0801C2E9003101232D4A57EA56
S315080072C008071BBF9364A2F58052D364D36408BF32
S315080072D09364DBE703F06DFBD4E9002323F4004352
S315080072E03A4343EA0803C4E9002357EA08074FF478
S315080072F08063204AE5E750EA01037FF41AAFB9F143
S31508007300010F7FF416AF03F054FB0D4A136823F000
S31508007310010343EA0A0313604FF48063164ABAF17D
S31508007320000F04D05366A2F580521367AEE71367C1
S315080073305366ABE7114A136560E700BF380A0020B9
S315080073404C110020004000B8006000B8005000B89A
S31508007350004001B8006001B8005001B8003F00B015
S31508007360B4130020001002B8843F00B0800E00203D
S31508007370002000BA00E000B800E001B8002002B81A
S3150800738093F8942072B1544883F8941090F82D30ED
S315080073904FF00072002B00F08C80504B1A65836901
S315080073A04F4898470025E00448BF45F48035A103B7
S315080073B048BF45F48015A20748BF45F4800514F474
S315080073C0001FDFF85C8106D0D8F8000002F039FD0E
S315080073D008B945F40025E302424B48BF45F4003599
S315080073E0F8061A6A48BF45F40005610248BF45F425
S315080073F0001585EA020323F001033B491A400A6295
S315080074001D40CB61394A354B16F0010F1D62384BCA
S3150800741018BF13467A07374A48BF43F00063126F0E
S31508007420354883EA020122EA03020267334A0B401F
S3150800743041661367324A04F00103D26C3D0448BF23
S3150800744043F480632F4883EA020122EA0302C264F6
S315080074502D4A0B408164D364D8F80020200248BF27
S315080074602A4B92F8F62058BF294B610748BF43F4C8
S31508007470806322B114F4C06F18BF43F480733207D7
S315080074804FF03A42BDE8F047D2F8181148BF43F02A
S31508007490004383EA010222F4A0221E481140C0F8E4
S315080074A018111340C0F814211B4AC2F81831FFF707
S315080074B0D5BD0D490A65194AD2F8A41002F500523D
S315080074C0C2F8A410C2F8A0104FF05022C2F8A43097
S315080074D068E7BDE8F08700BFB4130020001002B8C3
S315080074E0843F00B0000002B8002002B8041C000364
S315080074F00418000300C001B800E001B800D001B8C4
S3150800750000C000B800E000B800D000B80D0A0A09AB
S31508007510090A0A09002000BA001000BA0040005003
S31508007520800E0020024B5868C0F3C000704700BFA9
S31508007530380A0020024B186800F00100704700BFA7
S31508007540380A0020024B5868C0F3C030704700BFA5
S31508007550380A002010B50446FEF764FBFFF72CFD39
S315080075602046FDF7B1FAFEF7E1FBFEF7B5F9FEF79F
S3150800757029FAFFF737FB13490723134AD1F8FC10FA
S3150800758004F1F800FFF790FB4FF080710020FEF73A
S315080075908FFA4FF000720D4B4FF400110120C3F81B
S315080075A00021FEF785FAFEF7D7FD20B940F29232A0
S315080075B01421FCF7FDFAFFF7ADFABDE810400120EB
S315080075C0FEF7B8B8004F00B0983F00B000D001B839
S315080075D0F8B5084C084D636C0423084F6B64636C5C
S315080075E05B0300D4F8BD042602207E6402F09BFCEF
S315080075F06E64F4E7000002B8001002B8002002B872
S31508007600A82238B51B4B5D6C03F500535A6410224B
S315080076109A60A3F5804302F100521A675A66FFF78B
S3150800762085FC154B1B7813B90320FEF7D9F90024FE
S31508007630124B9C67FFF7CCFF114A124BD2F8001F7A
S315080076400B40C2F8003F04220F4B5A640F4BC3F895
S31508007650D840FFF743FCAB0608D50D4BD3F8883066
S31508007660B3F5817F22BF8022024B1A61BDE83840FC
S31508007670FDF7F6B8000002B8D112002000C001B824
S31508007680003000B0DF0000FF002002B8003E00B066
S31508007690003F00B010B551B920B3154BDB681B0E7F
S315080076A013F00E0F1ED1134B1B6CD9071AD4FFF714
S315080076B06FFC0F4C0020FEF7D7FC032801D00928E1
S315080076C005D1A36ADA07F5D4A36CDB03F2D4FFF776
S315080076D07FFF0122084B5A6102229A62042203F5AF
S315080076E080535A644FF4C062044B9A6510BD00BFBC
S315080076F0000002B800C002B8001002B8006001B865
S3150800770008B503210920FEF74BFC2022014B1A611C
S3150800771008BD00BF000002B8144B10B51B78CBB9E2
S31508007720134AD2F8A030D2F8A4100B40B3F1804F18
S315080077300CD34FF040400F490F4CC1F8A400D46752
S31508007740C1F8A0004FF480210C4AD161094AC2F859
S31508007750A03010BD0A4A0B4B92F894109B690A4850
S3150800776098474FF48022054BDA61F2E7CC120020E5
S3150800777000400050006000500000FF01001002B8F1
S31508007780003F00B0B4130020843F00B038B505466A
S3150800779003F00FF90E4B04461868FDF7BFFA35B12A
S315080077A0FFF798FC2046BDE8384003F0FDB8094BC2
S315080077B01B78002BF6D0084B1D78002DF2D1FFF769
S315080077C089FC2A464FF480400021FFF76BFCE9E765
S315080077D0800E0020D3120020D21200202DE9F84F87
S315080077E05B4B06460D4614465B6C002A40F0AC809F
S315080077F013F0A00F14BF4FF001094FF00009FDF771
S315080078002FF8FFF76BFBA0234FF0000ADFF85C8127
S315080078100320C8F84430FEF7E3F80420FEF7E0F842
S315080078204C4FFFF757FC4C4B4FF0040B7B67C7F8E0
S3150800783078A0FFF7CDFE494B4FF48071D3F8D02ED0
S3150800784042F02002C3F8D02EFF22C8F80820404A8A
S315080078501161D3F8002F42491140C3F8001FC8F838
S3150800786044B0C3F8D8AE7B6913F0060F04D0FEF710
S315080078702BF95846FEF7B4F8B9F1000F09D04FF4C2
S315080078800063384A53640223C2F8F433A2F5E0329F
S31508007890936666B1344BDB6C180701D4FFF778FBA7
S315080078A0FFF72EFF0420FEF79BF8FFF73FFB284B58
S315080078B05A69D10746D5DA6812F0706FFBD12B4B9F
S315080078C02B4A5A642B4A936F23F0F003936715B13A
S315080078D02046FFF75BFF284BD3F84C315A1C01D0E2
S315080078E05B0002D50122214B5A615CB31E4BDA6E4E
S315080078F003F500539A6603F5D0331B6A1B4A23F037
S315080079000103D3611D4BD96803F50053996003F54C
S315080079100053D3F8841003F5005399674FF03A43A0
S31508007920D3F8181103F50053C3F81411144BD96C86
S3150800793003F500539964134903F5803359664FF6E6
S3150800794008435364BDE8F88F4FF0000957E700BFB6
S31508007950000002B800C001B800000101003000B004
S31508007960DF0000FF001002B8004000B8002002B88F
S3150800797010003000003F00B00080E00F004001B862
S3150800798000C000B85000002FA74B2DE9F04F9A6EA3
S31508007990DB6E87B002EA0308A44BC3F868804FF091
S315080079A03A43D3F81461D3F818311E40A04BC3F8F4
S315080079B01461A04B9A68DB6802EA030A9E4BC3F877
S315080079C008A003F52043DA691B6A02EA03099B4B00
S315080079D009F47702DA619A4BD3F80422D70606D45B
S315080079E0D3F80431DD06C3F3001740F1F88002F03E
S315080079F0E0FF944B5A695F6E12F0060F14BF01221E
S31508007A0000221B6F00921F408F4A27F0007323F451
S31508007A1000637C07536606D58C4A92F8CD3001334D
S31508007A20DBB282F8CD3002F0BFFFB8F1000F00F0EC
S31508007A30F78018F0020400F0F180854B0025D3F892
S31508007A40F4B303F500530BF00702CBF380041BF0E5
S31508007A50020FC3F8F4234FEA44542ED002F0A9FFCC
S31508007A600190FFF77DFA03467A4A12681068116892
S31508007A708842FCD010688842FCD0CDE90223FFF783
S31508007A806FFA039B029A984240F0AB8001980293E2
S31508007A9002F08AFF704A029B13606D4A526C12F418
S31508007AA0E05140F0A08023F07F4323F0DF030BB9B9
S31508007AB0FFF7A6FD4FF080731C431BF0010F13D090
S31508007AC0634B5E495B6C03F460424A64002A00F02B
S31508007AD09F801A0400F19F8013F4005F0CBF4FF0DB
S31508007AE000534FF000631C43C8F340384FEA480878
S31508007AF05A4B3340002B4BD016F4206F0AD040F671
S31508007B00A31206210020FCF753F80020FFF73EFEDB
S31508007B1026F48026F00506D5FF22484B44F4C064B7
S31508007B209A60FFF735FA16F0090F0BD040F6B8122F
S31508007B3008210020FCF73CF8FFF7E2FD4FF03A4336
S31508007B4001225A6316F0106F0CD040F6C1120921B3
S31508007B500020FCF72DF8FFF7D3FD0022114610464A
S31508007B60FDF7B0F816F4202F0AD040F6C9120721FF
S31508007B700020FCF71DF80020FFF708FE26F48026F3
S31508007B80F10301D5FDF7E8F9002EB8BF48F008085B
S31508007B9072070ED54FF03A431B6B13F4005F4FF490
S31508007BA0005317BF224A2E4A136344F4000408BF41
S31508007BB01363730548BF44F0040416F4802B00F0E1
S31508007BC0B880FDF781F9013806284BD8DFE810F0B0
S31508007BD033013601330139013C013F013F0100976A
S31508007BE023E7034642E7CDE90121FFF709FD02999C
S31508007BF0124B019A5964D10407D412F4806F0CBF52
S31508007C004FF080534FF0806356E74FF0804353E7B9
S31508007C104FF0007367E74FF0004364E7254663E7D4
S31508007C204446454664E700BF004000B8006000B817
S31508007C30002000BA004001B8006001B8002002B870
S31508007C4000E100E000C001B800E001B8003E00B065
S31508007C50000002B8D4B5000848110020090B0B89AA
S31508007C60001000BA40F6FA1203210020FBF7A0FF25
S31508007C704FF03A420121D2F88C30D2F8AC0003F02A
S31508007C800703063301FA03F3C0F30C001B1A9BB271
S31508007C90072B12D9784B5B6C58020ED47748D36CF5
S31508007CA0D26E406D58B103F0070306339940C2F30C
S31508007CB00C03C91A89B2072901D844F40074704B19
S31508007CC01B78002B35D04FF03A43D3F8143113F410
S31508007CD0A02F2ED16B4B6C4A1B7893B9FB0410D49A
S31508007CE0137873B1E308694943EA457383F00103DE
S31508007CF0D1F8001F03F001035B0021FA03F398078C
S31508007D0017D10420FDF76CFE614B62495967FFF7EE
S31508007D10E1F95D4A137843B95F4B1B782BB15F4B8A
S31508007D205F4A1B682340134201D144F4804427F478
S31508007D308057BAF1000F1DD01AF4805F18BF44F4BB
S31508007D4080241AF4807F18BF44F400241AF4005FD4
S31508007D5018BF44F010041AF4007F18BF44F020043A
S31508007D601AF4806F18BF44F040041AF4006F18BF65
S31508007D7044F08004B9F1000F3FD019F4802F18BFE2
S31508007D8045F4007519F4803F18BF44F4805419F47B
S31508007D90801F18BF44F4003419F4800F18BF44F04C
S31508007DA0020419F4003F18BF44F4801419F4000FB4
S31508007DB018BF45F0100519F4002F19D0334BD3F826
S31508007DC0D03E13F0C00F13D02B4AD368C3F3036316
S31508007DD0032B01D0072B05D1936CD90602D4D36C9B
S31508007DE01A0737D54FF400222E4B29F40029DA61F9
S31508007DF019F4001F18BF44F48004002F00F01981FD
S31508007E003B0540F189802849DFF884A0CB78274ACA
S31508007E10002B51D04FF40060013BDBB25066CB70AB
S31508007E2033B9234B1B78C3B140F60142214B5A673D
S31508007E30002300226EE044F4803419E744F4006419
S31508007E4016E744F4806413E744F4807410E744F0BA
S31508007E5008040DE744F40014CAE7DAF8783013F496
S31508007E60A05F15BF4FF4807340F60143CAF8583037
S31508007E70CAF87830DCE700BF000002B8004000B856
S31508007E80D4120020D3120020D6120020003000B0F1
S31508007E9000C001B800000101D5120020380A0020F0
S31508007EA0088D0100002002B8C212002000E001B8C7
S31508007EB0D112002000D001B80320FDF791FDDAF8B1
S31508007EC01430A24813F0060F04BF41F61F73A04AE8
S31508007ED0A04908BF53674FF400629D4B5A66DAF80B
S31508007EE0143013F0060308BFCAF87830B0F8CA3061
S31508007EF013F400625CD023F40063A0F8CA300B7850
S31508007F0003F0FF0A002B57D1FDF7DEFDFFF778FBDC
S31508007F10534620221C431543B80009D52E20FDF7E9
S31508007F20CFFC4FF000528A4B45F008051A675A668F
S31508007F30F90606D52B20FDF7C3FC1022844B1A67D9
S31508007F405A6617F0306F05D1FA045FD5009B002BEF
S31508007F5000F0AA803B0111D52920FDF7B1FCFFF7F7
S31508007F60E1FA48B17C4B7D49794A53660B6701F5BE
S31508007F704051C968480422D445F0040517F0007337
S31508007F8028D00420FDF72CFD2720FDF799FCFFF7E4
S31508007F9037FB4FF000726E4B5A66714BD3F8002FC1
S31508007FA052067BD46F4B02229A6045F002052AE0FE
S31508007FB00B784FF40053ADE74FF4004339E71367E6
S31508007FC020205366FDF77CFC2D2045F00C05FDF7B7
S31508007FD077FCD3E717F0807FDFF88CA149D004201F
S31508007FE00093FDF7FDFC2820FDF76AFCDAF87820F7
S31508007FF0009B002A3AD1FFF703FB554B564A45F03A
S3150800800001051A675A660022574B9A653A0404D541
S31508008010564B1B68984704430D437B0509D5544ABC
S315080080209378002B00F08C80013B9370002348EA7C
S315080080300308424620462946FFF734F8BBF1000FED
S3150800804001D0FCF777FF01224A4B06F00436C3F845
S315080080501461494B19F4002FC3F884211EBF4FF44D
S315080080600022404BDA6107B0BDE8F08FCAF87830D5
S31508008070C3E7F904C7D50420FDF7B2FC3F4BCAF89D
S315080080807430FDF721FDDAF8643013F0407FBAD179
S315080080902A20FDF715FCFFF7B3FA7EE7D3F8D03EA2
S315080080A09B0682D4364B7EE7314A13794BB1013BA6
S315080080B0DBB2137113B9294B324A5A6700231C43A2
S315080080C0A4E70420FDF78CFC0320FDF789FC264B6A
S315080080D02A4A5A6702F06DFC82460DF11700FDF731
S315080080E0C3FF294B1B781BB10090FEF751FF009880
S315080080F003280BD10020FDF7B7FF032806D1234B31
S315080081009A6AD007F6D49A6CD103F3D49DF817303F
S31508008110032B06D101221E4B50461A7002F044FC6E
S31508008120CCE74FF03A43D3F8143113F4A02FF1D12A
S31508008130FEF7D0FF504602F037FC4FF48043BEE707
S315080081400220FDF74DFC012371E700BF003E00B099
S3150800815000E001B8D11200201000002000D001B8BC
S31508008160003000B0002002B800C001B88C1300200F
S31508008170C2120020002000BA00E100E00000010160
S31508008180001002B80000010DD7120020000002B846
S31508008190D31200200122024B1A62DA61704700BF2F
S315080081A0002002B8094A08B5D369116A0B40084984
S315080081B023F47F00DB07C86106D5D1684FF0FF308E
S315080081C0C1F3036101F05FFF08BD00BF000002B8FC
S315080081D0002002B8154B10B59C6CDB6C1C40144B88
S315080081E0E2079C640DD5134B40F6634218781221BA
S315080081F000F00100FBF7DCFC002201200021FEF75D
S3150800820051FF630510D50B4B40F66A4258684D215D
S31508008210C0F3C030FBF7CCFCBDE8104000220020BC
S315080082204FF40041FEF73EBF10BD00BF00C000B8C6
S3150800823000E000B8380A002038B50B4D2C6C6B6C82
S315080082401C400A4B24F002021A64E20705D540F6E0
S31508008250CA4200202968FBF7ABFCA30741BF0222EC
S31508008260024B1A646B6838BD0080095000A009509B
S3150800827038B50B4C0B4DD4F88430DB0706D4A36F06
S31508008280D4F884201340084A936738BDD5F80431DA
S315080082901A06F0D5FFF7D0FF8023C5F88431EAE740
S315080082A0008001B800E100E000A001B8034BD3F854
S315080082B0D03E99430CBF012000207047003000B023
S315080082C0184BD3F8D02E12F0010312D0164B93F8A0
S315080082D05C30164A43F08073C2F8D0304FF48013EE
S315080082E002F50052C2F8B430A2F58052C2F8B8308E
S315080082F0704712F0C00FECD10B4B93F85B1021B10D
S31508008300D20602D593F85830E3E74FF480120020DE
S31508008310074B0649C3F8B820C1F8D000C3F8B42003
S31508008320704700BF003000B0003F00B0004000B802
S31508008330006000B853B94AB9002908BF00281CBF15
S315080083404FF0FF314FF0FF3000F082B9ADF1080C65
S315080083506DE904CE00F006F8DDF804E0DDE9022355
S3150800836004B070472DE9F04F099D0C46002B4DD1FE
S315080083708A420F4684469646B2FA82F360D94BB1D2
S3150800838002FA03FEC3F120029F4000FA03FC20FA1A
S3150800839002F217434FEA1E461FFA8EF44FEA1C42B2
S315080083A0B7FBF6F106FB117701FB04F042EA074238
S315080083B0904208D91EEB020201F1FF3702D2904221
S315080083C000F231813946121A1FFA8CFCB2FBF6F01C
S315080083D006FB102200FB04F44CEA024C644508D95B
S315080083E01EEB0C0C00F1FF3202D2644500F21E812E
S315080083F0104640EA0140ACEB040C002125B12CFAEA
S3150800840003F30022C5E90032BDE8F08F8B4205D997
S315080084100DB1C5E9000100210846F5E7B3FA83F175
S3150800842000294DD1A342C0F0F380904280F0F0803D
S31508008430064623460846002DE6D0C5E90063E3E76D
S31508008440002B40F0A3808A1A4FEA1E471FFA8EF6C1
S315080084500121B2FBF7F407FB14204FEA1C4242EA5B
S31508008460004206FB04F090420FD91EEB020204F10B
S31508008470FF382CBF4FF001094FF00009904203D98D
S31508008480B9F1000F00F0CC804446121A1FFA8CFC92
S31508008490B2FBF7F007FB102200FB06F64CEA024C8B
S315080084A0664508D91EEB0C0C00F1FF3202D2664570
S315080084B000F2B3801046ACEB060C40EA04409DE798
S315080084C0C1F120068B4004FA01FE22FA06F720FACB
S315080084D006FCF4408A401F434EEA0C0300FA01FEEC
S315080084E04FEA17484FEA13491FFA87FCB4FBF8F01E
S315080084F008FB104449EA044400FB0CF9A1450ED9CF
S315080085003C1900F1FF3A2CBF4FF0010B4FF0000B5E
S31508008510A14503D9BBF1000F00F08B805046A4EBB0
S3150800852009041FFA83F9B4FBF8F308FB134403FBA9
S315080085300CFC49EA0444A44506D93C1903F1FF3862
S3150800854001D2A4457BD8434643EA0040A4EB0C0479
S31508008550A0FB02984445CC46434602D306D1CE45F5
S3150800856004D20138B9EB020C68EB0703002D6CD076
S31508008570BEEB0C0264EB030422FA01F304FA06F6D6
S31508008580CC4000211E43C5E900643DE702FA03FE1C
S31508008590C3F1200104FA03F200FA03FCCC404FEAC7
S315080085A01E4720FA01F11FFA8EF6B4FBF7F00A43CC
S315080085B007FB1044110C41EA044100FB06F48C4207
S315080085C00ED91EEB010100F1FF382CBF4FF001094F
S315080085D04FF000098C4202D9B9F1000F2CD0404661
S315080085E0091B92B2B1FBF7F407FB141142EA0142E8
S315080085F004FB06F1914207D91EEB020204F1FF388B
S3150800860001D291421ED84446521A44EA004120E754
S31508008610861A64EB030301200DE7F44402384AE79F
S31508008620023C724431E702397244CCE6F44402381B
S31508008630DFE602383C4472E702387144D0E7023B71
S315080086403C4481E7023C7244DEE72946DCE600BF8B
S31508008650704700BF08B5064B044613B10021AFF3B7
S315080086600080044B1B6803B19847204600F0EFFBD7
S31508008670000000008812002007B5009313460A463A
S3150800868001460348006801F005FD03B05DF804FBE8
S31508008690EC13002070B50D4D00260D4C641BA4107C
S315080086A0A64209D10B4D00260B4C02F0E9FA641BD1
S315080086B0A410A64205D170BD55F8043B013698476B
S315080086C0EEE755F8043B01369847F2E750140020C8
S315080086D05014002050140020581400202DE9F04FA3
S315080086E098468B899DB007461B060D46144610D53D
S315080086F00B6973B9402100F00FF92860286130B979
S315080087000C233B604FF0FF301DB0BDE8F08F4023CF
S315080087106B610023CDF80C804FF00109DFF8A081CA
S31508008720099320238DF8293030238DF82A302346E3
S315080087309A4613F8012B0AB1252AF9D1BAEB040B8C
S315080087400BD05B4622462946384601F0E5FC013047
S3150800875000F0A780099A5A4409929AF80030002B2B
S3150800876000F09F8000234FF0FF320AF1010A0493BC
S3150800877007938DF853301A93CDE9052354460522FD
S315080087804F4814F8011B01F0DCFD049AD8B9D0064D
S3150800879044BF20238DF85330110744BF2B238DF88F
S315080087A053309AF800302A2B15D0079A54460020E1
S315080087B04FF00A0C214611F8013B303B092B4BD9E7
S315080087C0B0B1079214E0A0EB0803A24609FA03F336
S315080087D013430493D2E7039B191D1B68002B0391CF
S315080087E0BBBF5B4242F0020207930793B8BF0492ED
S315080087F023782E2B0AD163782A2B32D1039B023495
S315080088001A1D1B6843EAE37303920593DFF8C0A0B9
S3150800881003222178504601F094FD38B1A0EB0A00F6
S315080088204022049B013482401343049314F8011B2D
S31508008830062224488DF8281001F083FD002836D03A
S31508008840214B1BBB039B073323F007030833039312
S31508008850099B334409936AE70CFB02320C46012054
S31508008860A8E7002301344FF00A0C19460593204661
S3150800887010F8012B303A092A03D9002BC6D00591E6
S31508008880C4E70CFB012104460123F0E703AB2A46A3
S3150800889004A9384600930D4BAFF30080421C0646E8
S315080088A0D6D1AB895B063FF52DAF09982CE703AB0C
S315080088B02A4604A938460093044B00F0A5F8EDE7CC
S315080088C08CE8000896E800080000000019A10008D6
S315080088D092E8000870B50F4E0C460546316811B986
S315080088E000F0CAF930602146284600F0C5F9431C55
S315080088F003D14FF0FF34204670BDC41C24F0030496
S31508008900A042F8D0211A284600F0B6F90130F2D173
S31508008910EFE700BF8C1200202DE9F041CD1C06467A
S3150800892025F0030508350C2D38BF0C25002D01DB75
S31508008930A94204D90C2333600020BDE8F081314FE9
S3150800894000F08EF93B681C4644BB29463046FFF7C3
S31508008950C1FF431C044650D13C682146002941D139
S31508008960002C44D02368304604EB030800F084F951
S3150800897080453CD1216830466D1A2946FFF7AAFF83
S31508008980013034D023682B4423603B68002B36D053
S315080089905A68A24229D100225A600EE02268521B68
S315080089A01DD40B2A16D96119A342256018BF596030
S315080089B0636808BF396062514B60304600F056F96B
S315080089C004F10B00231D20F00700C21AB5D01B1AAC
S315080089D0A350B2E7A3426268DED13A60EDE72346C8
S315080089E06468B1E70C464968B8E71346CEE70C2336
S315080089F03046336000F03AF99EE70560DDE75B60D4
S31508008A00FFDE00BF901200202DE9FF470F7E91463A
S31508008A1080460C46782F9A460C9E01F1430207D8E9
S31508008A20622F0AD8002F00F0DD80582F00F0C3808F
S31508008A3004F1420684F842703AE0A7F16303152B65
S31508008A40F6D801A151F823F0A18A0008B58A0008D2
S31508008A50318A0008318A0008318A0008318A0008FC
S31508008A60B58A0008318A0008318A0008318A000868
S31508008A70318A0008CB8B0008438B0008838B0008DB
S31508008A80318A0008318A0008ED8B0008318A00080F
S31508008A90438B0008318A0008318A00088B8B00084E
S31508008AA033681A1D1B68326004F1420684F84230A6
S31508008AB00123A8E031682368081D30601E0601D529
S31508008AC00D6803E05D06FBD5B1F90050002D61681D
S31508008AD078DA2D200029A16084F843002DDA6D424A
S31508008AE05D480A231646B5FBF3F103FB1157C75D2C
S31508008AF006F8017D2F460D46BB42F4D9082B0BD14B
S31508008B002368DF0708D5236961689942DEBF3023E9
S31508008B1006F8013C06F1FF36921B22614B4603AA72
S31508008B2021464046CDF800A001F051FB01306FD137
S31508008B304FF0FF3004B0BDE8F08723F0040323604C
S31508008B40CDE721683368080653F8045B02D4490662
S31508008B5048BFADB26F2F33603F4814BF0A230823BE
S31508008B60002184F843106668002EA660BADB2168E7
S31508008B7021F004012160002DB4D1002EB2D1164691
S31508008B80BCE7236843F0200323607827334823682B
S31508008B9084F845701F06316851F8045B02D45F06F5
S31508008BA048BFADB23160D90744BF43F02003236004
S31508008BB01DB11023D4E72848E9E7236823F02003EA
S31508008BC02360F6E724480A23CDE733682568181D8D
S31508008BD0616930602E061B6801D5196002E06806D7
S31508008BE0FBD5198000231646236197E733680021D1
S31508008BF01A1D32601E686268304601F0A2FB08B191
S31508008C00801B606063682361002384F8433085E72E
S31508008C102369324649464046D047013088D0236802
S31508008C209B0714D4E068039B9842B8BF184681E7AF
S31508008C300123324649464046D04701303FF478AFD3
S31508008C400135E36803995B1AAB42F1DCEAE70025D4
S31508008C5004F11906F5E700BF9DE80008AEE800082C
S31508008C60014801F04ABA00BFD8120020014801F0B5
S31508008C7045BA00BFD812002038B50023054D044672
S31508008C8008462B60FAF704FC431C02D12B6803B193
S31508008C90236038BD9412002038B50546002941D016
S31508008CA051F8043C0C1F002BB8BFE418FFF7D8FF97
S31508008CB01D4A136833B9636014602846BDE8384016
S31508008CC0FFF7D4BFA34208D9206821188B4201BFF9
S31508008CD019685B6809182160EDE71A465B680BB1ED
S31508008CE0A342FAD911685018A0420BD12068014452
S31508008CF0501811608342E0D118685B6808445360D5
S31508008D001060DAE702D90C232B60D6E72068211811
S31508008D108B4202BF19685B680918636008BF216047
S31508008D205460CAE738BD00BF9012002008B5F7F7AF
S31508008D30F5FA08BD08B500F014FEFFF7F7FF00F0D6
S31508008D4037FEF7F73BFBFAE7844600224FF6FF703B
S31508008D500FE0400080B20133072B09DC10F4004F06
S31508008D60F7D0400080B280F4815080F00100F2E72D
S31508008D7001328A4205D21CF8023080EA0320002319
S31508008D80EAE77047704770477047704708B500F0C4
S31508008D9027FB08BD704708B5F7F73CFD08BD08B5C1
S31508008DA0F9F7C2FD00F031F808BD70477047704703
S31508008DB07047704708B500F00BF808BD08B5F7F717
S31508008DC045FB08BD08B5FFF7F5FFFFF7F7FF08BD38
S31508008DD008B5F7F763FB08BDFEE708B5FFF7FCFF24
S31508008DE008BD704708B5FFF7FCFF08BD704738B5E2
S31508008DF004460D46F9F7A2FD29462046FFF7F6FF79
S31508008E0038BD08B501F048FF08BD08B5F7F7C4FB3B
S31508008E1008BDFEE704E050F8042B41F8042B1A4677
S31508008E20531E002AF7D1704700230360704700E0FD
S31508008E3018460368002BFBD10B6001607047034698
S31508008E40006818B102681A60002303607047FEE7DD
S31508008E5000B589B084460E9807900D9806909DF83F
S31508008E60300005900B9804909DF828000390002088
S31508008E700290019300920B4662460121F7F7ACFD7A
S31508008E8009B05DF804FB70B505460E46144601F0B8
S31508008E9090FD2B685C4034405C402C6001F084FDFA
S31508008EA070BD38B505460C4601F068FA05B128606C
S31508008EB00CB10D23236038BD30B583B005460C468A
S31508008EC0002301934FF0E0231B6913F0040F0CD025
S31508008ED001F074FA01900C2300930DB1019B2B60ED
S31508008EE00CB1009B236003B030BD694601A8F8F7B2
S31508008EF00DF9F2E708B501F073FA0021F8F7FEFA62
S31508008F0008BD10B582B0002301930093B0F5807FA9
S31508008F1000F20781B0F5807F00F28B81DFE810F060
S31508008F205401890189018901890189018901890118
S31508008F3089018901890189018901890189018901D3
S31508008F4089018901890189018901890189018901C3
S31508008F5089018901890189018901890189018901B3
S31508008F6054018C0154018C01A401A401A401A4019B
S31508008F70A4018C01A90145016601B30145018C01D3
S31508008F808C018C018901890189018901890189017D
S31508008F90890166018C018C018C01C7012B018C01AA
S31508008FA08901890189018901890189018901890163
S31508008FB089018901890189017101A40154015401BA
S31508008FC05401B80145014501BD0181015E01160143
S31508008FD016018901890189018901890189018901A6
S31508008FE08901890189018901890189018901890123
S31508008FF08901890189018901890189018901890113
S315080090008901890189018901890189018901890102
S3150800901089018901890189018901890189018901F2
S3150800902086018901890189018901890189018901E5
S3150800903089018901890189018901890189018901D2
S3150800904089018901890189018901890189018901C2
S3150800905089018901890189018901890189018901B2
S3150800906089018901890189018901890189018901A2
S315080090708901890189018901890189018901890192
S315080090808901890189018901890189018901890182
S315080090908901890189018901890189018901890172
S315080090A08901890189018901890189018901890162
S315080090B08901890189018901890189018901890152
S315080090C08901890189018901890189018901890142
S315080090D08901890189018901890189018901890132
S315080090E08901890189018901890189018901890122
S315080090F08901890189018901890189018901890112
S315080091008901890189018901890189018901890101
S3150800911089018901890189018901890189018901F1
S31508009120AE01B0F5F06F00F0C28014D9B0F5206F2B
S3150800913000F0B3805FD9B0F5306F00F0B3806DD919
S31508009140B0F5386F52D0B0F5406F72D1002101A842
S31508009150F7F77EFE6DE0B0F5607F78D010D9B0F5F0
S31508009160B06F00F0868033D9B0F5D06F00F08B80F1
S31508009170B0F5E06F37D1002101A8F8F713F958E0E8
S31508009180B0F5007F0AD101F0F9F804464FF40070F3
S31508009190F8F786F9B4FBF0F401944AE011D9B0F572
S315080091A0207F49D0B0F5407F43D101F007F9044646
S315080091B04FF42070F8F774F9B4FBF0F464080194DE
S315080091C037E0B0F5C07F34D101F0F8F8019030E00F
S315080091D0B0F5806F48D0B0F5A06F2AD1002101A85C
S315080091E0F7F768FE25E0B0F5C06F22D1002101A887
S315080091F0F7F78CFF1DE0B0F5106F49D0B0F5186F82
S3150800920004D1002101A8F7F789FE12E0B0F5086F2E
S315080092100FD1002101A8F7F71FFF0AE0B0F5286F64
S3150800922007D1002101A8F7F7C9FF02E001F0A6F867
S315080092300190019802B010BD01F0C0F804464FF441
S315080092402070F8F72DF9B4FBF0F40194F1E700214A
S315080092506846FFF726FE009C4FF46070F8F720F981
S31508009260B4FBF0F40194E4E7002101A8F7F71AFF2C
S31508009270DFE7002101A8F8F76BF8DAE7002101A873
S31508009280FFF71AFED5E7002101A8F8F7B1F8D0E7ED
S31508009290002101A8F8F7D8F8CBE7002101A8F7F7CD
S315080092A05BFFC6E7002101A8F7F75CFEC1E70021CE
S315080092B001A8F7F7A5FFBCE708B5002903DD0121DA
S315080092C0F8F71CF908BD0021F8F718F9FAE708B508
S315080092D002214FF42070F8F755FB08BD7047436824
S315080092E013F0010F19D0836813F0010F03D0036937
S315080092F013F0010F09D00A238363436D13F0500F4F
S31508009300FBD1836C13F0030FFBD100F50053012248
S315080093105A60436813F0020FFBD1704708B5F9B1DC
S315080093200A4600F580530121596002F00F01436D8A
S31508009330C3F30B03002BFAD18163436D13F0780353
S31508009340FBD112F0010F00D0012312F0040F01D057
S3150800935043F00203826C02F003029A42FAD108BD76
S31508009360FFF7BDFFFBE7836C13F0400FFBD04164AA
S31508009370704708B500231A46F8F76CFE08BD08B50D
S3150800938000231A46F8F766FE08BD70B505460E4670
S31508009390144601F00EFB2B685C4034405C402C60A0
S315080093A001F002FB70BD70B505460E46144601F085
S315080093B000FB2B685C4034405C402C6001F0F4FAFA
S315080093C070BD0020704708B5002100F05AFB002048
S315080093D008BD09B12120704708B5FFF7F4FF08BD9D
S315080093E008B500F001F808BD0020704708B5F9F780
S315080093F0D5FB08BD08B540B2F9F70EFC08BD08B59F
S31508009400F9F72CFC08BD08B5F9F71AFC08BD08B52C
S31508009410FFF7F0FF08BD70B50C461546034630B198
S315080094205E684EB12A4621461868B04770BDF9F7FE
S315080094306DFC03460028F3D12320F7E703280BD851
S31508009440DFE800F0020D0407002070474FF4805053
S3150800945070474FF4405070474FF4805070474FF4B0
S3150800946000507047D0F8A0301B689A6C12F0800F35
S3150800947003D0DB6B0B70002070471B20704738B594
S315080094800446D0F8A0301D68AB6C13F0400FFBD033
S3150800949000231A4694F8A91094F8A800F8F7EAFEEB
S315080094A000231A4694F8AB1094F8AA00F8F7E2FEDF
S315080094B094F8B03013F0010F12D194F8B03013F0CD
S315080094C0020F16D105F5005304221A650021284615
S315080094D0FFF724FFD4F8A40001F086FA002038BD6F
S315080094E000231A4694F8AD1094F8AC00F8F7C2FEBB
S315080094F0E3E700231A4694F8AF1094F8AE00F8F79D
S31508009500B9FEDFE708B5D0F8A0301868FFF72BFFDB
S31508009510002008BD704780F89510704790F89500B0
S31508009520704710B582B004460DF10701007D00F0C2
S31508009530D9FF9DF807303BB1206DA26CE36C13444C
S3150800954083420BD002B010BD237D03EB43031B01FE
S3150800955003F1A04303F58023D86EEEE71046F1E742
S3150800956010B50446FFF7DDFF236D834201D2C01A0A
S3150800957010BDA26CE16C0A44D01AF9E738B5044666
S31508009580007DF7F7E9FB2046F9F722FD0546207D21
S31508009590F7F702FC284638BDF8B50446FFF7EEFF94
S315080095A000B1F8BD01F00EFA0646207DF7F7D4FBA8
S315080095B02046FFF7B6FF451EA36CAB4202D9E56C01
S315080095C0013D1D4494F85470207DF7F7E5FBCFB9AB
S315080095D02B46D4F898209A4212D01A78112A09D024
S315080095E0132A07D0013BA26C9A42F2D9E36C013BDD
S315080095F01344EEE7112A14BF0022012284F89C20A6
S31508009600C4F89850304601F0D8F9CAE72DE9F8436E
S3150800961004460F46154690F8959000264FF0010827
S3150800962002E094F89C304BB9AE421FD294F89630BB
S31508009630002BF6D02046FFF7AFFFF2E7B9F1000F8F
S3150800964002D03B780A2B09D0236E5B68397820460E
S315080096509847804650B901370136E5E7236E5B68BF
S315080096600D212046984780460028EDD04046BDE8A3
S31508009670F88308B590F894301BB9FFF7C7FF0020A8
S3150800968008BD0E20FCE790F89430DBB170B50446AF
S315080096900D460B69B3F5006F16D801F093F9064627
S315080096A06C6194F88C304BB1294604F19000FFF7B1
S315080096B0BEFB304601F081F9002070BD2846F9F757
S315080096C0A9FCF6E70E2070472120F6E730B583B0EF
S315080096D0144692F8543033B1936D0BB1D06D984758
S315080096E0002384F8543094F8963023B9002084F87F
S315080096F0540003B030BD2046F9F742FC0028F5D0E7
S31508009700236E5B68132120469847002507E0112B36
S3150800971014BF0023012384F89C300135EDB20F2DC8
S315080097200DD8236E1B680DF107012046984730B9FE
S315080097309DF80730112BEAD0132BEED1E7E7204628
S31508009740F9F79CFCD2E72DE9F04F83B090464AB171
S3150800975004460D46002966D0FFF710FF814628B15A
S315080097604FF00008404603B0BDE8F08F2046FFF7EB
S31508009770F7FE4746804528BF074694F896A0BAF1F3
S31508009780000F48D001F01EF90190266D2046F9F722
S31508009790F7FB8346B846002211E00133C4F8983037
S315080097A0D14612E008F1FF38B9F1000F05D0112BA8
S315080097B014BF0023012384F89C3001320136BA42D3
S315080097C00BD2D4F89830B342E7D03378112BE9D0CE
S315080097D0132BE7D005F8013BEFE7D4F89810A26CF5
S315080097E0E36C1344994213D0019801F0E6F8394620
S315080097F02046F9F7F5FC94F89630002BB2D0BBF169
S31508009800000FAFD0236E5B68112120469847A9E761
S31508009810C4F89820E8E73A46216D284600F06FFC20
S31508009820B846D346E3E74FF000089BE72DE9F04139
S3150800983080460F4616461D4600232B602968721A75
S3150800984039444046FFF77FFF034620B12C681C4485
S315080098502C60B442F2D32B6813B10020BDE8F08126
S315080098601B20FBE710B514465069002380F88C309E
S315080098709030FFF7E4FA08B1F9F7CCFB63681BB13F
S31508009880A268002120469847002010BD50B138B57F
S31508009890056801F097F80024AC65EC6501F08DF8D1
S315080098A0204638BD2220704738B5056895F89430AB
S315080098B03BBB0446FFF7EAFFF9F728FA84421CD0B7
S315080098C02B6E93F91000F9F7EBF92B6E93F910004C
S315080098D0FFF795FD287D00F0E5FD287DF7F7B4F93B
S315080098E0F7F78CF9002323606360E3606361A36183
S315080098F02B6EDB682846984738BD0020F9F7FAF939
S31508009900DEE70F20F8E701F00303DB004FF0FF0C5A
S315080099100CFA03FC07290ED810B54FEA910E0EF182
S315080099200C0150F821409A40624002EA0C0262405B
S3150800993040F8212010BD704708B5F9F7BBFD08B5FA
S31508009940FFF7FAFF08BD7047704708B5FFF71EFA1C
S31508009950FFF721FAFFF736FAFFF721FAFFF725FA9C
S3150800996008BD08B5F9F724FEFFF7EDFFF9F7A6F9E4
S31508009970F9F726F9FFF73AFDF9F73AF9F9F756FE36
S31508009980F9F7BEFDFFF7E0FF00F006F8FFF702FA69
S31508009990FFF7DBFF08BD704708B5FFF7F3F9FFF7D8
S315080099A0F2F9FFF7F1F9FFF7F0F9FFF7F4FF08BD51
S315080099B008B5FFF7FBF9FFF7FAF9FFF7F9F9FFF72B
S315080099C0F8F908BD7047431E012B03D9031F5842F7
S315080099D058417047012070474FF4D872002100F0B3
S315080099E084BB70B50446FAF7D7FE0546A8B9A1693F
S315080099F0F1B1238AD3B1204604F1100200F0A2F98E
S31508009A0038BBE16919B3638AA3B1204604F112028F
S31508009A1000F06DF978B1054603E00023A3612361E0
S31508009A20E361002328466361236270BDA061E8E70D
S31508009A302082E6E7E361216A0029F2D0A28A002A99
S31508009A40EFD02046E38ABDE8704000F00FB9618286
S31508009A50F1E76582E561DEE711B9D0F8DC1021B1DE
S31508009A60CB6813B18B68D88970474FF6FF7070477B
S31508009A7010B5F9F793FE044608B900F01EFA204619
S31508009A8010BDFAF721B9FAF745B9C08D70470A78BB
S31508009A9038B505461046FFF796FF60B14C78204664
S31508009AA0FFF791FF38B12243530704D42846BDE88F
S31508009AB03840FAF7C5BA212038BDFFF7E8BF10B518
S31508009AC004460878FFF77FFF58B14A781046FFF733
S31508009AD07AFF30B1042A04D02046BDE81040FAF7D0
S31508009AE0CDBA212010BDFFF7EABF00F071B870B5F6
S31508009AF0044600200E4600F0DCF9D4F8F0503DB1DB
S31508009B00002331462046AC46BDE870401A466047F9
S31508009B102B46012231462046FAF7B2FB284670BD8D
S31508009B2038B5044648880D4600F0C3F9D4F8F03035
S31508009B302BB929462046BDE83840FAF7B9BA0220BB
S31508009B4038BD00F0B8B900F080B800F0E1B938B512
S31508009B5004460D4600F02DFF0023C4F89050C4F8C3
S31508009B608C30BDE8384000F01FBF38B505460C46B6
S31508009B7000F01FFFD5F890301C40D5F88C302343F1
S31508009B80C5F88C3000F010FF211E18BF01210020F7
S31508009B90490238BD00207047002070477047D0F84A
S31508009BA0943003F06003402B0DD0602B03D0203B8C
S31508009BB058425841704749B10B68012B06D9486984
S31508009BC040F00100704740F20110704700207047CE
S31508009BD0F7B504461046D4E954C7DDE908268CEAE9
S31508009BE0020587EA06010540194085EA0C05794011
S31508009BF0C4E95451002523F4004106EA010320F084
S31508009C00010043F40073024043F00203CDE9005516
S31508009C10FDF76EFA94F824309A0713D5D4F8543120
S31508009C209B050FD54FF488112046FFF79EFF94F841
S31508009C302430024665F3410384F8243020460B4657
S31508009C40FAF728F8002003B0F0BD0346D0F824013F
S31508009C500860B3F8283100208B80704790F82431CB
S31508009C600C2B14BF90F82B00FF2070472DE9F0410C
S31508009C70884618F0030706461546194633D1B2F545
S31508009C80805F30D89A422ED33F2A28D9B2FA82F476
S31508009C9001220120C4F11F03DBB29A4092B2AA4204
S31508009CA02CBFC4F11904C4F11A04E2B2931DDBB245
S31508009CB0984080B2A84214D096F8F530ABB9012086
S31508009CC096F8253060F3410386F825304046FAF7C2
S31508009CD015FFC6F82080B5823846BDE8F0813A46B9
S31508009CE0EAE70020ECE72127F6E70E27F4E7F8B5C0
S31508009CF011F0030607460D46144621D102B3138810
S31508009D003F2B1DD9B3FA83F3C3F11901C9B206294A
S31508009D1001D8192B12D0062928BF062101238A1D2E
S31508009D20D2B293402846238000F0B7F823883846F5
S31508009D30FD617B82FAF7F2FF3046F8BD3146EDE762
S31508009D402126F9E738B5148811F003054FEAC4044B
S31508009D501ED13F2C1CD9B4FA84F4C4F11903DBB222
S31508009D60052B01D8192C11D0052B28BF0523012452
S31508009D700633DBB204FA03F3C3F3CF04148081611C
S31508009D8004824387FAF7CAFF284638BD2B46EEE712
S31508009D902125F9E738B51546044608460121FCF79A
S31508009DA061F801212846FCF75DF894F8253043F060
S31508009DB0010384F8253038BD38B50446154680F8C1
S31508009DC02C105AB100F03AF808B900201AE094F8B5
S31508009DD0243043F0800384F82430F6E70846FBF77E
S31508009DE027FCFF2884F82C0009D0204600F026F826
S31508009DF00028EAD094F8243065F3C713EBE7FBF79D
S31508009E003BFC212038BD8021FEF750BA38B50546FF
S31508009E10F9F774FF04462846F9F74EFF072804BFEA
S31508009E2024F47F4121F00801284614BF24F080015C
S31508009E3041F08001BDE83840F9F766BF4021FEF7DA
S31508009E4035BA90F8F400431E58425841704738B561
S31508009E50054610460C46FAF7C5FDD5B1D5F8E030EB
S31508009E60BBB15B69ABB1421ED2B2FD2A13D90A68EF
S31508009E70013204BF6FF001020A600A68FF281A60FF
S31508009E8007D16268013202D16FF00102626062682E
S31508009E905A60002038BD0128F2E74FF03A43012204
S31508009EA05A6741F6FF72D96418651A677047FAF758
S31508009EB0F7BC0020704700207047704710B504684B
S31508009EC00246090494B9D9B1B1FA81F3C3F1200362
S31508009ED0C3F10F00012838BF012003F01F03D94042
S31508009EE08C4201D201384908116010BDB4FA84F3D6
S31508009EF031B1B1FA81F01B1A002BE9DC0F20EFE72C
S31508009F000F20F1E70638042834BF0120FF207047E8
S31508009F10704700200021704708B5FBF77FFDBDE8B4
S31508009F200840FBF793BD38B50446FFF7F5FF05462D
S31508009F30FFF7F2FF431BA342FAD338BD08B521B198
S31508009F40920000F0DCF8002008BD2120FCE700F0B4
S31508009F506F43B3F1804F02D0B3F1204F02D120F006
S31508009F607040704700F06043B3F1204F08BF20F0FF
S31508009F70805070470B0C23F48053B3F5284FF7B580
S31508009F800D468FB2064699B216D04AF60103994293
S31508009F9014D04AF60203994212D0B1F5204F14BFE5
S31508009FA004240324D6F8E0300BB1196851B9D6F861
S31508009FB0DC3093B928680EE00024F3E70124F1E7C2
S31508009FC00224EFE7234668463A46FBF7C3FDDDE978
S31508009FD00003002BEBD103B0F0BD19680029E9D0C6
S31508009FE0234668463A46FBF7B5FDDDE90003002B34
S31508009FF0E0D1F0E70204C0F3891307D56FEA83536B
S3150800A0006FEA935313F5007F18B206D0A3F1C80080
S3150800A0106FF4FF739842B8BF184670470020FCF7E4
S3150800A0207DB80120FCF77AB800EB8023C0EB8313D8
S3150800A03053FA81F303EB8322C3EB8213C1F307229E
S3150800A040134403EB8322C3EB8213C1F30742134481
S3150800A05003EB8322C3EB821303EB1160704738B519
S3150800A0600D46144604B938BD55F8041BFFF7DCFF46
S3150800A070013CF7E77047FDF787BCFDF785BCFDF7A0
S3150800A08083BCFDF781BC08B50846FEF783F808BD12
S3150800A090FDF77ABC30B514469BB005461A46002C27
S3150800A0A005DA8B2303604FF0FF301BB030BD4FF449
S3150800A0B00273009104916946ADF80C3014BF04F19F
S3150800A0C0FF332346029305934FF6FF73ADF80E3020
S3150800A0D01E9BFEF703FB431CBCBF8B232B60002C87
S3150800A0E0E3D0009B00221A70DFE70244034693423E
S3150800A0F000D1704703F8011BF9E7704770470A4417
S3150800A100431E914200D1704710B511F8014B914298
S3150800A11003F8014FF9D110BD2DE9F0471F468E68A7
S3150800A12082460C46BE4290460B682DD8B1F90C20E3
S3150800A13012F4906F26D06569096905EB4505A3EB0E
S3150800A14001097B1C05EBD5754B446D109D4238BF44
S3150800A1501D46530527D52946FEF7DEFB064660B39E
S3150800A1604A462169FFF7CBFFA38923F4906343F09E
S3150800A1708003A38126614E446561A5EB0905266027
S3150800A1803E46A560BE4200D93E4632464146206854
S3150800A19000F0BDF8A36800209B1BA3602368334426
S3150800A1A02360BDE8F0872A4600F083F806460028B3
S3150800A1B0E0D121695046FEF76FFD0C234FF0FF30C2
S3150800A1C0CAF80030A38943F04003A381E9E72DE9E3
S3150800A1D0F047164698468A6807460B690C46DDF826
S3150800A1E020909342B8BF1346336091F843200AB1D2
S3150800A1F0013333602368990642BF336802333360FC
S3150800A200256815F0060506D104F1190AE3683268CF
S3150800A2109B1AAB422BDC94F843302268003B18BFEC
S3150800A2200123920630D404F1430241463846C84712
S3150800A230013023D023681A3454F80A2C03F0060395
S3150800A240042B0ABF54F80E5C002533684FF000064D
S3150800A25008BFED1A54F8123C08BF25EAE575934283
S3150800A260C4BF9B1AED18B5421AD1002008E0012395
S3150800A270524641463846C847013003D14FF0FF30B1
S3150800A280BDE8F0870135C1E7E1185A1C30200233D2
S3150800A290224481F8430094F8451082F84310C2E737
S3150800A2A00123224641463846C8470130E6D00136E2
S3150800A2B0D9E72DE9F041804615460C4621B91146E5
S3150800A2C0BDE8F041FEF728BB2AB9FEF7E5FC0024F5
S3150800A2D02046BDE8F08100F042F88542064602D8DD
S3150800A2E0B5EB500FF4D829464046FEF715FB07464E
S3150800A2F00028ECD0B5422A46214628BF3246FFF749
S3150800A300FEFE214640463C46FEF7C6FCE0E788428C
S3150800A31010B501EB020402D98442234607D8431E2E
S3150800A320A14208D011F8012B03F8012FF8E70244DF
S3150800A33001468A4200D110BD13F8014D02F8014DBD
S3150800A340F7E7C9B20346024410B59342184601D14D
S3150800A350002003E0047801338C42F6D110BD51F891
S3150800A360043C181F002BBCBF0B58C01870470000D0
S3150800A370014B1868704700BF5013002008B50B4BF7
S3150800A3801B6F03F00703013B032B09D8DFE803F033
S3150800A3900B020509FFF7ECFF04E0054B186801E01E
S3150800A3A0FEE7044808BD0448FCE700BF00800050EB
S3150800A3B05813002080D54302002D310108B5FFF758
S3150800A3C0DDFF054B1B6FC3F303330133B0FBF3F01B
S3150800A3D0024B186008BD00BF008000504C130020D7
S3150800A3E00048704700B4C40400487047002D310186
S3150800A3F0014B1868704700BF581300200048704783
S3150800A40080D543021A4B4FF400225A664FF0B443E4
S3150800A4109868C0F304400C2808D8DFE800F009075C
S3150800A4200707070722181A071C1E20000020704776
S3150800A4304FF0B4439B6803F04073B3F1807F12D0AA
S3150800A440B3F1007F11D003B170470A4870470A4834
S3150800A45070470A4870470A4870470A4870470A48CA
S3150800A46070470A4870470A4870470A48ECE700BF31
S3150800A4700090005000093D000024F400C0EA2101C4
S3150800A48080BA8C010048E801005A6202405DC600A5
S3150800A49080841E0040420F00014B1868704700BFB9
S3150800A4A05413002008B50A4B1B7853B107280AD85D
S3150800A4B0084B03EB00131B7B3BB1F7F7CBFF0020E0
S3150800A4C008BD0548FCE70548FAE70548F8E700BF70
S3150800A4D0B1120020B80D0020028000F0018000F0C3
S3150800A4E0078000F00C4B1B7873B110B50C46072893
S3150800A4F00CD869B1094B03EB00131B7B53B1F7F773
S3150800A500BBFF2070002010BD054870470548FAE7D4
S3150800A5100448F8E70448F6E7B1120020B80D002011
S3150800A520028000F0018000F0078000F00C4B1B78D9
S3150800A53073B110B50C4607280CD869B1094B03EB63
S3150800A54000131B7B53B1F7F7B1FF2060002010BD45
S3150800A550054870470548FAE70448F8E70448F6E767
S3150800A560B1120020B80D0020028000F0018000F032
S3150800A570078000F040B9054B5B6813F0010F03D064
S3150800A580024B9B6D002BF6D1704700BF00800A5026
S3150800A59008B9014B5964704700900A5008B9014B35
S3150800A5A05964704700A00A5008B9014B19647047EE
S3150800A5B000A00A5010B9024B186C7047002070476B
S3150800A5C000800A5038B505460C46FFF7D3FF55B943
S3150800A5D01CB1012C04D0002006E0044BD86C03E023
S3150800A5E0024B186D00E0002038BD00BF00800A50FD
S3150800A5F070B505460C461646FFF7BCFF15B914B1EB
S3150800A600012C03D070BD034BDE64FBE7014B1E65CE
S3150800A610F8E700BF00800A50B8B1036803F03F00AE
S3150800A620C3F3821213F4E07F03D0012A0FD1094A3B
S3150800A63000E0094A31B102F58052012383401360D4
S3150800A6400020704702F50052F7E70E2070470E20EB
S3150800A650704700BF68800050648000504161114B0C
S3150800A6601B68CBB110B4002403E0891A41611C466B
S3150800A6709B6823B15A698A42F7D9002AF5D044B1B2
S3150800A680A060836013B15A69521A5A615DF8044B87
S3150800A6907047044A1060F4E7024B18600023836091
S3150800A6A0704700BF740E0020104B1B680246B8B1F5
S3150800A6B0002101E019469B680BB19342FAD19342F7
S3150800A6C010D149B193688B6093686BB15969526927
S3150800A6D011445961002070479168044B1960F3E7EB
S3150800A6E0222070470220704700207047740E002011
S3150800A6F008B500F0DBF80B4B1B680B4A1268821A88
S3150800A70003E0521A002159619B683BB132B159697D
S3150800A7109142F6D3891A59610022F5E7024B18606F
S3150800A72008BD00BF740E0020700E00200B4B1B687E
S3150800A73000220B490A70012A0ED86BB1D98811F08C
S3150800A740020F05D19B68002BF5D059690A44F2E738
S3150800A750034B01221A707047704700BF740E002021
S3150800A760B61200200D4B1B68B3B110B55B6963B117
S3150800A7700B4A14681C44022000F054FA204600F0E4
S3150800A780B1F8FFF7D3FF002010BD022000F04AFA07
S3150800A790022000F0F9F8F4E722207047740E002032
S3150800A7A0700E002070B500F00DF9054600F07EF831
S3150800A7B00446084B1E68012000F01DFA28B92846F1
S3150800A7C000F0FBF82046314670BD00F06FF80446ED
S3150800A7D00136F4E77C0E002008B5084B1968A1FB82
S3150800A7E0000140F2E733C0184FF47A724FF00003C5
S3150800A7F041F10001FDF79EFD08BD00BF780E00205F
S3150800A800F8B5044610F0010F03D114F0020F09D170
S3150800A810F8BD234A136801331360FFF769FFFFF792
S3150800A820A1FFF2E700F0CEF80546FFF761FF002723
S3150800A8303E4616E09B683BB15A692AB921791A79CE
S3150800A8409142F7D91C46F5E7284600F0B6F82046A7
S3150800A85000F083F9E788013600F0B4F80546FFF7FB
S3150800A86047FF104B1C681CB163690BB92346E2E726
S3150800A8700D4B00221A70012E07D0FFF773FF22280E
S3150800A88009D0284600F099F8C2E717F0020FF4D06D
S3150800A89001221A70F1E7022000F05CF8F1E700BF28
S3150800A8A07C0E0020740E0020B5120020054B5B6854
S3150800A8B013F0010F03D0034BDB69002BF6D1014BD4
S3150800A8C09869704700800A5000B583B001A9044B07
S3150800A8D0187900F07DF8019803B05DF804FB00BF15
S3150800A8E058B50008F8B5044600F063F80646FFF7C1
S3150800A8F0DDFF054600F090F907460020FFF75AFEEF
S3150800A90010F0020F04D17B1B032B01D8BD420FD1D7
S3150800A910631B022B00D8EC1CB4F1FF3F2CBF224668
S3150800A920621E00210846FFF763FE022000F07AF94E
S3150800A930304600F039F8054B1B782BB1044B012241
S3150800A9409A64024B00221A70F8BD00BF4714002013
S3150800A95000900A5008B510F0010F0ED1002110F032
S3150800A960020F06D041F002010123054A1370054A79
S3150800A97093640020FFF712FE08BD0121EFE700BF30
S3150800A9804714002000A00A5010F0020F02D0024B14
S3150800A99002221A64704700BF00900A504FF4004024
S3150800A9A070474FF47A70704710B962B6BFF36F8F6D
S3150800A9B07047EFF3108072B6704780F31188BFF3C3
S3150800A9C06F8F7047EFF31180302383F31188704738
S3150800A9D019B108B500F00DF808BD2220704708B572
S3150800A9E00121FFF719FE08BD08B50021FFF714FE7F
S3150800A9F008BD70B504460E46FFF7E4FF05461F2C52
S3150800AA0000F2A780DFE804F01019A520272EA53547
S3150800AA103CA543A54A51A5585F66A56DA574A59E94
S3150800AA20A57BA582A5899097FFF7A8FC306000242E
S3150800AA302846FFF7C2FF204670BD4FF4C070FEF7E8
S3150800AA4060FA30600024F3E74FF42070FEF759FAF5
S3150800AA5030600024ECE74FF44070FEF752FA30609D
S3150800AA600024E5E74FF46070FEF74BFA30600024E7
S3150800AA70DEE74FF40070FEF744FA30600024D7E7AB
S3150800AA804FF48060FEF73DFA30600024D0E74FF4BB
S3150800AA904060FEF736FA30600024C9E74FF4C0601C
S3150800AAA0FEF72FFA30600024C2E74FF4F060FEF795
S3150800AAB028FA30600024BBE74FF4B060FEF721FAAD
S3150800AAC030600024B4E74FF4D060FEF71AFA30601D
S3150800AAD00024ADE74FF41060FEF713FA3060002447
S3150800AAE0A6E74FF4E060FEF70CFA306000249FE713
S3150800AAF04FF4A060FEF705FA3060002498E74FF49B
S3150800AB001860FEF7FEF93060002491E74FF42860DC
S3150800AB10FEF7F7F9306000248AE74FF48070FEF7F5
S3150800AB20F0F93060002483E74FF43060FEF7E9F966
S3150800AB30306000247CE74FF42060FEF7E2F93060CD
S3150800AB40002475E74FF40860FEF7DBF9306000244F
S3150800AB506EE70023336021246AE72DE9F0410446B5
S3150800AB6005696DBB00252F462E46002D39D0236971
S3150800AB70FBB1F5B9BE1BA38B6BB1E28B13449BB239
S3150800AB80E383B3F57A7F06D3A3F57A73E383013EAD
S3150800AB90A369013BA361FFF715FF05463146204629
S3150800ABA0FFF75CFDA36922691344A3612846FFF7F2
S3150800ABB004FFE36813B1216820469847BDE8F08191
S3150800ABC02F46FFF773FEA369C61AF217AE4272F153
S3150800ABD0000204DB22691344A3610125C5E70025A9
S3150800ABE0C3E7FFF7EFFE80462046FFF75DFD4046C8
S3150800ABF0FFF7E3FEBBE710B504460020FFF7DAFCD3
S3150800AC00012C04D0022C05D1C0F3400003E000F06B
S3150800AC10010000E0002010BD08B500210846FFF736
S3150800AC20D1FC08BD08B510F0010F09D1002110F0BC
S3150800AC30020F01D041F002010020FFF7A9FC08BD70
S3150800AC400121F4E738B5FFF7BDFE04460020FFF7FB
S3150800AC50B1FC10F0010F11D1002510F0020F01D040
S3150800AC6045F0020500F003010020FFF79DFC284689
S3150800AC70FFF7C6FD2046FFF7A0FE38BD0125ECE725
S3150800AC80F8B500BFF8BC08BC9E467047F8B500BFCB
S3150800AC90F8BC08BC9E4670475FF800F0E112002039
S3150800ACA050415353000000004641494C0000000043
S3150800ACB00D0A3D3D3D204E6574416E616C797A659D
S3150800ACC0725F464732335F563031202846535F4E0F
S3150800ACD03D256429203D3D3D0D0A554152542031FC
S3150800ACE0313532303020382D4E2D31202F2050422C
S3150800ACF030313D545820504230323D52580D0A00EA
S3150800AD005B53325D2043524331362F4343495454F3
S3150800AD102D46414C53452025730D0A00202020203E
S3150800AD20202231323334353637383922203D202532
S3150800AD3030345820286578702025303458290D0A73
S3150800AD40000000002020202020224142432220200B
S3150800AD5020202020203D2025303458202865787072
S3150800AD602025303458290D0A000000005B53315D58
S3150800AD70207469636B3D256C750D0A0041424300DA
S3150800AD803132333435363738390000004CAE0008D6
S3150800AD9000000000A4AD000802000000000000004A
S3150800ADA0C01753021CAE0008ECAFA81AD430000036
S3150800ADB0000000001800FF7F1413002000000000A8
S3150800ADC044B3000800000000ECAD0008ECAFA81A78
S3150800ADD0D4300000640064007C00FF7F1413002058
S3150800ADE00000000044B3000800000000FC4F010307
S3150800ADF0F0B200087440040112007017B42B00006A
S3150800AE000000000059FF000024420101F82E00004E
S3150800AE10F84F010300000000FFFFFFFFFC4F01038E
S3150800AE20F0B200087440040112002800B42B000098
S3150800AE3000000000590F00002442010168000000CC
S3150800AE40F84F010300000000FFFFFFFF0C4002005F
S3150800AE5001800000FF4000002040020000000000C2
S3150800AE60000000003040070000000000000000005D
S3150800AE700000000000000000000000000040000084
S3150800AE80A007000050400100000000005C400200DE
S3150800AE900000000000000000A840010007000000B4
S3150800AEA0BC40040000000000000000000000000094
S3150800AEB0000000000841040000480000FF4C0000A4
S3150800AEC000490000FF4D000020C0011000F80700EF
S3150800AED020C00130FE01280024C00110FF00000038
S3150800AEE024C001300013000028C00800EC80B3031A
S3150800AEF043754051A00F00F830400000A8AA07008B
S3150800AF0000000000000000000000000054C014000B
S3150800AF1087213000F400E3E6DC02000086B7CFDCC8
S3150800AF20E300000088C6020080040000BA1400008E
S3150800AF3000000F002C004D007500AC00EF00D40196
S3150800AF40D502E603BD05BF07F709A30DAD11D9164E
S3150800AF50C71DB626CE31FF3FD039FF3FFF3F000061
S3150800AF60A8C00500BD4B721511A3180510325476FA
S3150800AF70980A000000000000CCC00400FE01000092
S3150800AF800000000001000A00010028000800010175
S3150800AF90C40700001800010100FF0000200001019D
S3150800AFA00884000040400D01000030300000000019
S3150800AFB010000000000000040FC0820000000020FE
S3150800AFC00000000000000003000000200000000050
S3150800AFD0F47E1400400C000088010000844015012E
S3150800AFE000000000300309000000066200000000AF
S3150800AFF0040A142232414A4F0000000000000000F3
S3150800B0000000000000000000000000000000000032
S3150800B0100000000000000000000000000000000022
S3150800B0200000000000000000000000000000000012
S3150800B03000000000E0400111F8010000E040013185
S3150800B0400102000010410201331E05000000000045
S3150800B0501C410E0100E0388F00000000FF04830742
S3150800B0608813C83AFF06660CFF0483078813FF0394
S3150800B070BC200AF0A3C95000D756A040D42D555578
S3150800B0809F826943893B4000C00300805841020102
S3150800B09000000000FFFD0000644101010C010000F2
S3150800B0A06C410B0100000040000000000000000099
S3150800B0B00000000000000000000000000101000080
S3150800B0C00000000000000000000000000000000072
S3150800B0D0A44102010000000000000000B0410C017C
S3150800B0E00000000058963FC0000000000000000065
S3150800B0F000003C00AAAA06000000000000000000AC
S3150800B10055555555E70268800600C2000000000044
S3150800B110E4411001E6E7FF0BCDA10A00BD066A006F
S3150800B1205EB04D007D02420EA5B62202FF25B2345E
S3150800B130EA6B8F00B3000E00773A0E002FBFBB00F4
S3150800B14015BA4C0F2206A704981DF92100000080A5
S3150800B15000000000284204010000000060180040BA
S3150800B16000000000000000003C4201010000000051
S3150800B1704442030114000000000000000800050412
S3150800B18030430F010000000000000000000000002E
S3150800B19000000000000000000000000000000000A1
S3150800B1A00000000000000000000000000000000091
S3150800B1B00000003800000000000000000000FF58F2
S3150800B1C010800101030000003880020101151000FB
S3150800B1D0050000009C8003010000000070B8030011
S3150800B1E070B80300A8800111F6010000A88001319B
S3150800B1F001420101AC800111F6010000AC80013169
S3150800B20001420101B08002010003000200030002AE
S3150800B2109800030200000000000C00044C04000023
S3150800B220D8000202050040AA88010000EC000112BD
S3150800B230E00F0000EC0001320D205111F000010270
S3150800B240233300000001010210010000040101126D
S3150800B2500000000004010132100100001001011273
S3150800B26000FF0F0010010132020000422C010112FA
S3150800B27000FC1F002C010132AA00800040010102D7
S3150800B2803F0000005001011200C0000050010132C9
S3150800B2906200510068010202100006000020060044
S3150800B2A0740101026901100C7801011200001C00EA
S3150800B2B0780101324004E0CF8001011279070000CD
S3150800B2C08001013206000000880102029000000099
S3150800B2D000000000AC010112F8010000AC010132C7
S3150800B2E004000100B001010200020000FFFFFFFF99
S3150800B2F01400000022222200000000008CB300087F
S3150800B30074B30008000000000800000000000000F8
S3150800B310B80B00000101EE000115100A84B30008FD
S3150800B32048B300080000000000000000000000000C
S3150800B330B80B00000000000000000000000000003C
S3150800B340100000000000000001000000C0175302B2
S3150800B350050C00009E0100000000CC010101050556
S3150800B360FA01010106052802010106065602010135
S3150800B370070600009859090098590900151605008E
S3150800B3800000000004A5B4C3CD0000001429020083
S3150800B390003111000000010002640001012F0000C5
S3150800B3A00700000056636F6D0000000001010000F1
S3150800B3B01E00000304040404040400010203000040
S3150800B3C0000901F0CCB40008000901F080B40008B7
S3150800B3D0000901F034B40008000901F0E8B30008D8
S3150800B3E00000000000000000CEFF84FEFF00CEFF34
S3150800B3F00A000000F00094077D240500D300C80861
S3150800B4004A720500BA00DB07482C0500A6004F075C
S3150800B410B4FD040094007506A9AC04008500F40583
S3150800B420017804007600C004A6EE03004F00A501CB
S3150800B4305B2702001E0084FEFF001E000A000000B3
S3150800B440F0001F0845CA0200D400220AB0AD020067
S3150800B450BA00380925B20200A500960703AA020019
S3150800B46090009F06609B02008100E1051E8902008C
S3150800B47073004305987402004B005A011E7B0100B5
S3150800B4806E00A2FEFF006E001E000000F000C40B56
S3150800B4907391FEFF88004606813600005B00C303F1
S3150800B4A057AF00003C0070022CC500002A00B60108
S3150800B4B02DBC00001D001F0151A200001400B80099
S3150800B4C0838400000C003A009648000096001AFF94
S3150800B4D0FF0096001E000000F000671427ADF7FF76
S3150800B4E0530087041126FFFF2E001902C2FBFFFF37
S3150800B4F01E005001A92800001400D0008C36000058
S3150800B5000D0085003C35000009005A004D2F00004B
S3150800B510050022006F1E00000B0000000C00000052
S3150800B52003000000000020200000000002000000C8
S3150800B5303C3C3C0000000000000000000000000049
S3150800B54001031001010903001E0000001600000097
S3150800B5501A0000005600000000800A501300000080
S3150800B56048B500080000015B1500000054B5000846
S3150800B570050000000000000000C2010000020000F3
S3150800B580001000000000000000000000000000009D
S3150800B5900500000000000000802500008002000071
S3150800B5A0001000000000004000000000000000003D
S3150800B5B000000000B001000008080020000210008A
S3150800B5C0840E0020B80900200000000100000101D7
S3150800B5D00001010120C001B86090A31AF26EEF03C2
S3150800B5E0410821066310420AA518630EE720941243
S3150800B5F049A9B518AC39F72251CA3929D55EAC39EB
S3150800B600BDFB0F0000B801B802B800B00304040877
S3150800B61008050000C43B0000C80000008C3C000080
S3150800B6200C000000703E000000000000CC36000050
S3150800B630F80400009C3C000004000000783E00006E
S3150800B6400300000014320000B8040000983C000013
S3150800B65004000000703E0000080000000000000022
S3150800B660143200007C3E0000000000007C3E000012
S3150800B6703C00000000000000703E0000CD2C0000D9
S3150800B680E52C0000E52C0000E52C0000E52C000068
S3150800B690E52C00000000000000000000000000008B
S3150800B6A000000000E52C0000E52C0000E52C000059
S3150800B6B01D310000E52C0000FB2500000B260000CC
S3150800B6C0B32600002B270000B527000049290000F3
S3150800B6D0D5270000DD290000292800008928000058
S3150800B6E0FD280000412B00000D2C0000C925000094
S3150800B6F05B2E000019220000792E0000FD2E0000A6
S3150800B700E52C0000F52F0000C12F0000E52C0000F5
S3150800B710E52C000045300000E52C0000E52C000073
S3150800B720E52C0000E52C0000E52C0000E52C0000C7
S3150800B7301D1300001313000056488068000200D449
S3150800B740704780B58020800253490860CF2000F0FA
S3150800B750C9FA102051490968014003D0B849C8639D
S3150800B7600220086001BDF8B54D48816B4D4F802217
S3150800B77092033A604C4E336840241D050BD41C4096
S3150800B7802AD0012003F085F8002825D08020C0059E
S3150800B7908E49086020E0130BA0250D4002D10068F1
S3150800B7A0C00601D53B6017E00A403FD18020884A91
S3150800B7B01060884A1060194038D0364D287A4007FC
S3150800B7C005D5012084490860000284490860287864
S3150800B7D0002801D0062801DB0020F2BD00F094FB0A
S3150800B7E0716889684E682978052907D1E105B96025
S3150800B7F06E60B668CC218901784A116000F08DFB2D
S3150800B800012E00DA0226BC2080058E4908609420A5
S3150800B81080058D4908606E480021C943016471425C
S3150800B82041648021894A11600460D5E7A348036012
S3150800B830FFF782FF0120F2BD18480168890504D583
S3150800B840C06E0004000F022801D0002070470120B6
S3150800B850704738B580245E48046000F055FB050043
S3150800B8609748006800F0C2F9280000F056FBFFF779
S3150800B87063FF0848007A000705D5A0000949086053
S3150800B88000F022FC31BD60038C4908608D480460D5
S3150800B89031BD00007C3E00001C1002A8440002A82E
S3150800B8A00C0002A8442002A8D03E0000FEB5040001
S3150800B8B0854D8C2080016860012684480660FFF764
S3150800B8C0BBFF002826D08248007800287DD03102A8
S3150800B8D00194052802D022460A4076D1CC2292014C
S3150800B8E02A607C4A126881231B02134001D0032375
S3150800B8F001E053075B0F0C01022804D1022B62D327
S3150800B900364804605CE04D01032804D1022B5AD95D
S3150800B91032480560F7BD042802D1114053D0F7BD5F
S3150800B920052850D1019800284DD0C005C10F68469A
S3150800B93041700198C004C10F6846017000F0E4FA2E
S3150800B94002906348406869464978002903D006682A
S3150800B9508021204A1160670495496A461278002AB0
S3150800B9600CD0C2680B68D21A924B1B683B4001D0B8
S3150800B970066800E04668964200DD1600684640788C
S3150800B9806A461278024308D008684242B01E8242CC
S3150800B99002DA7042886000E00026029800F0BDFADC
S3150800B9A00198800501D5984807600198054001D09F
S3150800B9B096480760002E06D0CC208001074908600B
S3150800B9C0B6480460F7BDFFF744FFF7BD4C6201A80F
S3150800B9D00CC001A890E001A8C4D000A8145001A882
S3150800B9E038B580248A480460012038490860384DF3
S3150800B9F02878052802D06000A9490860FFF71CFFCF
S3150800BA00002812D02E480068000A80214140A86804
S3150800BA10000EC9B2814208D22E4800684007400F7E
S3150800BA20022802D2FFF715FF31BD9E480168C022E1
S3150800BA300A4002D1C06F204001D00448046031BDDD
S3150800BA40082002A808E001A808D001A894D001A8F7
S3150800BA500A0000D1704780B51822514340180C30AF
S3150800BA604069002803D08021090300F0DDF901BDF3
S3150800BA7038B500F049FA04008B480568A86881784B
S3150800BA802800FFF7E5FF6888012101436980022045
S3150800BA908649086086490860200000F03EFA31BDF4
S3150800BAA010B500F031FA04007F4800688168C9784B
S3150800BAB0FFF7CEFF200000F030FA10BD441002A8B0
S3150800BAC018C000A8100002A8106001A8C4E000A8C9
S3150800BAD07C3E0000184001A8F1B582B00F00A020F6
S3150800BAE0384003D173480068C00603D5802080001B
S3150800BAF0714959E000F008FA00906B480468F802AA
S3150800BB0004D5A0680069029000F07CFB00F0D5FB24
S3150800BB1080210903606800F087F926780020761CE2
S3150800BB206178B14200D200261821714365180C3598
S3150800BB3029780829F3DA2670A56060492A780A70F8
S3150800BB40BA0507D5584800688068C068FA0201D463
S3150800BB50032290438860012738400DD1584802993E
S3150800BB60426B89180068081A56494018012803DBF1
S3150800BB7000F09CFC01F01DF8F904686900F054F91E
S3150800BB803C2000F0AFF8F0B200F0ACF860884E49FF
S3150800BB9001406180009800F0C0F938054649086000
S3150800BBA04A48076038024A4908600298FEBD000004
S3150800BBB048C001A84C0002A810B546480068800590
S3150800BBC001D4FE2010BDC02080034349086000F060
S3150800BBD09BF9354909688A78D20702D589688C782D
S3150800BBE000E00C7800F099F9200010BD2E4909688C
S3150800BBF08A688B78DB0704D5927818235A438A1803
S3150800BC000C329060704700004C1002A84C2002A825
S3150800BC1094E001A8F1B582B0304F3C680026200FA9
S3150800BC20000702D1E00102902AE000F0C2FF00F00E
S3150800BC306BF9019080210903606800F0F5F8257812
S3150800BC406D1C6078A84200D20025E80020180C3048
S3150800BC50009000680290802109030098406800F06F
S3150800BC60E3F83D2000F03EF8E8B200F03BF8257016
S3150800BC700098A060019800F050F902A801F035F884
S3150800BC8017480068800407D5F86901F0A4FC0299F2
S3150800BC900818029000D502960298FEBDB03E000034
S3150800BCA0146001A814C001A8D43E0000284000A8CA
S3150800BCB0448001A80C0002A8442002A87C3E00008B
S3150800BCC09C3F00000010FFFFFEFF0000C0E000A838
S3150800BCD0106001A8440002A8441002A8D83E00003B
S3150800BCE0FC0302A845490968002901D544490860AA
S3150800BCF07047F2B582B0434CA168434D4A004ED511
S3150800BD000126090100D521260100404A106852681B
S3150800BD1000922A689206920E23689B0080273B4071
S3150800BD2013437A001A430192394F0A0026D089062E
S3150800BD3001D5012008E0F021014007D16946097ABA
S3150800BD400C220A4002D0022000F042F8396EBC22CA
S3150800BD50920091420DD12F490968C90309D5216876
S3150800BD60490306D52168090701D4022100E0032109
S3150800BD7000914836019A3968890002E0019AB96B40
S3150800BD8009094023194011439A00009B002B02D051
S3150800BD9013432B660836296602432A662E66E86D23
S3150800BDA045076D0F00F09AF8A8070BD0052D09D0A6
S3150800BDB0A068000406D400F0A7F80221164A11600C
S3150800BDC000F0ABF800F093F8002000F001F8F7BD9A
S3150800BDD00E490A68F0239A43000110430860C0B26E
S3150800BDE070478020C0020D490968890701D10C49AE
S3150800BDF000E00C490860704700000000500002A8E7
S3150800BE00884000A8480002A8284000A8783F0000FB
S3150800BE10184001A8D03E000024D50350844000A84D
S3150800BE20486000A8485000A880B5494A116001F04A
S3150800BE30FDFBFFF7D6FF01BD70B500F065F8454A72
S3150800BE40454BD1688C0819002140D1246400D529B6
S3150800BE5001D2D52102E0A14200D921000D004635C4
S3150800BE602D041E042E400D00463D2B40334313601F
S3150800BE70C0221206394B1A60394A137C002B0AD0A5
S3150800BE80384BD52902D98025ED051D60A14202D27D
S3150800BE90802424061C600023334C23605388002B1F
S3150800BEA000D1118000F039F870BD80B52F483049AF
S3150800BEB008603048C1680902090A192251434160DD
S3150800BEC005210160FFF7B8FF01BD2A480068C003D5
S3150800BED000D4704780B5FFF7AFFF01BD8020C002D0
S3150800BEE01B490860244800684007FBD47047802037
S3150800BEF0C00222490860704701E0214908602149CB
S3150800BF0009680140F9D170471F48006820211F4A77
S3150800BF10116010211E4A116070473021014002D17C
S3150800BF2010201A49086070471748006830210140F8
S3150800BF30102901D1012070470020704715480121BA
S3150800BF400160C1607047012013490860704700000E
S3150800BF50441002A87C400050FF010000A060005079
S3150800BF60843F0000A450005018E000E07F1A060144
S3150800BF70540002A810E000E0440002A8442002A8E9
S3150800BF80282002A8280002A8600002A8602002A8AB
S3150800BF90601002A8789001A884A001A8F8B54C48BA
S3150800BFA080214902C16102214A4A516000214A4A58
S3150800BFB011604A4A11800321464A11600221016034
S3150800BFC000204749086020204649086080204649E5
S3150800BFD00860CC2080014549086001244448046073
S3150800BFE03D48806F00900F26070B37404148006890
S3150800BFF0C505ED0D103DC0202843C0B2FFF772FEFF
S3150800C00035480069800303D5092F01D001F060F98E
S3150800C010009806400096384806680098032803D01A
S3150800C020022806D1032F32D000F0B0FA0098032870
S3150800C03003D0062F2BD1062D29D030480068C00B17
S3150800C040204001D001F024FCFC208001006800019A
S3150800C05008D5052D06D10125294804606005FFF796
S3150800C0604BFF00E000253100380000F0E9FA060031
S3150800C070002D06D000F098FC2248046002202249D0
S3150800C080086060051F49486580092049086011480D
S3150800C09021040162002F08D10221416000200E49C7
S3150800C0A00861C020C000114948643000F2BD80B55F
S3150800C0B0FFF714FF16480078800602D402201549B7
S3150800C0C00860FFF714FF01BD022013490860704796
S3150800C0D02C1002A8282002A8380002A8B43E0000A6
S3150800C0E0B03E000094E001A80CC001A8146001A8A5
S3150800C0F0C4E000A804ED00E0B44000A800E200E0B7
S3150800C100645000A8646000A82C4000A880E200E003
S3150800C110D03E0000081002A8082002A870B5794C85
S3150800C120794D8026760179480068304005D06660EA
S3150800C130062001F07BFC6E6004E06E60062001F0CC
S3150800C14075FC66603D20A060702129600F222A6078
S3150800C1502160A86070BDF8B56C4C8025ED028D4E47
S3150800C1606F097068384002D16068800529D58A4809
S3150800C1700068C00405D4FFF7C7FE88490D60FFF7BD
S3150800C180CCFE7068864901409020400108437060E3
S3150800C190844885490860002060607068384002D18C
S3150800C1A0F02080006060706807402AD07A480068EE
S3150800C1B0C00726D57D480078800722D401F03EFCCA
S3150800C1C01DE03068C0071CD5AE09734800683040CA
S3150800C1D005D1FFF799FE71490D60FFF79EFE744879
S3150800C1E0FF21FE314160F12149026F4A1160216841
S3150800C1F00E4001D0822100E0C32149020160FFF709
S3150800C2008DFFF1BD80B568480121624A12680A406F
S3150800C21006D0684A1268920501D4CA020260816093
S3150800C220C02141605C480068C00407D4FFF76CFE73
S3150800C2308021C902BB4A1160FFF76FFE01BDF8B540
S3150800C240554804685C4D8027022634420AD0924835
S3150800C2500068E021C900014004D02F60042068610D
S3150800C26001206861FFF750FED021C903214007D19C
S3150800C2708A490968314003D1894901224A600E601A
S3150800C280210507D52F6004216961C2490D220A607C
S3150800C2900F220A60FFF741FEF1BD80B5FFF734FEB5
S3150800C2A00121804A1160804A0223136051600021EF
S3150800C2B0B94A1160FFF731FE01BD90480068C00712
S3150800C2C0FBD4B648042141618021016070478C493E
S3150800C2D008680122104200D1704710B5E023DB0040
S3150800C2E00340FF24A41CA34207D3AD4B9C6BA406B2
S3150800C2F002D41B68DB0600D54868024001D000F06E
S3150800C30001F910BDA82102A8A81102A8AC0102A82B
S3150800C310F8B5C821844A11600621844A1160802133
S3150800C3204903834A1160834C8909216082490A6856
S3150800C3304B691C251D40102D01D1012300E0002367
S3150800C34005000720824313430B6028688E490F684F
S3150800C350874200D30700C01B28600121280000F08F
S3150800C3608AFB06002868C0192860FFF768FF8D4811
S3150800C3700168C90603D584208000E06107E0954975
S3150800C38008220068104001D00A6000E04A603000C8
S3150800C390F2BD0000EC0002A8500002A83850005A6E
S3150800C3A0FFE3FFFF00FEFFFFAC2102A8843E00006A
S3150800C3B0AC1102A8B00102A8841102A8F1B58648FA
S3150800C3C0864908608020C00185490860854C082791
S3150800C3D0A7650420A0650125834805601D20A06285
S3150800C3E0824EE930B061072001F020FB0220A062EE
S3150800C3F010216C4A13680B4003D022007C4B236043
S3150800C4000AE00D2312683A4003D032001032A565BF
S3150800C41002E032001432A0651360764A1268002AD8
S3150800C42000D4B761744A3260C022D200734B1B68CD
S3150800C430F824E4011C4001D1F26201E06A4B5A611A
S3150800C4406F4A12682A4007D075666E4909688905D9
S3150800C45003D48102F16500E0716361490A6C2A40E0
S3150800C46008D0496BC90705D467490968084001D14E
S3150800C47001F01CFB0020C04364490860584C606BFF
S3150800C480054001D1FFF7DBFE009801F0BDFA606BAD
S3150800C4908001FCD4F1BD0000980102A800400C50B0
S3150800C4A000500C50982102A800600C50F8B54C4F6B
S3150800C4B0786BC00701D4FFF7F0FE4B4CB72040005D
S3150800C4C02060534D03262E634B48A8660020E06182
S3150800C4D0504908600D2033490968090701D5A8673E
S3150800C4E000E0E867FFF78EFE1020E0612E600C2062
S3150800C4F02863802000023860F1BD00009C0102A874
S3150800C500883F0000F0210901434A11600140434871
S3150800C51001602020424908604249096808404249AA
S3150800C520086070473860005A548001A80C9001A82A
S3150800C530982002A8A41002A8740102A880B53B4856
S3150800C5403B4982680A4002D1C268114001D022499B
S3150800C550016026480821374A13680B4000D08161DC
S3150800C5601178C90602D5862109010160FFF7AFFED9
S3150800C5701420FE2189010860BA480168490701D0DC
S3150800C580FF21416101BD00009C3F0000124813498C
S3150800C5900860704700100C5000000C50842102A857
S3150800C5A00C0002A8FC0302A823480068234909686E
S3150800C5B0890F89070CD0AC490968C90708D5AB4962
S3150800C5C0802292030A60B64B1A60104000D00A60B7
S3150800C5D070470000601102A801200000706201A8DF
S3150800C5E0100002A8C01002A8682102A8501102A8CB
S3150800C5F0FF03000028C000A8043E0000A88001A888
S3150800C600EC0002A8B00102A8843E0000B46000A8AD
S3150800C610E82002A8C00002A8586001A8585001A83E
S3150800C620482002A8184001A8481002A8704201A88C
S3150800C63000800080F84F00004C4001A84C4201A839
S3150800C640F0B587B005000C0096480068400102D591
S3150800C6502000402404439448006805909348C66A1D
S3150800C660FFF752FC0690B00503D591480068FFF71E
S3150800C670BDFA0020019001237006C00F02908D4A72
S3150800C680916800209060B82040008B4E30606608A4
S3150800C690B82030401278F0261640402E02D102000B
S3150800C6A0402010430D2D02D10A00042111434A07E8
S3150800C6B004D5020014201043102294437F4A1268BE
S3150800C6C06D462B70D20506D5802252007C4B1A6027
S3150800C6D0020001201043029A002A11D10C220240BE
S3150800C6E0082A0DD00200714B9B6BDD0601D410257C
S3150800C6F0AA439B0601D420239A43B12313404FD063
S3150800C7006A461278002A4ED0A54A956B966D012383
S3150800C7106D076D0FAD1DAB40F504ED0C5B1B9BB2B1
S3150800C720082B09D280200623604D2B6043029D4DBD
S3150800C7302B6000236D462B708123034036D00823D7
S3150800C740029D002D00D113620D00082129431023F4
S3150800C7509C4304231D05984E3560DD04434E356021
S3150800C7606D462D78002D1ED0062B24D34D4DEE6C2C
S3150800C770F60620D5914E3668360E01966D69ADB22D
S3150800C7808E4EF66B360603D02E0080256D01354396
S3150800C79015612D121561494A1268D50592D40AE029
S3150800C7A008227F4B1A620491009031E030A34506B7
S3150800C7B0ED0E5B5DD4E7049100903C48026B7F491F
S3150800C7C00968774D2E686F463E81282616401E4317
S3150800C7D0930CDB0133431600120E3240102632400A
S3150800C7E01A43890040231940114302AA9170406BED
S3150800C7F0000A02A9C870FFF7DFF902A908710198B3
S3150800C80048716F480068C8800298E8660398E86629
S3150800C8100698FFF782FB600602D5082066498860FD
S3150800C8200498C1B20098C0B2FFF763FAFFF7BCFEDE
S3150800C830BC20800061490A6E824207D1059AD2035C
S3150800C84001D4086E0BE05F4A5F4B1A60096E81429D
S3150800C85005D10598C00302D55C48006880472000CA
S3150800C86007B0F0BD0C4000A8384301A84C5001A8F9
S3150800C8700301070603010706050106060501060664
S3150800C8800302070603020706050206060502060650
S3150800C890081A03D24E4909684018401C7047000020
S3150800C8A04C6001A8084000A8D03E0000180002A865
S3150800C8B01CC000A8783F0000B46000A81C0100AAAC
S3150800C8C01C2100AAF8B5434E0F240125424910271A
S3150800C8D0B06B38401BD001200870404800684049BA
S3150800C8E00968FFF7D5FF3F490968401801284BDB5F
S3150800C8F001F09EF93C490968090B0C40022C41D10C
S3150800C900A9053A4A11603A490F6435603AE0306C35
S3150800C910C0001ED537480068E0218905014033D09C
S3150800C920314D286821030140780281422CD1FFF756
S3150800C930EBFA314A31490968C90502D5304909680F
S3150800C94011602968090B21400229F3D0FFF7E5FA9F
S3150800C950F1BD2C4E3068002816D00D7001F054F841
S3150800C960002811D101F064F91F490968090B0C4028
S3150800C970022C07D129041D4A116002211C4A1160A4
S3150800C9800021316001F058F9F1BD802080041E496C
S3150800C99008607047802040041B4908607047000003
S3150800C9A0540000AA141100AA18480168490701D0C2
S3150800C9B0FF21416170470000441002A8184001A8F1
S3150800C9C0448001A808000400482002A88C3C000006
S3150800C9D038C001A8100002A8B63E00001CC101A874
S3150800C9E020C001A8F03E0000B00002A81C1002A852
S3150800C9F0082002A84C4001A8800000AA084000A808
S3150800CA00904000A89C3E00003C2002A80C4000A8CC
S3150800CA10F0B58020000208217B4A11600A227B4B70
S3150800CA2001210124944004438AA5AD5C25431D6079
S3150800CA30F025774E3560744D89A6B65C02273743D4
S3150800CA402F6004262E60734D2D680D4001D00220FC
S3150800CA50F0BD1D6C2D03FCD41D6C5E6C6D036D0B57
S3150800CA60AE4200D22000521EDBD50822684C226056
S3150800CA7018600020F0BDF3B581B00600FFF70DFC85
S3150800CA806548006800906548006863490860644D19
S3150800CA903068296847180024012F12DB00F04FFD83
S3150800CAA0C001381A01280CDBFFF707FC00F081F8F3
S3150800CAB030682968401800F0A7FF050001D03460E7
S3150800CAC072E0584F8026B6003E605748006F072828
S3150800CAD02CD005210840052806D0534801670C20AC
S3150800CAE000F0A4FF05005FD1504DFF207A30686240
S3150800CAF00420A862FFF7E1FB02202860E020C004BA
S3150800CB004B4948603004786002203860012000F004
S3150800CB108DFF6E62022000F089FF700068620820AF
S3150800CB20A862022000F082FF0220A8626846007A06
S3150800CB30002805D03C480068C00701D5FFF70BFB65
S3150800CB403C4EE02040003060042000F06FFF0500F6
S3150800CB5024D10220364908608002B062C001B06262
S3150800CB60354F102038600120F065402633480068AC
S3150800CB70304003D1FFF74CFF05000FD10120386084
S3150800CB80FC67022000F052FF2D4C2660B0002060A2
S3150800CB90022000F04BFF8120C002A06227480068EF
S3150800CBA0800101D4FFF791F900981B490860280015
S3150800CBB0FEBD70B5FFF771FBFFF77FFB02241E4829
S3150800CBC00460204E0820B062C0017062012000F0A7
S3150800CBD02DFF2502756234600620B0621A4870621D
S3150800CBE0E020400016490860114E3460FFF776F9D8
S3150800CBF016480078002800D0052015490860FFF778
S3150800CC0076F9356070BD0000889001A84C8001A8AF
S3150800CC1088A001A8140002A8780102A8F80302A8AF
S3150800CC20D03F0000981002A8EC0002A85C1102A8E8
S3150800CC30982002A82C9001A80C8001A8500002A8F0
S3150800CC402CA001A85C2102A8F9610000703F000031
S3150800CC505C0102A800000001010202020808100097
S3150800CC60505050404030303030202000F8B5040095
S3150800CC700F00444DA878FF2801D12E880FE04248BE
S3150800CC800068800108D4FFF73FF94049096849055B
S3150800CC90CE0DFFF742F901E03D4806882E80E92EC1
S3150800CCA001D2E92604E0CC204000864200D90600DD
S3150800CCB020003978814200DA080001217A560100FD
S3150800CCC051430222BA5E891841430420385E081887
S3150800CCD03049711848438015001901D50020F2BD66
S3150800CCE0E978814200DA0800F2BD38B50400102060
S3150800CCF029490860FFF7E1FAC020C00027490968FA
S3150800CD00F822D2010A4001D1254900E025490860E8
S3150800CD102548C82181640A210160244880214903E5
S3150800CD2001608909C160224801684269E02313400D
S3150800CD30802B01D1012200E00022072399430A43F0
S3150800CD4002601C480068C821C90145182068854248
S3150800CD5000D30500401B206000212000FFF78BFE52
S3150800CD6021684919216032BD8020000112490860F6
S3150800CD700003124908600220114908601149086039
S3150800CD8070470000F83F0000500002A88840005095
S3150800CD90843F0000D6FEFFFF984101A8AC8001A899
S3150800CDA07C1102A87C2102A80C8001A8981002A870
S3150800CDB0740102A8983F0000441002A8442002A863
S3150800CDC0F41302A8685000A8F1B584B0BD480068FD
S3150800CDD00190BD48C068C821C90140180499884215
S3150800CDE004D2081A00F010FE002803D10124C94D08
S3150800CDF06868204000D0BAE10420C749C8628003A9
S3150800CE00C6498862C6480668A86B8007800F0090E6
S3150800CE106704032803D01020BF49C86222E00846E9
S3150800CE208762E96B890601D5012041E0310610D5F4
S3150800CE30E96B89070DD4CF4905220A60EA6B1023EE
S3150800CE401A40022313430B6000220A60AA6B120AD7
S3150800CE500A600421C162E86B002803D5AE488762E0
S3150800CE6000200090A86B400704D5A86BC0002102DB
S3150800CE70084003E094480068204201D0FFF742FBCF
S3150800CE80264009D0BC48009989014018006AC004A8
S3150800CE90C00C401EB9490860C0208000B8494865E2
S3150800CEA000990902B74A1160B54B98655160002090
S3150800CEB0296C942292050A40160000D001263043B8
S3150800CEC0000635D096483021405CC02101404029F3
S3150800CED002D1FFF7ECF801E0FFF7F6F8202028600A
S3150800CEE0360600D143E1B54FA74EA86B40070CD5CF
S3150800CEF0A0038A4988624002874988623460022012
S3150800CF00386000F03BFA00280BD004208249C8623A
S3150800CF1040028249886200037F49886202203060A5
S3150800CF2038607F480078000600D420E1E0041CE160
S3150800CF306868204000D01AE17848C762FEF7CEFF3D
S3150800CF408E48406E296C090408D4C00606D5FEF73B
S3150800CF50DBFF02219A4A1160FEF7DFFFFEF7C7FFE3
S3150800CF6020032860974EC0200006306320049649A7
S3150800CF700860A86B4007C10F68460170FEF7C4FF3A
S3150800CF8092490C60FEF7C9FF914F9248B861686BE9
S3150800CF90000206D59048801C0068E1055E4A916249
S3150800CFA001E04948806C296CC90208D5202806D9B1
S3150800CFB076A1019A520700D4891DFFF757FE010092
S3150800CFC0854A1070002809D041091F2210400629F9
S3150800CFD004D940002043202800D31F204A010243D9
S3150800CFE048021043306001217C48C26F7C4B1343D2
S3150800CFF0C36774668022F2620822734B1A66019A26
S3150800D000D20603D5AA6B920603D403E0019A120747
S3150800D01000D40021AB4A3A60FC223A6100290BD0C1
S3150800D02039003C310291284A116DD36C664DEB6686
S3150800D030526E2B46DA6709E0390040310291224BDD
S3150800D040996D614A5D6DD5669B6ED3670268FF234D
S3150800D0509A4311430160A020C0003063052000F008
S3150800D060E5FC04250198284001D0802000E04020F6
S3150800D0700299086002203063062000F0D7FC0820D9
S3150800D0803063052000F0D2FC34632002B864042023
S3150800D09000F0CCFC64027460022000F0C7FC842017
S3150800D0A080003063022000F0C1FCFC61062000F01D
S3150800D0B0BDFC02988449401801990D4006D02021EC
S3150800D0C005E000BFFC0302A88C3F000010210160A8
S3150800D0D0062000F0ABFCB4640020C0432849086071
S3150800D0E000F02DFA7949401DC001CA6886189E4F7E
S3150800D0F060017C6F04409D4A10609D4D04988642ED
S3150800D10011D2C968401A00F07FFC00280AD02C60AA
S3150800D1102DE000BF100002A81C2002A81C1002A8BF
S3150800D120D03E0000049E012000F080FC80204000D4
S3150800D13025490860300000F067FC8E4E6846007886
S3150800D140002805D138687062802000048A49086082
S3150800D1502C6068460078002809D0012000F066FC9B
S3150800D1603078000603D5802000039B49086005B087
S3150800D170F0BD00BFE40000AA0C0000AA204000A8E9
S3150800D180B46000A8085100A8F41302A8C0350C1012
S3150800D1909E8DAF1B3813460D80B5FEF7B5FE8F4939
S3150800D1A000220A600A22CA61FEF7B7FE8C4883216C
S3150800D1B0090401608B49416001BD0000685000A860
S3150800D1C024E503503C1102A8B81002A800500C50E0
S3150800D1D0242102A8FF0E0000FA3F0000280102A839
S3150800D1E0FF3FFF3F8048806B800300D47047F8B547
S3150800D1F07E4804687E4D0826E00629D57A48806B65
S3150800D200800627D4280048300090012000F00EFC44
S3150800D2100027784807607848066078480068C004A0
S3150800D22003D4774800683040FBD0022000F0FEFBAC
S3150800D230842080006865022000F0F8FB70017149BF
S3150800D2400860042000F0F2FB600706D5202005E000
S3150800D2503442D7D128004C30D6E710200099086010
S3150800D260FEF752FE0121684A1160FEF756FE0220BB
S3150800D270686500F0DBFB09206865C0200006686564
S3150800D280022000F0D3FB00980F494018610701D52A
S3150800D290802100E040210160A020C00068650820C8
S3150800D2A000F0C4FBB001E8662E60E0202865574808
S3150800D2B007604760B0024C4908600001544908609D
S3150800D2C0F1BD00003F3F000000F0FFFF8C3F00006B
S3150800D2D0F8B5504800680D2707400424002F00D1F0
S3150800D2E004274D480225102608214C4A4C4B1B683A
S3150800D2F02340126818D04260394005D00220FEF754
S3150800D30067FD6003474908603C4007D04648006807
S3150800D31006434548066028034249086001204349F8
S3150800D32008604348056018E00260394005D00220CD
S3150800D330FEF74EFDA0023B4908603C4006D03A483D
S3150800D34001680E430660680236490860374805607A
S3150800D35037480560A8062E490860FFF743FF0021F5
S3150800D3600020FEF7C6FCF1BD20C001A894E001A884
S3150800D37094D001A8D03E00001C1002A810B5802049
S3150800D3802C490A6802400AD02B4B1A680624144016
S3150800D39005D15C6E294A22401B6D9C0101D50020EF
S3150800D3A010BD096808400DD02548824203D11805EA
S3150800D3B001D5012010BD23480068C107C90F481EC2
S3150800D3C08041C00F10BD204803210164A821C16314
S3150800D3D010210160704700001C2002A8D80000AA8E
S3150800D3E0442002A804000080100002A8FC0302A83A
S3150800D3F0182102A8B80002A8106001A8D84001A800
S3150800D400104001A86C1102A800600C50A00102A8E7
S3150800D410482002A8B44000A8F83E00001CC101A894
S3150800D420480002A8441002A8783F0000F41302A896
S3150800D430685000A8440002A814C001A81F1F0000D5
S3150800D440010C000030C101A8082002A86C48006839
S3150800D4500121084209D16B4A12686B4B000C18402F
S3150800D460F03291400B40984201D0022070470020CC
S3150800D4707047F8B507000F386A461080604CE068B8
S3150800D4800A0004D16B461B8882B29A423AD200221D
S3150800D4906B461A80012502263A0013D022683240CC
S3150800D4A007D000292ED059480088401C57490880C3
S3150800D4B000203900216156490E6080B2B84201D376
S3150800D4C069460D805348456000E030BF206830400B
S3150800D4D003D1FFF7BBFF0028F7D04D484560390058
S3150800D4E010D02168314005D048490A886B461B8808
S3150800D4F0D2180A80066000202061E068B84201D28E
S3150800D50044480660FFF7A2FFF2BD38B5050000F0F3
S3150800D5108FFB0400012199204543A8093E4A126859
S3150800D5208018123880B2FFF7A4FF05008020C001DA
S3150800D5303A490860200000F07FFB280032BD3348D6
S3150800D54003883549096802889342F9D110040818F6
S3150800D5507047FEB51238070C6946088000F068FB6C
S3150800D5600190274C294D2888B8421ADA01202C49FF
S3150800D5700860274E30BF02202168014006D030607F
S3150800D5804003264908602888401C2880FFF75EFF6C
S3150800D590002802D12988B942ECDB012171600028F4
S3150800D5A00DD12888B8420AD1E068694609888842B8
S3150800D5B005D2002168460088FFF75BFF01E0FFF708
S3150800D5C045FF04008020C00114490860019800F056
S3150800D5D033FB2000FEBD10B512490A680E4B1B68C6
S3150800D5E00C689442FAD0DB014033141A02D28869D7
S3150800D5F02418641C0C4800684443181B10BD00001E
S3150800D600280002A804ED00E0FF3F0000B43E000039
S3150800D610282002A8281002A8340002A880E200E008
S3150800D6202C1002A820C001A8A83F0000F0B502E00F
S3150800D6300A601C602E607EC84F1C07D05F1C04D091
S3150800D6406F1CF5D10A601C60F0BD0A60F0BD0000D1
S3150800D65080B5FEF7BDFB01208249086001BD38B5DB
S3150800D66081490C68082581490D60FFF7F1FF2C40B8
S3150800D67001D07F48056031BD80B5EB2000F001F888
S3150800D68001BD30B5FE2189010B68184010221342EE
S3150800D69010D0784B784C2468224008D0774A146812
S3150800D6A02402FF252D0225401D63002414608022D4
S3150800D6B052031A60086030BDF3B5010016001C005D
S3150800D6C0002500956E48019A330000270BE0BC46FA
S3150800D6D04F5D4743AE009E597E40575D47433740EE
S3150800D6E0664637436D1CA542F1D3390939438A0882
S3150800D6F00A43510811430840C10901430F208A0B08
S3150800D7000A4302405040F6BDF1B582B00E00002033
S3150800D7105A4908605B4DEF7AA87A01900F21394083
S3150800D72000910ED00B46584A58490298FFF7C4FF95
S3150800D7300199014051480160994841439948084078
S3150800D74001D1012400E04401380915D032003B0913
S3150800D75029000298009E6D7A75194019FFF7ACFFEB
S3150800D760019909110140454802680B0113430360FA
S3150800D770002901D0480044438B480068204001D165
S3150800D7800420FEBD0020FEBD80B50A0000211180E0
S3150800D790864952888018FFF7B7FF02BDF0B50F22F9
S3150800D7A0834B5C7905780F202040C5402009284026
S3150800D7B001259C79C4402C4001D10320F0BD2E4C94
S3150800D7C02468254008D07B4D9E684700F65B761E88
S3150800D7D02E608026B601EE60DD78DE79C640F00759
S3150800D7E011D5E0060FD5002D0DD07348486008887E
S3150800D7F0488008881C7800192A4080185A788018AA
S3150800D8002A09801800E0002008800020F0BD80B5B5
S3150800D8106A4801686A4A0820014200D09061C90630
S3150800D82002D58621090111606649674A13680340D3
S3150800D83005D0664B1B689B0F9B0700D008600E48F7
S3150800D8400078C023034002D1802040050860106894
S3150800D8502022104008605E480068C00101D4FFF726
S3150800D8600BFF01BD2C4000A84C4000A84C6000A846
S3150800D8704C5000A81C1002A8D03E0000A03E000094
S3150800D88001010101503F0000083F0000483F000029
S3150800D890F8B5504B586F9E6F06404F4830404F4979
S3150800D8A008604F4F02200021012234041FD5009240
S3150800D8B03C7E002C07D13C695C60FC687D69641974
S3150800D8C01C603A7606E0FC685C603C697D69641910
S3150800D8D01C6039767B7E002B00D000917976009B00
S3150800D8E0002B04D004233F4C23603F4B18600405EB
S3150800D8F03E4DF3022BD53B681F0605D53C49096802
S3150800D900A9602A70A88016E0134203D03948A86097
S3150800D910AA8010E0D80610D52748A860364A90781D
S3150800D92003071B0F12789A1800091018A880E980B7
S3150800D930A888002809D0264309E0580604D5281DDA
S3150800D9402E4909688847F3E7A980FFF795FE264020
S3150800D95024D0224E74603460294FA88800280BD042
S3150800D9603968814208D3291D2648AA6890470100CC
S3150800D970F3D0FFF76DFEF1BD01000CD0FC21890242
S3150800D980F161194902038A6634600C653A68824275
S3150800D99004D3CC64F1BDEB20FFF773FEF1BD0000A4
S3150800D9A01111000021840000043F0000283F0000F8
S3150800D9B0583F0000204000A811210000F84F000041
S3150800D9C0502102A8481002A8184001A84C4201A8F4
S3150800D9D0D04000A8404000A8FFFFDFFFB46000A8C1
S3150800D9E0D03E0000F41302A8685000A8A43E000028
S3150800D9F09C3C000025210000593F0000983C00008F
S3150800DA00D44000A8D84000A810B5C409FFF797FD70
S3150800DA10201A312806DAC000183801D4C01EFDD5F0
S3150800DA20002010BD2000FFF794FD10BDC321484318
S3150800DA306F3801D41E38FDD50020704752480121A1
S3150800DA40017052490A684260496881605049E0227B
S3150800DA5052010A60802292004E4B1A60FD224A60EB
S3150800DA604D49096801614D494D4A11608121C90036
S3150800DA704C4A11604C490968C16007204B49086047
S3150800DA8002204B49086070473F48017800290CD0AE
S3150800DA900169414A116000210170C168424A11605A
S3150800DAA03A4982684A60406808607047FEB5C020F7
S3150800DAB0C00440490860404C404860654048A0653D
S3150800DAC01020FFF7B3FF00285CD1FF2000053D4971
S3150800DAD008603D483D4908603D48206080256D0343
S3150800DAE0384805603B4807680820FFF79FFF00286D
S3150800DAF048D10826384806600120FFF797FF3548C1
S3150800DB008068019035480660354820602D480560D4
S3150800DB100820FFF78BFF002834D12F480660012024
S3150800DB20FFF784FF2B4DA86800902C4806602D4807
S3150800DB3020600199009800F05FF80004FC26B603FF
S3150800DB4006400198C10B0098C00B00F055F8010675
S3150800DB50FC208005084030432349020C4A40FF2335
S3150800DB609B1CD2181140014321602F6080200003BE
S3150800DB70144908601D481E4901601E494160FFF7A7
S3150800DB8083FF0020FEBD0000883E0000AC0102A80D
S3150800DB90AC1102A8B02102A8F00002A8083E0000B5
S3150800DBA0F02002A8F01002A8704001A8706001A831
S3150800DBB0705001A820E000A84C0102A857140000E4
S3150800DBC0FF3FFF3FB42002A80000380EB41002A899
S3150800DBD010103030104101A8105101A8106101A899
S3150800DBE030301010202020203F3F0000A02102A83E
S3150800DBF0F703F000FF3F000010B54904CA104004BF
S3150800DC00C310991A00209A18D30F9A18521052184E
S3150800DC108B115B0E5B18DB11D2182023541A01D422
S3150800DC2022001843CC0F611849105B08F6D110BDC5
S3150800DC30EFF3108072B67047002800D162B67047BD
S3150800DC4080B5FEF7ABF9A548006800030CD4FEF7CB
S3150800DC509DFCFFF7C7FAFEF729FC0120FFF79CFA9F
S3150800DC60FEF7A7FFFFF710FF80208005FEF744F9AF
S3150800DC7001BD80B5FEF792F980204002FEF73CF917
S3150800DC8001BDF8B5FEF72AF9844D05206865FEF74B
S3150800DC902EF9934806680124264201D1FEF7FDFABB
S3150800DCA06003C02189018F4A1268D205D20D012A64
S3150800DCB000D108008C4A11602860E0058B4908608D
S3150800DCC0FEF76CF98A48016800914068894908603E
S3150800DCD0B005C70F884D00202860380004D03100F1
S3150800DCE00098FDF7F9FE00902868204005D168469F
S3150800DCF0FEF70EFB00280BD107E0002F05D07F4862
S3150800DD000068204001D0FEF726FA0098FEF756FB79
S3150800DD1076480460022096490860C820C0049F49D6
S3150800DD2008606004FEF7E8F8F1BDF8B59C4F9B4C17
S3150800DD3001259C489C490968014081420FD19B48AE
S3150800DD40006828400BD09A4801689A48056068051B
S3150800DD50E063B863014000D1E06397480560974ED9
S3150800DD60306CC00506D580200006306000BF00BFB5
S3150800DD7040083060FEF7E2FBFEF710F92803206042
S3150800DD803860FDF7F0FC0400A848A9490860A80413
S3150800DD90FEF7B2F8002C01D080203060A548057047
S3150800DDA0F1BDF8B5FEF7FAF8FC27BF01387805216A
S3150800DDB0014002D0FEF77BF901E0FEF785F97F4CBA
S3150800DDC0012502263868304000D025601020C0435F
S3150800DDD0994908600020E06398490860FEF77EF8D4
S3150800DDE097480068216C090407D4000705D5FEF793
S3150800DDF08BF894490E60FEF790F8FEF778F8FFF76F
S3150800DE0006FD9148006805400CD0802000068F4921
S3150800DE100968014006D08E490968084002D10D20DC
S3150800DE20FFF71DFCB004FEF767F8F1BD80B5FEF7F5
S3150800DE30B5F82A480068000303D4FEF737FBFEF757
S3150800DE40B8FE80204003FEF757F801BD38B5FEF747
S3150800DE50A5F85A4C2025FFF791FA002806D0606BE2
S3150800DE60000704D5FFF7AFFAFEF77EFF2560FEF739
S3150800DE701DFBFEF79EFEFC20800100780C21014068
S3150800DE80042902D1FEF713F901E0FEF71DF968042B
S3150800DE90FEF732F84020206031BD0000081102A8C4
S3150800DEA080B5FEF71BF80520BE490860FEF71FF887
S3150800DEB0FEF774F8FFF787FAFF20800100680090E4
S3150800DEC06846FEF712FF002802D10098FEF77CFF8D
S3150800DED080204004FEF710F801BD00000C0002A8DF
S3150800DEE0440002A83C8001A8082102A8442002A8F0
S3150800DEF0AC3F00009C3E0000843E0000EC0002A8F7
S3150800DF00F8B5FEF74BF8A84CA56A5020284002D071
S3150800DF10FEF7CDF801E0FEF7D7F8284FFFF72EFAFF
S3150800DF2000281BD1B86B40071DD4786BE021490146
S3150800DF30014018D1A80611D4FDF7D0FFA56A9B4E5B
S3150800DF40354207D0FF20C0432D18A5628020000562
S3150800DF5097490860FDF7CBFF2E4002D001203860B4
S3150800DF6001E00020206080208004FDF7C5FFF1BD98
S3150800DF70305201A880B5FEF711F8BE480068C00502
S3150800DF8001D5FEF793FA0120FFF706F9FEF711FE11
S3150800DF908020C004FDF7B0FF01BD0000106001A895
S3150800DFA0145001A840000800D03E0000884101A88E
S3150800DFB04C4001A8405101A8406101A8100002A8E0
S3150800DFC010B5FC2080010468FDF7E8FF7949096867
S3150800DFD0090326D40321C00601D5214001E0A00883
S3150800DFE00140012902D1FEF762F80BE0200107D5AE
S3150800DFF00E20FFF72DFBA0480421016008210160CF
S3150800E000FEF762F89D4801699D4A1160006800287C
S3150800E01007D04000122802D2FFF708FD01E0FFF7FB
S3150800E02074FA80208003FDF767FF10BD7001200099
S3150800E030B46000A8B63E0000482002A8A03E000032
S3150800E040844000A824E50350404101A8D44101A812
S3150800E050304001A8F0B585B001276846077000244E
S3150800E0600394FDF79BFF0490524D286800036FD474
S3150800E0700320A5490864A54800680290A44EA5494E
S3150800E0800007000F032804D002980004000F062892
S3150800E0903AD1A14800684A6803922A6C920701D5CA
S3150800E0A089680391FFF797FA0399401801D50194F7
S3150800E0B000E00190A86B0107C80F0321326B0A40E4
S3150800E0C0022A1BD1049AD20618D53268D30513D56D
S3150800E0D0EF6B924B1F409F4203D110218A4A11646D
S3150800E0E00CE092050AD42A6C2823134006D16B4605
S3150800E0F01C702F4A116001E06A4614700390684646
S3150800E1000778002F02D10EE008680190FFF736F96C
S3150800E110002808D0FFF757F90398002802D0FEF721
S3150800E12023FE00E00027022077490860002F10D060
S3150800E1303020305C0C210140042902D0E86BC0066F
S3150800E14002D5FDF7B4FF01E0FDF7BEFF20206860A9
S3150800E15021E0FEF7ABF9802000061549086000208B
S3150800E160C0436F49086001A8FEF7BFFD002812D119
S3150800E17002980007000F03280AD1A86B800507D567
S3150800E180A020400031680140814201D1FDF788FC9A
S3150800E1900198FEF719FE80200004FDF7ADFE05B0D4
S3150800E1A0F0BD00005C1102A8D83E000000FFFF0089
S3150800E1B0481002A80C0002A8FEB500240194FDF739
S3150800E1C0EDFE584EF06E584D0007000F072807D190
S3150800E1D07068002804D40020FEF7DEFF286841E0B6
S3150800E1E0012103204A4A73685B070BD44F4B1B680F
S3150800E1F00B4007D01368DF050BD55B0502D43368DF
S3150800E200DB0503D40191116B890904E01021484B01
S3150800E2101960116B0909084000900020FEF7BCFF41
S3150800E2200098002805D17068C00602D4FDF74CFF97
S3150800E23001E0FDF73CFF00200199002903D13D4884
S3150800E2400068FFF7C8F96969401801D5009400E02D
S3150800E25000906846FEF75CF8002805D10098FEF79E
S3150800E260ADF8A8690649086080200005FDF744FE58
S3150800E270F7BD0000680102A880E200E0A03F0000A8
S3150800E2809C3E0000F8B5FDF789FE002400252A48C3
S3150800E290466B80277F05300606D5300709D5FFF778
S3150800E2A092F8FEF761FD2AE001252048006828401B
S3150800E2B019D00020FEF770FF0220064002D01F4941
S3150800E2C00C60C8611E480468002D03D02000FDF7C5
S3150800E2D0A1FC0400FFF777F82000FEF775FD38006B
S3150800E2E0FDF70AFEF1BDFC2080010078C02101403F
S3150800E2F0402902D1FDF7DBFE01E0FDF7E5FE20200F
S3150800E3000D490860EBE70000082002A8B00002A843
S3150800E310D03E0000B43F00000CC101A81000001058
S3150800E320B46000A8440002A8B03F0000B44000A8AA
S3150800E330481002A81CC101A8100002A8180000AACB
S3150800E340CC3F000000F03CF802480349486000F062
S3150800E35053F800BF812D00000000000080B5EFF3E0
S3150800E36005800B2801D23A2100E02921FF22163226
S3150800E370002000F039FAFEE710B5C2001823134052
S3150800E380FF249C40E2438907090E9940030004D400
S3150800E3906E489B089B00C01806E0A14B0007000FBB
S3150800E3A0083880088000181803681A40114301606D
S3150800E3B010BD80B573225421002000F015FA01BD66
S3150800E3C010B5FFF735FC624901220A60614B624CC1
S3150800E3D02360624C23600323614C2360614C2360F5
S3150800E3E0614B1A60614B1A60614A9F4B1A60112291
S3150800E3F08A63FFF721FC10BDFFF71AFC050000240D
S3150800E400012160B2FFF7B8FF641C0E2CF8D3012176
S3150800E4100F20FFF7B1FF01211120FFF7ADFF012102
S3150800E4201320FFF7A9FF01211720FFF7A5FF0321F6
S3150800E4300120C043FFF7A0FF01211E20FFF79CFF24
S3150800E440784879490860022078490860012090498F
S3150800E45008604704764C20693840FCD02068800163
S3150800E46001D4FDF722FD2800FFF7E6FB714D0AE00F
S3150800E47000281BD0FDF748FD18E020693840FCD07D
S3150800E4803000FFF7D9FB206E0004000F022801D1E7
S3150800E490FEF718FAFFF7CCFB0600FDF745FD002846
S3150800E4A06878E5D0002801D1FDF737FD01202978E5
S3150800E4B0002906D177490968890601D45B490860AD
S3150800E4C030BF002129700221584A1160704908603E
S3150800E4D0D3E77148016842680A40704810401E49EF
S3150800E4E00860800703D5A9480188491C0180704740
S3150800E4F0F8B56B48016840680840070E3F0669484A
S3150800E500046880256D02F8010DD567480068BC21AE
S3150800E5108900884204D12C4202D0644800688047AA
S3150800E520022063490860634E680207420BD0706098
S3150800E5305D480068BC218900884204D1254002D084
S3150800E540A548006880473760F1BD000000E400E098
S3150800E550040002A80000FF3F282002A82C1002A8E9
S3150800E56040E002A844C002A804C001A8044001A8CB
S3150800E57020006006F8B5864C20686568054097480F
S3150800E58005608026F6054C4AB00C95490B68002BA9
S3150800E59010D105420ED0934B5F68FF070AD51B685A
S3150800E5A0DB0007D580231B06136000BF00BF16607B
S3150800E5B08A4B18609B4F3B78062B0FDA08688C212C
S3150800E5C08901014329401BD0FFF732FB0090280040
S3150800E5D0FDF76CF90098FFF72FFB11E00B68526BFB
S3150800E5E092050DD5C822D2041A432A4005D0FDF754
S3150800E5F0DBFF2800FDF75AF902E0AA0200D50860F9
S3150800E60089480068064009D0A80607D5A06800070B
S3150800E61004D53878072801D1FDF72AFAF1BD00009C
S3150800E6201CED00E0FFFF9B4000E100E0602002A82F
S3150800E630500002A8B63E000010B57C480168446840
S3150800E6400C407B48046080210C4205D04160794823
S3150800E65001600020FDF72AF9600403D580204005F3
S3150800E6607549086010BD0000145001A838B57348F4
S3150800E670016844680C40E00707D5FFF7D9FA05009A
S3150800E680FDF7AEF92800FFF7D7FA6D48046031BDEB
S3150800E690601002A8F40302A8280002A8FFFF00C021
S3150800E6A0B44000A8D03E0000784001A8903C000085
S3150800E6B02C4000A8B46000A8100002A8FEB5614C62
S3150800E6C0206C676C074001252F4216D02E065E483F
S3150800E6D0066020685D490D60002802D00021FDF71C
S3150800E6E0A3FB5B480068A021C90188428041C0435A
S3150800E6F0C00F5849487058480660FDF705FC019058
S3150800E700022007403ED06168CEB20F0A534908225C
S3150800E710474B4403012E24D0022E31D1012F22D19A
S3150800E7204F4EF67800964E4E37780126BE404D4F2E
S3150800E7303E604B4E3678760590277F04F7190326F8
S3150800E7403E43494F3E601C60484B1C600B68009C6A
S3150800E7501B194B65424909788D4045490D60454965
S3150800E7600DE00090DFE7002F0AD1434E3560002503
S3150800E7704D655C601C60C104404B196040490A60E5
S3150800E780324908600198FDF7C8FBF7BDB43E0000A2
S3150800E790104001A870B5FDF7B7FB0400FFF748FA6B
S3150800E7A031490A68D20710D52C4A566D1368FB25DD
S3150800E7B0AD012E60CE686E604968E9818021C90482
S3150800E7C0214E3160297B59185165FFF735FA20002B
S3150800E7D0FDF7A3FB70BD0000943C0000106001A883
S3150800E7E0B03E0000344301A8002800D0704770B539
S3150800E7F00C00FDF789FB0500FFF71AFA0600FDF77E
S3150800E8009DFB2048046001211F4A1160026C0A40E2
S3150800E810FCD1FDF798FB3000FFF70EFA2800FDF74C
S3150800E8207CFB70BD7C3E00004C4201A890C001A84C
S3150800E83090E001A80CC001A804ED00E0C0C000A843
S3150800E840C0E000A800C002A8441002A840E002A840
S3150800E850404000A8B63E0000442002A818800A508E
S3150800E860C93E000068A00A5060C101A894D001A85A
S3150800E87068900A50F42302A860E101A880E200E04B
S3150800E880F41302A80080095040900950232D302B1C
S3150800E8902000686C4C006566674546470030313293
S3150800E8A033343536373839414243444546003031EA
S3150800E8B03233343536373839616263646566000049
S30D0800E8C07019FF7F010000003A
S3110800E8C8D4E800080013002057000000E8
S3150800E8D40000000000000000FFFF00008CAD0008E7
S3150800E8E400000000FFFFFFFFFFFFFFFF20130020CB
S3150800E8F4340B0020A4B30008020000009D0400089D
S3150800E90400000000000000000000000000000000F5
S3150800E9140B000000340B0020FFFFFFFFC0EA2101B3
S3150800E924C0EA210100800000C01753020A00E40C63
S3150800E9340A00000060140020C5990008B0B5000854
S3150800E944FFFFFFFF999B0008959B0008FFFFFFFF49
S3150800E954FFFFFFFF9D9B0008FFFFFFFF139F0008B3
S3150800E9643D9F0008FFFFFFFFFFFFFFFFFFFFFFFFBD
S3150800E974FFFFFFFF0040005A00C00350004000504C
S3150800E98400800050256B0008F9610008F55D000851
S3150800E994495E0008A5600008B9600008916100088E
S3150800E9A4AD62000895620008955C0008E1610008FC
S3150800E9B400000000000000003B2D0000F0130020BA
S3150800E9C40000000050110020B81100202012002079
S3150800E9D40000000000000000000000000000000025
S3150800E9E40000000000000000000000000000000015
S3150800E9F40000000000000000000000000000000005
S3150800EA04000000000000000000000000FFFFFFFFF8
S3150800EA140C00000000002801FF0CFFF0FF000000B6
S3110800EA240D020008E5020008E5010008E4
S705080006C12B
