S01B00004E6574416E616C797A65725F464732335F5630312E73333705
S3150800000000080020E10900086B9100086B910008C0
S31508000010979C00086B9100086B9100086B9100088B
S315080000206B9100086B9100086B9100086B910008B2
S315080000306B9100086B9100086B9100086B910008A2
S315080000406B9100086B9100086B9100086B91000892
S315080000506B9100086B9100086B9100086B91000882
S315080000606B9100086B9100086B910008A9080008BD
S31508000070990800086B9100086B9100086B910008BD
S315080000806B9100086B9100086B9100086B91000852
S315080000906B9100086B910008F91000086B91000835
S315080000A06B9100086B910008D10C0008A90C000898
S315080000B06B9100086B910008397A0008F5840008EE
S315080000C0D3A30008CFA30008A97C0008E9A3000869
S315080000D0D7A30008C5840008DBA3000859850008D3
S315080000E0918500086B9100086B9100086B910008D8
S315080000F06B9100086B9100086B9100086B910008E2
S315080001006B9100086B9100086B9100086B910008D1
S315080001106B9100086B9100086B9100086B910008C1
S315080001206B9100086B9100086B9100086B910008B1
S315080001306B9100086B9100086B9100086B910008A1
S315080001406B9100086B9100086B9100086B91000891
S315080001506B9100086B9100089DAF00089D6400082C
S315080001606B9100086B91000875A300087BA3000833
S3150800018070470000000000000000000000000000AA
S315080001900000000000000000000000000000000051
S315080001A00348044B834202D0034B03B118477047F8
S315080001B09C1600209C16002000000000064B0749EC
S315080001C0C91A891048BF0131491003D0044B0BB135
S315080001D001481847704700BF9C1600209C1600204F
S315080001E00000000010B5064C237843B9FFF7D8FF86
S315080001F0044B13B10448AFF300800123237010BDEC
S31508000200E014002000000000BCEC000808B5054B0F
S315080002101BB105490548AFF30080BDE80840FFF764
S31508000220CDBF00BF00000000400A0020BCEC00085B
S31508000230A3F5803A704700BF174B002B08BF134B36
S315080002409D46FFF7F5FF00218B460F461348144AD3
S31508000250121A0AF0F6F80E4B002B00D098470D4BF1
S31508000260002B00D098470020002104000D000D48FF
S31508000270002802D00C48AFF3008008F09BFB200052
S31508000280290008F0E7FE08F075FB00BF000008002B
S315080002900000000000000000000800200008002000
S315080002A020150020000000000000000010B10A46DA
S315080002B0014602B9704708B5024B186809F057FAA3
S315080002C008BD00BF841500200FB400B5B3B034AB29
S315080002D053F8042B0193C02102A808F05DFB021E07
S315080002E007DDBF2A28BFBF2202A9044B186809F0F8
S315080002F03EFA33B05DF804EB04B07047841500206D
S3150800030000B583B00B4B4FF080625A660123042276
S315080003100921022002F03EF90023019302E0019B25
S3150800032001330193019A49F63F439A42F7D903B03C
S315080003305DF804FB0090005000B587B003212748FC
S31508000340FFF7C2FF0023ADF81030ADF8143005A949
S3150800035004A800F0C5F8002831D021492148FFF744
S31508000360B3FF42F6B112BDF810101F48FFF7ACFFF5
S315080003704FF20852BDF814101C48FFF7A5FF0023DA
S31508000380ADF80E300493059305AA04A90DF10E00E5
S3150800039000F0A6F9A8B112494EF67D330193BDF8CF
S315080003A00E3000934FF40C73049A1148FFF78CFF34
S315080003B0059B0BB1049B33B907B05DF804FB0D49E7
S315080003C0CCE70C49E8E70C48FFF77EFF0499059847
S315080003D0FFF76CFF0948FFF777FFEDE710B0000855
S315080003E000B0000860B000087CB00008A4B000089F
S315080003F0CCB0000808B000080CB100081CB1000811
S315080004000FB400B5B3B034AB53F8042B0193C02135
S3150800041002A808F0C1FA021E07DDBF2A28BFBF22BC
S3150800042002A9044B186809F0A2F933B05DF804EB89
S3150800043004B070478415002038B50AF05FFB0E4BF0
S315080004401A685B68904271EB030300D238BD054613
S315080004500C460A4B1968013119600948FFF7D0FFA5
S315080004604FF47A700AF064FB401944F10004024B19
S3150800047018605C60EAE700BF00080020580A002000
S315080004802CB1000810B414460CE0094BA3FB01C3B9
S31508000490DB089C4603EB8303A1EB4303013C3033A3
S315080004A003556146002CF0D110445DF8044B7047A3
S315080004B0CDCCCCCC13467AB110B401F00F0C013B6D
S315080004C0064C14F80CC000F803C00909002BF4D137
S315080004D010445DF8044B70471044704758B1000843
S315080004E070B506460D4609210C4808F0D9FD0446A4
S315080004F003210B4808F0D4FD06B1348005B12880E5
S3150800050042F6B1139C4201D0002070BD4FF2085349
S31508000510984201D00020F8E70120F6E74CB1000820
S3150800052048B10008002800F0CC802DE9F0471546B0
S315080005300746002A00F0C780B1F50C7FC0F0C580D9
S31508000540B2F818A05369002B6AD0BAF1F30F6AD82B
S31508000550B846532308F8023B54237B70BE1D52232A
S315080005607B710A2229683046FFF78CFF2C2400F895
S31508000570014B0322A988FFF785FF0470B5F9061019
S31508000580002953DB2B2343700029B8BF49420322B5
S3150800059089B20230FFF776FF2C2400F8014B0322BC
S315080005A0297AFFF76FFF00F8014B6B7A002B3FD0D3
S315080005B04849042208F058FD2C2400F8014B022271
S315080005C0A97AFFF777FF00F8014B0222E97AFFF7CD
S315080005D071FF00F8014B0222297BFFF76BFF00F839
S315080005E0014B0222697BFFF765FF00F8014B0422E5
S315080005F0E989FFF75FFF00F8014B0222297CFFF724
S3150800060059FF00F8014BD14603225146FFF73AFF3E
S3150800061000F8014B831B352B5AD1044600231DE0F5
S315080006204FF0000A94E74FF0F30A91E72D23AAE763
S315080006302949BEE76A69D25C1209DFF8A0C01CF82E
S315080006400210224602F8021B6969C95C01F00F0113
S315080006501CF80110617001339BB214469A45E9D81B
S3150800066002E0202304F8013B231AB3F5F37FF8D3FD
S315080006704FEA4901032235314046FFF703FF02E0FE
S31508000680202304F8013BA31BB3F5077FF8D3002307
S3150800069003E0202204F8012B0133072BF9D94FF484
S315080006A00A71404608F0FCFC014604222046FFF782
S315080006B001FF0346452203F8022B44224270D81B49
S315080006C004E000207047002000E00020BDE8F08725
S315080006D00020FBE73CB1000808B0000858B1000844
S315080006E0F0B589B007460E4615460DF1040C1C4CAC
S315080006F00FCCACE80F0094E807008CE8070001AAC5
S315080007004FF40C711748FFF70DFFB0F50C7F1CD09E
S31508000710002207B13A8006B130600DB1114B2B604B
S31508000720B0F50C7F14D0002009B0F0BD303B9BB269
S3150800073043EA021292B201310329EADC0A4B5B5CF6
S31508000740402BF3D9373B9BB2F2E700210A46F3E781
S315080007504EF67D339A4201D00020E5E70120E3E713
S315080007606CB100085C0A0020860C002000230620D5
S3150800077073B1704754B224B9013353B15DF8044BD1
S3150800078070470228F8D008680A4908601046F3E757
S3150800079010B4094A52F823100A7A022AEAD9032A17
S315080007A0EAD1441EE4B2012CE6D90868014908607A
S315080007B01046E1E78C0C00205C15002030B5A3B08C
S315080007C020252A4600211AA809F03BFE294B1A9330
S315080007D04FF4E1331C9302238DF87530264A1E9296
S315080007E001248DF87D408DF87E408DF87F408DF888
S315080007F080300021159116911791189119914FF48F
S31508000800801315931D4B1993109111911291139101
S3150800081014911B4B10931B4B14933C2201A809F00F
S3150800082010FE0DF1040E0DF1540CBCE80F00AEE8F5
S315080008300F00DCF80030CEF800300DF1180E0DF17F
S31508000840400CBCE80F00AEE80F00DCF80030CEF82C
S3150800085000300D4B0B930C958DF835408DF83640CE
S315080008600A4B0F930A4B1AAA01A90A4802F0EAFB97
S3150800087023B030BD60B9000850B900083C00015BE0
S31508000880010010004400015B900C00207015002048
S31508000890B00C0020640D002008B5024808F0E6FFF9
S315080008A008BD00BF640D002008B5024808F0DEFF49
S315080008B008BD00BF640D002010B58EB024220021AB
S315080008C005A809F0BEFD334B0593334B1B88ADF8DD
S315080008D02430324B1B88ADF82630314B1B680B93FE
S315080008E0304B1B680C93304A05A9304803F0A8F82A
S315080008F000B1FEE72E4B1C682E4A21462B4B186882
S3150800090003F054F900B1FEE74CB12146274B1868AD
S3150800091009F04EFA01464FF6FF73984206D10021B8
S31508000920224B186808F001FF38B1FEE71F4B18681C
S3150800093003F080FA0028F2D0FEE71F491B4B18681F
S3150800094003F0BCFA00B1FEE76FF0C00240F2FF33D5
S31508000950CDE900234FF0FF324FF0FF331349086803
S3150800096009F06FFA00B1FEE7144B1B88ADF810309A
S31508000970ADF80C3004A90D4B186809F04AFA00B115
S31508000980FEE703A9094B186809F059FA00B1FEE712
S315080009900EB010BD5B910008BAB90008B8B90008D6
S315080009A0C0B90008BCB900083D91000888150020A8
S315080009B04C1500204791000807001100A8B7000849
S315080009C008B50448044A121A9210044908F0CEFBE6
S315080009D008BD00BF80010008A001000820150020FE
S315080009E008B5154B83F30A8800F030F8FFF7E8FFDF
S315080009F0124A0AE01068516850F8230041F82300AB
S31508000A00013391688B42F5D30C320D4B9A4201D2D1
S31508000A100023F6E70B4A08E01168002041F8230096
S31508000A20013351688B42F7D30832074B9A4201D2F9
S31508000A300023F6E7FFF700FC00000020C4EC0008DE
S31508000A40D0EC0008D0EC0008D0EC000870B5134BC9
S31508000A50134A9A60D3F8882042F47002C3F88820B3
S31508000A60104A4FF4804191660F4D05F500544FF03A
S31508000A70FF3222660D4A62660222C3F8D020BFF30F
S31508000A804F8FBFF36F8F002002F09AFA4FF440366B
S31508000A90E660002008F063FE2E6170BD00ED00E000
S31508000AA00000000800900050008000447FFF7F018E
S31508000AB0014B1860704700BF9015002008B5064B1B
S31508000AC01860064B1B6F03F00703032B00D008BD05
S31508000AD009F020FEFBE700BF9815002000800050B3
S31508000AE010B504460FE00123834024EA03040F28C7
S31508000AF014D800EB40020E4B03EB82035A6812B17E
S31508000B009968C0B2904794B1234600201F28EAD8B6
S31508000B1013F0010FE7D101305B08F7E7103800EB57
S31508000B2040039B00B033024A13440433E6E710BD82
S31508000B30800D002008B50D480AF0FDF81A2002F0CD
S31508000B402FFA28B91B2002F02BFA40B9002008BD5D
S31508000B501A2002F035FA1A2008F001FEF2E71B20E7
S31508000B6002F02EFA1B2008F0FAFDEFE74CB9000850
S31508000B702DE9F04170B30C46174605460F292BD8C8
S31508000B8003784BB1022B20D0032B21D0012B01D0A7
S31508000B90002303E00F2301E040F2FF736A78D34095
S31508000BA013F0010F1AD00F4BD3F81063C6B90AF029
S31508000BB0B5F880463A462146284601F033FE4046B7
S31508000BC00AF0A7F83046BDE8F08140F2FF33E5E7C2
S31508000BD03F23E3E72226F5E72126F3E72126F1E777
S31508000BE00226EFE700C0035040B310B50446037869
S31508000BF04BB1022B1DD0032B1ED0012B01D0002395
S31508000C0003E00F2301E040F2FF736278D34013F04C
S31508000C10010F15D00AF082F82378627801219140F5
S31508000C2003EB43031B01074AD1500AF072F8002070
S31508000C3010BD40F2FF33E8E73F23E6E7222070477E
S31508000C402120F5E740D0035040B310B50446037899
S31508000C504BB1022B1DD0032B1ED0012B01D0002334
S31508000C6003E00F2301E040F2FF736278D34013F0EC
S31508000C70010F15D00AF052F82378627801219140C5
S31508000C8003EB43031B01074AD1500AF042F8002040
S31508000C9010BD40F2FF33E8E73F23E6E7222070471E
S31508000CA02120F5E740E0035008B5084BD3F82404A3
S31508000CB0D3F82024104000F0553020F0502003F5DA
S31508000CC00053C3F82004FFF70BFF08BD00C003500C
S31508000CD008B5084BD3F82404D3F82024104000F0B4
S31508000CE0AA3020F0A02003F50053C3F82004FFF72C
S31508000CF0F7FE08BD00C00350F0B585B00C46944613
S31508000D009DF83410664A1278002A00F0BD80054620
S31508000D10BCF1070F00F2BA800A9A002A00F0B880E0
S31508000D200B9A002A00F0B6800E9AB2F5006F00F30F
S31508000D30B38001285BD05B4A02EB0C12127B002AB7
S31508000D4000F0AC8000220092019202920392564A69
S31508000D5002EB4C1E002C4FD14FEA4C160020905146
S31508000D60CEF80400CEF80800CEF80C009EF8020073
S31508000D7040F010008EF802009EF8030040F03000A4
S31508000D808EF8030021B9C1B241F003018EF80310B1
S31508000D9000930E9B013B444A4FEA4C1002EB4C1160
S31508000DA0165A63F30E1616520A9B8B600B9B4B6002
S31508000DB0CB789DF83C2062F38303CB70012D36D0A7
S31508000DC0109B002B56D0374A4FEA0C1102EB0C1336
S31508000DD010985050119A5A6000249C605D737246B0
S31508000DE06946604601F07AFC204605B0F0BD0C9ACB
S31508000DF0002AA0D12D48F8E72B4F4FEA4C1607EBEF
S31508000E004C120020B85150609060D060907840F045
S31508000E1010009070D07840F00300D0700029B7D148
S31508000E2007EB4C12C1B241F03001D170B0E70E4663
S31508000E300A7B42F001020A73D2B242F002020A7336
S31508000E40CA68042161F39F02F26006F1100796E86A
S31508000E500F0087E80F00F2696FF0030161F39F0244
S31508000E60F2610C9B7361012CAAD10B9AB2610C9AA0
S31508000E707260A5E7002DA6D10B4B03EB4C139A78AD
S31508000E806FF304129A709EE70948AEE70748ACE785
S31508000E900648AAE70548A8E70448A6E70548A4E7D8
S31508000EA0E1140020E80F0020E80E0020018000F081
S31508000EB0028000F0078000F0134B1B78FBB110B5D9
S31508000EC00446F0B109F02AFF0023072B13D80F4A6E
S31508000ED002EB0312127B0AB10133F6E723600B4AD1
S31508000EE0190102EB031301241C730024545009F062
S31508000EF010FF204602E009F00CFF054810BD054822
S31508000F0070470548FAE700BFE1140020E80F002003
S31508000F10048000F0028000F0018000F038B509F086
S31508000F20FDFE04460023072B06DC0C4A02EB0312DF
S31508000F30127B12B90133F6E7002222B1204609F0E6
S31508000F40E8FE074838BD01F075FB0025054B1D7006
S31508000F50204609F0DEFE2846F4E700BFE80F002029
S31508000F60058000F0E11400200F4B1B78BBB110B5CB
S31508000F700446072815D809F0D1FE0C4B03EB0413D9
S31508000F801B7B1BB909F0C5FE09480BE0074B03EBB1
S31508000F90041300241C7309F0BCFE204602E0054831
S31508000FA07047054810BD00BFE1140020E80F002077
S31508000FB0068000F0028000F0018000F000B583B0E2
S31508000FC0134B1B68019300238DF8043009F0A6FE25
S31508000FD0104B1B7833B90F4B01221A7009F099FE92
S31508000FE0002309E009F095FE0B480EE00B4A02EBD8
S31508000FF00312002111730133072BF7DD08238DF83F
S31508001000073001A801F03AFB002003B05DF804FBA5
S31508001010ACB70008E1140020038000F0E80F0020B8
S3150800102010B5104C2478BCB1072817DC0E4C04EB1D
S315080010300014247BA4B10C4C4FEA001E04EB001CE0
S3150800104044F80E30029BCCF804300024CCF8084053
S3150800105001F044FB204610BD0448FCE70448FAE7C3
S315080010600448F8E7E1140020E80F0020028000F0A9
S31508001070018000F0078000F008B50A4B1B785BB1C9
S3150800108007280BD8084B03EB00131B7B43B1002141
S3150800109001F0E6FA002008BD0448FCE70448FAE730
S315080010A00448F8E7E1140020E80F0020028000F069
S315080010B0018000F0078000F008B50A4B1B785BB189
S315080010C007280BD8084B03EB00131B7B43B1012100
S315080010D001F0C6FA002008BD0448FCE70448FAE710
S315080010E00448F8E7E1140020E80F0020028000F029
S315080010F0018000F0078000F0F8B5194B1F6D5B6D95
S315080011001F4002D40125002402E0FEE701346D00E9
S31508001110072C24D83D42F9D0124B1D652301124AEB
S31508001120D358002BF2D002EB0416B1680131B16036
S3150800113072682046984780F00100C0B2737B012B85
S31508001140E4D10028E2D0094B03EB44131A7B6FF372
S3150800115041021A731A7F6FF341021A77D6E7F8BD70
S315080011600000045000200450E80F0020E80E00207C
S3150800117038B505460C46164BD3F8283103F0070355
S31508001180013B052B20D8DFE803F003131B0F0B17D1
S3150800119009F09AFA052305B1286004B1236038BD21
S315080011A009F092FA0623F6E709F0D8FA0723F2E7D8
S315080011B009F0CAFA0323EEE709F0C6FA0423EAE7B8
S315080011C009F0BEFA0223E6E700231846E3E700BF64
S315080011D00080005030B583B005460C4600230193C5
S315080011E0154BD3F8203203F00703042B21D8DFE888
S315080011F003F0030B11161B0001230DB1019A2A6097
S3150800120004B1236003B030BD002101A8FFF7B0FF89
S315080012101123F2E709F0A2FA01900723EDE709F096
S3150800122069FD01900A23E8E709F0E2FA019009232B
S31508001230E3E70023E1E700BF0080005038B5054624
S315080012400C460F4BD3F8503203F00303022B12D08F
S31508001250032B08D0012B0AD00023184605B12860B5
S3150800126004B1236038BD09F048FD0B23F6E709F001
S3150800127041FD0A23F2E709F0BBFA0923EEE700BFAE
S315080012800080005038B505460C460C4BD3F8903212
S3150800129003F00303012B05D0022B07D109F05EFAF0
S315080012A0072305E009F04CFA022301E0002318465B
S315080012B005B1286004B1236038BD00BF0080005026
S315080012C0024B4FF480321A67704700BF00900050F7
S315080012D0204B984236D009D91F4B984236D01F4B1F
S315080012E0984222D11E4BD3F8D0007047A3F5B70316
S315080012F0A3F55863984221D006D91A4B984212D1C1
S31508001300174BD3F8BC007047174B984202D0174BBF
S31508001310984203D1124BD3F8A0007047144B984259
S31508001320F8D00020704700207047124B984203D12E
S315080013300B4BD3F8C800704700207047084BD3F80A
S31508001340B8007047064BD3F8C0007047044BD3F873
S31508001350CC007047C0EA21010048E801005A620241
S315080013600080E00F0024F40080841E0000093D0080
S3150800137040420F0080BA8C0138B505460C46104B22
S31508001380D3F8000100F00300032815D8DFE800F0C1
S3150800139002080C10012305B1286004B1236038BD8A
S315080013A009F0D2F90323F6E709F022FA0923F2E74E
S315080013B009F0D0F90823EEE700231846EBE700BF4B
S315080013C00080005038B505460C46174BD3F8200167
S315080013D000F00700062823D8DFE800F0040A0E16F6
S315080013E0121A1E00012305B1286004B1236038BD16
S315080013F009F06AF90523F6E709F0A6F90323F2E7E7
S3150800140009F0ACF90723EEE709F09AF90223EAE7AF
S3150800141009F05AF90623E6E709F096F90423E2E704
S3150800142000231846DFE700BF0080005038B50546A0
S315080014300C46104BD3F8400100F00300032815D8DA
S31508001440DFE800F002080C10012305B1286004B19A
S31508001450236038BD09F04EFC0A23F6E709F0C8F9FF
S315080014600923F2E709F049FC0B23EEE700231846A7
S31508001470EBE700BF0080005030B583B005460C4648
S3150800148000230193144BD3F8603203F00703013BA2
S31508001490032B1FD8DFE803F0020E1914002101A858
S315080014A0FFF790FF0F230DB1019A2A6004B123605C
S315080014B003B030BD002101A8FFF7B8FF1023F2E7FB
S315080014C009F04CF901900723EDE709F039F9019085
S315080014D00223E8E70023E6E70080005030B583B032
S315080014E005460C46002301930C4BD3F8703203F0E3
S315080014F00303012B09D0022B0DD114230DB1019A38
S315080015002A6004B1236003B030BD002101A8FFF7AB
S315080015108DFF1023F2E70023F0E700BF008000509C
S3150800152038B505460C46104BD3F8600100F00300A9
S31508001530032815D8DFE800F002080C10012305B1CE
S31508001540286004B1236038BD09F0D4FB0A23F6E706
S3150800155009F04EF90923F2E709F0CFFB0B23EEE772
S3150800156000231846EBE700BF00800050324B984234
S3150800157052D029D8314B984248D009D9304B984295
S3150800158047D0304B98421DD12F4BD3F88000704777
S315080015902E4B984237D005D92D4B984210D12A4B5D
S315080015A0186F70472B4B984202D02B4B984202D1AA
S315080015B0254B986D7047294B9842F9D00020704703
S315080015C00020704700207047254B98422CD00CD934
S315080015D0244B98422CD003F5740303F51053984214
S315080015E00FD1194BD3F8980070471F4B984217D064
S315080015F01E4B984203D1144BD3F88C007047002039
S31508001600704700207047104B586E70470E4B586F46
S3150800161070470D4B986F70470B4BD3F88400704793
S31508001620094BD3F888007047074BD3F890007047EA
S31508001630054BD3F8940070470048E8010024F400ED
S31508001640C0EA210180BA8C010080E00FC0CF6A0091
S31508001650405DC60080841E0000093D0040420F0020
S31508001660007E56030090D00380D54302006CDC024E
S3150800167070B582B006460D4600230193104BD3F889
S31508001680804104F00304022C16D0032C0FD0012C41
S3150800169007D000240EB1019B336005B12C6002B05F
S315080016A070BD002101A8FFF78DFE0F24F2E709F0AF
S315080016B055F801900724EDE709F042F80190E9E7AB
S315080016C00080005038B505460C46104BD3F840024A
S315080016D000F00300032815D8DFE800F002080C1014
S315080016E0012305B1286004B1236038BD09F002FB67
S315080016F00A23F6E709F07CF80923F2E709F0FDFA70
S315080017000B23EEE700231846EBE700BF00800050E6
S3150800171038B505460C46134BD3F8000200F007000F
S3150800172004281BD8DFE800F003090D111500012372
S3150800173005B1286004B1236038BD09F0DBFA0A2335
S31508001740F6E709F055F80923F2E709F0D6FA0B236C
S31508001750EEE708F0DFFF800A0E23E9E700231846C4
S31508001760E6E700BF0080005038B505460C46134B27
S31508001770D3F8080200F0070004281BD8DFE800F0B9
S3150800178003090D111500012305B1286004B1236072
S3150800179038BD09F0AFFA0A23F6E709F029F8092354
S315080017A0F2E709F0AAFA0B23EEE708F0B3FF800A7E
S315080017B00E23E9E700231846E6E700BF008000503D
S315080017C0B0F5207F20D00ED8B0F5007F16D020D8EF
S315080017D010B1B0F5C07F04D10F4B186FC0F30330BA
S315080017E018E0002016E0B0F5607F05D10A4BD3F863
S315080017F08000C0F301100DE000200BE0064BD3F883
S315080018009000C0F3046005E0034B186FC0F3802016
S3150800181000E00020013070470080005038B50546CA
S315080018200C46174B4FF480329A660020FFF7C8FF24
S3150800183005FB00F0134BDA6902F4803241F6713188
S31508001840D9635B6823F440136CB90F49884207D8FB
S3150800185000210B430B494B600AB10022CA6338BD0D
S315080018604FF48011F5E7002C07DD0849884201D8B6
S315080018700021EEE74FF48011EBE74FF44011E8E75B
S315080018800090005000000350005A6202002D3101FA
S31508001890430905D0012B0DD0022B0DD0002200E004
S315080018A0002200F01F0049B102F58052012383404F
S315080018B013607047034AF4E7034AF2E702F5005259
S315080018C0F4E700BF648000506880005008B58020A7
S315080018D007F0C3FC034B984203D8034B4FF48032FE
S315080018E01A6708BD005A620200A0005000B583B00E
S315080018F000230193B0F5807F00F0AF8011D9B0F5D1
S31508001900086F00F0B48044D9B0F5286F00F0C380A2
S3150800191069D9B0F5306F79D101A90020FFF7B2FC7B
S3150800192075E0802873D8242871D324385C286ED8AB
S31508001930DFE800F04C4C4C4C4C6D446D98546D6D82
S315080019406D6D6D6D6D6D6D6D6D986D6D6D39A76D88
S315080019506D6D6D6D6D6D6D6D6D6D6D6DAC4C6D6D8B
S315080019606D676D6D5FB1A277776D6D6D6D6D6D6D20
S315080019706D6D6D6D6D6D6D6D6D6D6D6D6D6D6D6D89
S315080019806D6D6D6D6D6D6D6D6D6D6D6D6D6D6D6D79
S315080019907C00B0F5C06F65D00AD9B0F5E06F70D09D
S315080019A0B0F5F06F17D101A90020FFF7B9FD2EE0B9
S315080019B0B0F5A06F60D0B0F5B06F04D101A90020D2
S315080019C0FFF756FE23E0B0F5806F20D101A900206D
S315080019D0FFF7F8FC1BE0B0F5D06F18D101A900207D
S315080019E0FFF796FE13E0B0F5186F4FD0B0F5206FED
S315080019F004D101A90020FFF73FFD08E0B0F5106FFC
S31508001A0005D101A90020FFF7AFFE00E003D2019837
S31508001A1003B05DF804FBB0F5386F23D0B0F5406F1E
S31508001A20F5D101A90020FFF7A3FBF0E71C4B1B6FBC
S31508001A3003F00703013B032BE9D8DFE803F00B02A9
S31508001A40050805230193E2E703230193DFE708234B
S31508001A500193DCE702230193D9E701A9002007F0E7
S31508001A60D7FBD4E701A90020FFF7E0FCCFE701A9DF
S31508001A700020FFF781FCCAE701A90020FFF7AAFBAF
S31508001A80C5E701A90020FFF71DFEC0E701A9002050
S31508001A90FFF7D4FBBBE701A90020FFF71FFDB6E758
S31508001AA000800050094B596E03F580534FF480327D
S31508001AB05A66074A536A23F00103536211F4803FBA
S31508001AC003D1044B4FF480325A66704700800050A9
S31508001AD000C0075000A0005038B504468020FFF724
S31508001AE005FF032800F0B580604B4FF480125A6654
S31508001AF05F4B45F60E02C3F8802003F580524FF07F
S31508001B00A061916203F500534FF480329A62584BF4
S31508001B109B6D13F4803FFAD1554B9B6D13F0804FA4
S31508001B20FAD1226863681B0543EA0263227B43EA0B
S31508001B300243627B43EA0233A27B43EA8213E27BD7
S31508001B4013434B4D2B61AB6903F00043226943EA0B
S31508001B508263626943EA0263227E43EA0243627E43
S31508001B6043EA0223A27E1343AB614FF400624FF4AB
S31508001B704061404807F033FB2B6A23F00F03E26904
S31508001B80002A46D111460B43E17E43EA81031A43F4
S31508001B90374B1A62E369002B3DD1354A916A364BB9
S31508001BA00B4094F8201043EA411394F8211043EAB5
S31508001BB0011394F8241043EAC10343F48033936273
S31508001BC02B4B9A6D2D4B9343FAD1294A02F5805136
S31508001BD04FF080738B62136923F47003A06843EA9D
S31508001BE0005313614FF000438B6194F822301BB900
S31508001BF0234B4FF080729A6294F8233013BB204B24
S31508001C004FF480329A621A4B9B6D13F0804FFAD1CB
S31508001C1018E00821B7E7022B1CD0154A916A164B23
S31508001C200B4094F8201043EA411394F8221043EA33
S31508001C30016394F8241043EAC10394F8231043EA95
S31508001C400143936294F825301BB1094B0D4AC3F83A
S31508001C50802038BD064B00221A619A614FF408525B
S31508001C604FF47F41084807F0BAFAD6E700900050CB
S31508001C700040005A3840005AC7FFFEFE0300010024
S31508001C800060005AF1A7FFFF3440005A014B93F950
S31508001C900000704786160020014B1880704700BF69
S31508001CA07C160020B0F5207F48D02DD8B0F5007FEF
S31508001CB039D04CD810B1B0F5C07F24D110B54C1E20
S31508001CC007F0C4FA07F0AFFCFFF7FAFA204A136FD9
S31508001CD023F4704343EA0433136708F01BFD1D4BD6
S31508001CE0D3F8843013F0100FF9D11A4BD3F88410B7
S31508001CF0C1F38111C1F1020107F08AFC00F040F836
S31508001D00FFF7E4FD10BD7047B0F5607F0AD10139D1
S31508001D100F4AD2F8803023F0300343EA0113C2F8A1
S31508001D208030704770470139094AD2F8903023F05D
S31508001D30F85343EA0163C2F8903070470139044A00
S31508001D40136F23F4806343EA812313677047704750
S31508001D50008000500040005008B50121022000F024
S31508001D60F3F84FF42070FFF72BFD044B187007F0BB
S31508001D706DFA07F058FCFFF7A3FA08BDE214002035
S31508001D8008B54FF4C07007F068FA054B984205D9B4
S31508001D9002214FF42070FFF785FF08BD0121F8E7FF
S31508001DA080F0FA0210B5044608F0B4FC0F4BD3F8DD
S31508001DB0843013F0100FF9D10C4BD3F88410C1F30B
S31508001DC08111C1F1020107F023FC0121002000F076
S31508001DD001F924B1FFF7D4FFFFF778FD10BD044BD6
S31508001DE019784FF42070FFF75DFFF5E700400050C3
S31508001DF0E214002070B50446FFF7B8FB0546364BDB
S31508001E004FF4C0225A6603F598335B68012B29D034
S31508001E108020FFF76BFD05282DD025F040752F4B48
S31508001E209C422FD02E4B9C422FD008F04DFC0646E4
S31508001E3084422DD82B4BDB6813F0060FFAD1294BB9
S31508001E409A689D609B686B4013F4F81F25D0254B54
S31508001E509A6034468020FFF749FD052821D0B44210
S31508001E6035D970BD204B01225A60204B5B6813F0B0
S31508001E70020FFAD1CCE707F0E9F907F0D4FBFFF730
S31508001E801FFACAE745F00075CFE745F08075CCE73D
S31508001E900121204600F09EF8CCE72046FEF708FE12
S31508001EA0D8E708F037FC124BD3F8843013F0100F3C
S31508001EB0F9D10F4BD3F88410C1F38111C1F1020196
S31508001EC007F0A6FBFFF75CFFFFF700FDC7E7012158
S31508001ED0002000F07FF8C4E70090005040420F0051
S31508001EE080841E000000015000E0015000C001502F
S31508001EF00040005010B50446FFF7EAF90A4B4FF4C4
S31508001F0000225A6620F04070084A944206D0084AD1
S31508001F10944206D04FF0B442906010BD40F0007075
S31508001F20F8E740F08070F5E70090005040420F0057
S31508001F3080841E00034AD36E23F0300301790B43D5
S31508001F40D366704700400050F8B50446204BD3F8D6
S31508001F50843013F0100FF9D11D4BD3F88430C3F336
S31508001F6081139C422DD008F0B5FB0646012C11D0F2
S31508001F7008F0CBFE0546164F07F500534FF00072E2
S31508001F805A66204607F056FB621E4FF4806393405C
S31508001F903B6706E0012107F03BFBE9E70C4BD3F86A
S31508001FA084300B4B5B6E13F0007F05D1084BD3F8DA
S31508001FB0843013F0200FF1D0284608F0A1FE022C39
S31508001FC000D0F8BD0021304607F022FBF9E700BF34
S31508001FD00040005010B50C46034650B1094A127825
S31508001FE012B1094A934208D921460220FFF7ACFFED
S31508001FF010BD08F06FFB0346F0E721460120FFF706
S31508002000A3FFF5E768100020005A620238B52F4B87
S315080020104FF000425A6603F50B235C6C04F001048A
S315080020204AF6CD321A64E8B9294B5B6B13F0010303
S31508002030FAD1274A556815F0010539D002F500523C
S31508002040012151601A462249096B11F0010F04D18A
S3150800205020498A4201D80132F5E71E498A422FD81B
S315080020601D4625E000231A4A126B12F0080F04D009
S31508002070184A934201D80133F5E7164A934221D804
S31508002080134B03F500522021916203F58053012278
S315080020905A60002300E001330D4A926A12F0200FBD
S315080020A002D10C4A9342F6D90A4A93420CD8002523
S315080020B014B1074B084A1A6401F0D4FE284638BD05
S315080020C00725F5E70725F3E70725F1E70090005010
S315080020D0004009503F420F003254FFFF10B51A4B1B
S315080020E04FF000425A6603F50B235C6C04F00104BA
S315080020F04AF6CD321A6443785B0043F00103134A6B
S31508002100D363134B5B6B13F00B0FFAD1104A53686A
S3150800211023F4F873817843EA01135360C17843794D
S3150800212043EA012393600179837943EA0123136122
S315080021300078FFF76BFF14B1054B064A1A6401F0E5
S3150800214091FE012010BD00BF0090005000400050D5
S31508002150004009503254FFFF10B50F2800D90F2050
S31508002160124B5C6E03F580534FF000425A6603F536
S315080021700B235A6C02F001024AF6CD3119640C4B56
S315080021805B6B13F0800FFAD109490B6A23F00F0332
S3150800219003430B620AB1074A0A64002C03DB064BA9
S315080021A04FF000425A6601F05DFE10BD00800050F7
S315080021B0004009503254FFFF00A0005010B5134BE1
S315080021C05C6E03F580534FF000425A6603F50B2305
S315080021D05A6C02F001024AF6CD3119640C4B5B6B5E
S315080021E013F0800FFAD10A490B6A23F4F85343EA2D
S315080021F000230B620AB1074A0A64002C03DB064B6C
S315080022004FF000425A6601F02DFE10BD00800050C6
S31508002210004009503254FFFF00A00050084B984276
S315080022200AD0084B984209D003F58043984201D05A
S31508002230002070475820704756207047572070472F
S315080022400000015B00000A5010B5044607F0F3F9D8
S31508002250042307E004F5805304221A6104F50053A9
S315080022601A610B46591E002BF4D120232361002343
S31508002270E360A36041F202026261A3614FF4A02207
S315080022806262E3612362A362E3626363236504F522
S3150800229000520249D164236310BD00BFFF3F0D03FE
S315080022A0F8B5044615460846E1B1A36813F0010FD0
S315080022B034D06668B0FBF5F0451E16F001062BD043
S315080022C0636D13F0280FFBD1A36C13F0030F0FD126
S315080022D0A36C13F0010F1BD1A36C13F0020F19D1D5
S315080022E0002706E02046FFF799FF06F0B6FFDCE771
S315080022F00527204607F09FF9236923F07F4343EA21
S315080023000563236146B33946204607F0B3F923E04F
S315080023100927EEE70627ECE70027EDE76368A368D9
S3150800232003F0E003402B1DD017D9602B1ED0802B5D
S3150800233012D10123400105FB03F3B0FBF3F020386B
S315080023400B4A02EAC002636D13F0010FFBD1226348
S31508002350636D13F0010FFBD1F8BD2BB1202BFBD118
S315080023600823E7E70623E5E71023E3E70423E1E785
S31508002370F8FF7F0070B504460D461646436823B13C
S31508002380636DC3F30B03002BFAD12046FFF75CFFFE
S31508002390636923F44C5323F00F036A7B1343EA89DA
S315080023A013432A8A13436361A36823F0804323F007
S315080023B0E2032A7B13432A7E13436A691343A36005
S315080023C0AB681BB9A36843F00043A360EA69002A17
S315080023D070D0A168694B0B40117A43EA8153917A10
S315080023E043EA4143918801F4C0410B43517843EADB
S315080023F08103517B43EAC103917B43EA0113927837
S3150800240043EA8223A360E2685D4B1340EA691169D7
S315080024100B4351690B43917943EA8123D27943EA05
S315080024204223E360EB691B78012B01D0032B03D110
S31508002430E36843F00403E360EB691B78023BDBB215
S31508002440012B51D94F4B9C426BD04F4B9C426AD0C3
S3150800245003F580439C4262D04FF0FF3303F5937334
S315080024605B0103F1A04303F5703302225A60EB695E
S315080024705A7A04F580539A62EB695B7A1BB1E36872
S3150800248043F40063E360EB69DB7A63B1E36843F422
S315080024900043E3603B4B9C4247D03B4B9C424BD0AE
S315080024A03A4B9C424FD0636A23F00303EA69D27B16
S315080024B0134363623EB196F82030002B4AD004F5E8
S315080024C0805301221A6204F5805301225A60AA68D1
S315080024D0002A4ED12978204607F0CCF8A36CDB43B6
S315080024E013F4405FFAD170BD264B9C4213D0264B9D
S315080024F09C4212D003F580439C420AD04FF0FF332A
S31508002500A6335B0103F1A04303F5703302225A6038
S31508002510ADE70223F4E70023F2E70123F0E70223FD
S315080025209CE700239AE7012398E7EB691B7B03F0F6
S315080025300F03174A5366B0E7EB691B7B03F00F03DB
S31508002540134A1367ACE7EB691B7B03F00F03104ACA
S31508002550D367A8E7E36923F0090396F82220134313
S3150800256096F82120134343F0010304F58052D36102
S31508002570A9E769682046FFF793FEABE7E39BBDFF33
S31508002580FFF9F0870000015B00000A5000400A507E
S3150800259000900350F8B504460D461E4617463AB154
S315080025A0FBB101228A4000EB400109011D4B5A503C
S315080025B0072D1ED8A90004EB44031B0107FA01F2F4
S315080025C00F2000FA01F11848184407F08AF83FB9B5
S315080025D0FEB10122AA4004EB44042401114B1A510E
S315080025E0F8BD01228A4000EB400109010F4B5A5001
S315080025F0DEE7A5F108039B0004EB440C4FEA0C1C2C
S3150800260007FA03F20F2199400948604407F069F870
S31508002610DDE70122AA4004EB44042401034B1A51C6
S31508002620DEE700BF40D0035034C0035040E00350FB
S315080026303CC0035010B5162007F08DF8074B002450
S315080026405C65FF229A625C6021462020FFF720F92C
S3150800265021462120FFF71CF910BD00BF00000450D9
S3150800266029B9044A012303FA00F010607047024AA8
S31508002670F8E700BF401004504020045010B5044647
S3150800268001212020FFF704F901212120FFF700F995
S31508002690114B01225A60227812069A606178A27854
S315080026A042EA01429A61FF229A6200229A631A64F8
S315080026B04FF000425A6503F500534FF0FF321A6592
S315080026C0162000F07DFCE178162007F04CF816205D
S315080026D007F045F810BD00BF0000045070B50C4661
S315080026E0C3B201259D40214901F500531D658300AC
S315080026F003F1A04303F5882326685E60637B00EB3D
S31508002700400C01EB0C1CCCF8603094F80AE0E37A34
S315080027101B0543EA0E4394F80CE043EA4E53CCF803
S315080027205C3022F00302CCF8702008F0F7FA104B60
S315080027305D65237A0BB10E4B1D64637A0BB10C4BA6
S315080027409D632379A27942EA0342084B03F50051B7
S315080027508A6194F805C0E27942EA0C4203F580548E
S31508002760A2614D639D6408F0D4FA70BD0000045060
S315080027700010045010B5C0B20124844008F0CEFA07
S31508002780044B5A6D22EA04025A659C6208F0C1FAA3
S3150800279010BD00BF0000045010B5C0B2012484402B
S315080027A008F0BCFA084BDB6A234205D1064B5B6B83
S315080027B09C4306D0002400E0002408F0AAFA20462C
S315080027C010BD0124F9E700BF0000045070B50446A7
S315080027D0C3B201259D4008F0A1FA084B5E6B04EBD5
S315080027E0440403EB04135C6E08F093FA354203D1F4
S315080027F0C4F30A10013070BD0020FCE70000045045
S31508002800074B4FF480325A6603F5E6239B69C3F3F8
S315080028108512827003F03F0242701B0B03707047EB
S315080028200090005070B504460D4616460378417868
S315080028302C4AD2F810236A1E0E2A09D8DFE802F0BD
S315080028400A0A0A0A0A0A0A0A0A0A0A0A0A0A0A00E4
S31508002850002200E02A463DB116B30120884003EB6A
S3150800286043031B012049C8506178072920D82378DB
S31508002870890003EB43031B018A400F2000FA01F18C
S315080028801A48184406F03BFF4DB906B32378627818
S315080028900121914003EB43031B01134AD15070BD3C
S315080028A00120884003EB43031B011149C850DBE7AD
S315080028B023780839890003EB43031B018A400F205C
S315080028C000FA01F10B48184406F019FFDCE72378F3
S315080028D062780121914003EB43031B01044AD1505E
S315080028E0DDE700BF00C0035040D0035034C003509A
S315080028F040E003503CC00350074B9B6813F0020F9F
S31508002900FAD1054B5B6813F0020FF5D1024BDB6970
S31508002910002BF1D1704700BF00800A50074B5B6857
S31508002920064B5B6813F0010F03D0044BDB69002BE1
S31508002930F6D1024B02221A61704700BF00800A5086
S3150800294008B5FFF7D9FF034B03F5805101224A600A
S315080029501A6108BD00800A5008B5054B5B68012B53
S3150800296000D008BDFFF7DAFF024B01225A60F8E7EC
S3150800297000800A5000A00A5010B50446FFF7BCFFB5
S31508002980084B5B68012B05D0237843B10122054B20
S31508002990DA6010BDFFF7E0FFFFF7AEFFF4E70022AD
S315080029A0F5E700BF00800A5038B505460C4607F023
S315080029B08DFFDDB92378D3B10123626812B112788D
S315080029C043EAC2036278A2B102221343A26812B193
S315080029D0127843EA8213E2786AB104221343226921
S315080029E012B1127843EA4223044A936438BD00239D
S315080029F0E3E70022E9E70022F0E700BF00800A507B
S31508002A0038B5044607F049FA864658B9064DA4462D
S31508002A10BCE80F000FC5BCE80F000FC59CE8030013
S31508002A2085E80300704638BD6C10002047F6FF7332
S31508002A309A427DD009297DD870B5414B13F801E03B
S31508002A40BEF1030F78D83F4B03EBCE0191F802C0D5
S31508002A50604613F83E30012B26D03A4B03EBCE03E3
S31508002A605C68002C6AD0B4F90030934204DBB4F9F0
S31508002A700230934200DC1346A288FF2A2CD000219C
S31508002A802826C8221D46D21A92FBF6F20A4412B22A
S31508002A902C4B03EBCE0393F801E0964501DD002AA3
S31508002AA02FDA0EF1FF322CE0CB78A3EB0C030024CF
S31508002AB09C420ED2191BA3EB5101224800EBCE0013
S31508002AC0406830F91100904201DC0C46F0E74B1ED5
S31508002AD0EEE76344D8B230E0B4F90620B4F90860EA
S31508002AE00121CFE75C331849A1FB03139B09013287
S31508002AF012B2164696450FDD04EBC2018988994243
S31508002B000AD304EBC2018B68B1F9061001FB053341
S31508002B10002BE7DA0023E5E7013E04EBC604A288AA
S31508002B209A4200D31A46944500D81046C0B204E02B
S31508002B30FF20704700207047002070BD0020FCE78A
S31508002B40B0B700086C100020D34D621009296FD861
S31508002B503A4B5B5C032B6DD8394911F833100129C0
S31508002B602AD010B4364901EBC3014C68002C63D057
S31508002B70201D334901EBC3018978914234D230498B
S31508002B8001EBC301C978914233D92D4901EBC3033F
S31508002B9093F801C00CF1FF3C5FFA8CFCA388FF2B6D
S31508002BA02AD00023634529D2591C30F831109142A6
S31508002BB024D30133DBB2F5E7214901EBC301C97818
S31508002BC0914200D20A461E4800EBC3008078121ACA
S31508002BD0D2B2091A8A4200DD0022194901EBC30361
S31508002BE05B6833F912007047B4F902005DF8044BCC
S31508002BF07047B4F90000F9E70123D3E74FF47A7177
S31508002C0001FB02F200EBC3004368D31AB0F90220B5
S31508002C1002EBD27103EB610393FBF2F3B4F9000004
S31508002C209842E3DBB4F902009842DFDC18B2DDE72C
S31508002C3004487047034870470248D7E7B0B700080A
S31508002C406C1000200080FFFF08B50348FFF7D8FE88
S31508002C50012007F026F908BDBCB7000830B583B0D7
S31508002C600446694607F01BF900B1FEE79DF80030F7
S31508002C70134A1278934217D00C2B06D164251049B3
S31508002C80204607F0F9F828B1FEE7204601F000F9DA
S31508002C900546F4E72946204607F0D5F800B1FEE7D1
S31508002CA0074B1B780A2B01D003B030BD6946204676
S31508002CB007F0F5F89DF80020014B1A70F4E700BFFD
S31508002CC09C15002008B5024808F035F808BD00BF75
S31508002CD048B9000810B58AB0EC46194C0FCCACE8D8
S31508002CE00F000FCCACE80F0094E803008CE8030053
S31508002CF0144BD3F84C3113F4002F05D0124B1C8813
S31508002D00FF2C05D98C2403E00E4BD3F85041E4B2CE
S31508002D108DF81940FEF7BAFF241803D4FF2C02DDFC
S31508002D20FF2400E000248DF818400848FDF7C6FE89
S31508002D306846FEF7D1FE3220FEF7AEFF0AB010BD98
S31508002D4014B900080080E00F0001E00FC017530215
S31508002D5008B50248FFF74EF808BD00BF00B4C40422
S31508002D6008B50248FFF7C6F808BD00BFC0EA21014A
S31508002D7010B5FEF7F1FF4E4C236F23F0070343F01F
S31508002D80030323670020FFF70DF8236F23F474432A
S31508002D902367484BD3F8FC3013F0807F75D1464B38
S31508002DA00022C3F88020424CD4F8203123F00703D0
S31508002DB043F00203C4F82031D4F8283123F007037E
S31508002DC043F00203C4F82831D4F8803123F0030312
S31508002DD043F00103C4F88031D4F8903223F003039A
S31508002DE043F00103C4F89032D4F8403123F00303CA
S31508002DF043F00103C4F84031D4F8603123F00303EB
S31508002E0043F00103C4F86031D4F8403223F00303D9
S31508002E1043F00103C4F84032D4F8003223F0070324
S31508002E2043F00103C4F80032D4F8083223F007034C
S31508002E3043F00103C4F80832D4F8503223F00303F0
S31508002E4043F00103C4F85032D4F8703223F0030378
S31508002E5043F00103C4F87032D4F8203223F0070394
S31508002E6043F00103C4F82032FEF71CFE4FF0E022BF
S31508002E70136943F004031361D4F8603223F007039F
S31508002E8043F00103C4F8603210BD0A4BD3F8FC20A6
S31508002E9022F08072C3F8FC20074A0021C2F880108D
S31508002EA0D3F8FC2042F08072C3F8FC207BE700BF11
S31508002EB00080005000ED00E00090005008B507487B
S31508002EC007F039FFFFF706FFFFF742FFFFF748FF56
S31508002ED0FFF7F8FEFFF74CFF002008BD44B90008CD
S31508002EE000B583B0094B93E803000090ADF80410D1
S31508002EF0090C8DF806106846FFF7F0F80920FFF769
S31508002F002BF9002003B05DF804FB00BF3CB90008AC
S31508002F1010B582B0074A536F43F001035367002484
S31508002F2000948DF804406846FFF704F8204602B07E
S31508002F3010BD00BF00400050002808DB0901C9B2D7
S31508002F4000F1604000F5614080F80013704700F01A
S31508002F500F000901C9B2014B1954704714ED00E07E
S31508002F60002807DB00F01F02400901239340024AAC
S31508002F7042F82030704700BF00E100E000280CDB73
S31508002F8000F01F024009012393402030034A42F80B
S31508002F902030BFF34F8FBFF36F8F704700E100E01B
S31508002FA04211064B53F8223000F01F0023FA00F0B6
S31508002FB080F0010000F00100704700BF00E100E06A
S31508002FC0002808DB00F01F02400901239340603007
S31508002FD0014A42F82030704700E100E010B507F0DA
S31508002FE09DFE0B4B1B783BB9094B01221A7007F063
S31508002FF090FE6FF0040408E007F08BFE07E0052159
S31508003000204606F0B0FB013464B24B2CF7DD10BD48
S31508003010E314002010B5044607F077FE024B1C6047
S3150800302007F06EFE002010BD9410002010B507F0C2
S315080030306CFE034B1C6807F063FE204610BD00BFFC
S31508003040941000202DE9F0418EB007460E4614462E
S315080030501D461368D3F8008091F83130002B48D00C
S315080030600DF1180CDFF830E2BEE80F00ACE80F00EF
S315080030709EE80F008CE80F0000230093019302934B
S31508003080039304930593A3680893237B012B3DD0F0
S31508003090022B3ED14FF44073ADF82630607B06F024
S315080030A079FBADF82800CDF834D001238DF8063029
S315080030B0A37B022B04D0032B02D0012B00D00023C4
S315080030C08DF80030B36B6E4A1A60B36B6D4A5A605E
S315080030D0B36B00229A60B36B6B4ADA6032462946B4
S315080030E0384600F0AFFA0746A8B138460EB0BDE834
S315080030F0F0810DF1180CDFF8A4E1BEE80F00ACE88A
S315080031000F009EE80F008CE80F00B5E74FF4007338
S31508003110C2E70023C0E72369C5F8A430237E85F8F3
S31508003120AB30E37D85F8AA30A37D85F8A930637DA9
S3150800313085F8A830A37E85F8AD30637E85F8AC3077
S31508003140237F85F8AF30E37E85F8AE302368C5F86F
S31508003150A0304E4807F0EFFD01230422A17D607DD3
S31508003160FFF718FA01230222217EE07DFFF712FA03
S31508003170002385F8B030206907F0DDFD96F8313078
S31508003180002B5DD006A9404606F09FFA95F8B030A8
S3150800319043F0040385F8B030227D3D4B263203EB1D
S315080031A0421214215160617DA07D227D41EA0041D1
S315080031B003EB4212C2F8DC14E27D207E217D42EA4E
S315080031C0004203EB4113C3F8D424A37B012B3CD064
S315080031D0032B3AD0A37B023BDBB2012B42D995F8ED
S315080031E0B03013F0010F0CD0627EA17E237D42EA37
S315080031F001425B0103F1A04303F5703341F2CC4170
S315080032005A5095F8B03013F0010F10D0237D204A9C
S31508003210A63302EB431302215960E37E207F217D0A
S3150800322043EA004302EB411241F2D041535008F5FC
S315080032300053184ADA640521404606F01BFA54E79B
S3150800324006A9404606F047FAA6E795F8B03043F0D7
S31508003250010385F8B03000230222A17E607EFFF7C5
S3150800326099F9B7E795F8B03043F0020385F8B0301E
S3150800327000230422217FE07EFFF78CF9AFE700BF29
S31508003280BD9700085D980008D79700084CB9000854
S3150800329000C00350FF3F0D036CB900088CB9000845
S315080032A030B583B0007D104B00EB400203EB0212F1
S315080032B0D56E00EB400203EB02131C6F0DF10701FC
S315080032C007F0BCFA9DF807304BB904F00204074B27
S315080032D09D4201D0002003E024B1002000E0012037
S315080032E003B030BD0120FBE700000450E4140020C1
S315080032F0037D0E4A03EB430102EB0111C96E03EB92
S31508003300430302EB0312136F03F00203084A9142C8
S3150800331001D0002070470BB900207047036A006D82
S31508003320984214BF00200120704700BF00000450D7
S31508003330E414002030B583B003464169026902F1FE
S31508003340FF3CC5684C6F01F17C020020C8675060DD
S315080033509060D060B1F87C006CF30E10A1F87C0088
S3150800336091F87E0040F0100081F87E0091F87F0009
S3150800337040F0300081F87F00C1F88050C1F88440E1
S31508003380012081F88C0091F878000093024B643193
S31508003390FDF746FE03B030BDBD9B00082DE9F041A0
S315080033A084B0044600F1380600F118080025856344
S315080033B07560B560F56090F83A3043F0100380F810
S315080033C03A3090F83B3043F0030380F83B30494FDE
S315080033D0C7630764007DFDF74FFEA5637560B5609A
S315080033E0F56094F83A3043F0100384F83A3094F8CC
S315080033F03B3043F0030384F83B30E7632764207DC2
S3150800340000EB40031B0103F1A04303F58023DB6EA9
S31508003410BB4219D00DF10F0107F010FA9DF80F30D5
S31508003420ABB194F844306FF3410384F84430009408
S31508003430314B32462146207DFDF7F2FD207DFDF712
S315080034403BFE04B0BDE8F081FDF736FEF9E72046FD
S3150800345006F013FA054602A9207D07F013FA029B27
S31508003460591E20690023A361E36123626362228BEC
S3150800347061F30E122283A27E42F01002A276E27E49
S3150800348042F00302E276E0612562227D1B4902EBE7
S31508003490420001EB0010056FC5F3400594F824704F
S315080034A065F3410784F82470A57E63F30415A576B1
S315080034B0056FF8B265F3000084F8240002EB4202B7
S315080034C001EB02110A6F9210616A62F39F01616251
S315080034D094F8442042F0020284F84420D2B263F3FE
S315080034E0000284F844204FEAA808636C68F39F0337
S315080034F063649CE7E4140020259A00080000045041
S31508003500F0B589B004460E46007DFDF7B5FD0DF110
S315080035101F01207D07F092F9204606F0AEF9054610
S31508003520236D83424AD2A26C934216D0238DC3F3ED
S315080035300A12324462F30E132385236D1E44266550
S31508003540A26CE36C13449E426FD0236DAB426ED0DF
S31508003550207DFDF7B1FD09B0F0BD701E276904F1A5
S3150800356028030021A162E16221636163B4F828C0DF
S3150800357060F30E1CA4F828C094F82A0040F0100046
S3150800358084F82A0094F82B0040F0030084F82B00F6
S31508003590E762226394F82A2061F3041284F82A2049
S315080035A023F00302237D42F0020203EB43031B01CF
S315080035B003F1A04303F580231A67BEE79DF81F3081
S315080035C0B3B9227D1D4802EB420300EB0313596E83
S315080035D0C1F30A1131445B6E23F4FF4323F07003F1
S315080035E043EA011302EB420200EB02104366A4E72A
S315080035F00494134B0393002302930196012300932B
S31508003600236902462168207D05F0CEFD237D0B4AFD
S3150800361003EB430102EB0111496E21F4801103EB20
S31508003620430302EB0312516687E722658DE7012300
S3150800363084F854302046FFF7B1FE89E700000450AD
S31508003640259A000870B588B006460C461546A0228D
S315080036500021204606F0F5FEA446AE46BEE80F0059
S31508003660ACE80F00DEF80030CCF8003004F1640C4A
S3150800367005F1140EBEE80F00ACE80F00DEF80030C6
S31508003680CCF80030AB6AA364EA6AE264236595F86D
S31508003690302084F8952095F8332084F89620C4F8CD
S315080036A09830012384F89C3084F85430AB6B236639
S315080036B03460374B7360374BB360374BF360374B27
S315080036C07361374BB361374B3361FDF777FC10B144
S315080036D0354A904253D1002107A8FDF7EDFB002893
S315080036E04FD19DF81C302375002107A8FDF7E4FB90
S315080036F000283FD19DF81C3084F87830207DFDF7EE
S31508003700BBFC002840D1E36C0494284A03920022AB
S3150800371002920193012300932369A26C2168207DFC
S3150800372005F042FD90BB237D03EB43031B0103F128
S31508003730A04303F5802342F264024FF480119950A6
S31508003740AB6B93F91000FFF73BFCAB6B93F91000DA
S3150800375006F005F804F1900005F012FD3046FFF773
S3150800376059FC2046FFF71AFE207DFDF7A5FC48B157
S31508003770102007E0207DFDF7F7FB102002E010205F
S3150800378000E0102008B070BD1020FBE71020F9E714
S31508003790CB990008DF990008859B00086F980008F8
S315080037A075980008019C0008038000F0259A000817
S315080037B00346064A10680344054A934202D8034A58
S315080037C0136070474FF0FF30704700BFA415002004
S315080037D000800020BFF34F8F0549CA6802F4E062F3
S315080037E0044B1343CB60BFF34F8F00BFFDE700BF09
S315080037F000ED00E00400FA05BFF35F8F074B5A6A35
S3150800380022F480325A62D3F8942022F00102C3F8D7
S315080038109420BFF34F8FBFF36F8F704700ED00E022
S3150800382070B5FFF7E9FFA0220021214806F017FA34
S31508003830204B21498B4206D021F01F02203AB2F1D3
S31508003840005F0FD300E01D4A1D4D286842F00102B3
S315080038501C4CC4F898001C4EC4F89C60C4F8A02000
S31508003860013028608B4210D01F3323F01F0343F02A
S315080038700303134802681349C1F89820C1F89C301D
S31508003880124BC1F8A03001320260BFF35F8F0D4BB7
S315080038900522C3F894205A6A42F480325A62BFF36A
S315080038A04F8FBFF36F8FBFF34F8FBFF36F8F70BD0F
S315080038B090ED00E040150020201500200080002033
S315080038C09810002000ED00E003000020E17F0020B2
S315080038D010B4194B5A6E02F4803203F580514FF436
S315080038E080304866586E4FF000434B66134B596C50
S315080038F001F001014AF6CD341C64104B5B6B13F0E2
S31508003900010FFAD10E4B01245C600C4B1B6B13F0B4
S31508003910010FFAD011B1094B0A491964002803DBD3
S31508003920094B4FF0004159661AB9074B4FF48032DC
S315080039305A665DF8044B70470080005000400950F5
S31508003940006009503254FFFF00A0005010B507F080
S31508003950E5F90446144B1B78DBB9144A1360144A7C
S315080039601360144A136000F02DF8012007F006FBD7
S3150800397007F056F90246104B186078B100230F4835
S3150800398040F2E73104F066FE0D4B1860064B012243
S315080039901A70204607F0BDF9002010BD204607F032
S315080039A0B8F92320F9E700BFE7140020A410002087
S315080039B0A0100020AC100020A810002018FCFFFF63
S315080039C09C10002010B586B000248DF81440009491
S315080039D0019402940394049401238DF80030164848
S315080039E007F0A9F9BFF34F8F05A8FEF7C5FF8DF8B5
S315080039F0004069462046FEF7D7FF0F21204606F00D
S31508003A0079FF0F21204606F07BFFFEF799FF0B4B47
S31508003A105B6813F0010F03D0084BDB69002BF6D166
S31508003A20064B00229A614620FFF7CAFA462005F09F
S31508003A3096FE06B010BD00BF44B9000800800A50C3
S31508003A402DE9F843DFF860900646D9F80080084665
S31508003A501746B8F1000F03D00E242046BDE8F883B8
S31508003A6006B3336801331DD1E1B100F067F80546A6
S31508003A700028F1D0C9F8000000F086F8284606F0BC
S31508003A805CF9044640B14046C9F8008000F07CF86D
S31508003A90284606F04DF9E0E73560002FDDD02846C8
S31508003AA0B847DAE72124D8E7B0100020024B186897
S31508003AB0003818BF01207047B010002038B50546F9
S31508003AC00C4601F0A9F838B1204602F0F7FD40F29D
S31508003AD06512412100F0FCF944B1236833B11B6833
S31508003AE0013303D0E3680BB1A3684BB906F08BFB2F
S31508003AF000204FF4C172412100F0EAF9212038BDB7
S31508003B00204601F0D9FB00230A4A85F83031C5E979
S31508003B103743C2E9003363694BB1074A422110684B
S31508003B204FF4D272C31A5842584100F0D1F9002016
S31508003B30E5E700BF40150020F4120020F8B504465A
S31508003B4007F0E3F8002607460E4B1B6893B19E68FC
S31508003B50AEB196F82420D20711D435460FCC0FC53E
S31508003B600FCC0FC523682B6096F8243043F0010369
S31508003B7086F82430384607F0C3F83046F8BD1B6887
S31508003B80E4E700BFAC15002010B5044618B9054B8C
S31508003B90054A136010BD00F0FDF9D4F8E830002B93
S31508003BA0F6D1F4E71D9D0008A8150020084B10B4AF
S31508003BB0002A14BF14461C46064B1C6019B15DF852
S31508003BC0044B06F001B908465DF8044B704700BF80
S31508003BD01D9D0008A8150020D0F8E0302DE9F04119
S31508003BE005460C4613B1C38D8B424CD0D5F8DC3054
S31508003BF0002B4BD09E68002E48D0D868002845D0A8
S31508003C00013800B200281ADB002106E0128A591C86
S31508003C10A24217D209B2884211DB0B1803EBD37301
S31508003C205B1003EBC30206EB8202B2F80EC003F187
S31508003C30FF3EA445EAD90FFA8EF08842EDDA212034
S31508003C40BDE8F0814FF6FF7299B29142F7D09BB268
S31508003C5003EBC30306EB83062846B6F9122095F84C
S31508003C602411D5F8F080FEF7E1FE0746B8F1000FFB
S31508003C7004D00023324628461946C047EC85C5F8C5
S31508003C80E06085F82D710020BDE8F0810E20BDE8C2
S31508003C90F08100BF2DE9F04782B004460F4616466C
S31508003CA000F0AEFF00286FD1494D2B68D4F8DCA090
S31508003CB0D4F8E0800BB153456AD04FF00009AF60E5
S31508003CC000F0B4FF0128074604D001210022084667
S31508003CD000F0B0F92B68DAF80010D8F8002013B114
S31508003CE0186888425FD0204606F000FA94F8253016
S31508003CF0C5E900A813F0010F0CBF32460122D4F81B
S31508003D00F05062F3000384F825308DF80760002D23
S31508003D1050D00022204611460DF10703A847204639
S31508003D2000F06CFC0546B9F1000F10D07EB9D4F846
S31508003D308C3013BB012F06D0002D47D0254B002110
S31508003D4003205B689847284602B0BDE8F087B5FAB5
S31508003D5085F040F2FA423321400900F0B9F83146BD
S31508003D60204600F05FFD1C4B05461B684146204671
S31508003D709847D4F88C30002BDCD000224FF400731F
S31508003D80204600F017F9D5E70023114D6B608CE744
S31508003D906B68002B91D043458FD1AB689F4215D0F5
S31508003DA04FF001098BE7696811B1096891429DD006
S31508003DB0596898E794F82A1094F82D3132469942B2
S31508003DC028BF1946204600F06BFBA8E70025BAE78E
S31508003DD040150020B4150020A8150020F8B50E4699
S31508003DE0054606F092FF314607462846FFF7F4FED9
S31508003DF0044620B1384606F083FF2046F8BD00F099
S31508003E00DFFE224631462846FFF744FF04460028CF
S31508003E10F0D195F92430002BECDA284606F0BAF9E9
S31508003E200028E7D02246284695F82C1006F070F9A7
S31508003E300446DFE770B504460E4606F066FF3146CF
S31508003E4005462046FFF7CAFF044620B9044B01463B
S31508003E505B6803209847284606F052FF204670BD47
S31508003E60B415002010B5FFF721FE20B9054B1A68D6
S31508003E70054B9A4204D1BDE81040044B1B6818470D
S31508003E8010BD00BFF015002000800040F41500208A
S31508003E9013B50446694606F002F8204606F08AF885
S31508003EA0FF28024606D020469DF80010FEF74EFE73
S31508003EB002B010BD0048FBE70080FFFF08B50B46BF
S31508003EC00249194005F0EFFF002008BD0700110060
S31508003ED010B550B90548064B0160064802601868D7
S31508003EE0054B1860186805F024F910BDB0150020B8
S31508003EF0B0100020B8120020B4120020D0F8E43028
S31508003F0013B11A68032A10D8094BDB6BC3F3C20234
S31508003F1013F0380F03F0070018BF504313F4E07F7F
S31508003F20C3F3821203D050437047986A400E704715
S31508003F30008001B8431C07D06FF0FF02034B104006
S31508003F405A62A3F580535862704700BF00E000B874
S31508003F50F8B504460F46164606F0D7FE0546A047AE
S31508003F60044620B1284606F0CBFE2046F8BD03F0ED
S31508003F70BFFC04220549D1F8003F23EA070333436F
S31508003F80C1F8003F024B5A64ECE700BF003000B0AE
S31508003F90002002B838B10368044A002B08BF13464C
S31508003FA0034A13607047014BFAE700BFF59E000805
S31508003FB0C415002010B4D0E9544122400B4052EAFF
S31508003FC0030104D003495DF8044B096808475DF806
S31508003FD0044B7047C4150020024B986F00F00F0081
S31508003FE0704700BF003F00B00F2938B505460C469C
S31508003FF00ED800F01BFE01280CD1074A2846936FFD
S3150800400023F00F032343936706F0ACF8002038BD6E
S315080040102120FCE70220FAE7003F00B0014BD86FE9
S31508004020704700BF003F00B0014B0020D9677047BA
S31508004030003F00B003282DE9F74F0C46914600F2E1
S315080040408780444B13F800A0434B1E5C434B13F880
S3150800405000B006F05AFE804603F0FCFB074640B166
S3150800406000230022CDE9003301200023002103F0BC
S31508004070CFF903F0F7FB48B100230022CDE900335E
S31508004080002000234FF4004103F0C2F9002E52D05D
S31508004090334BDD6C05F008050AEB0600314B23307F
S315080040A05844DD64C0B201F09BFD3146504603F02A
S315080040B081FC5A463146504603F020FD2A4BDD6402
S315080040C0DFB12A4B1868D0F89410F83002F068F976
S315080040D027490868FFF72EFF4FF0FF330B60254B83
S315080040E01A68511C06D06FF07E402349C863A1F5B3
S315080040F08051CA634FF0FF321A60B9F1000F04D03D
S315080041001E4B002103205B689847B4B14FF48062C8
S315080041101B4B1D6F03F50053C5F380251A674046F0
S3150800412006F0EEFD00F082FD012808D15DB90020F9
S3150800413003B0BDE8F08F3546AEE72546EFE7002C1D
S31508004140F0D10520F4E74FF480620E4B1A67EEE7CC
S315080041502120EDE7CCB90008C8B90008C4B90008A1
S31508004160004000B8006000B8005000B8B010002049
S31508004170C0150020BC15002000E000B8B4150020CA
S3150800418000C001B800D001B870B50D46064620B982
S315080041901A4B1B68A3B10E2011E000F047FD012859
S315080041A029D1174B93F90040C4F12704641BC4F1C5
S315080041B01C03002BB8BF5B42232B0CDD212070BDEE
S315080041C0A1F10B03002BB8BF5B42232BF6DC0C4B8B
S315080041D019700020F3E786F8275006F096FD094A7D
S315080041E0E402136A04F4FF2423F4FF231C43146235
S315080041F006F086FDEDE70220E1E700BFB0100020DB
S31508004200E814002000C000B80B4B08461A6D92024D
S315080042100FD4D3F84021D1070CD4D3F83823D207CA
S3150800422008D4D3F8803013F4706F14BF012000202F
S3150800423070470120704700BF004001B8F8B50D4629
S31508004240D0F8943002EA010423EA01032343C0F8B4
S3150800425094303B4A01F00B0323EA0401D16423405E
S31508004260A2F580526F070646D36410D50121FFF7E1
S31508004270CBFF60B103F03CFB4FF4007314F0040F5E
S3150800428014BF304A304A13650422304B5A64E90693
S3150800429006D514F0100F14BF00221B222C4B5A65AA
S315080042A02A0618D5230611D54FF40012254BDA64D1
S315080042B006F02BFD0E210746032002F001F840F216
S315080042C00122234B3846DA6206F01AFD214606F12A
S315080042D0F80002F065F8EF0503D5E0052AD501F0E8
S315080042E0DDFFA90503D5A20527D501F0E3FF15F0E3
S315080042F0600F0AD0D6F8E410304605F0FCFD80229F
S31508004300144BC3F88800144B1A612B0510D503F01B
S31508004310EFFA124A14F4006FD2F8003F14BF43F0C4
S31508004320006323F00063C2F8003F0422074B5A6477
S315080043300020F8BD01F0ACFFD3E701F0B5FFD6E7E2
S31508004340006000B8005001B8006001B8002002B84B
S31508004350004000B8003F00B0000002B8003000B0CE
S315080043600A78022A11D0101F4242424152004B7865
S315080043701201022B0BD0191F4B424B415B0005491A
S31508004380054842EA8312FFF7E3BD0122EFE701235E
S31508004390F5E700BFF0FFFF00754C00080B78022B0D
S315080043A010D0181F434243415B004A78022A0BD0BB
S315080043B0111F4A424A4152000F21044843EA820229
S315080043C0FFF7C6BD0123F0E70122F5E7A14C000877
S315080043D0F8B50D7804460A2D0E4690F8247108D1D2
S315080043E00625284600F080FF18B90135EDB20A2DDA
S315080043F0F7D1284600F078FF002848D094F82431F1
S31508004400AB4209D1B288D4F8A4309A4204D1728852
S31508004410B4F826319A4238D084F82451B38828460D
S31508004420A4F82831738804F59275A4F82631B38860
S31508004430C4F8A430FF2384F82B3005F00FFF84F866
S315080044402A00284601F00CF810BB284600F042FF67
S31508004450F0B9D4F8E03053B194F82411B94206D033
S315080044602046B3F91220FEF7E1FA84F82D0120461A
S3150800447001F016F90849A4F828010123074AD1F8DA
S31508004480FC1004F1F80002F09FFD0020F8BD212081
S315080044900C2384F82431F9E7004F00B0983F00B0A8
S315080044A070B5054690F824010C460C281FD0FF2944
S315080044B001D1212070BD1AB14FF0FF320D4B1A60A1
S315080044C005F0CCFE064695F8240100F04BFF844221
S315080044D028BF0446E4B2B44238BF3446E0B285F891
S315080044E02B0001F00DFAFF28E3D00020E2E70220B6
S315080044F0E0E700BFC815002010B590F8243104463F
S315080045000C2B44D0D0F8E03080F82A10DBB3D0F872
S31508004510F020D2B990F82D318B421CD300222046C8
S31508004520FFF7BEFF48BB1B4B1B78063B032B23D864
S31508004530204601F0B5F818490123184AD1F8FC10AD
S3150800454004F1F80002F040FD16E0B0F94220B3F994
S3150800455012309A42E2DD0022204694F82D11FFF728
S315080045609FFF50B9C4F8E000204605F03AFC4FF624
S31508004570FF739842014601D1002010BD2046BDE8D0
S315080045801040FFF72BBCFF2380F82B30F4E70220FE
S31508004590F3E700BF80160020004F00B0983F00B038
S315080045A0F0B51D46144B04461B780F46164685B0D3
S315080045B05BB1D0F8E030E3B102AAB3F91230009249
S315080045C0002205F0AAF805B0F0BD02A905F067FCBF
S315080045D09DF808103A462046FEF728FA014626B9FD
S315080045E02A462046FFF75CFFEDE72046FFF784FFE3
S315080045F0E9E71846E7E700BFBAB70008F0B5D0F80C
S315080046009C3095B0012B03D10025284615B0F0BD86
S3150800461004467C4905F05AFED4F8E0600146E58D6B
S31508004620C4F8E4002EB133681BB15B68002B40F078
S31508004630A58006F06AFB01462046FFF75FFC0746A1
S31508004640084606F05DFBD4F8E410B3898DF80E70C1
S31508004650EB1A9BB2D6E9012000FB03226A48ADF8A3
S315080046600C3003680292994208D0204605F043FCB4
S3150800467080226649664BC1F888001A61654D644E0A
S3150800468000F0D4FA0128FBD12B6CDA07F8D4736C46
S31508004690DB01F5D494F82530DF070CD5D6F8782158
S315080046A05D4BC6F8EC23D3F8F830D6F8A0209D0663
S315080046B0C6F8F02369D494F82530D4F8E4106FF3DB
S315080046C0000384F82530204612919DF80E200299A1
S315080046D008AB02F0E5F880B900F0A8FA0128FBD18A
S315080046E04B4A4C49536CD801FCD40B6CDB07F9D404
S315080046F008A901A802F01AFB18B10225284615B028
S31508004700F0BDE28D454B5A6400F036FE054600289A
S315080047107FF47BAF94F8243060F3410384F82430A7
S3150800472000F034FBD4F8E030411E5B69C9B21E685C
S31508004730FD29024604962CD9F71C3DD9384901367D
S31508004740096818BF0126C81C42D85B68FF2A04916D
S31508004750059344D1DF1C27D8204604A905F023FD7C
S31508004760002E7FF451AFD4F8543198052AD494F822
S31508004770243043F0020384F8243045E71A68032AF4
S315080047807FF657AF9F6A7F0E5FE7204600F088FFE7
S3150800479091E75B680128059304D0204604A905F033
S315080047A002FD31E70126D5E701331D4B5B6818D0BA
S315080047B0D91C12D80593CFE75B68FF280593F1D07B
S315080047C02A46EAE720464FF4803105F07AFB1BE7D4
S315080047D0FF2A5B680DD00593C2E7FF2AC0D10022E5
S315080047E0BAE7DD1C08D8204604A9059305F0DBFCCA
S315080047F0B9E701220593ADE7FF2AB4D10022204686
S3150800480004A9F3E7FC4F00B0C0120020003F00B037
S31508004810000002B800C002B8004F00B0008001B81E
S31508004820D4150020F8B504460E4619B990F8243078
S315080048305A0647D43B4B3C4A5B6A618EC3F3032353
S3150800484013704FF6FF739942D4F8E47004D0374BCF
S315080048501B680BB120469847354D2B68BB4256D08E
S31508004860344B1B683BB11FB13A68002A51D0BF6868
S315080048703946204698470727204600F011FF002EA4
S315080048803BD006202C4B94F9272093F90030254974
S31508004890C3F127039B1A0A6ADB0222F4FF2203F4F8
S315080048A0FF2313430B62D4F8E420244B2A6098674D
S315080048B001F0BEF80122224B20461A7005F052FC80
S315080048C00020F8BD4FF6FF7C66F38613154A80F87C
S315080048D02430536A164D1449C3F30323D0F8E47001
S315080048E00B702B68A0F832C0BB4217D0114B1B685F
S315080048F0002BB8D100F0D4FE072712493B46124ACE
S31508004900D1F8FC1004F1F80002F05EFBB9E70127C4
S31508004910B2E71746204639469847ACE700F0C0FE8E
S315080049200127EAE700C000B8EA140020C8120020F0
S31508004930C0120020C4120020E8140020006000B84D
S31508004940E9140020004F00B0983F00B0054A1268ED
S315080049501AB190F81E1119B91047084601F0C2BCE1
S3150800496001487047BC12002000FEFFFF404B2DE9AE
S31508004970F7431D6801F4007900F00103174653EA6E
S31508004980090206460C4640D04FF0000893B30023B0
S31508004990002201200021CDE9008802F039FD4146B8
S315080049A02846FFF7D3FF012241462886104605F020
S315080049B016FAD5F8941005F1F80001F0F1FC2D4926
S315080049C00868FFF7B7FA4FF0FF330B602A4B1A68EF
S315080049D0511C06D06FF07E402849C863A1F5805166
S315080049E0CA634FF0FF321A6095F8243043F0040387
S315080049F085F82430B9F1000F07D00121284605F0C3
S31508004A0060FA24F4007406430C43324623462846CB
S31508004A10FFF7D0FA22044FF0000308D5CDE900339A
S31508004A200022002300204FF4004102F0F1FCFB07AE
S31508004A300FD51349134A086800211368116001212C
S31508004A40114A117003B19847104B002102205B6888
S31508004A50984717F00E0F08D04FF409723B21002033
S31508004A6003B0BDE8F043FFF733BA03B0BDE8F083FF
S31508004A70B0100020C0150020BC15002000E000B8CA
S31508004A80CC120020D0120020EB140020B415002010
S31508004A9008B558220021064805F0D3FC1022FF214C
S31508004AA0044805F0CEFC03F09BFD002008BD00BFBE
S31508004AB0043F00B0483F00B073B581217A22A0F8C0
S31508004AC014118221C0F80021C0E9411264220C2386
S31508004AD0C0E9432207224FF0FF35002680F824312B
S31508004AE04FF6FF730446C28700F14C0282641F4AE0
S31508004AF0C385A0F8403080F82C304386426303878C
S31508004B0080F82760C0F8A450458502F0B3FE204619
S31508004B10FFF7BEFF0122164B2046C3F8382294F948
S31508004B202710FFF731FB6023124A41F6FF71D36461
S31508004B304FF03A42116311670F4A2946D36440225F
S31508004B400E4B20465A64D4F89420FFF777FB0E23C1
S31508004B500022CDE9003340F202231046194602F03E
S31508004B6057FC00F0D9FB304602B070BD4000FFFF8D
S31508004B70005001B8004000B8005000B8002002B844
S31508004B8038B506F0C2F84FF6FF710A4A13888B4209
S31508004B9003D106F0B5F80E2038BD074C074D1B04A7
S31508004BA06567A4F580546367118006F0A9F80020AC
S31508004BB0F2E700BF7E160020006001B80000FFFF84
S31508004BC008B50C4BD3F84C21531C11D012F0804277
S31508004BD00ED1094B1B681BB111460320FFF72AFAB1
S31508004BE04FF08062054B1A6501225A6102229A62C9
S31508004BF008BD00BF0080E00FB0100020001002B80A
S31508004C004FF40022034B586C03F500535A64C0F363
S31508004C10C0407047000002B8034BDB6913F4401F1D
S31508004C200CBF0120002070470080E00F0F4BDB68A7
S31508004C30C3F30363013B0B2B0FD8DFE803F006062B
S31508004C400C06060606080A0808080220704704200B
S31508004C5070470520704703207047054B5B6913F0C2
S31508004C60060F0CBF01200420704700BF000002B8E1
S31508004C7000C001B8094AD368C3F303630B2B08D0F5
S31508004C806FF49050184100F0010080F001004000D8
S31508004C907047506C10F48030EDD17047000002B8B0
S31508004CA00C4AD368C3F30363062B07D8042BD8B280
S31508004CB00BD8C31E5842584140007047072B06D1EF
S31508004CC0D2F868010028ECD170470220704700200E
S31508004CD0704700BF000002B8094BDB68C3F30363E3
S31508004CE09A1E012A8CBF00220122012B02701EBFC8
S31508004CF04FF4026222FA03F303F001030B707047C4
S31508004D00000002B8FF28074B09BF0A6851F820209F
S31508004D10C3F878224A6818BFC3F87822C3F87C22F9
S31508004D20704700BF004001B8144BFF281870144A9A
S31508004D30144B09D11821C2F8FC131022C3F8FC231E
S31508004D40114BD3F874320DE0C0431821C00000F0AF
S31508004D500800C2F8FC13C3F8FC030028F0D10A4B7C
S31508004D60D3F8783240F2FF31054AC3F30903C2F893
S31508004D700C11A2F58052C2F80C317047EC140020D1
S31508004D80002002B8001002B80080E00F014B187826
S31508004D90704700BFEC1400204FF03A43D3F81421B3
S31508004DA0D2031ED54FF480320E49C1F81421A1F55D
S31508004DB08051C1F818215A6DD1B2C2F30722C3F83F
S31508004DC0A410C3F8A4200422C3F8A4200022C3F820
S31508004DD0A420C3F8A420C3F8A420C3F8A420C3F8C9
S31508004DE0A4207047002000BAF0220B4B01219A64D8
S31508004DF0A022A3F580539A644FF03A43826CC3F815
S31508004E00F410FC21C3F8CC10C3F8D0204FF400529C
S31508004E10C3F8F020704700BF006000B8F8B50D462B
S31508004E204FF03A441746064605F06FFF0123042162
S31508004E30074A6363E76026616561C2F81411054A8B
S31508004E40C2F8843105F05CFF0DB102236363F8BD37
S31508004E50002000BA00E100E02DE9F04105460124F2
S31508004E60006800F00700063004FA00F3A868EC684A
S31508004E705E1EA04262D000EA060E6C6810441E430D
S31508004E800640A3EB0E000EEB040C8242644618D9CA
S31508004E90D31A0EEB030298B1431E052B04D94B1CFB
S31508004EA0ACEB0303022B59D80B460844ACEB010EB6
S31508004EB003EB0E0113F8014B83420C70F8D101463F
S31508004EC06C688AB1531E052B01F1010302D9E01A59
S31508004ED0022812D80A44611E00E0013313F8010CB7
S31508004EE0934201F8010FF8D105F00FFF0223AE60D7
S31508004EF0AB62BDE8F04105F003BF0B46204622F041
S31508004F00030E8E4453F804CB734540F804CBF9D10D
S31508004F1022F00303D01A920701EB030C04EB0307F4
S31508004F20E2D0CA5C0128E254DED09CF8013002289F
S31508004F307B70D9D09CF80230BB70D5E7042A35D9E6
S31508004F400878043AA86148780431A86111F8020C77
S31508004F50A86111F8010CA861A8688CE70B4620F037
S31508004F6003070F44ACEB010E1C684EF803400433EC
S31508004F70BB42F9D120F0030310F0030F01EB030E37
S31508004F80A0EB03040CEB030728D011F80380012CCF
S31508004F900CF8038022D09EF80130022C7B7018BFD3
S31508004FA09EF80230084418BFBB7088E7013A032A06
S31508004FB012D8DFE802F00F1507020B4613F8012B8B
S31508004FC01946AA610A4612F8013BAB61114611F867
S31508004FD0013BAB610B78AB61BDE8F08108446EE735
S31508004FE00A46F3E738B50B46154601464FF03A44EC
S31508004FF068B101221048C4F8F4201A46FFF72CFFBE
S3150800500025B14FF03A430422C3F8F42038BD73B1F2
S31508005010D4F8D8209A4284BF0122C4F8F4204FF06D
S315080050203A42C2F8D4300223C2F8F430E8E7012342
S31508005030C4F8F430E4E700BFCC0000BA38B504463B
S3150800504005F063FE4FF03A420121638F054651672A
S315080050504BB3B3FA83F3C3F11903DBB2A069C2F801
S31508005060B410C2F88C300723C2F89000C2F8B030EA
S315080050704FF4A02302F50052C2F81431A2F580526B
S31508005080C2F8183100220C4B1A600C4B5B6C5B02A1
S3150800509009D54FF480020A4B04F1F8005A64D4F893
S315080050A0941001F07DF94FF4E0232846E363BDE848
S315080050B0384005F025BE00BFD4120020000002B813
S315080050C0002002B82DE9F84305460C46B1B1D0F8E0
S315080050D01880478F05F019FEB5F83CC0791E01EA1D
S315080050E00C0323F00702032C0646DFF8F8E04244D7
S315080050F05ED1DEF8004024B905F002FE0E20BDE8B8
S31508005100F88324F00104DEF8000020F00100A04234
S3150800511053D10023CEF80030238894426FEA4343E4
S315080051206FEA534323803ED1EB8F08EB07091846F5
S31508005130083880B202F108044C4528BF44460828BE
S3150800514004D9B4F800E0BEF5804F40D263440F435B
S315080051501B1A3B409BB2AB87E887947811884FF0BF
S315080051603A42C1F30C019165C2F89830C2F8B00012
S315080051704FF48022174B04F00704C3F814210122C8
S31508005180154BC3F88421FFF707FE042C0BD14FF407
S315080051908002124B05F1F8005B6C114B5A64D5F886
S315080051A0941001F0FDF8304605F0AAFD0020A6E7A8
S315080051B0601E012898BF1446A5E7E88F4344E31A02
S315080051C048BFDB1908389842A6DC304694E72246E1
S315080051D0AEE700BF002000BA00E100E0000002B818
S315080051E0002002B8D4120020154B10B51968CA8FD2
S315080051F08B8F488F13440138073B8C69034023F093
S3150800520007031C4402F108034FF03A429BB2CB87CE
S31508005210C2F8B0304FF480220A4BC3F81421012299
S31508005220094BC3F88421A07800F00700042803D1AD
S31508005230064AD3681B03FCD4054B1C6010BD00BF8F
S31508005240B0100020002000BA00E100E0000002B81B
S31508005250D412002010B5064C216839B1CB0703D407
S31508005260044B1868FFF72EFF0023236010BD00BF0C
S31508005270D4120020B01000204FF480320C4B0D4998
S31508005280C3F818214FF03A43C1F81421D3F8AC10EB
S31508005290D3F88C20012302F0070206329340C1F3AB
S315080052A00C01083B994201D8FFF776BD704700BF4D
S315080052B0002000BA001000BA054BA822D3F84C010A
S315080052C03121431C0CBF0120C0F38070FEF700BEDD
S315080052D00080E00F034B1A6802609B8883800020D9
S315080052E0704700BF8016002010B50446084B063CE0
S315080052F09B689847074B032CD3F8F80706D800F4A1
S31508005300C020B0F5C02018BF012010BD0020FCE762
S31508005310F4150020000002B80E4BD3F8FC37FF2B1B
S315080053200ED0C3F3421103F01F03013303EB4112FE
S31508005330FE2A88BFFE23084A98BF03EB4113137061
S3150800534041F66A02054B1B68B3FBF2F3044A136085
S31508005350704700BF000002B88B160020F412002028
S31508005360D8120020063803289ABF024B1878002066
S31508005370704700BF8B160020334BD3F8F827D3F8B5
S31508005380FC17324B1B68D3F8E43013B11A68032AAA
S315080053902BD82F4BDB6BC3F3C20013F0380F03F087
S315080053A0070218BF424313F4E07FC3F3821000D00C
S315080053B04243C1F34213022B234919D9062A37D986
S315080053C0D1F8FC3313F0010335D14FF0E0702149D1
S315080053D0092AC1F82C012048C0F82C316FF0FF03C8
S315080053E0C1F828311DD91D4B1DE09A6A520EE0E717
S315080053F00023D1F8FC13C907E7D5032A1CD84FF4B4
S315080054007C71144A43F44C73C2F82C114FF0E071C6
S31508005410C2F82C111049C1F82C316FF0FF03C2F8FD
S3150800542028314FF408530C4A0020C2F82831704737
S315080054304FF40003DDE700234FF47C70054943F47D
S315080054403873C1F82C01C0E7000002B8B01000207C
S31508005450008001B8002002B8001002B8002DB00B79
S31508005460F8B5834D04462978002950D12C22814865
S3150800547004F0E7FF2378804FFF223B7063880024FF
S315080054807B807E4B4FF48150C3F8DC407C4B1A700E
S3150800549007227C4BD3F8F817D3F8FC6703F50053BB
S315080054A0C3F8FC234FF47072C3F82C21764A4903DB
S315080054B0C3F830214FF00102C3F83421C3F86C0158
S315080054C04FF40060A3F58053C3F86C0126D4C3F8E3
S315080054D0FC234FF4307216F0E00FC3F82C2108BFF6
S315080054E04FF480524FF0080008BFC3F86C21FCF750
S315080054F065FE4FF4780420226449C1F86C213A7895
S31508005500063A032A2BD8DFE802F0156B6E730023E0
S315080055105F4AC2F8FC305F4A1370ABE70421C3F850
S31508005520FC1380210920C3F82C11C3F83421FCF799
S3150800553045FEE0E716F0E00FC6F3421204D144F444
S315080055400C3444F440740AE0012A1BBF2020524A56
S3150800555044F4C134C2F86C0118BF44F48024C1F87D
S315080055603041FFF709FF002839D14C4B1A68B2F1D0
S31508005570406F474A5BD3D3F87C1201313BD0D3F84E
S315080055807C12C9B2C2F8DC10D3F88032404ADBB2CA
S315080055904249C2F8E430D1F88432013343F63F7306
S315080055A032D0D1F884421C40C2F8D840D1F88812CB
S315080055B00B40C2F8E030394BD3F88C1201312CD0AD
S315080055C0D3F88C1201F0FC01C2F8F010D3F890322F
S315080055D003F0FC032E4AC2F8F43001232B70F8BD01
S315080055E044F40834ADE744F4A73444F48074B6E7C9
S315080055F044F4FE44B3E72349D1F82831DBB2C2F8B4
S31508005600DC30D1F82831C1E71E4CD4F824111940F2
S31508005610C2F8D810D4F82411CAE71A49D1F8343197
S3150800562003F0FC03C2F8F030D1F83431D0E715495D
S31508005630D1F8F847D3F83012C9B2C2F8DC10D3F85B
S315080056403432DBB2C2F8E430630357BF43F62B3378
S3150800565041F61B33C2F8D830C2F8E03049BFC2F869
S31508005660D830FC23C2F8E030DC23C2F8F030B1E7CA
S31508005670EE140020D43F00B080160020004001B888
S315080056808A160020000002B800FFFF00001002B8CA
S31508005690003F00B0ED140020002002B80080E00FA3
S315080056A0D0F8A4104C22022938BF02212DE9F04F68
S315080056B0804690F824A181480139C36CD0F8DC50A3
S315080056C07F48C3F38213DA40036898F82B708B423D
S315080056D0DFF828B27B4B87B002F0010219D11C789B
S315080056E0944216D1784C2478544512D1D8F8A8405B
S315080056F07CB1AC420DD1754CD4F8F840A60608D456
S31508005700734C2478BC4204D1BBF8040007B0BDE84A
S31508005710F08F01609BF800001A70FFF723FEFF2F39
S3150800572081466A4840D1AAF10603032BD0F8F8004F
S31508005730684B09D985064DD540F2FF30C3F8880075
S31508005740FB0843F4407309E0840642D540F2FF3073
S315080057500127C3F88800BB0843F438735E48C0F8CD
S3150800576088305C4B0120C3F8E0005C4B1E6840F2B1
S315080057707123B6FBF3F619234E43B6FBF3F65AB379
S31508005780D8F8E4502DB12B68082B40F2948095F890
S315080057903850294605A8059604F03CFD0602059CE6
S315080057A046F011062D043CE009F1FF33BB4228BF41
S315080057B03B46012B38BF0123D0F8F800DFB280063C
S315080057C008D540F2FF3443481B06C0F88840B7D4D2
S315080057D0C1E70127404BC5E7414B9821A3FB0623A8
S315080057E003A8039304F016FD039C3E4A361BA2FB4E
S315080057F006120190342104A8049204F00BFD049DBE
S315080058000090761B302105A8059604F003FD019B40
S31508005810009A1E02059B2C4446EA0216324D0643A0
S315080058201C44324B40F6970218682B21003818BFE3
S315080058300120FEF74DFBFA222C4B02FB04F01B68F5
S3150800584040F6FF72B0FBF3F00A235843214B00F5EC
S315080058507A74C3F8D820A3F58053C3F8D860A3F5A3
S315080058608053C3F8DC50224B224E1B78C6F8D470FE
S315080058700BB9C6F8FC7086F8FB9000F58C50C8F892
S31508005880A8501D4D14302C6001F028FB4FF47A7295
S31508005890C6F89800C6F8EC002B680D49B3FBF2F37E
S315080058A0ABF80430084BB4FBF2F083F800A098F884
S315080058B02B300B702AE700256BE700BF004001B8C4
S315080058C0C8150020EF14002089160020004F00B0EC
S315080058D088160020006001B8005001B8F4120020B4
S315080058E069C2F568B97A146E3064FC00D8120020D3
S315080058F0ED140020003F00B0DC12002080160020C6
S3150800590010B5104B024618780F4C0C2802D1FF2010
S31508005910207010BD831F042B34BF0121FF21FFF720
S3150800592021FD904228BF1046C0B2884238BF0846BB
S3150800593023788342EDD0054B20701868FFF7B0FE38
S315080059402078E6E7801600208A160020B01000208E
S3150800595008B50E4B024618780C2812D0FF2A13D029
S31508005960FFF700FD904228BF1046C2B2012A38BF91
S315080059700122074BC3F8FC200123064910460B7089
S3150800598008BD0023FF22F8E70023F6E7801600206B
S31508005990003F00B0ED1400200020044B1870044BA3
S315080059A0D3F8D420C3F8FC20704700BFED140020BC
S315080059B0003F00B010B50446FEF778F878B1154BED
S315080059C01B786BB964B1144B1B784BB1134B1B781E
S315080059D0013B012B04D84FF40042114B1A6510BD48
S315080059E0104B1B6D1B04FAD405F08FF9044601F021
S315080059F07FFF4FF400420C4B2046BDE810401A6565
S31508005A0002220A4BC3F824250422054B5A6405F0E2
S31508005A1077B900BFF0140020F1140020E01200202E
S31508005A20002002B8000002B8001002B800D00350E7
S31508005A30054BD3F8843013F0030F4FF4802314BFBB
S31508005A40024A034A93647047004000B8005000B801
S31508005A50006000B8594B2DE9F34193F82E800646AD
S31508005A60B8F1000F40F0A8809B68554C9847012173
S31508005A703A20FBF70DFF534B2578534F1E7085BB15
S31508005A802846FFF797FF2378013B012B19D8E37BBC
S31508005A9001A88DF80430237C8DF80530FBF7D4F87F
S31508005AA0C7F824554FF6FF72484BC3F88420F822EE
S31508005AB0A3F58053C3F884200022434BC3F824255A
S31508005AC00DE04FF6FF72414BC7F82455C3F8842002
S31508005AD0F822A3F58053C3F88420C7F824553C4B15
S31508005AE05BE04046FFF766FF2378013B012B08D8A9
S31508005AF0E37B01A88DF80430237C8DF80530FBF78D
S31508005B00A3F80023C7F82435002ECBD062685AB311
S31508005B10304B1B6803EB5203B3FBF2F3013B1B024A
S31508005B2043F0F80326782949022E2B4A1ED0032E65
S31508005B304FF6FF75244826D0012E37D143F00203CD
S31508005B40C1F88450C2F884300723C0F82435E37BB3
S31508005B5001A88DF80430237C8DF80530FBF744F84E
S31508005B600120FFF727FF17E0F823DBE74FF6FF7062
S31508005B7043F00103C1F88400C2F884300622124BB0
S31508005B80C3F82425E3E743F00503C1F88450C2F8B7
S31508005B9084300423C0F82435104B4FF080421A6530
S31508005BA0FFF746FF002002B0BDE8F081C1F8845037
S31508005BB0C2F884300023EDE70E20F4E7F415002040
S31508005BC0E0120020F114002000C00350006000B865
S31508005BD0002002B8F4120020005000B8001002B8E5
S31508005BE0034B1B6D002BBCBF024BC3F888007047E4
S31508005BF0000002B8004000B8304B2DE9F047DB68DA
S31508005C0098474FF47A762E4BB0FBF6F618604FF4A9
S31508005C10FA73734307462B48190E1B0218182A4AAB
S31508005C204FF0000341F1000102F014FD274BA0F5E7
S31508005C30807205461A6320B948222B21FEF748F9D7
S31508005C4001254FF47A724FF0000A6A43534650080A
S31508005C50310202F0FFFC1D4B1D4AB7F57A7F9A60A8
S31508005C601C4B4FEA056819601B4B894604461860A9
S31508005C704FEA152505D29B222B215046FEF728F917
S31508005C8001264FF47A73A8FB030103FB0511730879
S31508005C90C01841F100010023324602F0DBFC0F4B2D
S31508005CA0023419600E4B49F10009A408186044EA49
S31508005CB08974064B013C9C63BDE8F087F415002007
S31508005CC0F412002020A1070040420F0000C001B8CE
S31508005CD0021101000413002000130020FC1200200A
S31508005CE0F81200201022044BC3F884215A600122BE
S31508005CF0024BDA60704700BF00E100E000C001B85F
S31508005D0038B501250A4B02019D504FF480730446AD
S31508005D10084A8340536604F0F8FF074AA5401378FB
S31508005D2023EA05031370BDE8384004F0E9BF00BF55
S31508005D3000E101B800E001B8FA14002038B504F013
S31508005D40EDFF084B084A1D6A92F8CD405A6EE4B238
S31508005D50520744BF1D6A013404F0DBFF284604F0ED
S31508005D60030138BD00C001B8003E00B0064B1B68F1
S31508005D70434303EB8171054B1B68A3FB003013F10A
S31508005D80004341EB00007047FC120020F812002087
S31508005D900C4A20F04043014610B5002014684FF025
S31508005DA00042E4FB0320084A890F126802FB03003D
S31508005DB0064B9B6B984204D901330131C01A01F096
S31508005DC0030110BD001300200413002000C001B811
S31508005DD0044B01F0F071103041F003010001195035
S31508005DE0704700BF00C001B808B52220FFF7F8FECB
S31508005DF04FF48022014BDA6008BD00BF00C001B82D
S31508005E00836833B10549C268096803F13043032A38
S31508005E1000D8704743F8041B043AF8E72816002010
S31508005E2070B51646054600B3F9B1F2B14268104B93
S31508005E30006803321B68920800F130409847044610
S31508005E4088B9EA68A86803323146920800F13040FA
S31508005E5004F020FA044630B9D5E90402214600F1D7
S31508005E60304004F0EEFA204670BD2124FBE700BF5F
S31508005E70D015002070B50C68651C15D0C4F30266F1
S31508005E809E42C4F3074530D1A4B294422DD804EB00
S31508005E908506B24229D2141BA50824F003040E591C
S31508005EA0340F04D0012C08D00022212402E06B1CF8
S31508005EB051F82320C0E9002470BD0E4C34F8133085
S31508005EC042EA03431A686B1C51F8234001EB83012D
S31508005ED04B6822405E4036F0704404D11B0F032BFA
S31508005EE004BF8B681A430024E4E7013501EB8501FA
S31508005EF0C1E700BF00BA000807B501A8FCF780FC97
S31508005F0042F201020C4B0D49C3F870224FF4FC72A1
S31508005F10C3F8E0205822A3F58053C3F8E020084AC6
S31508005F20A3F61C7352F8040B43F8040B8B42F9D101
S31508005F3003B05DF804FB00BF006001B8104101B86A
S31508005F40D4B9000870B50324134E144DB3689847A6
S31508005F50134A144B1A6500F09BFFFFF7CDFF124B4F
S31508005F60C3F8104101232B65336898474FF46073D3
S31508005F706B614FF400732B65FEF708FF0021FEF7EF
S31508005F80D3FE8022094B1C64A3F580535C64084B3E
S31508005F90C3F884215A6070BDF4150020001002B8B9
S31508005FA00048F000000002B8005001B800A00950EF
S31508005FB000E100E02DE9F04705460E461446DFF8F5
S31508005FC08480DFF884901E4F88B01CB9204608B03C
S31508005FD0BDE8F087B4F5006F4FF010024FF00001EE
S31508005FE06846A24628BF4FF4006A04F02AFA082336
S31508005FF08DF800300AF1FF339BB2009A1B0143F07B
S31508006000036302EA090203EA080313431022002184
S315080060100DEB0200CDE90036029504F012FA6A4645
S31508006020387804A9FCF75AFBA4EB0A0406EB8A069F
S3150800603005EB8A053878FCF7AFFB0028FAD0C4E7E9
S315080060408C160020F07F300C0F80CFF3002210B59D
S31508006050274B284C5A649A64DA6494F82D2003F581
S31508006060805312B14FF000721A6594F82E20002A58
S3150800607039D04FF400421A6594F830302BB14FF4FA
S3150800608080521D4B1A65A36A984794F831201A4B1B
S3150800609012B14FF400521A6501225A6102229A621D
S315080060A0134AD368C3F303630D2B01D0002BF8D131
S315080060B011231249D3631248124AFFF7B1FE01F0C1
S315080060C03FF81148FFF79CFE1048FFF799FE104865
S315080060D0FFF796FE4FF08062074B5A61012203F5DF
S315080060E080535A6110BD01213A20FBF7D1FBC3E763
S315080060F0000002B8F4150020001002B874BA0008AF
S3150800610058BA000870BA000828BA000840BA000849
S3150800611010BA00080F4B10491A68012302F580527D
S31508006120C2F8803291660D4A53600D4A53600D4A93
S315080061305360A2F580425360A2F54042536002F5CF
S31508006140C032536002F580425360A2F500425360A4
S31508006150704700BFF0150020FF0B001600D000B8EE
S31508006160001000BA005001B808B504F0B3FA044BA1
S315080061701B681B6FC3F300430133B0FBF3F008BD84
S31508006180F015002070B5044698B1B1B13A4A52F8F4
S31508006190043B834213D10023384A116CC907FCD447
S315080061A0374800EB830004F07EF8364B1060012276
S315080061B01A6470BD01330C2B02D1334D2CE0012338
S315080061C052F8041BA142F5D1304A32F81330E3E7FE
S315080061D0C2F3016335F81300110C93B211F0FE0FE8
S315080061E043EA0043606820D00434CAB2022A216810
S315080061F008D9D4E90160033AC3E9001698600C345B
S315080062000C33F3E704D16268C3E90012083403E0EB
S31508006210012A01D1043419602268531CD8D10022FE
S31508006220164B1A6003F58053C1E7120F072AEDD8FB
S31508006230DFE802F00704090D1013181DC04303F523
S3150800624000531860E2E71A6842401A60DEE703F571
S315080062508053F6E704F013F8D8E7012203F58053D4
S315080062608240F2E7012203F500538240EDE71A68FF
S3150800627030EA0202FBD1C9E70813002000C002B8C1
S31508006280404000B000D002B800BA0008C61400208A
S315080062900122014B1A657047001002B80122014B12
S315080062A01A657047002002B84022014B1A657047EC
S315080062B0002002B84022014B1A657047001002B848
S315080062C0064BDB68C3F30363984206D1044A936F0F
S315080062D023F0F00343EA011191677047000002B802
S315080062E0003F00B02DE9F743064603F0C1FF00243E
S315080062F08046DFF8909004F008FD0DF10701054689
S315080063000DF10600FEF7E8FC9DF806308BB9721C05
S3150800631029D003F0ADFFA0EB0804284604F0F0FCF2
S315080063209DF8063013B99DF807303BB3A642E2D86C
S3150800633024E0D9F80C3013F4603FE8D0D9F81800F7
S3150800634004F004F8731C074603D003F091FFA0EB92
S315080063500804284604F0D4FC17F5007FE0D0384638
S3150800636003B0BDE8F083284604F0CAFC9DF8063061
S31508006370002BC0D19DF80730002BBCD1004FEEE7AB
S3150800638000FEFFFF00C000B8044BD3F8B03010B1D0
S31508006390C3F30332027003F00F007047000002B81F
S315080063A0064B01F080015B6C03F480030B4302BFCC
S315080063B04FF40012024BDA64704700BF000002B8BF
S315080063C0006001B84FF0B052024B1B6803F58053CA
S315080063D09A667047F0150020044B1B68986E00F00B
S315080063E0B05000F16A43584258417047F0150020F2
S315080063F00F4B1B788BB1012B11D10E4A012102F5E7
S3150800640080528B4291600FD80A4A0B49002B08BF6D
S315080064100A4693689B07FCD47047074AEEE70022B2
S315080064204FF480539A60FFDE00239B68FBE700BFAA
S31508006430FB140020004003B8000003B838B50B4B26
S315080064400B4C002818BF1C46A569E3691D4007D0F8
S31508006450084B1B682BB12846984704F50054A561DC
S3150800646038BD6B05F9D5FFF7C3FFF6E7004003B85B
S31508006470000003B8381300204FF604014FF6050252
S31508006480044B01201B6C9BB28B4208BF1346024A81
S31508006490136670470080E00F00C001B8034B1A6E00
S315080064A0596E03F500530A401A66704700800A5071
S315080064B030B54FF04044114B1A68D2F8883002F5CF
S315080064C00055C5F8A040C3F38803C5F8A44091B1A8
S315080064D0B3F5D17F28BF4FF4D173D52B38BFD52359
S315080064E003F14605A3F1460141EA0541D16702F5E4
S315080064F08052C2F8A4400380002030BDEC1500206D
S315080065004FF48022034B00201B6803F581539A61E0
S31508006510704700BFE415002073B50446234B244D8D
S315080065209B68984701213A20FBF7B2F9E17822796E
S31508006530286841EA0243C0F8F435E679A37943EAC4
S315080065400643C0F8F83523784BB18DF804100421BA
S315080065508DF805200DEB01000022FAF709FB637898
S315080065605BB10421A37900228DF80430E3790DEBA1
S3150800657001008DF80530FAF7FBFA2B68217801221D
S3150800658003F5BE6359B103F580510A6061780222AA
S3150800659041B103F5805300201A6002B070BD03F5BF
S315080065A00051F2E703F50053F5E700BFF4150020A4
S315080065B0E81500204FF08042034BC3F88020BFF354
S315080065C04F8FBFF36F8F704700E100E04FF08042B6
S315080065D0014B1A60704700BF00E100E0124A10B58F
S315080065E0D2F84C315468D269104912F4401F0FD1C1
S315080065F05A1C0DD124F0404424F44004240C2404ED
S315080066000B4803F0BDFE2146BDE8104003F0B8BEB6
S31508006610084A19409442F3D103F4FE43B3F5807F48
S3150800662008BF41F4A061EBE70080E00FE0FFF01F30
S31508006630CF13468B140015012DE9F0470C4681B19E
S31508006640B1F1006F0DD31C4BCA1C9A4209D84FF002
S31508006650000844F6FC7654F828104FEA88094B1CC3
S3150800666001D1BDE8F08703F08BFEC1F30263032B6B
S31508006670844608F10107C1F3074514D18BB2F31A12
S31508006680B5EB930F4FEA930A0DD909F10401524667
S31508006690214403F090FE844608F10208013D08EB08
S315080066A00A07A5EB0A052A46604604EB870103F0AC
S315080066B082FE07EB0508CEE7FFFF07082DE9F04144
S315080066C0044668B1B0F1006F0AD3254B00F11702F2
S315080066D09A4205D8234B244A19780023994224D88C
S315080066E000252427FFF77AFF2168FFF7A5FF6168D1
S315080066F0FFF7A2FFE668AE4221D12269111A4B4282
S315080067004B41B4F1006F15D3154904F117058D42B5
S3150800671010D8824222D1134A1378052B09D8124978
S3150800672041F823400133137003E052F8040BA042EA
S3150800673003D101231846BDE8F0810133CEE707FBF4
S3150800674005F3A2680135D15802EB0308FFF774FF79
S31508006750042208EB020103F02EFECCE70023E9E74A
S31508006760FFFF0708FD1400203C13002070B52C4BD2
S315080067700C461A781AB92B4AD2F86C221A702A4A89
S31508006780126D52054AD51D78284B05F00F06B0FB49
S31508006790F3F040434FEA151505D140F27C622B21F0
S315080067A0FDF796FB0120224A0A217243B2FBF0F359
S315080067B04843B3FBF1F602EB5002B2FBF0F201FBE1
S315080067C01633042BD2B207D8C3EB8310C3EB80036E
S315080067D05BB283B96DB217E0C3F10B0303EB830316
S315080067E0DBB2B3FBF1F32B44DDB20F2DF2D9013A3C
S315080067F0D2B2053DEEE7053B5BB293FBF1F31D44D0
S31508006800EBB26DB2002D04DB002042EA05122260CD
S3150800681070BD01320533D2B25DB2F5E70220F7E763
S31508006820FE1400200080E00F000002B8403B25005F
S3150800683080969800F8B50B46002213F8044B94424C
S3150800684025D91D68854224D106245A791D79124B0B
S3150800685088181E6804FB0503104F33F8063C7B4373
S31508006860B3420ED900238A5A7A43964202D804FBC9
S315080068700300F8BD9D42FAD9013304FB03F2825A9C
S31508006880F2E740F244423D210020FDF721FB0020BB
S31508006890EFE708330132D2E75413002040420F00D5
S315080068A000202DE9F04FA2FB016AB94FDFF824C397
S315080068B0F7191D466AF10003BC4570EB030383B064
S315080068C008D240F23E220E21FDF702FB022003B059
S315080068D0BDE8F08FD5F828908B461446B9F1000F1D
S315080068E004D0D9F80030032B00F29381A94BAA4AA9
S315080068F09B6BD2F8FC90C3F31408A84B1B6F59077F
S315080069004EBF4FF440039B0503F0E07348EA0308C3
S31508006910A34BD3F8EC305A0048BF48F0807848EAD1
S31508006920446803F011FF0746002CCFD00028CDD0CD
S315080069309C4B6E62C3F800B09B4B984200F0B18145
S3150800694003F5122303F5F863984200F07381974B19
S31508006950984200F0B1810246002300204FF00071F2
S3150800696001F078FE0023013006FB03F300FB0A332F
S31508006970A6FB00021344203389499B092B60D1F8F2
S31508006980ECB3D1F8F033D1F878A1D1F8A010009380
S315080069900846584030F47F630CBF012000204FF4AE
S315080069A0287201911021FDF793FA8BEA0A0232F454
S315080069B07F634FF0100140F2A6220CBF0120002091
S315080069C0FDF786FA7A4A009BD2F86012C9B2FF2907
S315080069D01CBF2AF47F6242EA0112764908BF5A466A
S315080069E08E4207D9211F012940F2278172498E421A
S315080069F000F22381B7FBF4F7C8F31301A1FB0717CD
S31508006A00AB61684BC90C41EA473118F4801F1F680F
S31508006A106A4B08BF49421960694B0F44C5E907B27A
S31508006A201F60B9F1000F00F0328100236B60AB6084
S31508006A30D9F81C60D9F800A0002E49D0BAF10F0F7A
S31508006A4097BF574BB9F818B0D3F88C31C3F3832BDB
S31508006A50524B98BF0BF1080BD3F83C31B7FBFBF24E
S31508006A60DB0216D5002381EAE17EAEEBE17E5549CD
S31508006A70C8F3815811F808C0194650084FEACC5C8B
S31508006A80CCFB0E01009201F0E5FD009AC0F313005D
S31508006A9068605F4504D3B2FA82F10D2940F3048198
S31508006AA033469103B1FBF3F14B004FEAC23E013383
S31508006AB0520C01E002330131A3FB06C0E64572EB36
S31508006AC00000F7D2C1F30E01090341F00061A96085
S31508006AD0BAF1050F40F2DF80D9F82C60002E00F0DD
S31508006AE0B680307804FB07F7A0F10400B0FA80F00E
S31508006AF040F20B523D214009FDF7EAF9324B9F421D
S31508006B0040F20181314B9F4240F20181304A97425F
S31508006B1094BF0222032244F21421FF0B07EBC7039A
S31508006B2007EB43039B0B013B5B0232446B615678D0
S31508006B3001FB07F2B6EBD25F4FEAD25380F0E5804D
S31508006B402644B34240F2D7802644B34240F2E1805D
S31508006B502644B34240F2DF802644B34240F2DD8049
S31508006B602644B34298BF052040F2C680002040F272
S31508006B7026523D21FDF7ACF944F6776307FB03F38C
S31508006B80DB0D013BB34280F0BC80002026E000BF4D
S31508006B90006CCA88008001B8004F00B0004001B8F8
S31508006BA0000002B85C13002000F04902005A620295
S31508006BB00080E00F00BBEEA000AE5EA758130020D1
S31508006BC05413002008BA000820D4CB8F00DAF89AAC
S31508006BD0E0DF25A6807C814A042804D8361BB34208
S31508006BE000F10100F8D303288CBF0020012040F2F1
S31508006BF032523D21FDF76CF901216B69A6F11402A9
S31508006C0042EA86421343D9F800A06B6185F82C1036
S31508006C101FE0042BD9F828807FF483AE18F0807F14
S31508006C2014BF4FF4400308F0E07328F0E07848EA10
S31508006C30030876E600233A4896E6019B2AF47F6A1B
S31508006C4023F47F6343F42A634AF4CC6BD2E685F8CF
S31508006C502C600023BAF1060FEB6018D9D9F830304A
S31508006C60ABB103F071FDD9F83010FFF7E3FD044628
S31508006C7008B183781BBB03F027FDD9F83010FFF75E
S31508006C80D9FD20B1837813B1C3781B042B6100208A
S31508006C9003B0BDE8F08F0023002085F82C30EB60A8
S31508006CA0F6E700231F485FE6C1F10E0326FA03F351
S31508006CB002FA01F10133F5E600231B4854E6407950
S31508006CC040F25552003818BF01203D21FDF700F962
S31508006CD0207940F25652003818BF01203D21FDF7B1
S31508006CE0F7F8237962791B0243EA0213EB60E3782B
S31508006CF01B042B61BFE7012003288CBF002001205D
S31508006D0035E7012073E7002205E701202FE7012276
S31508006D1001E70220F0E70320EEE70420ECE700BFD6
S31508006D20313641DC0A3BB2DFD694BFD630B50546CC
S31508006D300C468DB059B9334B827AD3F8FC3041688A
S31508006D4031480A9300686B46FFF7AAFD6C462F4B3D
S31508006D5022685A632B4BD3F8FC30002B3CD063686F
S31508006D6043B12B4B2B4AC3F83C216268A3F58053E9
S31508006D70C3F83C21A36843B1254B274AC3F81C2115
S31508006D80A268A3F58053C3F81C21244AE168D2F807
S31508006D90983194F82C0023F4EE630B43C2F898312B
S31508006DA06FF078421E4B1F499A606269A3F58053BB
S31508006DB09A604FF44033C1F88C3122691A4BC3F8F4
S31508006DC08C214FF40012D8B10A65184B1B689847F6
S31508006DD01749606AFFF7CAFC0020A2690F4BC3F87F
S31508006DE0A020E269C3F87821226AC3F8F8232A8921
S31508006DF0A3F5E0339A6203F5A03318640DB030BDED
S31508006E001A65E2E7004F00B0B0100020008001B814
S31508006E10006001B8FFFF0F0000F0FF0F000002B886
S31508006E2000600C50002002B8001002B8F4150020CB
S31508006E30588001B84FF40022014B00201A657047AC
S31508006E40002002B80E4B1B68D3F88022D2070ED555
S31508006E505B6E002B0DDA0B4B4FF480029B6813F028
S31508006E600C0F094B09D11A654FF480421A650020A8
S31508006E7070474FF48002054BF5E704490A65F3E7C6
S31508006E80F015002000400950002002B8001002B892
S31508006E904FF48062014B1A65704700BF001002B8B4
S31508006EA010B590B10468012C0FD902696AB111684E
S31508006EB0094B102C196051685960916888BFD268CF
S31508006EC0996094BFD960DA6010BD1022002102488B
S31508006ED003F0B7FAF8E700BF64130020084BC117A0
S31508006EE01A68A2FB000302FB013310F1807043F11C
S31508006EF00003400E40EAC310803820EAE07070476D
S31508006F00741300200722194B70B51A64184B194AD6
S31508006F101D68194BEC08E005C0184FEA153141F118
S31508006F200001002301F096FB144B154E1860154816
S31508006F30FFF7D4FF4042C6F8D00049F65800FFF7DD
S31508006F40CDFFC6F89C001048FEF722FF024660B146
S31508006F50E301500818184FEA15714FF0000341F184
S31508006F60000101F077FBC6F8A80070BD000002B862
S31508006F70F412002065CD1D00B2E60E007413002041
S31508006F80003F00B07011010040420F0010B50446E2
S31508006F9098B10B4BD3F8FC00FFF782FF4FF47A73D6
S31508006FA003FB04F0074BA0F57A60DA689B68104487
S31508006FB0C01ABDE81040FFF791BF4CF25030F8E711
S31508006FC0004F00B0641300202DE9F8430546084633
S31508006FD014461E46FFF764FF05B306F0020716F0CF
S31508006FE004061DD1D7B14FF47A706B685843002B4D
S31508006FF040F08C80FFF772FF20636B69002B00F06E
S315080070008C804A4AD0684FF47A7202FB0300A0F5D6
S31508007010FA50FFF763FFE062002E58D1BDE8F88307
S315080070202869002869D04FF47A7358433F4BA0F576
S315080070307A609B68C01AFFF751FFA062A88B0028E8
S315080070405ED04FF47A735843384BA0F57A609B6844
S31508007050C01AFFF743FFE061354BE968D3F80080B3
S31508007060002950D04FF47A735943304BA1F57A6111
S315080070709A685B68891AC91A2E4BC8171A68DFF806
S31508007080BC90A2FB011302FB003311F1807143F19E
S315080070900003490E41EAC3118039274B2162D3F810
S315080070A0B8306362D9F8003053B1404603F057F858
S315080070B030B12246D9F800301C49D8F8D80098478C
S315080070C00021A869FFF762FF6063002F8BD1A868CB
S315080070D030BB47F23050FFF701FF60614FF47A701A
S315080070E02B6858432BB1114B1B6803F51C531033FF
S315080070F01844FFF7F3FEA06190E74CF250309AE788
S315080071004CF25030A5E74CF25031B5E7074B1B68F7
S3150800711003F51C53103318446CE747F2305078E7F0
S315080071204FF47A735843A0F5FA50D4E76413002055
S31508007130B010002074130020003F00B06013002038
S3150800714070B5154C8CB001AD0FCC0FC50FCC0FC563
S3150800715094E8070085E80700AC2200210F4803F0F1
S3150800716070F99C2200210E4803F06BF920220021B9
S315080071700C4803F066F903F029F90B4B1B784BB161
S31508007180054E01AD0FCD0FC60FCD0FC695E807000A
S3150800719084E807000CB070BDD43F00B0B83E00B01C
S315080071A0643F00B0E04F00B0EE14002008B503F0CD
S315080071B0ACFD0E4B1A78A2B90D4A126812F4843F38
S315080071C00FD10C4A102111651B7863B9084B1B684F
S315080071D0DB0508D4074B20221A65BDE8084003F0F2
S315080071E08FBD054AEEE7044BF5E700BF04150020FE
S315080071F0380A0020002002B8001002B810B5104B5B
S31508007200104AD3F8B8001478596A9A6A00F00F0041
S3150800721021F4706122F0E052844241EA042142EAF4
S3150800722084624FF01F04084835BF9A625962596252
S31508007230C0F8B84034BFC0F8B8409A6210BD00BF65
S3150800724000C000B8EA14002000E000B80A4B19781C
S3150800725001F0FF0229B10021197008499202C1F80C
S315080072600821597801F0FF0229B1002159709302CB
S31508007270024AC2F80C317047FF140020005000B8CB
S31508007280084BD3F8000F084B9A6C110107D4074A2C
S31508007290926E920705D5D3F8F4339B0701D500F50E
S315080072A080707047003000B0000002B8004000B897
S315080072B010B503F02AFD0E2104460320FFF700F857
S315080072C040F20122034B2046BDE81040DA6203F083
S315080072D017BD00BF004000B838B503F016FD4FF0E3
S315080072E00043244C0546C4F88030BFF34F8FBFF3E4
S315080072F06F8F0123C4F88430BFF34F8FBFF36F8FAE
S315080073000223C4F88430BFF34F8FBFF36F8F042373
S31508007310C4F88430BFF34F8FBFF36F8F0823C4F8C8
S315080073208430BFF34F8FBFF36F8F134B1B6A984799
S315080073301023C4F88430BFF34F8FBFF36F8F202319
S31508007340C4F88430BFF34F8FBFF36F8F4023C4F860
S315080073508430BFF34F8FBFF36F8F4FF48073C4F839
S315080073608430BFF34F8FBFF36F8F2846BDE8384090
S3150800737003F0C6BC00E100E0F415002038B503F0C0
S31508007380C4FC05464FF000430C4C236001236360A0
S315080073900423636008236360094BDB69984710235D
S315080073A0636020236360402363604FF480736360E7
S315080073B02846BDE8384003F0A3BC00BF00E100E062
S315080073C0F4150020012370B5074C2370074B1E687F
S315080073D0074B3240D3E9005319402840FDF7C6FA57
S315080073E00023237070BD00BF021500207C13002007
S315080073F0380A00200022044B1A70044B197811B180
S315080074001A70FFF7D3BE7047031500200415002035
S315080074102DE9F047DDF8209003EA0108099B0646A6
S315080074200D4602EA000703EA090AB9F1000F40F01F
S31508007430F280031F0B4300F0A180052871F10003B9
S315080074406FD250EA010300F0D481431E0B4300F0CB
S31508007450B880FFF741FF814AD2E9004323EA0503D2
S3150800746024EA06043C4343EA08077D4BC2E9004781
S315080074701E6826EA090646EA0A061E60FFF796FE11
S3150800748016F0020F42F2020308BF0223754A764835
S31508007490D26E250383EA020122EA0302C266734A10
S315080074A003EA01038166D366C4F380424FEA0232D7
S315080074B048BF42F48072E00648BF42F40052A10673
S315080074C048BF42F400726306694B48BF42F48062C3
S315080074D0DB68250648BF42F40062664882EA030173
S315080074E023EA0203C360644B0A4017F4007F8160F5
S315080074F0DA6007F40071614B00F0D2800121604A1E
S3150800750083F8941092F82D004FF00073002800F0CD
S31508007510A1805C48036593695B4898474FF48025CA
S31508007520D1E04FF40043994208BF48454B4C61D01F
S3150800753081458B418DD3A0F580630B4305D020F49C
S315080075408063A3F500730B4383D103F0DEFBD4E914
S31508007550003223EA060322EA050242EA08023B430E
S31508007560C4E90032494A126892F8F610484A09B343
S3150800757013F4C06F1ED04FF4807311E003F0C5FBFF
S31508007580364AD2E9003123F004033B4341EA0801B5
S3150800759057EA0807C2E900314FF480633C4A0BD02A
S315080075A0C2F81431A2F58052C2F81831BDE8F04786
S315080075B003F0A6BB4FF48073C2F81831C2F8143131
S315080075C0F4E703F0A2FB254AD2E9003123F00103D0
S315080075D03B4341EA0801C2E9003101232D4A57EA33
S315080075E008071BBF9364A2F58052D364D36408BF0F
S315080075F09364DBE703F089FBD4E9002323F4004313
S315080076003A4343EA0803C4E9002357EA08074FF454
S315080076108063204AE5E750EA01037FF41AAFB9F11F
S31508007620010F7FF416AF03F070FB0D4A136823F0C1
S31508007630010343EA0A0313604FF48063164ABAF15A
S31508007640000F04D05366A2F580521367AEE713679E
S315080076505366ABE7114A136560E700BF380A002096
S315080076607C130020004000B8006000B8005000B845
S31508007670004001B8006001B8005001B8003F00B0F2
S31508007680F4150020001002B8843F00B0B0100020A6
S31508007690002000BA00E000B800E001B8002002B8F7
S315080076A093F8942072B1544883F8941090F82D30CA
S315080076B04FF00072002B00F08C80504B1A658369DE
S315080076C04F4898470025E00448BF45F48035A10394
S315080076D048BF45F48015A20748BF45F4800514F451
S315080076E0001FDFF85C8106D0D8F8000002F055FDCF
S315080076F008B945F40025E302424B48BF45F4003576
S31508007700F8061A6A48BF45F40005610248BF45F401
S31508007710001585EA020323F001033B491A400A6271
S315080077201D40CB61394A354B16F0010F1D62384BA7
S3150800773018BF13467A07374A48BF43F00063126FEB
S31508007740354883EA020122EA03020267334A0B40FC
S3150800775041661367324A04F00103D26C3D0448BF00
S3150800776043F480632F4883EA020122EA0302C264D3
S315080077702D4A0B408164D364D8F80020200248BF04
S315080077802A4B92F8F62058BF294B610748BF43F4A5
S31508007790806322B114F4C06F18BF43F480733207B4
S315080077A04FF03A42BDE8F047D2F8181148BF43F007
S315080077B0004383EA010222F4A0221E481140C0F8C1
S315080077C018111340C0F814211B4AC2F81831FFF7E4
S315080077D0D5BD0D490A65194AD2F8A41002F500521A
S315080077E0C2F8A410C2F8A0104FF05022C2F8A43074
S315080077F068E7BDE8F08700BFF4150020001002B85E
S31508007800843F00B0000002B8002002B8041C000340
S315080078100418000300C001B800E001B800D001B8A0
S3150800782000C000B800E000B800D000B80D0A0A0988
S31508007830090A0A09002000BA001000BA00400050E0
S31508007840B0100020024B5868C0F3C000704700BF54
S31508007850380A0020024B186800F00100704700BF84
S31508007860380A0020024B5868C0F3C030704700BF82
S31508007870380A002010B50446FEF764FBFFF72CFD16
S315080078802046FDF7B1FAFEF7E1FBFEF7B5F9FEF77C
S3150800789029FAFFF737FB13490723134AD1F8FC10D7
S315080078A004F1F800FFF790FB4FF080710020FEF717
S315080078B08FFA4FF000720D4B4FF400110120C3F8F8
S315080078C00021FEF785FAFEF7D7FD20B940F292327D
S315080078D01421FCF7FDFAFFF7ADFABDE810400120C8
S315080078E0FEF7B8B8004F00B0983F00B000D001B816
S315080078F0F8B5084C084D636C0423084F6B64636C39
S315080079005B0300D4F8BD042602207E6402F0B7FCAF
S315080079106E64F4E7000002B8001002B8002002B84E
S31508007920A82238B51B4B5D6C03F500535A64102228
S315080079309A60A3F5804302F100521A675A66FFF768
S3150800794085FC154B1B7813B90320FEF7D9F90024DB
S31508007950124B9C67FFF7CCFF114A124BD2F8001F57
S315080079600B40C2F8003F04220F4B5A640F4BC3F872
S31508007970D840FFF743FCAB0608D50D4BD3F8883043
S31508007980B3F5817F22BF8022024B1A61BDE83840D9
S31508007990FDF7F6B8000002B80115002000C001B8CE
S315080079A0003000B0DF0000FF002002B8003E00B043
S315080079B0003F00B010B551B920B3154BDB681B0E5C
S315080079C013F00E0F1ED1134B1B6CD9071AD4FFF7F1
S315080079D06FFC0F4C0020FEF7D7FC032801D00928BE
S315080079E005D1A36ADA07F5D4A36CDB03F2D4FFF753
S315080079F07FFF0122084B5A6102229A62042203F58C
S31508007A0080535A644FF4C062044B9A6510BD00BF98
S31508007A10000002B800C002B8001002B8006001B841
S31508007A2008B503210920FEF74BFC2022014B1A61F9
S31508007A3008BD00BF000002B8144B10B51B78CBB9BF
S31508007A40134AD2F8A030D2F8A4100B40B3F1804FF5
S31508007A500CD34FF040400F490F4CC1F8A400D4672F
S31508007A60C1F8A0004FF480210C4AD161094AC2F836
S31508007A70A03010BD0A4A0B4B92F894109B690A482D
S31508007A8098474FF48022054BDA61F2E7FC14002090
S31508007A9000400050006000500000FF01001002B8CE
S31508007AA0003F00B0F4150020843F00B038B5054605
S31508007AB003F02BF90E4B04461868FDF7BFFA35B1EB
S31508007AC0FFF798FC2046BDE8384003F019B9094B82
S31508007AD01B78002BF6D0084B1D78002DF2D1FFF746
S31508007AE089FC2A464FF480400021FFF76BFCE9E742
S31508007AF0B010002003150020021500202DE9F84FCC
S31508007B005B4B06460D4614465B6C002A40F0AC807B
S31508007B1013F0A00F14BF4FF001094FF00009FDF74D
S31508007B202FF8FFF76BFBA0234FF0000ADFF85C8104
S31508007B300320C8F84430FEF7E3F80420FEF7E0F81F
S31508007B404C4FFFF757FC4C4B4FF0040B7B67C7F8BD
S31508007B5078A0FFF7CDFE494B4FF48071D3F8D02EAD
S31508007B6042F02002C3F8D02EFF22C8F80820404A67
S31508007B701161D3F8002F42491140C3F8001FC8F815
S31508007B8044B0C3F8D8AE7B6913F0060F04D0FEF7ED
S31508007B902BF95846FEF7B4F8B9F1000F09D04FF49F
S31508007BA00063384A53640223C2F8F433A2F5E0327C
S31508007BB0936666B1344BDB6C180701D4FFF778FB84
S31508007BC0FFF72EFF0420FEF79BF8FFF73FFB284B35
S31508007BD05A69D10746D5DA6812F0706FFBD12B4B7C
S31508007BE02B4A5A642B4A936F23F0F003936715B117
S31508007BF02046FFF75BFF284BD3F84C315A1C01D0BF
S31508007C005B0002D50122214B5A615CB31E4BDA6E2A
S31508007C1003F500539A6603F5D0331B6A1B4A23F013
S31508007C200103D3611D4BD96803F50053996003F529
S31508007C300053D3F8841003F5005399674FF03A437D
S31508007C40D3F8181103F50053C3F81411144BD96C63
S31508007C5003F500539964134903F5803359664FF6C3
S31508007C6008435364BDE8F88F4FF0000957E700BF93
S31508007C70000002B800C001B800000101003000B0E1
S31508007C80DF0000FF001002B8004000B8002002B86C
S31508007C9010003000003F00B00080E00F004001B83F
S31508007CA000C000B85000002FA74B2DE9F04F9A6E80
S31508007CB0DB6E87B002EA0308A44BC3F868804FF06E
S31508007CC03A43D3F81461D3F818311E40A04BC3F8D1
S31508007CD01461A04B9A68DB6802EA030A9E4BC3F854
S31508007CE008A003F52043DA691B6A02EA03099B4BDD
S31508007CF009F47702DA619A4BD3F80422D70606D438
S31508007D00D3F80431DD06C3F3001740F1F88002F01A
S31508007D10FCFF944B5A695F6E12F0060F14BF0122DE
S31508007D2000221B6F00921F408F4A27F0007323F42E
S31508007D3000637C07536606D58C4A92F8CD3001332A
S31508007D40DBB282F8CD3002F0DBFFB8F1000F00F0AD
S31508007D50F78018F0020400F0F180854B0025D3F86F
S31508007D60F4B303F500530BF00702CBF380041BF0C2
S31508007D70020FC3F8F4234FEA44542ED002F0C5FF8D
S31508007D800190FFF77DFA03467A4A1268106811686F
S31508007D908842FCD010688842FCD0CDE90223FFF760
S31508007DA06FFA039B029A984240F0AB8001980293BF
S31508007DB002F0A6FF704A029B13606D4A526C12F4D9
S31508007DC0E05140F0A08023F07F4323F0DF030BB996
S31508007DD0FFF7A6FD4FF080731C431BF0010F13D06D
S31508007DE0634B5E495B6C03F460424A64002A00F008
S31508007DF09F801A0400F19F8013F4005F0CBF4FF0B8
S31508007E0000534FF000631C43C8F340384FEA480854
S31508007E105A4B3340002B4BD016F4206F0AD040F64D
S31508007E20A31206210020FCF753F80020FFF73EFEB8
S31508007E3026F48026F00506D5FF22484B44F4C06494
S31508007E409A60FFF735FA16F0090F0BD040F6B8120C
S31508007E5008210020FCF73CF8FFF7E2FD4FF03A4313
S31508007E6001225A6316F0106F0CD040F6C112092190
S31508007E700020FCF72DF8FFF7D3FD00221146104627
S31508007E80FDF7B0F816F4202F0AD040F6C9120721DC
S31508007E900020FCF71DF80020FFF708FE26F48026D0
S31508007EA0F10301D5FDF7E8F9002EB8BF48F0080838
S31508007EB072070ED54FF03A431B6B13F4005F4FF46D
S31508007EC0005317BF224A2E4A136344F4000408BF1E
S31508007ED01363730548BF44F0040416F4802B00F0BE
S31508007EE0B880FDF781F9013806284BD8DFE810F08D
S31508007EF033013601330139013C013F013F01009747
S31508007F0023E7034642E7CDE90121FFF709FD029978
S31508007F10124B019A5964D10407D412F4806F0CBF2E
S31508007F204FF080534FF0806356E74FF0804353E796
S31508007F304FF0007367E74FF0004364E7254663E7B1
S31508007F404446454664E700BF004000B8006000B8F4
S31508007F50002000BA004001B8006001B8002002B84D
S31508007F6000E100E000C001B800E001B8003E00B042
S31508007F70000002B8D0B9000878130020090B0B8955
S31508007F80001000BA40F6FA1203210020FBF7A0FF02
S31508007F904FF03A420121D2F88C30D2F8AC0003F007
S31508007FA00703063301FA03F3C0F30C001B1A9BB24E
S31508007FB0072B12D9784B5B6C58020ED47748D36CD2
S31508007FC0D26E406D58B103F0070306339940C2F3E9
S31508007FD00C03C91A89B2072901D844F40074704BF6
S31508007FE01B78002B35D04FF03A43D3F8143113F4ED
S31508007FF0A02F2ED16B4B6C4A1B7893B9FB0410D477
S31508008000137873B1E308694943EA457383F00103BA
S31508008010D1F8001F03F001035B0021FA03F3980768
S3150800802017D10420FDF76CFE614B62495967FFF7CB
S31508008030E1F95D4A137843B95F4B1B782BB15F4B67
S315080080405F4A1B682340134201D144F4804427F455
S315080080508057BAF1000F1DD01AF4805F18BF44F498
S3150800806080241AF4807F18BF44F400241AF4005FB1
S3150800807018BF44F010041AF4007F18BF44F0200417
S315080080801AF4806F18BF44F040041AF4006F18BF42
S3150800809044F08004B9F1000F3FD019F4802F18BFBF
S315080080A045F4007519F4803F18BF44F4805419F458
S315080080B0801F18BF44F4003419F4800F18BF44F029
S315080080C0020419F4003F18BF44F4801419F4000F91
S315080080D018BF45F0100519F4002F19D0334BD3F803
S315080080E0D03E13F0C00F13D02B4AD368C3F30363F3
S315080080F0032B01D0072B05D1936CD90602D4D36C78
S315080081001A0737D54FF400222E4B29F40029DA61D5
S3150800811019F4001F18BF44F48004002F00F01981D9
S315080081203B0540F189802849DFF884A0CB78274AA7
S31508008130002B51D04FF40060013BDBB25066CB7088
S3150800814033B9234B1B78C3B140F60142214B5A671A
S31508008150002300226EE044F4803419E744F40064F6
S3150800816016E744F4806413E744F4807410E744F097
S3150800817008040DE744F40014CAE7DAF8783013F473
S31508008180A05F15BF4FF4807340F60143CAF8583014
S31508008190CAF87830DCE700BF000002B8004000B833
S315080081A0041500200315002006150020003000B035
S315080081B000C001B80000010105150020380A00209A
S315080081C0088D0100002002B8F214002000E001B872
S315080081D00115002000D001B80320FDF791FDDAF85B
S315080081E01430A24813F0060F04BF41F61F73A04AC5
S315080081F0A04908BF53674FF400629D4B5A66DAF8E8
S31508008200143013F0060308BFCAF87830B0F8CA303D
S3150800821013F400625CD023F40063A0F8CA300B782C
S3150800822003F0FF0A002B57D1FDF7DEFDFFF778FBB9
S31508008230534620221C431543B80009D52E20FDF7C6
S31508008240CFFC4FF000528A4B45F008051A675A666C
S31508008250F90606D52B20FDF7C3FC1022844B1A67B6
S315080082605A6617F0306F05D1FA045FD5009B002BCC
S3150800827000F0AA803B0111D52920FDF7B1FCFFF7D4
S31508008280E1FA48B17C4B7D49794A53660B6701F59B
S315080082904051C968480422D445F0040517F0007314
S315080082A028D00420FDF72CFD2720FDF799FCFFF7C1
S315080082B037FB4FF000726E4B5A66714BD3F8002F9E
S315080082C052067BD46F4B02229A6045F002052AE0DB
S315080082D00B784FF40053ADE74FF4004339E71367C3
S315080082E020205366FDF77CFC2D2045F00C05FDF794
S315080082F077FCD3E717F0807FDFF88CA149D00420FC
S315080083000093FDF7FDFC2820FDF76AFCDAF87820D3
S31508008310009B002A3AD1FFF703FB554B564A45F016
S3150800832001051A675A660022574B9A653A0404D51E
S31508008330564B1B68984704430D437B0509D5544A99
S315080083409378002B00F08C80013B9370002348EA59
S315080083500308424620462946FFF734F8BBF1000FCA
S3150800836001D0FCF777FF01224A4B06F00436C3F822
S315080083701461494B19F4002FC3F884211EBF4FF42A
S315080083800022404BDA6107B0BDE8F08FCAF87830B2
S31508008390C3E7F904C7D50420FDF7B2FC3F4BCAF87A
S315080083A07430FDF721FDDAF8643013F0407FBAD156
S315080083B02A20FDF715FCFFF7B3FA7EE7D3F8D03E7F
S315080083C09B0682D4364B7EE7314A13794BB1013B83
S315080083D0DBB2137113B9294B324A5A6700231C437F
S315080083E0A4E70420FDF78CFC0320FDF789FC264B47
S315080083F02A4A5A6702F089FC82460DF11700FDF7F2
S31508008400C3FF294B1B781BB10090FEF751FF00985C
S3150800841003280BD10020FDF7B7FF032806D1234B0D
S315080084209A6AD007F6D49A6CD103F3D49DF817301C
S31508008430032B06D101221E4B50461A7002F060FC2F
S31508008440CCE74FF03A43D3F8143113F4A02FF1D107
S31508008450FEF7D0FF504602F053FC4FF48043BEE7C8
S315080084600220FDF74DFC012371E700BF003E00B076
S3150800847000E001B8011500201000002000D001B866
S31508008480003000B0002002B800C001B8CC150020AA
S31508008490F2140020002000BA00E100E0000001010B
S315080084A0001002B80000010D07150020000002B8F0
S315080084B0031500200122024B1A62DA61704700BFD9
S315080084C0002002B8094A08B5D369116A0B40084961
S315080084D023F47F00DB07C86106D5D1684FF0FF306B
S315080084E0C1F3036101F07BFF08BD00BF000002B8BD
S315080084F0002002B8154B10B59C6CDB6C1C40144B65
S31508008500E2079C640DD5134B40F663421878122196
S3150800851000F00100FBF7DCFC002201200021FEF739
S3150800852051FF630510D50B4B40F66A4258684D213A
S31508008530C0F3C030FBF7CCFCBDE810400022002099
S315080085404FF40041FEF73EBF10BD00BF00C000B8A3
S3150800855000E000B8380A002038B50B4D2C6C6B6C5F
S315080085601C400A4B24F002021A64E20705D540F6BD
S31508008570CA4200202968FBF7ABFCA30741BF0222C9
S31508008580024B1A646B6838BD0080095000A0095078
S3150800859038B50B4C0B4DD4F88430DB0706D4A36FE3
S315080085A0D4F884201340084A936738BDD5F80431B7
S315080085B01A06F0D5FFF7D0FF8023C5F88431EAE71D
S315080085C0008001B800E100E000A001B8034BD3F831
S315080085D0D03E99430CBF012000207047003000B000
S315080085E0184BD3F8D02E12F0010312D0164B93F87D
S315080085F05C30164A43F08073C2F8D0304FF48013CB
S3150800860002F50052C2F8B430A2F58052C2F8B8306A
S31508008610704712F0C00FECD10B4B93F85B1021B1E9
S31508008620D20602D593F85830E3E74FF480120020BB
S31508008630074B0649C3F8B820C1F8D000C3F8B420E0
S31508008640704700BF003000B0003F00B0004000B8DF
S31508008650006000B853B94AB9002908BF00281CBFF2
S315080086604FF0FF314FF0FF3000F082B9ADF1080C42
S315080086706DE904CE00F006F8DDF804E0DDE9022332
S3150800868004B070472DE9F04F099D0C46002B4DD1DB
S315080086908A420F4684469646B2FA82F360D94BB1AF
S315080086A002FA03FEC3F120029F4000FA03FC20FAF7
S315080086B002F217434FEA1E461FFA8EF44FEA1C428F
S315080086C0B7FBF6F106FB117701FB04F042EA074215
S315080086D0904208D91EEB020201F1FF3702D29042FE
S315080086E000F231813946121A1FFA8CFCB2FBF6F0F9
S315080086F006FB102200FB04F44CEA024C644508D938
S315080087001EEB0C0C00F1FF3202D2644500F21E810A
S31508008710104640EA0140ACEB040C002125B12CFAC6
S3150800872003F30022C5E90032BDE8F08F8B4205D974
S315080087300DB1C5E9000100210846F5E7B3FA83F152
S3150800874000294DD1A342C0F0F380904280F0F0801A
S31508008750064623460846002DE6D0C5E90063E3E74A
S31508008760002B40F0A3808A1A4FEA1E471FFA8EF69E
S315080087700121B2FBF7F407FB14204FEA1C4242EA38
S31508008780004206FB04F090420FD91EEB020204F1E8
S31508008790FF382CBF4FF001094FF00009904203D96A
S315080087A0B9F1000F00F0CC804446121A1FFA8CFC6F
S315080087B0B2FBF7F007FB102200FB06F64CEA024C68
S315080087C0664508D91EEB0C0C00F1FF3202D266454D
S315080087D000F2B3801046ACEB060C40EA04409DE775
S315080087E0C1F120068B4004FA01FE22FA06F720FAA8
S315080087F006FCF4408A401F434EEA0C0300FA01FEC9
S315080088004FEA17484FEA13491FFA87FCB4FBF8F0FA
S3150800881008FB104449EA044400FB0CF9A1450ED9AB
S315080088203C1900F1FF3A2CBF4FF0010B4FF0000B3B
S31508008830A14503D9BBF1000F00F08B805046A4EB8D
S3150800884009041FFA83F9B4FBF8F308FB134403FB86
S315080088500CFC49EA0444A44506D93C1903F1FF383F
S3150800886001D2A4457BD8434643EA0040A4EB0C0456
S31508008870A0FB02984445CC46434602D306D1CE45D2
S3150800888004D20138B9EB020C68EB0703002D6CD053
S31508008890BEEB0C0264EB030422FA01F304FA06F6B3
S315080088A0CC4000211E43C5E900643DE702FA03FEF9
S315080088B0C3F1200104FA03F200FA03FCCC404FEAA4
S315080088C01E4720FA01F11FFA8EF6B4FBF7F00A43A9
S315080088D007FB1044110C41EA044100FB06F48C42E4
S315080088E00ED91EEB010100F1FF382CBF4FF001092C
S315080088F04FF000098C4202D9B9F1000F2CD040463E
S31508008900091B92B2B1FBF7F407FB141142EA0142C4
S3150800891004FB06F1914207D91EEB020204F1FF3867
S3150800892001D291421ED84446521A44EA004120E731
S31508008930861A64EB030301200DE7F44402384AE77C
S31508008940023C724431E702397244CCE6F4440238F8
S31508008950DFE602383C4472E702387144D0E7023B4E
S315080089603C4481E7023C7244DEE72946DCE600BF68
S31508008970704700BF08B5064B044613B10021AFF394
S315080089800080044B1B6803B19847204600F00BFC97
S3150800899000000000B814002007B5009313460A46E5
S315080089A001460348006801F021FD03B05DF804FBA9
S315080089B02C16002070B50D4D00260D4C641BA41016
S315080089C0A64209D10B4D00260B4C02F009FB641B8D
S315080089D0A410A64205D170BD55F8043B0136984748
S315080089E0EEE755F8043B01369847F2E79016002063
S315080089F09016002090160020981600202DE9F04FBA
S31508008A0098468B899DB007461B060D46144610D519
S31508008A100B6973B9402100F00FF92860286130B955
S31508008A200C233B604FF0FF301DB0BDE8F08F4023AC
S31508008A306B610023CDF80C804FF00109DFF8A081A7
S31508008A40099320238DF8293030238DF82A302346C0
S31508008A509A4613F8012B0AB1252AF9D1BAEB040B69
S31508008A600BD05B4622462946384601F001FD013007
S31508008A7000F0A780099A5A4409929AF80030002B08
S31508008A8000F09F8000234FF0FF320AF1010A049399
S31508008A9007938DF853301A93CDE9052354460522DA
S31508008AA04F4814F8011B01F0F8FD049AD8B9D0060E
S31508008AB044BF20238DF85330110744BF2B238DF86C
S31508008AC053309AF800302A2B15D0079A54460020BE
S31508008AD04FF00A0C214611F8013B303B092B4BD9C4
S31508008AE0B0B1079214E0A0EB0803A24609FA03F313
S31508008AF013430493D2E7039B191D1B68002B0391AC
S31508008B00BBBF5B4242F0020207930793B8BF0492C9
S31508008B1023782E2B0AD163782A2B32D1039B023471
S31508008B201A1D1B6843EAE37303920593DFF8C0A096
S31508008B3003222178504601F0B0FD38B1A0EB0A00B7
S31508008B404022049B013482401343049314F8011B0A
S31508008B50062224488DF8281001F09FFD002836D0FB
S31508008B60214B1BBB039B073323F0070308330393EF
S31508008B70099B334409936AE70CFB02320C46012031
S31508008B80A8E7002301344FF00A0C1946059320463E
S31508008B9010F8012B303A092A03D9002BC6D00591C3
S31508008BA0C4E70CFB012104460123F0E703AB2A4680
S31508008BB004A9384600930D4BAFF30080421C0646C5
S31508008BC0D6D1AB895B063FF52DAF09982CE703ABE9
S31508008BD02A4604A938460093044B00F0A5F8EDE7A9
S31508008BE088EC000892EC00080000000071A4000858
S31508008BF08EEC000870B50F4E0C460546316811B963
S31508008C0000F0CAF930602146284600F0C5F9431C31
S31508008C1003D14FF0FF34204670BDC41C24F0030472
S31508008C20A042F8D0211A284600F0B6F90130F2D150
S31508008C30EFE700BFBC1400202DE9F041CD1C064625
S31508008C4025F0030508350C2D38BF0C25002D01DB52
S31508008C50A94204D90C2333600020BDE8F081314FC6
S31508008C6000F08EF93B681C4644BB29463046FFF7A0
S31508008C70C1FF431C044650D13C682146002941D116
S31508008C80002C44D02368304604EB030800F084F92E
S31508008C9080453CD1216830466D1A2946FFF7AAFF60
S31508008CA0013034D023682B4423603B68002B36D030
S31508008CB05A68A24229D100225A600EE02268521B45
S31508008CC01DD40B2A16D96119A342256018BF59600D
S31508008CD0636808BF396062514B60304600F056F948
S31508008CE004F10B00231D20F00700C21AB5D01B1A89
S31508008CF0A350B2E7A3426268DED13A60EDE72346A5
S31508008D006468B1E70C464968B8E71346CEE70C2312
S31508008D103046336000F03AF99EE70560DDE75B60B0
S31508008D20FFDE00BFC01400202DE9FF470F7E9146E5
S31508008D3080460C46782F9A460C9E01F1430207D8C6
S31508008D40622F0AD8002F00F0DD80582F00F0C3806C
S31508008D5004F1420684F842703AE0A7F16303152B42
S31508008D60F6D801A151F823F0C18D0008D58D000869
S31508008D70518D0008518D0008518D0008518D00084D
S31508008D80D58D0008518D0008518D0008518D0008B9
S31508008D90518D0008EB8E0008638E0008A38E00082C
S31508008DA0518D0008518D00080D8F0008518D00085F
S31508008DB0638E0008518D0008518D0008AB8E00089F
S31508008DC033681A1D1B68326004F1420684F8423083
S31508008DD00123A8E031682368081D30601E0601D506
S31508008DE00D6803E05D06FBD5B1F90050002D6168FA
S31508008DF078DA2D200029A16084F843002DDA6D4227
S31508008E005D480A231646B5FBF3F103FB1157C75D08
S31508008E1006F8017D2F460D46BB42F4D9082B0BD127
S31508008E202368DF0708D5236961689942DEBF3023C6
S31508008E3006F8013C06F1FF36921B22614B4603AA4F
S31508008E4021464046CDF800A001F06DFB01306FD1F8
S31508008E504FF0FF3004B0BDE8F08723F00403236029
S31508008E60CDE721683368080653F8045B02D449063F
S31508008E7048BFADB26F2F33603F4814BF0A2308239B
S31508008E80002184F843106668002EA660BADB2168C4
S31508008E9021F004012160002DB4D1002EB2D116466E
S31508008EA0BCE7236843F02003236078273348236808
S31508008EB084F845701F06316851F8045B02D45F06D2
S31508008EC048BFADB23160D90744BF43F020032360E1
S31508008ED01DB11023D4E72848E9E7236823F02003C7
S31508008EE02360F6E724480A23CDE733682568181D6A
S31508008EF0616930602E061B6801D5196002E06806B4
S31508008F00FBD5198000231646236197E733680021AD
S31508008F101A1D32601E686268304601F0BEFB08B151
S31508008F20801B606063682361002384F8433085E70B
S31508008F302369324649464046D047013088D02368DF
S31508008F409B0714D4E068039B9842B8BF184681E78C
S31508008F500123324649464046D04701303FF478AFB0
S31508008F600135E36803995B1AAB42F1DCEAE70025B1
S31508008F7004F11906F5E700BF99EC0008AAEC000809
S31508008F80014801F066BA00BF08150020014801F043
S31508008F9061BA00BF0815002038B50023054D044600
S31508008FA008462B60FAF704FC431C02D12B6803B170
S31508008FB0236038BDC414002038B50546002941D0C1
S31508008FC051F8043C0C1F002BB8BFE418FFF7D8FF74
S31508008FD01D4A136833B9636014602846BDE83840F3
S31508008FE0FFF7D4BFA34208D9206821188B4201BFD6
S31508008FF019685B6809182160EDE71A465B680BB1CA
S31508009000A342FAD911685018A0420BD1206801442E
S31508009010501811608342E0D118685B6808445360B1
S315080090201060DAE702D90C232B60D6E720682118EE
S315080090308B4202BF19685B680918636008BF216024
S315080090405460CAE738BD00BFC014002008B5F7F75A
S3150800905073F908BD08B500F030FEFFF7F7FF00F01A
S3150800906053FEF7F7E9F9FAE70023934215D210B44D
S31508009070CC5C24B100F8014B01339342F8D39342F8
S3150800908004D2202100F8011B0133F8E75DF8044BF0
S315080090907047202100F8011B01339342F9D370472A
S315080090A0844600224FF6FF700FE0400080B201337D
S315080090B0072B09DC10F4004FF7D0400080B280F48B
S315080090C0815080F00100F2E701328A4205D21CF88D
S315080090D0023080EA03200023EAE7704770477047AA
S315080090E07047704708B500F027FB08BD704708B5FC
S315080090F0F7F720FD08BD08B5F9F7A6FD00F031F829
S3150800910008BD7047704770477047704708B500F04C
S315080091100BF808BD08B5F7F729FB08BD08B5FFF732
S31508009120F5FFFFF7F7FF08BD08B5F7F747FB08BDDA
S31508009130FEE708B5FFF7FCFF08BD704708B5FFF75F
S31508009140FCFF08BD704738B504460D46F9F786FD9D
S3150800915029462046FFF7F6FF38BD08B501F04CFF53
S3150800916008BD08B5F7F7A8FB08BDFEE704E050F808
S31508009170042B41F8042B1A46531E002AF7D17047D0
S3150800918000230360704700E018460368002BFBD1F4
S315080091900B60016070470346006818B102681A60E0
S315080091A0002303607047FEE700B589B084460E9831
S315080091B007900D9806909DF8300005900B9804903E
S315080091C09DF82800039000200290019300920B4618
S315080091D062460121F7F790FD09B05DF804FB70B50A
S315080091E005460E46144601F090FD2B685C40344057
S315080091F05C402C6001F084FD70BD38B505460C4610
S3150800920001F068FA05B128600CB10D23236038BD5A
S3150800921030B583B005460C46002301934FF0E02392
S315080092201B6913F0040F0CD001F074FA01900C239B
S3150800923000930DB1019B2B600CB1009B236003B01A
S3150800924030BD694601A8F8F7F1F8F2E708B501F06C
S3150800925073FA0021F8F7E2FA08BD10B582B00023C8
S3150800926001930093B0F5807F00F20781B0F5807F07
S3150800927000F28B81DFE810F0540189018901890128
S315080092808901890189018901890189018901890180
S315080092908901890189018901890189018901890170
S315080092A08901890189018901890189018901890160
S315080092B0890189018901890154018C0154018C01B4
S315080092C0A401A401A401A401A4018C01A9014501DA
S315080092D06601B30145018C018C018C018901890164
S315080092E08901890189018901890166018C018C013D
S315080092F08C01C7012B018C0189018901890189012A
S3150800930089018901890189018901890189018901FF
S315080093107101A401540154015401B80145014501E4
S31508009320BD0181015E0116011601890189018901C4
S3150800933089018901890189018901890189018901CF
S3150800934089018901890189018901890189018901BF
S3150800935089018901890189018901890189018901AF
S31508009360890189018901890189018901890189019F
S315080093708901890189018901860189018901890192
S31508009380890189018901890189018901890189017F
S31508009390890189018901890189018901890189016F
S315080093A0890189018901890189018901890189015F
S315080093B0890189018901890189018901890189014F
S315080093C0890189018901890189018901890189013F
S315080093D0890189018901890189018901890189012F
S315080093E0890189018901890189018901890189011F
S315080093F0890189018901890189018901890189010F
S3150800940089018901890189018901890189018901FE
S3150800941089018901890189018901890189018901EE
S3150800942089018901890189018901890189018901DE
S3150800943089018901890189018901890189018901CE
S3150800944089018901890189018901890189018901BE
S3150800945089018901890189018901890189018901AE
S31508009460890189018901890189018901890189019E
S315080094708901890189018901AE01B0F5F06F00F013
S31508009480C28014D9B0F5206F00F0B3805FD9B0F56B
S31508009490306F00F0B3806DD9B0F5386F52D0B0F5A3
S315080094A0406F72D1002101A8F7F762FE6DE0B0F5B2
S315080094B0607F78D010D9B0F5B06F00F0868033D9C8
S315080094C0B0F5D06F00F08B80B0F5E06F37D1002192
S315080094D001A8F8F7F7F858E0B0F5007F0AD101F0CF
S315080094E0F9F804464FF40070F8F76AF9B4FBF0F49B
S315080094F001944AE011D9B0F5207F49D0B0F5407FF4
S3150800950043D101F007F904464FF42070F8F758F9EB
S31508009510B4FBF0F46408019437E0B0F5C07F34D1A9
S3150800952001F0F8F8019030E0B0F5806F48D0B0F55A
S31508009530A06F2AD1002101A8F7F74CFE25E0B0F567
S31508009540C06F22D1002101A8F7F770FF1DE0B0F522
S31508009550106F49D0B0F5186F04D1002101A8F7F7AC
S315080095606DFE12E0B0F5086F0FD1002101A8F7F7DC
S3150800957003FF0AE0B0F5286F07D1002101A8F7F725
S31508009580ADFF02E001F0A6F80190019802B010BD07
S3150800959001F0C0F804464FF42070F8F711F9B4FB4F
S315080095A0F0F40194F1E700216846FFF726FE009CD7
S315080095B04FF46070F8F704F9B4FBF0F40194E4E7AB
S315080095C0002101A8F7F7FEFEDFE7002101A8F8F75A
S315080095D04FF8DAE7002101A8FFF71AFED5E70021C0
S315080095E001A8F8F795F8D0E7002101A8F8F7BCF824
S315080095F0CBE7002101A8F7F73FFFC6E7002101A83E
S31508009600F7F740FEC1E7002101A8F7F789FFBCE795
S3150800961008B5002903DD0121F8F700F908BD002186
S31508009620F8F7FCF8FAE708B502214FF42070F8F7C6
S3150800963039FB08BD7047436813F0010F19D08368DA
S3150800964013F0010F03D0036913F0010F09D00A23A1
S315080096508363436D13F0500FFBD1836C13F0030F34
S31508009660FBD100F5005301225A60436813F0020F3C
S31508009670FBD1704708B5F9B10A4600F580530121B8
S31508009680596002F00F01436DC3F30B03002BFAD1A7
S315080096908163436D13F07803FBD112F0010F00D0FC
S315080096A0012312F0040F01D043F00203826C02F08A
S315080096B003029A42FAD108BDFFF7BDFFFBE7836CA8
S315080096C013F0400FFBD04164704708B500231A46D3
S315080096D0F8F750FE08BD08B500231A46F8F74AFE03
S315080096E008BD70B505460E46144601F00EFB2B68FC
S315080096F05C4034405C402C6001F002FB70BD70B5E4
S3150800970005460E46144601F000FB2B685C403440C3
S315080097105C402C6001F0F4FA70BD0020704708B573
S31508009720002100F05AFB002008BD09B1212070472E
S3150800973008B5FFF7F4FF08BD08B500F001F808BD45
S315080097400020704708B5F9F7B9FB08BD08B540B25F
S31508009750F9F7F2FB08BD08B5F9F710FC08BD08B51E
S31508009760F9F7FEFB08BD08B5FFF7F0FF08BD70B5B1
S315080097700C461546034630B15E684EB12A46214668
S315080097801868B04770BDF9F751FC03460028F3D1B5
S315080097902320F7E703280BD8DFE800F0020D0407BB
S315080097A0002070474FF4805070474FF44050704780
S315080097B04FF4805070474FF400507047D0F8A030EF
S315080097C01B689A6C12F0800F03D0DB6B0B700020BD
S315080097D070471B20704738B50446D0F8A0301D687E
S315080097E0AB6C13F0400FFBD000231A4694F8A9106F
S315080097F094F8A800F8F7CEFE00231A4694F8AB10A2
S3150800980094F8AA00F8F7C6FE94F8B03013F0010FE2
S3150800981012D194F8B03013F0020F16D105F50053A3
S3150800982004221A6500212846FFF724FFD4F8A4006D
S3150800983001F086FA002038BD00231A4694F8AD10C8
S3150800984094F8AC00F8F7A6FEE3E700231A4694F866
S31508009850AF1094F8AE00F8F79DFEDFE708B5D0F82C
S31508009860A0301868FFF72BFF002008BD704780F866
S315080098709510704790F89500704710B582B0044669
S315080098800DF10701007D00F0D9FF9DF807303BB1C7
S31508009890206DA26CE36C134483420BD002B010BD5A
S315080098A0237D03EB43031B0103F1A04303F5802348
S315080098B0D86EEEE71046F1E710B50446FFF7DDFF70
S315080098C0236D834201D2C01A10BDA26CE16C0A4412
S315080098D0D01AF9E738B50446007DF7F7CDFB2046E0
S315080098E0F9F706FD0546207DF7F7E6FB284638BD5D
S315080098F0F8B50446FFF7EEFF00B1F8BD01F00EFA21
S315080099000646207DF7F7B8FB2046FFF7B6FF451E4B
S31508009910A36CAB4202D9E56C013D1D4494F8547022
S31508009920207DF7F7C9FBCFB92B46D4F898209A4281
S3150800993012D01A78112A09D0132A07D0013BA26C33
S315080099409A42F2D9E36C013B1344EEE7112A14BF9D
S315080099500022012284F89C20C4F89850304601F071
S31508009960D8F9CAE72DE9F84304460F46154690F894
S31508009970959000264FF0010802E094F89C304BB908
S31508009980AE421FD294F89630002BF6D02046FFF749
S31508009990AFFFF2E7B9F1000F02D03B780A2B09D0E6
S315080099A0236E5B68397820469847804650B9013758
S315080099B00136E5E7236E5B680D2120469847804609
S315080099C00028EDD04046BDE8F88308B590F89430F5
S315080099D01BB9FFF7C7FF002008BD0E20FCE790F86B
S315080099E09430DBB170B504460D460B69B3F5006FCC
S315080099F016D801F093F906466C6194F88C304BB191
S31508009A00294604F19000FFF7BEFB304601F081F9C4
S31508009A10002070BD2846F9F78DFCF6E70E20704742
S31508009A202120F6E730B583B0144692F8543033B1A6
S31508009A30936D0BB1D06D9847002384F8543094F891
S31508009A40963023B9002084F8540003B030BD204670
S31508009A50F9F726FC0028F5D0236E5B68132120460B
S31508009A609847002507E0112B14BF0023012384F82B
S31508009A709C300135EDB20F2D0DD8236E1B680DF104
S31508009A8007012046984730B99DF80730112BEAD0D0
S31508009A90132BEED1E7E72046F9F780FCD2E72DE94C
S31508009AA0F04F83B090464AB104460D46002966D069
S31508009AB0FFF710FF814628B14FF00008404603B073
S31508009AC0BDE8F08F2046FFF7F7FE4746804528BFDA
S31508009AD0074694F896A0BAF1000F48D001F01EF98F
S31508009AE00190266D2046F9F7DBFB8346B84600222F
S31508009AF011E00133C4F89830D14612E008F1FF3876
S31508009B00B9F1000F05D0112B14BF0023012384F8E7
S31508009B109C3001320136BA420BD2D4F89830B3429F
S31508009B20E7D03378112BE9D0132BE7D005F8013BA2
S31508009B30EFE7D4F89810A26CE36C1344994213D05B
S31508009B40019801F0E6F839462046F9F7D9FC94F869
S31508009B509630002BB2D0BBF1000FAFD0236E5B68F6
S31508009B60112120469847A9E7C4F89820E8E73A461D
S31508009B70216D284600F06FFCB846D346E3E74FF060
S31508009B8000089BE72DE9F04180460F4616461D461C
S31508009B9000232B602968721A39444046FFF77FFF75
S31508009BA0034620B12C681C442C60B442F2D32B68BF
S31508009BB013B10020BDE8F0811B20FBE710B5144661
S31508009BC05069002380F88C309030FFF7E4FA08B12A
S31508009BD0F9F7B0FB63681BB1A268002120469847D5
S31508009BE0002010BD50B138B5056801F097F800247B
S31508009BF0AC65EC6501F08DF8204638BD222070472B
S31508009C0038B5056895F894303BBB0446FFF7EAFF7C
S31508009C10F9F70CFA84421CD02B6E93F91000F9F769
S31508009C20CFF92B6E93F91000FFF795FD287D00F00C
S31508009C30E5FD287DF7F798F9F7F770F90023236013
S31508009C406360E3606361A3612B6EDB68284698470F
S31508009C5038BD0020F9F7DEF9DEE70F20F8E701F056
S31508009C600303DB004FF0FF0C0CFA03FC07290ED8A0
S31508009C7010B54FEA910E0EF10C0150F821409A40AA
S31508009C80624002EA0C02624040F8212010BD70478B
S31508009C9008B5F9F79FFD08B5FFF7FAFF08BD704745
S31508009CA0704708B5FFF71EFAFFF721FAFFF736FAED
S31508009CB0FFF721FAFFF725FA08BD08B5F9F708FEF8
S31508009CC0FFF7EDFFF9F78AF9F9F70AF9FFF73AFD11
S31508009CD0F9F71EF9F9F73AFEF9F7A2FDFFF7E0FFE3
S31508009CE000F006F8FFF702FAFFF7DBFF08BD70473A
S31508009CF008B5FFF7F3F9FFF7F2F9FFF7F1F9FFF700
S31508009D00F0F9FFF7F4FF08BD08B5FFF7FBF9FFF711
S31508009D10FAF9FFF7F9F9FFF7F8F908BD7047431E96
S31508009D20012B03D9031F5842584170470120704739
S31508009D304FF4D872002100F084BB70B50446FAF7D8
S31508009D40BBFE0546A8B9A169F1B1238AD3B120465D
S31508009D5004F1100200F0A2F938BBE16919B3638A6D
S31508009D60A3B1204604F1120200F06DF978B1054658
S31508009D7003E00023A3612361E361002328466361AE
S31508009D80236270BDA061E8E72082E6E7E361216A05
S31508009D900029F2D0A28A002AEFD02046E38ABDE83D
S31508009DA0704000F00FB96182F1E76582E561DEE790
S31508009DB011B9D0F8DC1021B1CB6813B18B68D889FA
S31508009DC070474FF6FF70704710B5F9F777FE0446EF
S31508009DD008B900F01EFA204610BDFAF705B9FAF7D9
S31508009DE029B9C08D70470A7838B505461046FFF779
S31508009DF096FF60B14C782046FFF791FF38B12243B1
S31508009E00530704D42846BDE83840FAF7A9BA2120F2
S31508009E1038BDFFF7E8BF10B504460878FFF77FFF9F
S31508009E2058B14A781046FFF77AFF30B1042A04D0B1
S31508009E302046BDE81040FAF7B1BA212010BDFFF759
S31508009E40EABF00F071B870B5044600200E4600F06F
S31508009E50DCF9D4F8F0503DB1002331462046AC4633
S31508009E60BDE870401A4660472B4601223146204617
S31508009E70FAF796FB284670BD38B5044648880D465D
S31508009E8000F0C3F9D4F8F0302BB929462046BDE8CE
S31508009E903840FAF79DBA022038BD00F0B8B900F08C
S31508009EA080B800F0E1B938B504460D4600F02DFF3C
S31508009EB00023C4F89050C4F88C30BDE8384000F050
S31508009EC01FBF38B505460C4600F01FFFD5F8903081
S31508009ED01C40D5F88C302343C5F88C3000F010FFB1
S31508009EE0211E18BF01210020490238BD00207047F5
S31508009EF0002070477047D0F8943003F06003402B79
S31508009F000DD0602B03D0203B58425841704749B1C9
S31508009F100B68012B06D9486940F00100704740F2EA
S31508009F200110704700207047F7B504461046D4E97B
S31508009F3054C7DDE908268CEA020587EA06010540CA
S31508009F40194085EA0C057940C4E95451002523F4E3
S31508009F50004106EA010320F0010043F400730240C1
S31508009F6043F00203CDE90055FDF752FA94F8243080
S31508009F709A0713D5D4F854319B050FD54FF4881199
S31508009F802046FFF79EFF94F82430024665F3410306
S31508009F9084F8243020460B46FAF70CF8002003B064
S31508009FA0F0BD0346D0F824010860B3F82831002034
S31508009FB08B80704790F824310C2B14BF90F82B0037
S31508009FC0FF2070472DE9F041884618F0030706463A
S31508009FD01546194633D1B2F5805F30D89A422ED34A
S31508009FE03F2A28D9B2FA82F401220120C4F11F03BC
S31508009FF0DBB29A4092B2AA422CBFC4F11904C4F14A
S3150800A0001A04E2B2931DDBB2984080B2A84214D07B
S3150800A01096F8F530ABB9012096F8253060F3410380
S3150800A02086F825304046FAF7F9FEC6F82080B5824C
S3150800A0303846BDE8F0813A46EAE70020ECE72127F2
S3150800A040F6E70E27F4E7F8B511F0030607460D46BE
S3150800A050144621D102B313883F2B1DD9B3FA83F3D3
S3150800A060C3F11901C9B2062901D8192B12D006293C
S3150800A07028BF062101238A1DD2B293402846238091
S3150800A08000F0B7F823883846FD617B82FAF7D6FFD9
S3150800A0903046F8BD3146EDE72126F9E738B514888C
S3150800A0A011F003054FEAC4041ED13F2C1CD9B4FA9B
S3150800A0B084F4C4F11903DBB2052B01D8192C11D08D
S3150800A0C0052B28BF052301240633DBB204FA03F364
S3150800A0D0C3F3CF041480816104824387FAF7AEFF85
S3150800A0E0284638BD2B46EEE72125F9E738B515464B
S3150800A0F0044608460121FCF745F801212846FCF7E5
S3150800A10041F894F8253043F0010384F8253038BD2A
S3150800A11038B50446154680F82C105AB100F03AF8BE
S3150800A12008B900201AE094F8243043F0800384F834
S3150800A1302430F6E70846FBF70BFCFF2884F82C00CA
S3150800A14009D0204600F026F80028EAD094F82430F2
S3150800A15065F3C713EBE7FBF71FFC212038BD802109
S3150800A160FEF734BA38B50546F9F758FF04462846C7
S3150800A170F9F732FF072804BF24F47F4121F00801CC
S3150800A180284614BF24F0800141F08001BDE838401C
S3150800A190F9F74ABF4021FEF719BA90F8F400431EB2
S3150800A1A058425841704738B5054610460C46FAF7E6
S3150800A1B0A9FDD5B1D5F8E030BBB15B69ABB1421E9C
S3150800A1C0D2B2FD2A13D90A68013204BF6FF0010220
S3150800A1D00A600A68FF281A6007D16268013202D14C
S3150800A1E06FF00102626062685A60002038BD01287B
S3150800A1F0F2E74FF03A4301225A6741F6FF72D964F3
S3150800A20018651A677047FAF7DBBC0020704700200C
S3150800A2107047704710B504680246090494B9D9B165
S3150800A220B1FA81F3C3F12003C3F10F00012838BF47
S3150800A230012003F01F03D9408C4201D20138490896
S3150800A240116010BDB4FA84F331B1B1FA81F01B1A6A
S3150800A250002BE9DC0F20EFE70F20F1E7063804288A
S3150800A26034BF0120FF207047704700200021704747
S3150800A27008B5FBF763FDBDE80840FBF777BD38B5C1
S3150800A2800446FFF7F5FF0546FFF7F2FF431BA34217
S3150800A290FAD338BD08B521B1920000F0DCF80020E9
S3150800A2A008BD2120FCE700F06F43B3F1804F02D0D0
S3150800A2B0B3F1204F02D120F07040704700F06043A0
S3150800A2C0B3F1204F08BF20F0805070470B0C23F4E1
S3150800A2D08053B3F5284FF7B50D468FB2064699B2A7
S3150800A2E016D04AF60103994214D04AF60203994257
S3150800A2F012D0B1F5204F14BF04240324D6F8E03059
S3150800A3000BB1196851B9D6F8DC3093B928680EE054
S3150800A3100024F3E70124F1E70224EFE72346684621
S3150800A3203A46FBF7A7FDDDE90003002BEBD103B0A6
S3150800A330F0BD19680029E9D0234668463A46FBF776
S3150800A34099FDDDE90003002BE0D1F0E70204C0F334
S3150800A350891307D56FEA83536FEA935313F5007F82
S3150800A36018B206D0A3F1C8006FF4FF739842B8BFBD
S3150800A370184670470020FCF761B80120FCF75EB864
S3150800A38000EB8023C0EB831353FA81F303EB83229C
S3150800A390C3EB8213C1F30722134403EB8322C3EBF7
S3150800A3A08213C1F30742134403EB8322C3EB8213E0
S3150800A3B003EB1160704738B50D46144604B938BD2D
S3150800A3C055F8041BFFF7DCFF013CF7E77047FDF77C
S3150800A3D06BBCFDF769BCFDF767BCFDF765BC08B546
S3150800A3E00846FEF767F808BDFDF75EBC30B51446AB
S3150800A3F09BB005461A46002C05DA8B2303604FF0FE
S3150800A400FF301BB030BD4FF40273009104916946CA
S3150800A410ADF80C3014BF04F1FF33234602930593BD
S3150800A4204FF6FF73ADF80E301E9BFEF7E7FA431C96
S3150800A430BCBF8B232B60002CE3D0009B00221A7034
S3150800A440DFE702440346934200D1704703F8011B35
S3150800A450F9E7704770470A44431E914200D1704796
S3150800A46010B511F8014B914203F8014FF9D110BD0F
S3150800A4702DE9F0471F468E6882460C46BE42904636
S3150800A4800B682DD8B1F90C2012F4906F26D06569A7
S3150800A490096905EB4505A3EB01097B1C05EBD57599
S3150800A4A04B446D109D4238BF1D46530527D5294696
S3150800A4B0FEF7C2FB064660B34A462169FFF7CBFFA3
S3150800A4C0A38923F4906343F08003A38126614E4455
S3150800A4D06561A5EB090526603E46A560BE4200D922
S3150800A4E03E4632464146206800F0BDF8A368002083
S3150800A4F09B1BA360236833442360BDE8F0872A4684
S3150800A50000F083F806460028E0D121695046FEF798
S3150800A51053FD0C234FF0FF30CAF80030A38943F0EF
S3150800A5204003A381E9E72DE9F047164698468A686D
S3150800A53007460B690C46DDF820909342B8BF1346D0
S3150800A540336091F843200AB10133336023689906D2
S3150800A55042BF336802333360256815F0060506D115
S3150800A56004F1190AE36832689B1AAB422BDC94F8AB
S3150800A57043302268003B18BF0123920630D404F109
S3150800A580430241463846C847013023D023681A3467
S3150800A59054F80A2C03F00603042B0ABF54F80E5C81
S3150800A5A0002533684FF0000608BFED1A54F8123C30
S3150800A5B008BF25EAE5759342C4BF9B1AED18B54254
S3150800A5C01AD1002008E00123524641463846C847BA
S3150800A5D0013003D14FF0FF30BDE8F0870135C1E700
S3150800A5E0E1185A1C30200233224481F8430094F8BB
S3150800A5F0451082F84310C2E70123224641463846F1
S3150800A600C8470130E6D00136D9E72DE9F041804642
S3150800A61015460C4621B91146BDE8F041FEF70CBBBC
S3150800A6202AB9FEF7C9FC00242046BDE8F08100F0EF
S3150800A63042F88542064602D8B5EB500FF4D82946AB
S3150800A6404046FEF7F9FA07460028ECD0B5422A46F6
S3150800A650214628BF3246FFF7FEFE214640463C46C5
S3150800A660FEF7AAFCE0E7884210B501EB020402D91E
S3150800A6708442234607D8431EA14208D011F8012B6D
S3150800A68003F8012FF8E7024401468A4200D110BDBB
S3150800A69013F8014D02F8014DF7E7C9B20346024423
S3150800A6A010B59342184601D1002003E0047801331F
S3150800A6B08C42F6D110BD51F8043C181F002BBCBFC4
S3150800A6C00B58C01870470000014B1868704700BF48
S3150800A6D09015002008B50B4B1B6F03F00703013BD1
S3150800A6E0032B09D8DFE803F00B020509FFF7ECFF97
S3150800A6F004E0054B186801E0FEE7044808BD044875
S3150800A700FCE700BF008000509815002080D5430262
S3150800A710002D310108B5FFF7DDFF054B1B6FC3F3AD
S3150800A72003330133B0FBF3F0024B186008BD00BFDA
S3150800A730008000508C1500200048704700B4C404FF
S3150800A74000487047002D3101014B1868704700BF5B
S3150800A750981500200048704780D543021A4B4FF4DD
S3150800A76000225A664FF0B4439868C0F304400C2898
S3150800A77008D8DFE800F009070707070722181A07AD
S3150800A7801C1E2000002070474FF0B4439B6803F05E
S3150800A7904073B3F1807F12D0B3F1007F11D003B1BB
S3150800A7A070470A4870470A4870470A4870470A4877
S3150800A7B070470A4870470A4870470A4870470A4867
S3150800A7C070470A48ECE700BF0090005000093D00BA
S3150800A7D00024F400C0EA210180BA8C010048E8018F
S3150800A7E0005A6202405DC60080841E0040420F0087
S3150800A7F0014B1868704700BF9415002008B50A4B2E
S3150800A8001B7853B107280AD8084B03EB00131B7BA8
S3150800A8103BB1F7F7AFFF002008BD0548FCE7054840
S3150800A820FAE70548F8E700BFE1140020E80F002022
S3150800A830028000F0018000F0078000F00C4B1B78C6
S3150800A84073B110B50C4607280CD869B1094B03EB50
S3150800A85000131B7B53B1F7F79FFF2070002010BD34
S3150800A860054870470548FAE70448F8E70448F6E754
S3150800A870E1140020E80F0020028000F0018000F0BB
S3150800A880078000F00C4B1B7873B110B50C460728EF
S3150800A8900CD869B1094B03EB00131B7B53B1F7F7CF
S3150800A8A095FF2060002010BD054870470548FAE767
S3150800A8B00448F8E70448F6E7E1140020E80F00200A
S3150800A8C0028000F0018000F0078000F040B9054BD7
S3150800A8D05B6813F0010F03D0024B9B6D002BF6D17A
S3150800A8E0704700BF00800A5008B9014B5964704789
S3150800A8F000900A5008B9014B5964704700A00A50E5
S3150800A90008B9014B1964704700A00A5010B9024BE8
S3150800A910186C70470020704700800A5038B5054605
S3150800A9200C46FFF7D3FF55B91CB1012C04D0002003
S3150800A93006E0044BD86C03E0024B186D00E00020DB
S3150800A94038BD00BF00800A5070B505460C4616464D
S3150800A950FFF7BCFF15B914B1012C03D070BD034B2A
S3150800A960DE64FBE7014B1E65F8E700BF00800A506E
S3150800A970B8B1036803F03F00C3F3821213F4E07F13
S3150800A98003D0012A0FD1094A00E0094A31B102F57C
S3150800A99080520123834013600020704702F500525D
S3150800A9A0F7E70E2070470E20704700BF68800050FA
S3150800A9B0648000504161114B1B68CBB110B4002470
S3150800A9C003E0891A41611C469B6823B15A698A4289
S3150800A9D0F7D9002AF5D044B1A060836013B15A694B
S3150800A9E0521A5A615DF8044B7047044A1060F4E73E
S3150800A9F0024B186000238360704700BFA410002034
S3150800AA00104B1B680246B8B1002101E019469B6845
S3150800AA100BB19342FAD1934210D149B193688B6036
S3150800AA2093686BB15969526911445961002070479E
S3150800AA309168044B1960F3E722207047022070479B
S3150800AA4000207047A410002008B500F0DBF80B4B77
S3150800AA501B680B4A1268821A03E0521A00215961D0
S3150800AA609B683BB132B159699142F6D3891A59614B
S3150800AA700022F5E7024B186008BD00BFA4100020AD
S3150800AA80A01000200B4B1B6800220B490A70012AF4
S3150800AA900ED86BB1D98811F0020F05D19B68002B2F
S3150800AAA0F5D059690A44F2E7034B01221A70704738
S3150800AAB0704700BFA4100020E61400200D4B1B6849
S3150800AAC0B3B110B55B6963B10B4A14681C44022024
S3150800AAD000F054FA204600F0B1F8FFF7D3FF002043
S3150800AAE010BD022000F04AFA022000F0F9F8F4E757
S3150800AAF022207047A4100020A010002070B500F096
S3150800AB000DF9054600F07EF80446084B1E6801203C
S3150800AB1000F01DFA28B9284600F0FBF82046314611
S3150800AB2070BD00F06FF804460136F4E7AC1000205B
S3150800AB3008B5084B1968A1FB000140F2E733C018B5
S3150800AB404FF47A724FF0000341F10001FDF782FDE0
S3150800AB5008BD00BFA8100020F8B5044610F0010F84
S3150800AB6003D114F0020F09D1F8BD234A1368013343
S3150800AB701360FFF769FFFFF7A1FFF2E700F0CEF8D1
S3150800AB800546FFF761FF00273E4616E09B683BB186
S3150800AB905A692AB921791A799142F7D91C46F5E7F3
S3150800ABA0284600F0B6F8204600F083F9E788013613
S3150800ABB000F0B4F80546FFF747FF104B1C681CB1B8
S3150800ABC063690BB92346E2E70D4B00221A70012E82
S3150800ABD007D0FFF773FF222809D0284600F099F816
S3150800ABE0C2E717F0020FF4D001221A70F1E702202B
S3150800ABF000F05CF8F1E700BFAC100020A4100020BC
S3150800AC00E5140020054B5B6813F0010F03D0034BD6
S3150800AC10DB69002BF6D1014B9869704700800A5012
S3150800AC2000B583B001A9044B187900F07DF80198A6
S3150800AC3003B05DF804FB00BF54B90008F8B5044634
S3150800AC4000F063F80646FFF7DDFF054600F090F9C9
S3150800AC5007460020FFF75AFE10F0020F04D17B1BAF
S3150800AC60032B01D8BD420FD1631B022B00D8EC1C65
S3150800AC70B4F1FF3F2CBF2246621E00210846FFF7AB
S3150800AC8063FE022000F07AF9304600F039F8054BE9
S3150800AC901B782BB1044B01229A64024B00221A70CE
S3150800ACA0F8BD00BF8716002000900A5008B510F0BE
S3150800ACB0010F0ED1002110F0020F06D041F002015B
S3150800ACC00123054A1370054A93640020FFF712FE14
S3150800ACD008BD0121EFE700BF8716002000A00A5033
S3150800ACE010F0020F02D0024B02221A64704700BF0E
S3150800ACF000900A504FF4004070474FF47A7070473E
S3150800AD0010B962B6BFF36F8F7047EFF3108072B653
S3150800AD10704780F31188BFF36F8F7047EFF3118088
S3150800AD20302383F31188704719B108B500F00DF880
S3150800AD3008BD2220704708B50121FFF719FE08BD96
S3150800AD4008B50021FFF714FE08BD70B504460E4687
S3150800AD50FFF7E4FF05461F2C00F2A780DFE804F0A2
S3150800AD601019A520272EA5353CA543A54A51A55857
S3150800AD705F66A56DA574A59EA57BA582A5899097F6
S3150800AD80FFF7A8FC306000242846FFF7C2FF2046DC
S3150800AD9070BD4FF4C070FEF760FA30600024F3E728
S3150800ADA04FF42070FEF759FA30600024ECE74FF4B0
S3150800ADB04070FEF752FA30600024E5E74FF4607001
S3150800ADC0FEF74BFA30600024DEE74FF40070FEF71A
S3150800ADD044FA30600024D7E74FF48060FEF73DFA66
S3150800ADE030600024D0E74FF44060FEF736FA306052
S3150800ADF00024C9E74FF4C060FEF72FFA306000243C
S3150800AE00C2E74FF4F060FEF728FA30600024BBE78B
S3150800AE104FF4B060FEF721FA30600024B4E74FF42F
S3150800AE20D060FEF71AFA30600024ADE74FF41060E0
S3150800AE30FEF713FA30600024A6E74FF4E060FEF749
S3150800AE400CFA306000249FE74FF4A060FEF705FA7D
S3150800AE503060002498E74FF41860FEF7FEF930607A
S3150800AE60002491E74FF42860FEF7F7F930600024D4
S3150800AE708AE74FF48070FEF7F0F93060002483E724
S3150800AE804FF43060FEF7E9F9306000247CE74FF4B0
S3150800AE902060FEF7E2F93060002475E74FF4086099
S3150800AEA0FEF7DBF9306000246EE7002333602124C7
S3150800AEB06AE72DE9F041044605696DBB00252F4672
S3150800AEC02E46002D39D02369FBB1F5B9BE1BA38BDD
S3150800AED06BB1E28B13449BB2E383B3F57A7F06D357
S3150800AEE0A3F57A73E383013EA369013BA361FFF7E8
S3150800AEF015FF054631462046FFF75CFDA369226922
S3150800AF001344A3612846FFF704FFE36813B12168D9
S3150800AF1020469847BDE8F0812F46FFF773FEA369E0
S3150800AF20C61AF217AE4272F1000204DB2269134414
S3150800AF30A3610125C5E70025C3E7FFF7EFFE8046B5
S3150800AF402046FFF75DFD4046FFF7E3FEBBE710B579
S3150800AF5004460020FFF7DAFC012C04D0022C05D1A8
S3150800AF60C0F3400003E000F0010000E0002010BD3F
S3150800AF7008B500210846FFF7D1FC08BD08B510F052
S3150800AF80010F09D1002110F0020F01D041F0020192
S3150800AF900020FFF7A9FC08BD0121F4E738B5FFF743
S3150800AFA0BDFE04460020FFF7B1FC10F0010F11D1D9
S3150800AFB0002510F0020F01D045F0020500F003014C
S3150800AFC00020FFF79DFC2846FFF7C6FD2046FFF741
S3150800AFD0A0FE38BD0125ECE70000000000000000D7
S3150800AFE0F8B500BFF8BC08BC9E467047F8B500BF68
S3150800AFF0F8BC08BC9E4670475FF800F02115002093
S3150800B00050415353000000004641494C00000000DF
S3150800B0100D0A3D3D3D204E6574416E616C797A6539
S3150800B020725F464732335F563031202846535F4EAB
S3150800B0303D256429203D3D3D0D0A55415254203198
S3150800B040313532303020382D4E2D31202F205042C8
S3150800B05030313D545820504230323D52580D0A0086
S3150800B0605B53325D2043524331362F434349545490
S3150800B0702D46414C53452025730D0A0020202020DB
S3150800B080202231323334353637383922203D2025CF
S3150800B09030345820286578702025303458290D0A10
S3150800B0A000000000202020202022414243222020A8
S3150800B0B020202020203D202530345820286578700F
S3150800B0C02025303458290D0A000000005B533361EF
S3150800B0D05D206672616D65206275696C64202573F2
S3150800B0E020206C656E3D25752028657870202575AD
S3150800B0F029202043484B3D25303458202865787050
S3150800B1002025303458290D0A000000005B533361AE
S3150800B1105D206672616D653E3E0D0A000D0A5B5341
S3150800B12033615D203C3C656E640D0A005B53315DFE
S3150800B130207469636B3D256C750D0A004F4B000042
S3150800B140010203040506070841424300313233343D
S3150800B1503536373839000000303132333435363732
S3150800B16038394142434445460000000076F501005F
S3150800B1700300B9FFD2010201050123010400000002
S3150800B18040B100080800000048B2000800000000AE
S3150800B190A0B100080200000000000000C01753021A
S3150800B1A018B20008ECAFA81AD4300000000000005E
S3150800B1B01800FF7F541500200000000040B7000863
S3150800B1C000000000E8B10008ECAFA81AD43000006F
S3150800B1D0640064007C00FF7F541500200000000016
S3150800B1E040B7000800000000FC4F0103ECB6000859
S3150800B1F07440040112007017B42B00000000000010
S3150800B20059FF000024420101F82E0000F84F0103FF
S3150800B21000000000FFFFFFFFFC4F0103ECB600082B
S3150800B2207440040112002800B42B0000000000003E
S3150800B230590F00002442010168000000F84F01037D
S3150800B24000000000FFFFFFFF0C4002000180000025
S3150800B250FF4000002040020000000000000000003F
S3150800B2603040070000000000000000000000000059
S3150800B270000000000000000000400000A0070000D9
S3150800B28050400100000000005C4002000000000081
S3150800B29000000000A840010007000000BC400400B0
S3150800B2A00000000000000000000000000000000090
S3150800B2B00841040000480000FF4C00000049000057
S3150800B2C0FF4D000020C0011000F8070020C0013023
S3150800B2D0FE01280024C00110FF00000024C0013030
S3150800B2E00013000028C00800EC80B30343754051E2
S3150800B2F0A00F00F830400000A8AA070000000000D0
S3150800B300000000000000000054C01400872130002F
S3150800B310F400E3E6DC02000086B7CFDCE3000000B9
S3150800B32088C6020080040000BA14000000000F005E
S3150800B3302C004D007500AC00EF00D401D502E603E1
S3150800B340BD05BF07F709A30DAD11D916C71DB6264A
S3150800B350CE31FF3FD039FF3FFF3F0000A8C00500B0
S3150800B360BD4B721511A3180510325476980A0000C1
S3150800B37000000000CCC00400FE0100000000000030
S3150800B38001000A000100280008000101C4070000A6
S3150800B3901800010100FF00002000010108840000D8
S3150800B3A040400D0100003030000000001000000091
S3150800B3B0000000040FC0820000000020000000000A
S3150800B3C0000000030000002000000000F47E1400C6
S3150800B3D0400C0000880100008440150100000000B0
S3150800B3E0300309000000066200000000040A142267
S3150800B3F032414A4F00000000000000000000000033
S3150800B400000000000000000000000000000000002E
S3150800B410000000000000000000000000000000001E
S3150800B420000000000000000000000000000000000E
S3150800B430E0400111F8010000E0400131010200007E
S3150800B44010410201331E0500000000001C410E01D8
S3150800B45000E0388F00000000FF0483078813C83A0D
S3150800B460FF06660CFF0483078813FF03BC200AF057
S3150800B470A3C95000D756A040D42D55559F8269437D
S3150800B480893B4000C00300805841020100000000CB
S3150800B490FFFD0000644101010C0100006C410B0135
S3150800B4A0000000400000000000000000000000004E
S3150800B4B0000000000000000001010000000000007C
S3150800B4C0000000000000000000000000A441020186
S3150800B4D00000000000000000B0410C010000000060
S3150800B4E058963FC0000000000000000000003C0025
S3150800B4F0AAAA060000000000000000005555555590
S3150800B500E70268800600C20000000000E44110015E
S3150800B510E6E7FF0BCDA10A00BD066A005EB04D0046
S3150800B5207D02420EA5B62202FF25B234EA6B8F00D1
S3150800B530B3000E00773A0E002FBFBB0015BA4C0FAA
S3150800B5402206A704981DF9210000008000000000CB
S3150800B55028420401000000006018004000000000B6
S3150800B560000000003C4201010000000044420301C3
S3150800B57014000000000000000800050430430F0115
S3150800B58000000000000000000000000000000000AD
S3150800B590000000000000000000000000000000009D
S3150800B5A00000000000000000000000000000003855
S3150800B5B000000000000000000000FF581080010194
S3150800B5C00300000038800201011510000500000084
S3150800B5D09C8003010000000070B8030070B80300E7
S3150800B5E0A8800111F6010000A8800131014201017D
S3150800B5F0AC800111F6010000AC8001310142010165
S3150800B600B080020100030002000300029800030252
S3150800B61000000000000C00044C040000D8000202E0
S3150800B620050040AA88010000EC000112E00F0000A6
S3150800B630EC0001320D205111F00001022333000005
S3150800B64000010102100100000401011200000000BF
S3150800B65004010132100100001001011200FF0F0061
S3150800B66010010132020000422C01011200FC1F00E9
S3150800B6702C010132AA008000400101023F000000AF
S3150800B6805001011200C00000500101326200510051
S3150800B690680102021000060000200600740101027B
S3150800B6A06901100C7801011200001C0078010132B2
S3150800B6B04004E0CF800101127907000080010132C1
S3150800B6C00600000088010202900000000000000049
S3150800B6D0AC010112F8010000AC01013204000100BE
S3150800B6E0B001010200020000FFFFFFFF1400000086
S3150800B6F0222222000000000088B7000870B7000860
S3150800B700000000000800000000000000B80B000060
S3150800B7100101EE000115100A80B7000844B70008B9
S3150800B720000000000000000000000000B80B000048
S3150800B73000000000000000000000000010000000EB
S3150800B7400000000001000000C0175302050C0000AD
S3150800B7509E0100000000CC0101010505FA01010166
S3150800B7600605280201010606560201010706000021
S3150800B7709859090098590900151605000000000097
S3150800B78004A5B4C3CD00000014290200003111003D
S3150800B7900000010002640001012F000007000000FC
S3150800B7A056636F6D00000000010100001E000003D3
S3150800B7B0040404040404000102030000000901F063
S3150800B7C0C8B80008000901F07CB80008000901F0B3
S3150800B7D030B80008000901F0E4B7000800000000CE
S3150800B7E000000000CEFF84FEFF00CEFF0A00000026
S3150800B7F0F00094077D240500D300C8084A720500A6
S3150800B800BA00DB07482C0500A6004F07B4FD040064
S3150800B81094007506A9AC04008500F40501780400B7
S3150800B8207600C004A6EE03004F00A5015B270200C0
S3150800B8301E0084FEFF001E000A000000F0001F081C
S3150800B84045CA0200D400220AB0AD0200BA0038097F
S3150800B85025B20200A500960703AA020090009F06DB
S3150800B860609B02008100E1051E8902007300430502
S3150800B870987402004B005A011E7B01006E00A2FE5E
S3150800B880FF006E001E000000F000C40B7391FEFF5F
S3150800B89088004606813600005B00C30357AF0000E8
S3150800B8A03C0070022CC500002A00B6012DBC000021
S3150800B8B01D001F0151A200001400B8008384000077
S3150800B8C00C003A009648000096001AFFFF00960002
S3150800B8D01E000000F000671427ADF7FF5300870429
S3150800B8E01126FFFF2E001902C2FBFFFF1E005001A2
S3150800B8F0A92800001400D0008C3600000D00850031
S3150800B9003C35000009005A004D2F000005002200B2
S3150800B9106F1E00000B0000000C0000000300000072
S3150800B9200000202000000000020000003C3C3C0013
S3150800B93000000000000000000000000001031001E4
S3150800B940010903001E000000160000001A0000008E
S3150800B9505600000000800A501300000044B9000891
S3150800B9600000015B1500000050B900080500000042
S3150800B9700000000000C201000002000000100000E4
S3150800B98000000000000000000000000005000000A4
S3150800B9900000000080250000800200000010000062
S3150800B9A00000004000000000000000000000000049
S3150800B9B0B00100000808002000021000B4100020A2
S3150800B9C0B809002000000001000001010001010182
S3150800B9D020C001B86090A31AF26EEF034108210651
S3150800B9E06310420AA518630EE720941249A9B518F0
S3150800B9F0AC39F72251CA3929D55EAC39BDFB0F00DF
S3150800BA0000B801B802B800B003040408080500002D
S3150800BA10C43B0000C80000008C3C00000C0000007D
S3150800BA20703E000000000000CC360000F80400005C
S3150800BA309C3C000004000000783E00000300000063
S3150800BA4014320000B8040000983C0000040000000E
S3150800BA50703E0000080000000000000014320000DC
S3150800BA607C3E0000000000007C3E00003C00000018
S3150800BA7000000000703E0000CD2C0000E52C000000
S3150800BA80E52C0000E52C0000E52C0000E52C000064
S3150800BA900000000000000000000000000000000098
S3150800BAA0E52C0000E52C0000E52C00001D31000007
S3150800BAB0E52C0000FB2500000B260000B32600003D
S3150800BAC02B270000B527000049290000D5270000CC
S3150800BAD0DD2900002928000089280000FD2800002B
S3150800BAE0412B00000D2C0000C92500005B2E00002C
S3150800BAF019220000792E0000FD2E0000E52C00001A
S3150800BB00F52F0000C12F0000E52C0000E52C0000F1
S3150800BB1045300000E52C0000E52C0000E52C00006F
S3150800BB20E52C0000E52C0000E52C00001D130000A4
S3150800BB301313000056488068000200D4704780B589
S3150800BB408020800253490860CF2000F0C9FA1020EF
S3150800BB5051490968014003D0B849C8630220086002
S3150800BB6001BDF8B54D48816B4D4F802292033A606E
S3150800BB704C4E336840241D050BD41C402AD00120A6
S3150800BB8003F085F8002825D08020C0058E49086076
S3150800BB9020E0130BA0250D4002D10068C00601D590
S3150800BBA03B6017E00A403FD18020884A1060884AE7
S3150800BBB01060194038D0364D287A400705D501203F
S3150800BBC0844908600002844908602878002801D062
S3150800BBD0062801DB0020F2BD00F094FB7168896835
S3150800BBE04E682978052907D1E105B9606E60B668FF
S3150800BBF0CC218901784A116000F08DFB012E00DA0C
S3150800BC000226BC2080058E490860942080058D494F
S3150800BC1008606E480021C94301647142416480216D
S3150800BC20894A11600460D5E7A3480360FFF782FFDD
S3150800BC300120F2BD18480168890504D5C06E0004C4
S3150800BC40000F022801D0002070470120704738B540
S3150800BC5080245E48046000F055FB0500974800689C
S3150800BC6000F0C2F9280000F056FBFFF763FF08480A
S3150800BC70007A000705D5A0000949086000F022FCF3
S3150800BC8031BD60038C4908608D48046031BD0000F1
S3150800BC907C3E00001C1002A8440002A80C0002A862
S3150800BCA0442002A8D03E0000FEB50400854D8C2035
S3150800BCB080016860012684480660FFF7BBFF0028FC
S3150800BCC026D08248007800287DD0310201940528C4
S3150800BCD002D022460A4076D1CC2292012A607C4ABA
S3150800BCE0126881231B02134001D0032301E0530786
S3150800BCF05B0F0C01022804D1022B62D3364804607C
S3150800BD005CE04D01032804D1022B5AD9324805605C
S3150800BD10F7BD042802D1114053D0F7BD052850D1EC
S3150800BD20019800284DD0C005C10F6846417001989A
S3150800BD30C004C10F6846017000F0E4FA0290634837
S3150800BD40406869464978002903D006688021204A58
S3150800BD501160670495496A461278002A0CD0C268B1
S3150800BD600B68D21A924B1B683B4001D0066800E06C
S3150800BD704668964200DD1600684640786A4612789C
S3150800BD80024308D008684242B01E824202DA704274
S3150800BD90886000E00026029800F0BDFA0198800548
S3150800BDA001D5984807600198054001D09648076074
S3150800BDB0002E06D0CC20800107490860B6480460EA
S3150800BDC0F7BDFFF744FFF7BD4C6201A80CC001A8F8
S3150800BDD090E001A8C4D000A8145001A838B5802462
S3150800BDE08A480460012038490860384D28780528B3
S3150800BDF002D06000A9490860FFF71CFF002812D08E
S3150800BE002E480068000A80214140A868000EC9B281
S3150800BE10814208D22E4800684007400F022802D205
S3150800BE20FFF715FF31BD9E480168C0220A4002D1BE
S3150800BE30C06F204001D00448046031BD082002A824
S3150800BE4008E001A808D001A894D001A80A0000D1EA
S3150800BE50704780B51822514340180C3040690028B5
S3150800BE6003D08021090300F0DDF901BD38B500F0E3
S3150800BE7049FA04008B480568A86881782800FFF706
S3150800BE80E5FF688801210143698002208649086028
S3150800BE9086490860200000F03EFA31BD10B500F072
S3150800BEA031FA04007F4800688168C978FFF7CEFF39
S3150800BEB0200000F030FA10BD441002A818C000A8EF
S3150800BEC0100002A8106001A8C4E000A87C3E00008B
S3150800BED0184001A8F1B582B00F00A020384003D160
S3150800BEE073480068C00603D580208000714959E070
S3150800BEF000F008FA00906B480468F80204D5A068B8
S3150800BF000069029000F07CFB00F0D5FB8021090354
S3150800BF10606800F087F926780020761C6178B142BF
S3150800BF2000D200261821714365180C35297808298E
S3150800BF30F3DA2670A56060492A780A70BA0507D52B
S3150800BF40584800688068C068FA0201D40322904302
S3150800BF508860012738400DD158480299426B8918E4
S3150800BF600068081A56494018012803DB00F09CFCB3
S3150800BF7001F01DF8F904686900F054F93C2000F056
S3150800BF80AFF8F0B200F0ACF860884E490140618025
S3150800BF90009800F0C0F93805464908604A48076025
S3150800BFA038024A4908600298FEBD000048C001A848
S3150800BFB04C0002A810B546480068800501D4FE204A
S3150800BFC010BDC02080034349086000F09BF935493D
S3150800BFD009688A78D20702D589688C7800E00C78D7
S3150800BFE000F099F9200010BD2E4909688A688B78F7
S3150800BFF0DB0704D5927818235A438A180C329060C6
S3150800C000704700004C1002A84C2002A894E001A832
S3150800C010F1B582B0304F3C680026200F000702D1E8
S3150800C020E00102902AE000F0C2FF00F06BF90190EF
S3150800C03080210903606800F0F5F825786D1C6078A2
S3150800C040A84200D20025E80020180C3000900068AD
S3150800C0500290802109030098406800F0E3F83D202B
S3150800C06000F03EF8E8B200F03BF825700098A060B2
S3150800C070019800F050F902A801F035F81748006851
S3150800C080800407D5F86901F0A4FC02990818029003
S3150800C09000D502960298FEBDB03E0000146001A8C5
S3150800C0A014C001A8D43E0000284000A8448001A876
S3150800C0B00C0002A8442002A87C3E00009C3F000019
S3150800C0C00010FFFFFEFF0000C0E000A8106001A8F6
S3150800C0D0440002A8441002A8D83E0000FC0302A8A7
S3150800C0E045490968002901D5444908607047F2B5F1
S3150800C0F082B0434CA168434D4A004ED5012609013A
S3150800C10000D521260100404A1068526800922A6824
S3150800C1109206920E23689B0080273B4013437A00C1
S3150800C1201A430192394F0A0026D0890601D5012003
S3150800C13008E0F021014007D16946097A0C220A4035
S3150800C14002D0022000F042F8396EBC2292009142D9
S3150800C1500DD12F490968C90309D52168490306D5B0
S3150800C1602168090701D4022100E00321009148361D
S3150800C170019A3968890002E0019AB96B09094023D6
S3150800C180194011439A00009B002B02D013432B66DB
S3150800C1900836296602432A662E66E86D45076D0F3E
S3150800C1A000F09AF8A8070BD0052D09D0A06800045E
S3150800C1B006D400F0A7F80221164A116000F0ABF881
S3150800C1C000F093F8002000F001F8F7BD0E490A6860
S3150800C1D0F0239A43000110430860C0B270478020DC
S3150800C1E0C0020D490968890701D10C4900E00C49CC
S3150800C1F00860704700000000500002A8884000A8A8
S3150800C200480002A8284000A8783F0000184001A866
S3150800C210D03E000024D50350844000A8486000A8FA
S3150800C220485000A880B5494A116001F0FDFBFFF7A8
S3150800C230D6FF01BD70B500F065F8454A454BD16893
S3150800C2408C0819002140D1246400D52901D2D521B2
S3150800C25002E0A14200D921000D0046352D041E0436
S3150800C2602E400D00463D2B4033431360C022120674
S3150800C270394B1A60394A137C002B0AD0384BD5291A
S3150800C28002D98025ED051D60A14202D2802424062C
S3150800C2901C600023334C23605388002B00D1118087
S3150800C2A000F039F870BD80B52F483049086030482D
S3150800C2B0C1680902090A1922514341600521016032
S3150800C2C0FFF7B8FF01BD2A480068C00300D47047CD
S3150800C2D080B5FFF7AFFF01BD8020C0021B4908608B
S3150800C2E0244800684007FBD470478020C0022249D2
S3150800C2F00860704701E02149086021490968014042
S3150800C300F9D170471F48006820211F4A1160102183
S3150800C3101E4A116070473021014002D110201A4987
S3150800C320086070471748006830210140102901D17C
S3150800C3300120704700207047154801210160C1603F
S3150800C340704701201349086070470000441002A88E
S3150800C3507C400050FF010000A0600050843F0000B0
S3150800C360A450005018E000E07F1A0601540002A805
S3150800C37010E000E0440002A8442002A8282002A8F1
S3150800C380280002A8600002A8602002A8601002A87F
S3150800C390789001A884A001A8F8B54C4880214902E4
S3150800C3A0C16102214A4A516000214A4A11604A4A3B
S3150800C3B011800321464A1160022101600020474985
S3150800C3C00860202046490860802046490860CC203D
S3150800C3D08001454908600124444804603D48806F4F
S3150800C3E000900F26070B374041480068C505ED0D3C
S3150800C3F0103DC0202843C0B2FFF772FE35480069D9
S3150800C400800303D5092F01D001F060F90098064092
S3150800C4100096384806680098032803D0022806D1F3
S3150800C420032F32D000F0B0FA0098032803D0062F65
S3150800C4302BD1062D29D030480068C00B204001D0EA
S3150800C44001F024FCFC2080010068000108D5052DB8
S3150800C45006D10125294804606005FFF74BFF00E077
S3150800C46000253100380000F0E9FA0600002D06D054
S3150800C47000F098FC22480460022022490860600502
S3150800C4801F4948658009204908601148210401624E
S3150800C490002F08D10221416000200E490861C02002
S3150800C4A0C000114948643000F2BD80B5FFF714FF9B
S3150800C4B016480078800602D4022015490860FFF75E
S3150800C4C014FF01BD02201349086070472C1002A80A
S3150800C4D0282002A8380002A8B43E0000B03E00009A
S3150800C4E094E001A80CC001A8146001A8C4E000A843
S3150800C4F004ED00E0B44000A800E200E0645000A8A3
S3150800C500646000A82C4000A880E200E0D03E00004D
S3150800C510081002A8082002A870B5794C794D802623
S3150800C520760179480068304005D06660062001F03B
S3150800C5307BFC6E6004E06E60062001F075FC6660A8
S3150800C5403D20A060702129600F222A602160A86022
S3150800C55070BDF8B56C4C8025ED028D4E6F0970687C
S3150800C560384002D16068800529D58A480068C00429
S3150800C57005D4FFF7C7FE88490D60FFF7CCFE706843
S3150800C58086490140902040010843706084488549E7
S3150800C5900860002060607068384002D1F020800092
S3150800C5A06060706807402AD07A480068C00726D5B8
S3150800C5B07D480078800722D401F03EFC1DE03068F3
S3150800C5C0C0071CD5AE0973480068304005D1FFF78F
S3150800C5D099FE71490D60FFF79EFE7448FF21FE31F2
S3150800C5E04160F12149026F4A116021680E4001D06D
S3150800C5F0822100E0C32149020160FFF78DFFF1BDEA
S3150800C60080B568480121624A12680A4006D0684A1D
S3150800C6101268920501D4CA0202608160C021416095
S3150800C6205C480068C00407D4FFF76CFE8021C90285
S3150800C630BB4A1160FFF76FFE01BDF8B5554804689F
S3150800C6405C4D8027022634420AD092480068E021D1
S3150800C650C900014004D02F60042068610120686188
S3150800C660FFF750FED021C903214007D18A4909683E
S3150800C670314003D1894901224A600E60210507D558
S3150800C6802F6004216961C2490D220A600F220A60DF
S3150800C690FFF741FEF1BD80B5FFF734FE0121804A60
S3150800C6A01160804A0223136051600021B94A116063
S3150800C6B0FFF731FE01BD90480068C007FBD4B648B5
S3150800C6C0042141618021016070478C490868012274
S3150800C6D0104200D1704710B5E023DB000340FF2469
S3150800C6E0A41CA34207D3AD4B9C6BA40602D41B68BB
S3150800C6F0DB0600D54868024001D000F001F910BDFC
S3150800C700A82102A8A81102A8AC0102A8F8B5C82158
S3150800C710844A11600621844A116080214903834AAC
S3150800C7201160834C8909216082490A684B691C2576
S3150800C7301D40102D01D1012300E00023050007202C
S3150800C740824313430B6028688E490F68874200D3DB
S3150800C7500700C01B28600121280000F08AFB06009C
S3150800C7602868C0192860FFF768FF8D480168C90660
S3150800C77003D584208000E06107E095490822006817
S3150800C780104001D00A6000E04A603000F2BD0000A7
S3150800C790EC0002A8500002A83850005AFFE3FFFF39
S3150800C7A000FEFFFFAC2102A8843E0000AC1102A8DF
S3150800C7B0B00102A8841102A8F1B586488649086026
S3150800C7C08020C00185490860854C0827A765042094
S3150800C7D0A0650125834805601D20A062824EE930C8
S3150800C7E0B061072001F020FB0220A06210216C4AEC
S3150800C7F013680B4003D022007C4B23600AE00D230C
S3150800C80012683A4003D032001032A56502E03200C1
S3150800C8101432A0651360764A1268002A00D4B761FC
S3150800C820744A3260C022D200734B1B68F824E401B4
S3150800C8301C4001D1F26201E06A4B5A616F4A1268E4
S3150800C8402A4007D075666E490968890503D48102AE
S3150800C850F16500E0716361490A6C2A4008D0496BAA
S3150800C860C90705D467490968084001D101F01CFBCE
S3150800C8700020C04364490860584C606B054001D1EC
S3150800C880FFF7DBFE009801F0BDFA606B8001FCD46F
S3150800C890F1BD0000980102A800400C5000500C5051
S3150800C8A0982102A800600C50F8B54C4F786BC00769
S3150800C8B001D4FFF7F0FE4B4CB72040002060534DE3
S3150800C8C003262E634B48A8660020E061504908609D
S3150800C8D00D2033490968090701D5A86700E0E8670C
S3150800C8E0FFF78EFE1020E0612E600C202863802062
S3150800C8F000023860F1BD00009C0102A8883F0000D4
S3150800C900F0210901434A1160014043480160202093
S3150800C9104249086042490968084042490860704728
S3150800C9203860005A548001A80C9001A8982002A8E3
S3150800C930A41002A8740102A880B53B483B49826846
S3150800C9400A4002D1C268114001D022490160264836
S3150800C9500821374A13680B4000D081611178C9064F
S3150800C96002D5862109010160FFF7AFFE1420FE21DA
S3150800C97089010860BA480168490701D0FF21416169
S3150800C98001BD00009C3F000012481349086070472B
S3150800C99000100C5000000C50842102A80C0002A8BC
S3150800C9A0FC0302A82348006823490968890F8907F8
S3150800C9B00CD0AC490968C90708D5AB49802292034F
S3150800C9C00A60B64B1A60104000D00A607047000033
S3150800C9D0601102A801200000706201A8100002A8D8
S3150800C9E0C01002A8682102A8501102A8FF0300007F
S3150800C9F028C000A8043E0000A88001A8EC0002A8F0
S3150800CA00B00102A8843E0000B46000A8E82002A88D
S3150800CA10C00002A8586001A8585001A8482002A8DA
S3150800CA20184001A8481002A8704201A8008000809A
S3150800CA30F84F00004C4001A84C4201A8F0B587B059
S3150800CA4005000C0096480068400102D520004024E5
S3150800CA5004439448006805909348C66AFFF752FC59
S3150800CA600690B00503D591480068FFF7BDFA002087
S3150800CA70019001237006C00F02908D4A916800202C
S3150800CA809060B82040008B4E30606608B820304071
S3150800CA901278F0261640402E02D10200402010439C
S3150800CAA00D2D02D10A00042111434A0704D50200BC
S3150800CAB014201043102294437F4A12686D462B7047
S3150800CAC0D20506D5802252007C4B1A60020001204E
S3150800CAD01043029A002A11D10C220240082A0DD0CE
S3150800CAE00200714B9B6BDD0601D41025AA439B06F9
S3150800CAF001D420239A43B12313404FD06A461278B3
S3150800CB00002A4ED0A54A956B966D01236D076D0FC9
S3150800CB10AD1DAB40F504ED0C5B1B9BB2082B09D28F
S3150800CB2080200623604D2B6043029D4D2B60002319
S3150800CB306D462B708123034036D00823029D002DB5
S3150800CB4000D113620D000821294310239C430423B6
S3150800CB501D05984E3560DD04434E35606D462D78CB
S3150800CB60002D1ED0062B24D34D4DEE6CF60620D58F
S3150800CB70914E3668360E01966D69ADB28E4EF66BDD
S3150800CB80360603D02E0080256D01354315612D121A
S3150800CB901561494A1268D50592D40AE008227F4BE6
S3150800CBA01A620491009031E030A34506ED0E5B5DF4
S3150800CBB0D4E7049100903C48026B7F490968774D99
S3150800CBC02E686F463E81282616401E43930CDB01CD
S3150800CBD033431600120E3240102632401A4389009B
S3150800CBE040231940114302AA9170406B000A02A91A
S3150800CBF0C870FFF7DFF902A90871019848716F48F4
S3150800CC000068C8800298E8660398E8660698FFF701
S3150800CC1082FB600602D50820664988600498C1B27E
S3150800CC200098C0B2FFF763FAFFF7BCFEBC2080008D
S3150800CC3061490A6E824207D1059AD20301D4086E69
S3150800CC400BE05F4A5F4B1A60096E814205D1059871
S3150800CC50C00302D55C4800688047200007B0F0BDD5
S3150800CC600C4000A8384301A84C5001A80301070648
S3150800CC70030107060501060605010606030207065F
S3150800CC80030207060502060605020606081A03D267
S3150800CC904E4909684018401C704700004C6001A8BE
S3150800CCA0084000A8D03E0000180002A81CC000A832
S3150800CCB0783F0000B46000A81C0100AA1C2100AA45
S3150800CCC0F8B5434E0F24012542491027B06B38406A
S3150800CCD01BD0012008704048006840490968FFF7E2
S3150800CCE0D5FF3F490968401801284BDB01F09EF93A
S3150800CCF03C490968090B0C40022C41D1A9053A4A5E
S3150800CD0011603A490F6435603AE0306CC0001ED5B0
S3150800CD1037480068E0218905014033D0314D28683D
S3150800CD2021030140780281422CD1FFF7EBFA314A00
S3150800CD3031490968C90502D5304909681160296869
S3150800CD40090B21400229F3D0FFF7E5FAF1BD2C4E75
S3150800CD503068002816D00D7001F054F8002811D15B
S3150800CD6001F064F91F490968090B0C40022C07D128
S3150800CD7029041D4A116002211C4A116000213160F4
S3150800CD8001F058F9F1BD802080041E4908607047FB
S3150800CD90802040041B49086070470000540000AA20
S3150800CDA0141100AA18480168490701D0FF214161FA
S3150800CDB070470000441002A8184001A8448001A842
S3150800CDC008000400482002A88C3C000038C001A8CE
S3150800CDD0100002A8B63E00001CC101A820C001A888
S3150800CDE0F03E0000B00002A81C1002A8082002A805
S3150800CDF04C4001A8800000AA084000A8904000A85E
S3150800CE009C3E00003C2002A80C4000A8F0B58020FB
S3150800CE10000208217B4A11600A227B4B012101246A
S3150800CE20944004438AA5AD5C25431D60F025774EE2
S3150800CE303560744D89A6B65C022737432F600426F1
S3150800CE402E60734D2D680D4001D00220F0BD1D6C7B
S3150800CE502D03FCD41D6C5E6C6D036D0BAE4200D2C7
S3150800CE602000521EDBD50822684C2260186000207C
S3150800CE70F0BDF3B581B00600FFF70DFC6548006804
S3150800CE8000906548006863490860644D3068296801
S3150800CE9047180024012F12DB00F04FFDC001381A95
S3150800CEA001280CDBFFF707FC00F081F830682968D9
S3150800CEB0401800F0A7FF050001D0346072E0584F13
S3150800CEC08026B6003E605748006F07282CD00521FB
S3150800CED00840052806D0534801670C2000F0A4FF37
S3150800CEE005005FD1504DFF207A3068620420A862A1
S3150800CEF0FFF7E1FB02202860E020C0044B494860A8
S3150800CF003004786002203860012000F08DFF6E62E0
S3150800CF10022000F089FF700068620820A8620220DB
S3150800CF2000F082FF0220A8626846007A002805D031
S3150800CF303C480068C00701D5FFF70BFB3C4EE020D4
S3150800CF4040003060042000F06FFF050024D1022065
S3150800CF50364908608002B062C001B062354F1020C1
S3150800CF6038600120F065402633480068304003D118
S3150800CF70FFF74CFF05000FD101203860FC6702203F
S3150800CF8000F052FF2D4C2660B0002060022000F011
S3150800CF904BFF8120C002A06227480068800101D4A7
S3150800CFA0FFF791F900981B4908602800FEBD70B587
S3150800CFB0FFF771FBFFF77FFB02241E480460204E33
S3150800CFC00820B062C0017062012000F02DFF250222
S3150800CFD0756234600620B0621A487062E02040002C
S3150800CFE016490860114E3460FFF776F9164800783E
S3150800CFF0002800D0052015490860FFF776F9356046
S3150800D00070BD0000889001A84C8001A888A001A8DE
S3150800D010140002A8780102A8F80302A8D03F00006D
S3150800D020981002A8EC0002A85C1102A8982002A891
S3150800D0302C9001A80C8001A8500002A82CA001A8D9
S3150800D0405C2102A8F9610000703F00005C0102A89B
S3150800D050000000010102020208081000505050406A
S3150800D0604030303030202000F8B504000F00444D21
S3150800D070A878FF2801D12E880FE042480068800171
S3150800D08008D4FFF73FF9404909684905CE0DFFF76F
S3150800D09042F901E03D4806882E80E92E01D2E926AC
S3150800D0A004E0CC204000864200D9060020003978EA
S3150800D0B0814200DA080001217A5601005143022212
S3150800D0C0BA5E891841430420385E08183049711839
S3150800D0D048438015001901D50020F2BDE978814240
S3150800D0E000DA0800F2BD38B50400102029490860A6
S3150800D0F0FFF7E1FAC020C00027490968F822D201E3
S3150800D1000A4001D1254900E0254908602548C8217B
S3150800D11081640A2101602448802149030160890944
S3150800D120C160224801684269E0231340802B01D17F
S3150800D130012200E00022072399430A4302601C48A3
S3150800D1400068C821C90145182068854200D3050032
S3150800D150401B206000212000FFF78BFE216849193B
S3150800D160216032BD8020000112490860000312497F
S3150800D17008600220114908601149086070470000DC
S3150800D180F83F0000500002A888400050843F000085
S3150800D190D6FEFFFF984101A8AC8001A87C1102A821
S3150800D1A07C2102A80C8001A8981002A8740102A884
S3150800D1B0983F0000441002A8442002A8F41302A8CD
S3150800D1C0685000A8F1B584B0BD4800680190BD4814
S3150800D1D0C068C821C90140180499884204D2081AAF
S3150800D1E000F010FE002803D10124C94D68682040CC
S3150800D1F000D0BAE10420C749C8628003C6498862DC
S3150800D200C6480668A86B8007800F00906704032845
S3150800D21003D01020BF49C86222E008468762E96B3E
S3150800D220890601D5012041E0310610D5E96B890749
S3150800D2300DD4CF4905220A60EA6B10231A4002234F
S3150800D24013430B6000220A60AA6B120A0A600421C3
S3150800D250C162E86B002803D5AE48876200200090BB
S3150800D260A86B400704D5A86BC0002102084003E05C
S3150800D27094480068204201D0FFF742FB264009D0B7
S3150800D280BC48009989014018006AC004C00C401EB9
S3150800D290B9490860C0208000B84948650099090264
S3150800D2A0B74A1160B54B986551600020296C9422E5
S3150800D2B092050A40160000D001263043000635D0F4
S3150800D2C096483021405CC0210140402902D1FFF731
S3150800D2D0ECF801E0FFF7F6F820202860360600D1C2
S3150800D2E043E1B54FA74EA86B40070CD5A0038A4962
S3150800D2F0886240028749886234600220386000F0FC
S3150800D3003BFA00280BD004208249C86240028249B1
S3150800D310886200037F4988620220306038607F484F
S3150800D3200078000600D420E1E0041CE1686820408B
S3150800D33000D01AE17848C762FEF7CEFF8E48406EE5
S3150800D340296C090408D4C00606D5FEF7DBFF0221BE
S3150800D3509A4A1160FEF7DFFFFEF7C7FF2003286031
S3150800D360974EC02000063063200496490860A86BD3
S3150800D3704007C10F68460170FEF7C4FF92490C606A
S3150800D380FEF7C9FF914F9248B861686B000206D54F
S3150800D3909048801C0068E1055E4A916201E04948B0
S3150800D3A0806C296CC90208D5202806D976A1019A6D
S3150800D3B0520700D4891DFFF757FE0100854A1070F1
S3150800D3C0002809D041091F221040062904D9400027
S3150800D3D02043202800D31F204A0102434802104355
S3150800D3E0306001217C48C26F7C4B1343C367746667
S3150800D3F08022F2620822734B1A66019AD20603D576
S3150800D400AA6B920603D403E0019A120700D40021FE
S3150800D410AB4A3A60FC223A6100290BD039003C310C
S3150800D4200291284A116DD36C664DEB66526E2B46F7
S3150800D430DA6709E0390040310291224B996D614A59
S3150800D4405D6DD5669B6ED3670268FF239A431143C9
S3150800D4500160A020C0003063052000F0E5FC04252B
S3150800D4600198284001D0802000E0402002990860F9
S3150800D47002203063062000F0D7FC08203063052020
S3150800D48000F0D2FC34632002B864042000F0CCFC1F
S3150800D49064027460022000F0C7FC842080003063B8
S3150800D4A0022000F0C1FCFC61062000F0BDFC0298D9
S3150800D4B08449401801990D4006D0202105E000BF97
S3150800D4C0FC0302A88C3F000010210160062000F032
S3150800D4D0ABFCB4640020C0432849086000F02DFA6C
S3150800D4E07949401DC001CA6886189E4F60017C6F45
S3150800D4F004409D4A10609D4D0498864211D2C96821
S3150800D500401A00F07FFC00280AD02C602DE000BFEE
S3150800D510100002A81C2002A81C1002A8D03E000079
S3150800D520049E012000F080FC802040002549086008
S3150800D530300000F067FC8E4E68460078002805D15A
S3150800D54038687062802000048A4908602C60684642
S3150800D5500078002809D0012000F066FC3078000623
S3150800D56003D5802000039B49086005B0F0BD00BFC5
S3150800D570E40000AA0C0000AA204000A8B46000A895
S3150800D580085100A8F41302A8C0350C109E8DAF1BD5
S3150800D5903813460D80B5FEF7B5FE8F4900220A609E
S3150800D5A00A22CA61FEF7B7FE8C4883210904016086
S3150800D5B08B49416001BD0000685000A824E503506E
S3150800D5C03C1102A8B81002A800500C50242102A849
S3150800D5D0FF0E0000FA3F0000280102A8FF3FFF3FA8
S3150800D5E08048806B800300D47047F8B57E4804688D
S3150800D5F07E4D0826E00629D57A48806B800627D412
S3150800D600280048300090012000F00EFC00277848DA
S3150800D61007607848066078480068C00403D47748ED
S3150800D62000683040FBD0022000F0FEFB842080001A
S3150800D6306865022000F0F8FB700171490860042053
S3150800D64000F0F2FB600706D5202005E03442D7D16A
S3150800D65028004C30D6E7102000990860FEF752FEE5
S3150800D6600121684A1160FEF756FE0220686500F03F
S3150800D670DBFB09206865C02000066865022000F00B
S3150800D680D3FB00980F494018610701D5802100E0B7
S3150800D69040210160A020C0006865082000F0C4FB96
S3150800D6A0B001E8662E60E0202865574807604760A5
S3150800D6B0B0024C490860000154490860F1BD0000F9
S3150800D6C03F3F000000F0FFFF8C3F0000F8B55048D0
S3150800D6D000680D2707400424002F00D104274D4871
S3150800D6E00225102608214C4A4C4B1B682340126819
S3150800D6F018D04260394005D00220FEF767FD600366
S3150800D700474908603C4007D04648006806434548F4
S3150800D71006602803424908600120434908604348D7
S3150800D720056018E00260394005D00220FEF74EFD7C
S3150800D730A0023B4908603C4006D03A4801680E43BF
S3150800D740066068023649086037480560374805604C
S3150800D750A8062E490860FFF743FF00210020FEF7C0
S3150800D760C6FCF1BD20C001A894E001A894D001A888
S3150800D770D03E00001C1002A810B580202C490A686B
S3150800D78002400AD02B4B1A680624144005D15C6E59
S3150800D790294A22401B6D9C0101D5002010BD09684D
S3150800D7A008400DD02548824203D1180501D501202D
S3150800D7B010BD23480068C107C90F481E8041C00F25
S3150800D7C010BD204803210164A821C163102101600E
S3150800D7D0704700001C2002A8D80000AA442002A80E
S3150800D7E004000080100002A8FC0302A8182102A861
S3150800D7F0B80002A8106001A8D84001A8104001A8E6
S3150800D8006C1102A800600C50A00102A8482002A8CA
S3150800D810B44000A8F83E00001CC101A8480002A8B0
S3150800D820441002A8783F0000F41302A8685000A824
S3150800D830440002A814C001A81F1F0000010C000024
S3150800D84030C101A8082002A86C48006801210842D6
S3150800D85009D16B4A12686B4B000C1840F0329140A4
S3150800D8600B40984201D00220704700207047F8B557
S3150800D87007000F386A461080604CE0680A0004D139
S3150800D8806B461B8882B29A423AD200226B461A80AD
S3150800D890012502263A0013D02268324007D0002913
S3150800D8A02ED059480088401C574908800020390066
S3150800D8B0216156490E6080B2B84201D369460D808F
S3150800D8C05348456000E030BF2068304003D1FFF779
S3150800D8D0BBFF0028F7D04D484560390010D02168B5
S3150800D8E0314005D048490A886B461B88D2180A80F9
S3150800D8F0066000202061E068B84201D2444806600C
S3150800D900FFF7A2FFF2BD38B5050000F08FFB040053
S3150800D910012199204543A8093E4A12688018123801
S3150800D92080B2FFF7A4FF05008020C0013A490860CD
S3150800D930200000F07FFB280032BD334803883549B4
S3150800D940096802889342F9D1100408187047FEB591
S3150800D9501238070C6946088000F068FB0190274CCE
S3150800D960294D2888B8421ADA01202C490860274E22
S3150800D97030BF02202168014006D0306040032649A6
S3150800D98008602888401C2880FFF75EFF002802D11F
S3150800D9902988B942ECDB0121716000280DD128885D
S3150800D9A0B8420AD1E06869460988884205D200214A
S3150800D9B068460088FFF75BFF01E0FFF745FF0400B4
S3150800D9C08020C00114490860019800F033FB20004C
S3150800D9D0FEBD10B512490A680E4B1B680C689442C6
S3150800D9E0FAD0DB014033141A02D288692418641C61
S3150800D9F00C4800684443181B10BD0000280002A804
S3150800DA0004ED00E0FF3F0000B43E0000282002A815
S3150800DA10281002A8340002A880E200E02C1002A810
S3150800DA2020C001A8A83F0000F0B502E00A601C600B
S3150800DA302E607EC84F1C07D05F1C04D06F1CF5D122
S3150800DA400A601C60F0BD0A60F0BD000080B5FEF7F4
S3150800DA50BDFB01208249086001BD38B581490C68C3
S3150800DA60082581490D60FFF7F1FF2C4001D07F485A
S3150800DA70056031BD80B5EB2000F001F801BD30B579
S3150800DA80FE2189010B6818401022134210D0784BEA
S3150800DA90784C2468224008D0774A14682402FF2567
S3150800DAA02D0225401D6300241460802252031A604B
S3150800DAB0086030BDF3B5010016001C00002500956E
S3150800DAC06E48019A330000270BE0BC464F5D47437A
S3150800DAD0AE009E597E40575D4743374066463743FA
S3150800DAE06D1CA542F1D3390939438A080A435108FE
S3150800DAF011430840C10901430F208A0B0A4302401B
S3150800DB005040F6BDF1B582B00E0000205A490860B3
S3150800DB105B4DEF7AA87A01900F21394000910ED01B
S3150800DB200B46584A58490298FFF7C4FF0199014025
S3150800DB3051480160994841439948084001D1012458
S3150800DB4000E04401380915D032003B092900029843
S3150800DB50009E6D7A75194019FFF7ACFF01990911F6
S3150800DB600140454802680B0113430360002901D0B0
S3150800DB70480044438B480068204001D10420FEBD7C
S3150800DB800020FEBD80B50A00002111808649528812
S3150800DB908018FFF7B7FF02BDF0B50F22834B5C79FB
S3150800DBA005780F202040C5402009284001259C798A
S3150800DBB0C4402C4001D10320F0BD2E4C24682540DA
S3150800DBC008D07B4D9E684700F65B761E2E60802641
S3150800DBD0B601EE60DD78DE79C640F00711D5E006BD
S3150800DBE00FD5002D0DD073484860088848800888EE
S3150800DBF01C7800192A4080185A7880182A09801833
S3150800DC0000E0002008800020F0BD80B56A48016861
S3150800DC106A4A0820014200D09061C90602D58621C9
S3150800DC20090111606649674A1368034005D0664BC7
S3150800DC301B689B0F9B0700D008600E480078C0231E
S3150800DC40034002D180204005086010682022104059
S3150800DC5008605E480068C00101D4FFF70BFF01BDEC
S3150800DC602C4000A84C4000A84C6000A84C5000A8C6
S3150800DC701C1002A8D03E0000A03E000001010101D0
S3150800DC80503F0000083F0000483F0000F8B5504BE1
S3150800DC90586F9E6F06404F4830404F4908604F4FB7
S3150800DCA002200021012234041FD500923C7E002C5C
S3150800DCB007D13C695C60FC687D6964191C603A762A
S3150800DCC006E0FC685C603C697D6964191C6039760D
S3150800DCD07B7E002B00D000917976009B002B04D028
S3150800DCE004233F4C23603F4B186004053E4DF30266
S3150800DCF02BD53B681F0605D53C490968A9602A70DB
S3150800DD00A88016E0134203D03948A860AA8010E01C
S3150800DD10D80610D52748A860364A907803071B0FFF
S3150800DD2012789A1800091018A880E980A88800288F
S3150800DD3009D0264309E0580604D5281D2E49096846
S3150800DD408847F3E7A980FFF795FE264024D0224EA0
S3150800DD5074603460294FA88800280BD0396881423E
S3150800DD6008D3291D2648AA6890470100F3D0FFF773
S3150800DD706DFEF1BD01000CD0FC218902F161194943
S3150800DD8002038A6634600C653A68824204D3CC641E
S3150800DD90F1BDEB20FFF773FEF1BD00001111000085
S3150800DDA021840000043F0000283F0000583F00007F
S3150800DDB0204000A811210000F84F0000502102A8B9
S3150800DDC0481002A8184001A84C4201A8D04000A853
S3150800DDD0404000A8FFFFDFFFB46000A8D03E000067
S3150800DDE0F41302A8685000A8A43E00009C3C00005A
S3150800DDF025210000593F0000983C0000D44000A8A7
S3150800DE00D84000A810B5C409FFF797FD201A312895
S3150800DE1006DAC000183801D4C01EFDD5002010BD92
S3150800DE202000FFF794FD10BDC32148436F3801D485
S3150800DE301E38FDD50020704752480121017052490D
S3150800DE400A684260496881605049E02252010A60C6
S3150800DE50802292004E4B1A60FD224A604D4909689D
S3150800DE6001614D494D4A11608121C9004C4A116032
S3150800DE704C490968C16007204B49086002204B4994
S3150800DE80086070473F48017800290CD00169414A6B
S3150800DE90116000210170C168424A11603A498268DE
S3150800DEA04A60406808607047FEB5C020C004404913
S3150800DEB00860404C404860654048A0651020FFF760
S3150800DEC0B3FF00285CD1FF2000053D4908603D48A6
S3150800DED03D4908603D48206080256D033848056047
S3150800DEE03B4807680820FFF79FFF002848D1082607
S3150800DEF0384806600120FFF797FF3548806801908B
S3150800DF0035480660354820602D4805600820FFF72B
S3150800DF108BFF002834D12F4806600120FFF784FFC5
S3150800DF202B4DA86800902C4806602D482060019962
S3150800DF30009800F05FF80004FC26B6030640019836
S3150800DF40C10B0098C00B00F055F80106FC208005AF
S3150800DF50084030432349020C4A40FF239B1CD21831
S3150800DF601140014321602F60802000031449086096
S3150800DF701D481E4901601E494160FFF783FF0020C6
S3150800DF80FEBD0000883E0000AC0102A8AC1102A844
S3150800DF90B02102A8F00002A8083E0000F02002A85E
S3150800DFA0F01002A8704001A8706001A8705001A87E
S3150800DFB020E000A84C0102A857140000FF3FFF3FCD
S3150800DFC0B42002A80000380EB41002A81010303091
S3150800DFD0104101A8105101A8106101A83030101095
S3150800DFE0202020203F3F0000A02102A8F703F000D0
S3150800DFF0FF3F000010B54904CA104004C310991A1F
S3150800E00000209A18D30F9A18521052188B115B0ECB
S3150800E0105B18DB11D2182023541A01D422001843A6
S3150800E020CC0F611849105B08F6D110BDEFF31080CC
S3150800E03072B67047002800D162B6704780B5FEF701
S3150800E040ABF9A548006800030CD4FEF79DFCFFF762
S3150800E050C7FAFEF729FC0120FFF79CFAFEF7A7FF8F
S3150800E060FFF710FF80208005FEF744F901BD80B553
S3150800E070FEF792F980204002FEF73CF901BDF8B59B
S3150800E080FEF72AF9844D05206865FEF72EF99348B0
S3150800E09006680124264201D1FEF7FDFA6003C02175
S3150800E0A089018F4A1268D205D20D012A00D10800CB
S3150800E0B08C4A11602860E0058B490860FEF76CF908
S3150800E0C08A4801680091406889490860B005C70F09
S3150800E0D0884D00202860380004D031000098FDF7EC
S3150800E0E0F9FE00902868204005D16846FEF70EFB29
S3150800E0F000280BD107E0002F05D07F480068204094
S3150800E10001D0FEF726FA0098FEF756FB764804601B
S3150800E110022096490860C820C0049F490860600428
S3150800E120FEF7E8F8F1BDF8B59C4F9B4C01259C48D5
S3150800E1309C490968014081420FD19B4800682840E4
S3150800E1400BD09A4801689A4805606805E063B86389
S3150800E150014000D1E06397480560974E306CC005D2
S3150800E16006D580200006306000BF00BF400830603A
S3150800E170FEF7E2FBFEF710F9280320603860FDF78A
S3150800E180F0FC0400A848A9490860A804FEF7B2F8FC
S3150800E190002C01D080203060A5480570F1BDF8B587
S3150800E1A0FEF7FAF8FC27BF0138780521014002D0AE
S3150800E1B0FEF77BF901E0FEF785F97F4C012502267B
S3150800E1C03868304000D025601020C043994908605F
S3150800E1D00020E06398490860FEF77EF897480068D3
S3150800E1E0216C090407D4000705D5FEF78BF8944976
S3150800E1F00E60FEF790F8FEF778F8FFF706FD9148EF
S3150800E200006805400CD0802000068F490968014047
S3150800E21006D08E490968084002D10D20FFF71DFC7B
S3150800E220B004FEF767F8F1BD80B5FEF7B5F82A48E1
S3150800E2300068000303D4FEF737FBFEF7B8FE80201C
S3150800E2404003FEF757F801BD38B5FEF7A5F85A4C56
S3150800E2502025FFF791FA002806D0606B000704D541
S3150800E260FFF7AFFAFEF77EFF2560FEF71DFBFEF708
S3150800E2709EFEFC20800100780C210140042902D171
S3150800E280FEF713F901E0FEF71DF96804FEF732F808
S3150800E2904020206031BD0000081102A880B5FEF7B5
S3150800E2A01BF80520BE490860FEF71FF8FEF774F84C
S3150800E2B0FFF787FAFF208001006800906846FEF79E
S3150800E2C012FF002802D10098FEF77CFF8020400448
S3150800E2D0FEF710F801BD00000C0002A8440002A8D1
S3150800E2E03C8001A8082102A8442002A8AC3F0000EF
S3150800E2F09C3E0000843E0000EC0002A8F8B5FEF73C
S3150800E3004BF8A84CA56A5020284002D0FEF7CDF855
S3150800E31001E0FEF7D7F8284FFFF72EFA00281BD1A1
S3150800E320B86B40071DD4786BE0214901014018D12C
S3150800E330A80611D4FDF7D0FFA56A9B4E354207D033
S3150800E340FF20C0432D18A562802000059749086064
S3150800E350FDF7CBFF2E4002D00120386001E00020F7
S3150800E360206080208004FDF7C5FFF1BD305201A86A
S3150800E37080B5FEF711F8BE480068C00501D5FEF75E
S3150800E38093FA0120FFF706F9FEF711FE8020C00474
S3150800E390FDF7B0FF01BD0000106001A8145001A8E8
S3150800E3A040000800D03E0000884101A84C4001A862
S3150800E3B0405101A8406101A8100002A810B5FC2030
S3150800E3C080010468FDF7E8FF79490968090326D43E
S3150800E3D00321C00601D5214001E0A008014001291A
S3150800E3E002D1FEF762F80BE0200107D50E20FFF7F1
S3150800E3F02DFBA0480421016008210160FEF762F8A0
S3150800E4009D4801699D4A11600068002807D04000B0
S3150800E410122802D2FFF708FD01E0FFF774FA802000
S3150800E4208003FDF767FF10BD70012000B46000A8E7
S3150800E430B63E0000482002A8A03E0000844000A87E
S3150800E44024E50350404101A8D44101A8304001A861
S3150800E450F0B585B001276846077000240394FDF7D8
S3150800E4609BFF0490524D286800036FD40320A549EA
S3150800E4700864A54800680290A44EA5490007000F45
S3150800E480032804D002980004000F06283AD1A148B0
S3150800E49000684A6803922A6C920701D58968039135
S3150800E4A0FFF797FA0399401801D5019400E0019007
S3150800E4B0A86B0107C80F0321326B0A40022A1BD139
S3150800E4C0049AD20618D53268D30513D5EF6B924B4A
S3150800E4D01F409F4203D110218A4A11640CE092051D
S3150800E4E00AD42A6C2823134006D16B461C702F4A7F
S3150800E4F0116001E06A461470039068460778002F99
S3150800E50002D10EE008680190FFF736F9002808D016
S3150800E510FFF757F90398002802D0FEF723FE00E01C
S3150800E5200027022077490860002F10D03020305C81
S3150800E5300C210140042902D0E86BC00602D5FDF77C
S3150800E540B4FF01E0FDF7BEFF2020686021E0FEF77A
S3150800E550ABF980200006154908600020C0436F49C2
S3150800E560086001A8FEF7BFFD002812D1029800072F
S3150800E570000F03280AD1A86B800507D5A020400004
S3150800E58031680140814201D1FDF788FC0198FEF708
S3150800E59019FE80200004FDF7ADFE05B0F0BD0000B1
S3150800E5A05C1102A8D83E000000FFFF00481002A830
S3150800E5B00C0002A8FEB500240194FDF7EDFE584EA6
S3150800E5C0F06E584D0007000F072807D1706800281D
S3150800E5D004D40020FEF7DEFF286841E0012103206D
S3150800E5E04A4A73685B070BD44F4B1B680B4007D02E
S3150800E5F01368DF050BD55B0502D43368DB0503D446
S3150800E6000191116B890904E01021484B1960116BBF
S3150800E6100909084000900020FEF7BCFF0098002872
S3150800E62005D17068C00602D4FDF74CFF01E0FDF77E
S3150800E6303CFF00200199002903D13D480068FFF7F7
S3150800E640C8F96969401801D5009400E00090684649
S3150800E650FEF75CF8002805D10098FEF7ADF8A86922
S3150800E6600649086080200005FDF744FEF7BD000056
S3150800E670680102A880E200E0A03F00009C3E00007E
S3150800E680F8B5FDF789FE002400252A48466B802741
S3150800E6907F05300606D5300709D5FFF792F8FEF74D
S3150800E6A061FD2AE0012520480068284019D000208D
S3150800E6B0FEF770FF0220064002D01F490C60C861B1
S3150800E6C01E480468002D03D02000FDF7A1FC0400B5
S3150800E6D0FFF777F82000FEF775FD3800FDF70AFE0C
S3150800E6E0F1BDFC2080010078C0210140402902D1FB
S3150800E6F0FDF7DBFE01E0FDF7E5FE20200D49086089
S3150800E700EBE70000082002A8B00002A8D03E0000EF
S3150800E710B43F00000CC101A810000010B46000A8A6
S3150800E720440002A8B03F0000B44000A8481002A860
S3150800E7301CC101A8100002A8180000AACC3F0000BE
S3150800E74000F03CF802480349486000F053F800BF5F
S3150800E750812D00000000000080B5EFF305800B282E
S3150800E76001D23A2100E02921FF221632002000F0CA
S3150800E77039FAFEE710B5C20018231340FF249C405F
S3150800E780E2438907090E9940030004D46E489B08A2
S3150800E7909B00C01806E0A14B0007000F0838800848
S3150800E7A08000181803681A401143016010BD80B52F
S3150800E7B073225421002000F015FA01BD10B5FFF7A9
S3150800E7C035FC624901220A60614B624C2360624C47
S3150800E7D023600323614C2360614C2360614B1A60FC
S3150800E7E0614B1A60614A9F4B1A6011228A63FFF7D0
S3150800E7F021FC10BDFFF71AFC05000024012160B2B8
S3150800E800FFF7B8FF641C0E2CF8D301210F20FFF781
S3150800E810B1FF01211120FFF7ADFF01211320FFF7FA
S3150800E820A9FF01211720FFF7A5FF03210120C043F7
S3150800E830FFF7A0FF01211E20FFF79CFF78487949C2
S3150800E840086002207849086001209049086047045A
S3150800E850764C20693840FCD02068800101D4FDF749
S3150800E86022FD2800FFF7E6FB714D0AE000281BD0C1
S3150800E870FDF748FD18E020693840FCD03000FFF766
S3150800E880D9FB206E0004000F022801D1FEF718FA02
S3150800E890FFF7CCFB0600FDF745FD00286878E5D0B4
S3150800E8A0002801D1FDF737FD01202978002906D176
S3150800E8B077490968890601D45B49086030BF002199
S3150800E8C029700221584A116070490860D3E77148D7
S3150800E8D0016842680A40704810401E49086080076F
S3150800E8E003D5A9480188491C01807047F8B56B48CB
S3150800E8F0016840680840070E3F0669480468802595
S3150800E9006D02F8010DD567480068BC218900884268
S3150800E91004D12C4202D0644800688047022063492B
S3150800E9200860634E680207420BD070605D48006855
S3150800E930BC218900884204D1254002D0A548006838
S3150800E94080473760F1BD000000E400E0040002A83B
S3150800E9500000FF3F282002A82C1002A840E002A8C9
S3150800E96044C002A804C001A8044001A8200060060B
S3150800E970F8B5864C20686568054097480560802686
S3150800E980F6054C4AB00C95490B68002B10D1054288
S3150800E9900ED0934B5F68FF070AD51B68DB0007D5C7
S3150800E9A080231B06136000BF00BF16608A4B1860E1
S3150800E9B09B4F3B78062B0FDA08688C2189010143A7
S3150800E9C029401BD0FFF732FB00902800FDF76CF9B1
S3150800E9D00098FFF72FFB11E00B68526B92050DD5D7
S3150800E9E0C822D2041A432A4005D0FDF7DBFF2800C7
S3150800E9F0FDF75AF902E0AA0200D5086089480068BE
S3150800EA00064009D0A80607D5A068000704D53878B7
S3150800EA10072801D1FDF72AFAF1BD00001CED00E038
S3150800EA20FFFF9B4000E100E0602002A8500002A81A
S3150800EA30B63E000010B57C48016844680C407B4827
S3150800EA40046080210C4205D04160794801600020AD
S3150800EA50FDF72AF9600403D580204005754908604A
S3150800EA6010BD0000145001A838B573480168446801
S3150800EA700C40E00707D5FFF7D9FA0500FDF7AEF910
S3150800EA802800FFF7D7FA6D48046031BD601002A868
S3150800EA90F40302A8280002A8FFFF00C0B44000A89B
S3150800EAA0D03E0000784001A8903C00002C4000A809
S3150800EAB0B46000A8100002A8FEB5614C206C676C13
S3150800EAC0074001252F4216D02E065E4806602068AC
S3150800EAD05D490D60002802D00021FDF7A3FB5B48C5
S3150800EAE00068A021C90188428041C043C00F584927
S3150800EAF0487058480660FDF705FC0190022007405B
S3150800EB003ED06168CEB20F0A53490822474B4403E8
S3150800EB10012E24D0022E31D1012F22D14F4EF67864
S3150800EB2000964E4E37780126BE404D4F3E604B4EFE
S3150800EB303678760590277F04F71903263E43494F12
S3150800EB403E601C60484B1C600B68009C1B194B659B
S3150800EB50424909788D4045490D6045490DE00090C8
S3150800EB60DFE7002F0AD1434E356000254D655C600E
S3150800EB701C60C104404B196040490A60324908606C
S3150800EB800198FDF7C8FBF7BDB43E0000104001A888
S3150800EB9070B5FDF7B7FB0400FFF748FA31490A6874
S3150800EBA0D20710D52C4A566D1368FB25AD012E6089
S3150800EBB0CE686E604968E9818021C904214E3160BA
S3150800EBC0297B59185165FFF735FA2000FDF7A3FB95
S3150800EBD070BD0000943C0000106001A8B03E000023
S3150800EBE0344301A8002800D0704770B50C00FDF723
S3150800EBF089FB0500FFF71AFA0600FDF79DFB20487A
S3150800EC00046001211F4A1160026C0A40FCD1FDF71D
S3150800EC1098FB3000FFF70EFA2800FDF77CFB70BD65
S3150800EC207C3E00004C4201A890C001A890E001A8D3
S3150800EC300CC001A804ED00E0C0C000A8C0E000A810
S3150800EC4000C002A8441002A840E002A8404000A85C
S3150800EC50B63E0000442002A818800A50C93E0000AB
S3150800EC6068A00A5060C101A894D001A868900A500B
S3150800EC70F42302A860E101A880E200E0F41302A8E8
S3150800EC800080095040900950232D302B2000686CD5
S3150800EC904C006566674546470030313233343536B1
S3150800ECA037383941424344454600303132333435EA
S3110800ECB036373839616263646566000017
S30D0800ECBC7415FF7F010000003A
S3110800ECC4D0EC00084015002057000000A6
S3150800ECD00000000000000000FFFF000088B10008E7
S3150800ECE000000000FFFFFFFFFFFFFFFF6015002089
S3150800ECF0640D0020A0B7000802000000BD07000848
S3150800ED0000000000000000000000000000000000F5
S3150800ED100B000000640D0020FFFFFFFFC0EA210181
S3150800ED20C0EA210100800000C01753020A00E40C63
S3150800ED300A000000A01600201D9D0008ACB90008B6
S3150800ED40FFFFFFFFF19E0008ED9E0008FFFFFFFF93
S3150800ED50FFFFFFFFF59E0008FFFFFFFF6BA20008FD
S3150800ED6095A20008FFFFFFFFFFFFFFFFFFFFFFFF62
S3150800ED70FFFFFFFF0040005A00C00350004000504C
S3150800ED8000800050456E00081965000815610008E6
S3150800ED9069610008C5630008D9630008B164000802
S3150800EDA0CD650008B5650008B55F0008016500086F
S3150800EDB000000000000000003B2D00003016002077
S3150800EDC00000000080130020E813002050140020E3
S3150800EDD00000000000000000000000000000000025
S3150800EDE00000000000000000000000000000000015
S3150800EDF00000000000000000000000000000000005
S3150800EE00000000000000000000000000FFFFFFFFF8
S3150800EE100C00000000002801FF0CFFF0FF000000B6
S3110800EE200D02000801030008E5010008C7
S705080009E108
