S01B00004E6574416E616C797A65725F464732335F5630312E73333705
S3150800000000080020ED0A0008A7920008A792000839
S31508000010AD9D0008A7920008A7920008A7920008BD
S31508000020A7920008A7920008A7920008A7920008BE
S31508000030A7920008A7920008A7920008A7920008AE
S31508000040A7920008A7920008A7920008A79200089E
S31508000050A7920008A7920008A7920008A79200088E
S31508000060A7920008A7920008A7920008B5090008F9
S31508000070A5090008A7920008A7920008A7920008F9
S31508000080A7920008A7920008A7920008A79200085E
S31508000090A7920008A792000805120008A792000870
S315080000A0A7920008A7920008DD0D0008B50D000804
S315080000B0A7920008A7920008457B00080186000859
S315080000C0E9A40008E5A40008B57D0008FFA4000817
S315080000D0EDA40008D1850008F1A40008658600088B
S315080000E09D860008A7920008A7920008A792000814
S315080000F0A7920008A7920008A7920008A7920008EE
S31508000100A7920008A7920008A7920008A7920008DD
S31508000110A7920008A7920008A7920008A7920008CD
S31508000120A7920008A7920008A7920008A7920008BD
S31508000130A7920008A7920008A7920008A7920008AD
S31508000140A7920008A7920008A7920008A79200089D
S31508000150A7920008A7920008BDB00008A965000884
S31508000160A7920008A79200088BA4000891A400088B
S3150800018070470000000000000000000000000000AA
S315080001900000000000000000000000000000000051
S315080001A00348044B834202D0034B03B118477047F8
S315080001B0981E0020981E002000000000064B0749E4
S315080001C0C91A891048BF0131491003D0044B0BB135
S315080001D001481847704700BF981E0020981E002047
S315080001E00000000010B5064C237843B9FFF7D8FF86
S315080001F0044B13B10448AFF300800123237010BDEC
S31508000200E81C0020000000005CEE000808B5054B5D
S315080002101BB105490548AFF30080BDE80840FFF764
S31508000220CDBF00BF00000000400A00205CEE0008B9
S31508000230A3F5803A704700BF174B002B08BF134B36
S315080002409D46FFF7F5FF00218B460F461348144AD3
S31508000250121A0AF081F90E4B002B00D098470D4B65
S31508000260002B00D098470020002104000D000D48FF
S31508000270002802D00C48AFF3008008F021FC2000CB
S31508000280290008F085FF08F0FBFB00BF0000080006
S315080002900000000000000000000800200008002000
S315080002A0201D0020000000000000000000B583B0FB
S315080002B00B4B4FF080625A66012304220921022063
S315080002C002F0EEF90023019302E0019B013301934A
S315080002D0019A49F63F439A42F7D903B05DF804FB01
S315080002E00090005030B587B000F0D2F8032143489B
S315080002F008F036FF0023ADF81030ADF8143005A924
S3150800030004A800F073F9002830D03D493D4808F0AC
S3150800031027FF42F6B112BDF810103B4808F020FF3F
S315080003204FF20852BDF81410384808F019FF002398
S31508000330ADF80E300493059305AA04A90DF10E0035
S3150800034000F054FAA0B12E494EF67D330193BDF85C
S315080003500E3000934FF40C73049A2D4808F000FFF2
S31508000360059B0BB1049B2BB907B030BD2949CDE7D6
S315080003702849E9E7284808F0F3FE0AF049FC05464B
S315080003800499059800F0B6F80AF042FC044623489A
S3150800039008F0E6FE0AF056FC641B054660B3E20E5A
S315080003A063011B1B62F10002520242EAD3525B024E
S315080003B01B1942F10002910141EA93619801C01AA2
S315080003C061EB020100192A464FF0000341F10001D2
S315080003D008F0C6F9034622461149124808F0C0FE3D
S315080003E000F0A0F8044600F097F80346224629468E
S315080003F00D4808F0B5FEB7E70346ECE730B100084C
S3150800040020B1000880B100089CB10008C4B10008FA
S31508000410ECB1000828B100082CB200083CB200086C
S315080004204CB2000858B2000898B2000831B300B5BB
S315080004308E46144B1B889BB2134A128892B29B1A9B
S31508000440C3F30A03C3F5FF6307338B4218D30D4B77
S315080004501B889BB2002208E010F802C00B4901F87D
S3150800046003C00133C3F30A0301327245F4D3BFF361
S315080004705F8F044A138001205DF804FB0120704752
S315080004800020F9E7CE1C0020CC1C00205C0A0020C6
S315080004900023034A1380034A1380034A13607047F4
S315080004A0CE1C0020CC1C0020580A00200CE00D4A67
S315080004B013889BB20C49C95C0C4B596413889BB2D0
S315080004C00133C3F30A031380064B1A8892B2084B0A
S315080004D01B889BB29A4204D0044B9B6C13F0400FC6
S315080004E0E5D17047CC1C00205C0A00200000015BA7
S315080004F0CE1C002060B110B50C4601B910BDFFF73F
S3150800050095FF0028FAD1034A136823441360F5E7D8
S31508000510704700BF580A0020014B1868704700BF93
S31508000520580A0020044B188880B2044B1B889BB2DB
S31508000530C01AC0F30A007047CE1C0020CC1C00204D
S3150800054038B5FFF7B3FF0AF063FB0E4B1A685B6812
S31508000550904271EB030300D238BD05460C460A4BA0
S31508000560196801311960094808F0FAFD4FF47A70E4
S315080005700AF06EFB401944F10004024B18605C60F7
S31508000580EAE700BF000800205C120020CCB2000891
S3150800059010B414460CE0094BA3FB01C3DB089C46C8
S315080005A003EB8303A1EB4303013C30330355614658
S315080005B0002CF0D110445DF8044B7047CDCCCCCC60
S315080005C013467AB110B401F00F0C013B064C14F82F
S315080005D00CC000F803C00909002BF4D110445DF8DB
S315080005E0044B704710447047F8B2000870B50646C9
S315080005F00D4609210C4808F0F1FD044603210B4875
S3150800060008F0ECFD06B1348005B1288042F6B11336
S315080006109C4201D0002070BD4FF20853984201D089
S315080006200020F8E70120F6E7ECB20008E8B2000877
S31508000630002800F0CC802DE9F04715460746002A29
S3150800064000F0C780B1F50C7FC0F0C580B2F818A0DD
S315080006505369002B6AD0BAF1F30F6AD8B846532308
S3150800066008F8023B54237B70BE1D52237B710A2275
S3150800067029683046FFF78CFF2C2400F8014B03222B
S31508000680A988FFF785FF0470B5F90610002953DB22
S315080006902B2343700029B8BF4942032289B202308E
S315080006A0FFF776FF2C2400F8014B0322297AFFF77F
S315080006B06FFF00F8014B6B7A002B3FD048490422A4
S315080006C008F070FD2C2400F8014B0222A97AFFF7E6
S315080006D077FF00F8014B0222E97AFFF771FF00F86D
S315080006E0014B0222297BFFF76BFF00F8014B022220
S315080006F0697BFFF765FF00F8014B0422E989FFF7DC
S315080007005FFF00F8014B0222297CFFF759FF00F82A
S31508000710014BD14603225146FFF73AFF00F8014B39
S31508000720831B352B5AD1044600231DE04FF0000ADF
S3150800073094E74FF0F30A91E72D23AAE72949BEE784
S315080007406A69D25C1209DFF8A0C01CF802102246BA
S3150800075002F8021B6969C95C01F00F011CF8011057
S31508000760617001339BB214469A45E9D802E020230A
S3150800077004F8013B231AB3F5F37FF8D34FEA49018E
S31508000780032235314046FFF703FF02E0202304F831
S31508000790013BA31BB3F5077FF8D3002303E0202210
S315080007A004F8012B0133072BF9D94FF40A71404697
S315080007B008F014FD014604222046FFF701FF034610
S315080007C0452203F8022B44224270D81B04E000207D
S315080007D07047002000E00020BDE8F0870020FBE716
S315080007E0DCB2000828B10008F8B20008F0B589B0F4
S315080007F007460E4615460DF1040C1C4C0FCCACE80A
S315080008000F0094E807008CE8070001AA4FF40C7162
S315080008101748FFF70DFFB0F50C7F1CD0002207B173
S315080008203A8006B130600DB1114B2B60B0F50C7FE4
S3150800083014D0002009B0F0BD303B9BB243EA021247
S3150800084092B201310329EADC0A4B5B5C402BF3D9EF
S31508000850373B9BB2F2E700210A46F3E74EF67D33B3
S315080008609A4201D00020E5E70120E3E70CB300082F
S31508000870601200208A1400200023062073B17047F6
S3150800088054B224B9013353B15DF8044B70470228BA
S31508000890F8D008680A4908601046F3E710B4094A10
S315080008A052F823100A7A022AEAD9032AEAD1441E00
S315080008B0E4B2012CE6D90868014908601046E1E768
S315080008C0901400205C1D002030B5A3B020252A46D0
S315080008D000211AA809F040FE294B1A934FF4E13378
S315080008E01C9302238DF87530264A1E9201248DF832
S315080008F07D408DF87E408DF87F408DF88030002150
S31508000900159116911791189119914FF48013159313
S315080009101D4B1993109111911291139114911B4B20
S3150800092010931B4B14933C2201A809F015FE0DF1F8
S31508000930040E0DF1540CBCE80F00AEE80F00DCF80D
S315080009400030CEF800300DF1180E0DF1400CBCE861
S315080009500F00AEE80F00DCF80030CEF800300D4B83
S315080009600B930C958DF835408DF836400A4B0F934E
S315080009700A4B1AAA01A90A4802F0EAFB23B030BDBD
S3150800098000BB0008F0BA00083C00015B010010003B
S315080009904400015B94140020701D0020B41400204C
S315080009A06815002008B5024808F0EBFF08BD00BF2F
S315080009B06815002008B5024808F0E3FF08BD00BF27
S315080009C06815002010B58EB02422002105A809F06C
S315080009D0C3FD334B0593334B1B88ADF82430324B9C
S315080009E01B88ADF82630314B1B680B93304B1B68C0
S315080009F00C93304A05A9304803F0A8F800B1FEE781
S31508000A002E4B1C682E4A21462B4B186803F054F9C6
S31508000A1000B1FEE74CB12146274B186809F053FA96
S31508000A2001464FF6FF73984206D10021224B1868FB
S31508000A3008F019FF38B1FEE71F4B186803F080FA73
S31508000A400028F2D0FEE71F491B4B186803F0BCFAD2
S31508000A5000B1FEE76FF0C00240F2FF33CDE9002394
S31508000A604FF0FF324FF0FF331349086809F074FA64
S31508000A7000B1FEE7144B1B88ADF81030ADF80C300A
S31508000A8004A90D4B186809F04FFA00B1FEE703A94F
S31508000A90094B186809F05EFA00B1FEE70EB010BD02
S31508000AA0979200085ABB000858BB000860BB0008AC
S31508000AB05CBB000879920008841D00204C1D0020AC
S31508000AC0839200080700110048B9000808B50448D1
S31508000AD0044A121A9210044908F0E6FB08BD00BF42
S31508000AE080010008A0010008201D002008B5154B4C
S31508000AF083F30A8800F030F8FFF7E8FF124A0AE0A5
S31508000B001068516850F8230041F8230001339168B2
S31508000B108B42F5D30C320D4B9A4201D20023F6E7ED
S31508000B200B4A08E01168002041F823000133516898
S31508000B308B42F7D30832074B9A4201D20023F6E7D5
S31508000B40FFF77AFB0000002064EE000870EE00084C
S31508000B5070EE000870EE000870B5134B134A9A60E1
S31508000B60D3F8882042F47002C3F88820104A4FF45C
S31508000B70804191660F4D05F500544FF0FF3222660D
S31508000B800D4A62660222C3F8D020BFF34F8FBFF327
S31508000B906F8F002002F09AFA4FF44036E660002084
S31508000BA008F07BFE2E6170BD00ED00E00000000835
S31508000BB000900050008000447FFF7F01014B1860C1
S31508000BC0704700BF8C1D002008B5064B1860064B01
S31508000BD01B6F03F00703032B00D008BD09F024FEA2
S31508000BE0FBE700BF941D00200080005010B50446A6
S31508000BF00FE00123834024EA03040F2814D800EBEE
S31508000C0040020E4B03EB82035A6812B19968C0B2D0
S31508000C10904794B1234600201F28EAD813F0010F05
S31508000C20E7D101305B08F7E7103800EB40039B007B
S31508000C30B033024A13440433E6E710BD8415002096
S31508000C4008B50D480AF007F91A2002F02FFA28B954
S31508000C501B2002F02BFA40B9002008BD1A2002F02A
S31508000C6035FA1A2008F019FEF2E71B2002F02EFAD0
S31508000C701B2008F012FEEFE7ECBA00082DE9F04158
S31508000C8070B30C46174605460F292BD803784BB187
S31508000C90022B20D0032B21D0012B01D0002303E007
S31508000CA00F2301E040F2FF736A78D34013F0010F77
S31508000CB01AD00F4BD3F81063C6B90AF0BFF88046AE
S31508000CC03A462146284601F033FE40460AF0B1F876
S31508000CD03046BDE8F08140F2FF33E5E73F23E3E71E
S31508000CE02226F5E72126F3E72126F1E70226EFE794
S31508000CF000C0035040B310B5044603784BB1022B2D
S31508000D001DD0032B1ED0012B01D0002303E00F2397
S31508000D1001E040F2FF736278D34013F0010F15D05B
S31508000D200AF08CF8237862780121914003EB43039B
S31508000D301B01074AD1500AF07CF8002010BD40F28A
S31508000D40FF33E8E73F23E6E7222070472120F5E74F
S31508000D5040D0035040B310B5044603784BB1022B7C
S31508000D601DD0032B1ED0012B01D0002303E00F2337
S31508000D7001E040F2FF736278D34013F0010F15D0FB
S31508000D800AF05CF8237862780121914003EB43036B
S31508000D901B01074AD1500AF04CF8002010BD40F25A
S31508000DA0FF33E8E73F23E6E7222070472120F5E7EF
S31508000DB040E0035008B5084BD3F82404D3F82024A0
S31508000DC0104000F0553020F0502003F50053C3F8CA
S31508000DD02004FFF70BFF08BD00C0035008B5084BF9
S31508000DE0D3F82404D3F82024104000F0AA3020F0C9
S31508000DF0A02003F50053C3F82004FFF7F7FE08BD4B
S31508000E0000C00350F0B585B00C4694469DF83410E2
S31508000E10664A1278002A00F0BD800546BCF1070F25
S31508000E2000F2BA800A9A002A00F0B8800B9A002AC3
S31508000E3000F0B6800E9AB2F5006F00F3B380012871
S31508000E405BD05B4A02EB0C12127B002A00F0AC80E6
S31508000E5000220092019202920392564A02EB4C1E1D
S31508000E60002C4FD14FEA4C1600209051CEF80400C2
S31508000E70CEF80800CEF80C009EF8020040F01000EC
S31508000E808EF802009EF8030040F030008EF803004A
S31508000E9021B9C1B241F003018EF8031000930E9BED
S31508000EA0013B444A4FEA4C1002EB4C11165A63F3C5
S31508000EB00E1616520A9B8B600B9B4B60CB789DF8DF
S31508000EC03C2062F38303CB70012D36D0109B002B98
S31508000ED056D0374A4FEA0C1102EB0C1310985050B3
S31508000EE0119A5A6000249C605D7372466946604692
S31508000EF001F07AFC204605B0F0BD0C9A002AA0D174
S31508000F002D48F8E72B4F4FEA4C1607EB4C120020FA
S31508000F10B85150609060D060907840F010009070A2
S31508000F20D07840F00300D0700029B7D107EB4C12F7
S31508000F30C1B241F03001D170B0E70E460A7B42F0EB
S31508000F4001020A73D2B242F002020A73CA68042185
S31508000F5061F39F02F26006F1100796E80F0087E832
S31508000F600F00F2696FF0030161F39F02F2610C9BB7
S31508000F707361012CAAD10B9AB2610C9A7260A5E72B
S31508000F80002DA6D10B4B03EB4C139A786FF3041282
S31508000F909A709EE70948AEE70748ACE70648AAE70D
S31508000FA00548A8E70448A6E70548A4E7E91C002081
S31508000FB0EC170020EC160020018000F0028000F0FB
S31508000FC0078000F0134B1B78FBB110B50446F0B14F
S31508000FD009F034FF0023072B13D80F4A02EB03123C
S31508000FE0127B0AB10133F6E723600B4A190102EBBB
S31508000FF0031301241C730024545009F01AFF2046D9
S3150800100002E009F016FF054810BD05487047054877
S31508001010FAE700BFE91C0020EC170020048000F066
S31508001020028000F0018000F038B509F007FF044699
S315080010300023072B06DC0C4A02EB0312127B12B9BB
S315080010400133F6E7002222B1204609F0F2FE0748EE
S3150800105038BD01F075FB0025054B1D70204609F0CB
S31508001060E8FE2846F4E700BFEC170020058000F0EC
S31508001070E91C00200F4B1B78BBB110B504460728A6
S3150800108015D809F0DBFE0C4B03EB04131B7B1BB9CD
S3150800109009F0CFFE09480BE0074B03EB04130024C5
S315080010A01C7309F0C6FE204602E00548704705484D
S315080010B010BD00BFE91C0020EC170020068000F0D8
S315080010C0028000F0018000F000B583B0134B1B6866
S315080010D0019300238DF8043009F0B0FE104B1B78FD
S315080010E033B90F4B01221A7009F0A3FE002309E059
S315080010F009F09FFE0B480EE00B4A02EB0312002193
S3150800110011730133072BF7DD08238DF8073001A883
S3150800111001F03AFB002003B05DF804FB4CB9000867
S31508001120E91C0020038000F0EC17002010B5104CD5
S315080011302478BCB1072817DC0E4C04EB0014247B7A
S31508001140A4B10C4C4FEA001E04EB001C44F80E3008
S31508001150029BCCF804300024CCF8084001F044FB8C
S31508001160204610BD0448FCE70448FAE70448F8E7B7
S31508001170E91C0020EC170020028000F0018000F036
S31508001180078000F008B50A4B1B785BB107280BD817
S31508001190084B03EB00131B7B43B1002101F0E6FA71
S315080011A0002008BD0448FCE70448FAE70448F8E7C5
S315080011B0E91C0020EC170020028000F0018000F0F6
S315080011C0078000F008B50A4B1B785BB107280BD8D7
S315080011D0084B03EB00131B7B43B1012101F0C6FA50
S315080011E0002008BD0448FCE70448FAE70448F8E785
S315080011F0E91C0020EC170020028000F0018000F0B6
S31508001200078000F0F8B5194B1F6D5B6D1F4002D4BF
S315080012100125002402E0FEE701346D00072C24D8DE
S315080012203D42F9D0124B1D652301124AD358002BB3
S31508001230F2D002EB0416B1680131B160726820463B
S31508001240984780F00100C0B2737B012BE4D10028D7
S31508001250E2D0094B03EB44131A7B6FF341021A736E
S315080012601A7F6FF341021A77D6E7F8BD00000450DB
S3150800127000200450EC170020EC16002038B505466F
S315080012800C46164BD3F8283103F00703013B052B10
S3150800129020D8DFE803F003131B0F0B1709F09EFA9B
S315080012A0052305B1286004B1236038BD09F096FA14
S315080012B00623F6E709F0DCFA0723F2E709F0CEFA87
S315080012C00323EEE709F0CAFA0423EAE709F0C2FAAB
S315080012D00223E6E700231846E3E700BF0080005034
S315080012E030B583B005460C4600230193154BD3F859
S315080012F0203203F00703042B21D8DFE803F0030BA1
S3150800130011161B0001230DB1019A2A6004B123604E
S3150800131003B030BD002101A8FFF7B0FF1123F2E7A3
S3150800132009F0A6FA01900723EDE709F073FD01908D
S315080013300A23E8E709F0E6FA01900923E3E7002320
S31508001340E1E700BF0080005038B505460C460F4B54
S31508001350D3F8503203F00303022B12D0032B08D024
S31508001360012B0AD00023184605B1286004B1236072
S3150800137038BD09F052FD0B23F6E709F04BFD0A23A9
S31508001380F2E709F0BFFA0923EEE700BF0080005034
S3150800139038B505460C460C4BD3F8903203F00303D8
S315080013A0012B05D0022B07D109F062FA072305E0C5
S315080013B009F050FA022301E00023184605B1286017
S315080013C004B1236038BD00BF00800050024B4FF4C3
S315080013D080321A67704700BF00900050204B984231
S315080013E036D009D91F4B984236D01F4B984222D186
S315080013F01E4BD3F8D0007047A3F5B703A3F558637F
S31508001400984221D006D91A4B984212D1174BD3F8D5
S31508001410BC007047174B984202D0174B984203D12D
S31508001420124BD3F8A0007047144B9842F8D000200E
S31508001430704700207047124B984203D10B4BD3F8E4
S31508001440C800704700207047084BD3F8B8007047AB
S31508001450064BD3F8C0007047044BD3F8CC0070474E
S31508001460C0EA21010048E801005A62020080E00F44
S315080014700024F40080841E0000093D0040420F004D
S3150800148080BA8C0138B505460C46104BD3F80001D6
S3150800149000F00300032815D8DFE800F002080C1056
S315080014A0012305B1286004B1236038BD09F0D6F9D7
S315080014B00323F6E709F026FA0923F2E709F0D4F937
S315080014C00823EEE700231846EBE700BF008000502C
S315080014D038B505460C46174BD3F8200100F007002F
S315080014E0062823D8DFE800F0040A0E16121A1E0092
S315080014F0012305B1286004B1236038BD09F06EF9EF
S315080015000523F6E709F0AAF90323F2E709F0B0F98B
S315080015100723EEE709F09EF90223EAE709F05EF9E8
S315080015200623E6E709F09AF90423E2E700231846BA
S31508001530DFE700BF0080005038B505460C46104B63
S31508001540D3F8400100F00300032815D8DFE800F0BF
S3150800155002080C10012305B1286004B1236038BDC8
S3150800156009F058FC0A23F6E709F0CCF90923F2E753
S3150800157009F053FC0B23EEE700231846EBE700BF00
S315080015800080005030B583B005460C460023019311
S31508001590144BD3F8603203F00703013B032B1FD823
S315080015A0DFE803F0020E1914002101A8FFF790FFE7
S315080015B00F230DB1019A2A6004B1236003B030BD30
S315080015C0002101A8FFF7B8FF1023F2E709F050F948
S315080015D001900723EDE709F03DF901900223E8E7BA
S315080015E00023E6E70080005030B583B005460C4678
S315080015F0002301930C4BD3F8703203F00303012B3D
S3150800160009D0022B0DD114230DB1019A2A6004B119
S31508001610236003B030BD002101A8FFF78DFF10231A
S31508001620F2E70023F0E700BF0080005038B5054612
S315080016300C46104BD3F8600100F00300032815D8B8
S31508001640DFE800F002080C10012305B1286004B198
S31508001650236038BD09F0DEFB0A23F6E709F052F9E4
S315080016600923F2E709F0D9FB0B23EEE70023184616
S31508001670EBE700BF00800050324B984252D029D881
S31508001680314B984248D009D9304B984247D0304B15
S3150800169098421DD12F4BD3F8800070472E4B9842A5
S315080016A037D005D92D4B984210D12A4B186F704761
S315080016B02B4B984202D02B4B984202D1254B986D62
S315080016C07047294B9842F9D0002070470020704790
S315080016D000207047254B98422CD00CD9244B9842B1
S315080016E02CD003F5740303F5105398420FD1194B08
S315080016F0D3F8980070471F4B984217D01E4B984254
S3150800170003D1144BD3F88C00704700207047002093
S315080017107047104B586E70470E4B586F70470D4BFD
S31508001720986F70470B4BD3F884007047094BD3F872
S3150800173088007047074BD3F890007047054BD3F8DD
S31508001740940070470048E8010024F400C0EA21012B
S3150800175080BA8C010080E00FC0CF6A00405DC600E9
S3150800176080841E0000093D0040420F00007E56039B
S315080017700090D00380D54302006CDC0270B582B0BD
S3150800178006460D4600230193104BD3F8804104F01A
S315080017900304022C16D0032C0FD0012C07D00024EA
S315080017A00EB1019B336005B12C6002B070BD0021FB
S315080017B001A8FFF78DFE0F24F2E709F059F801900A
S315080017C00724EDE709F046F80190E9E700800050A4
S315080017D038B505460C46104BD3F8400200F0030016
S315080017E0032815D8DFE800F002080C10012305B11C
S315080017F0286004B1236038BD09F00CFB0A23F6E71C
S3150800180009F080F80923F2E709F007FB0B23EEE756
S3150800181000231846EBE700BF0080005038B50546A0
S315080018200C46134BD3F8000200F0070004281BD817
S31508001830DFE800F003090D111500012305B1286042
S3150800184004B1236038BD09F0E5FA0A23F6E709F082
S3150800185059F80923F2E709F0E0FA0B23EEE708F056
S31508001860E3FF800A0E23E9E700231846E6E700BFF0
S315080018700080005038B505460C46134BD3F80802CD
S3150800188000F0070004281BD8DFE800F003090D1153
S315080018901500012305B1286004B1236038BD09F09D
S315080018A0B9FA0A23F6E709F02DF80923F2E709F051
S315080018B0B4FA0B23EEE708F0B7FF800A0E23E9E730
S315080018C000231846E6E700BF00800050B0F5207FE9
S315080018D020D00ED8B0F5007F16D020D810B1B0F5BC
S315080018E0C07F04D10F4B186FC0F3033018E00020F7
S315080018F016E0B0F5607F05D10A4BD3F88000C0F337
S3150800190001100DE000200BE0064BD3F89000C0F361
S31508001910046005E0034B186FC0F3802000E0002048
S31508001920013070470080005038B505460C46174B05
S315080019304FF480329A660020FFF7C8FF05FB00F0D7
S31508001940134BDA6902F4803241F67131D9635B6868
S3150800195023F440136CB90F49884207D800210B437A
S315080019600B494B600AB10022CA6338BD4FF4801197
S31508001970F5E7002C07DD0849884201D80021EEE783
S315080019804FF48011EBE74FF44011E8E70090005060
S3150800199000000350005A6202002D3101430905D0A8
S315080019A0012B0DD0022B0DD0002200E0002200F002
S315080019B01F0049B102F58052012383401360704726
S315080019C0034AF4E7034AF2E702F50052F4E700BFD8
S315080019D0648000506880005008B5802007F0DBFC62
S315080019E0034B984203D8034B4FF480321A6708BD5D
S315080019F0005A620200A0005000B583B0002301938C
S31508001A00B0F5807F00F0AF8011D9B0F5086F00F00F
S31508001A10B48044D9B0F5286F00F0C38069D9B0F511
S31508001A20306F79D101A90020FFF7B2FC75E0802854
S31508001A3073D8242871D324385C286ED8DFE800F0E0
S31508001A404C4C4C4C4C6D446D98546D6D6D6D6D6D74
S31508001A506D6D6D6D6D986D6D6D39A76D6D6D6D6D77
S31508001A606D6D6D6D6D6D6D6DAC4C6D6D6D676D6D80
S31508001A705FB1A277776D6D6D6D6D6D6D6D6D6D6D09
S31508001A806D6D6D6D6D6D6D6D6D6D6D6D6D6D6D6D78
S31508001A906D6D6D6D6D6D6D6D6D6D6D6D7C00B0F5FB
S31508001AA0C06F65D00AD9B0F5E06F70D0B0F5F06FA9
S31508001AB017D101A90020FFF7B9FD2EE0B0F5A06FF8
S31508001AC060D0B0F5B06F04D101A90020FFF756FE2B
S31508001AD023E0B0F5806F20D101A90020FFF7F8FCBC
S31508001AE01BE0B0F5D06F18D101A90020FFF796FECC
S31508001AF013E0B0F5186F4FD0B0F5206F04D101A9E7
S31508001B000020FFF73FFD08E0B0F5106F05D101A9E9
S31508001B100020FFF7AFFE00E003D2019803B05DF89E
S31508001B2004FBB0F5386F23D0B0F5406FF5D101A9A5
S31508001B300020FFF7A3FBF0E71C4B1B6F03F007031E
S31508001B40013B032BE9D8DFE803F00B020508052360
S31508001B500193E2E703230193DFE708230193DCE718
S31508001B6002230193D9E701A9002007F0EFFBD4E788
S31508001B7001A90020FFF7E0FCCFE701A90020FFF745
S31508001B8081FCCAE701A90020FFF7AAFBC5E701A95E
S31508001B900020FFF71DFEC0E701A90020FFF7D4FBD0
S31508001BA0BBE701A90020FFF71FFDB6E7008000503C
S31508001BB0094B596E03F580534FF480325A66074A2B
S31508001BC0536A23F00103536211F4803F03D1044B97
S31508001BD04FF480325A6670470080005000C00750A4
S31508001BE000A0005038B504468020FFF705FF0328FB
S31508001BF000F0B580604B4FF480125A665F4B45F68D
S31508001C000E02C3F8802003F580524FF0A06191625E
S31508001C1003F500534FF480329A62584B9B6D13F4C8
S31508001C20803FFAD1554B9B6D13F0804FFAD122684D
S31508001C3063681B0543EA0263227B43EA0243627B2D
S31508001C4043EA0233A27B43EA8213E27B13434B4DFA
S31508001C502B61AB6903F00043226943EA8263626938
S31508001C6043EA0263227E43EA0243627E43EA022390
S31508001C70A27E1343AB614FF400624FF440614048C3
S31508001C8007F04BFB2B6A23F00F03E269002A46D1C3
S31508001C9011460B43E17E43EA81031A43374B1A6226
S31508001CA0E369002B3DD1354A916A364B0B4094F8CF
S31508001CB0201043EA411394F8211043EA011394F8DB
S31508001CC0241043EAC10343F4803393622B4B9A6D85
S31508001CD02D4B9343FAD1294A02F580514FF0807370
S31508001CE08B62136923F47003A06843EA00531361F7
S31508001CF04FF000438B6194F822301BB9234B4FF009
S31508001D0080729A6294F8233013BB204B4FF48032CA
S31508001D109A621A4B9B6D13F0804FFAD118E008218E
S31508001D20B7E7022B1CD0154A916A164B0B4094F85C
S31508001D30201043EA411394F8221043EA016394F809
S31508001D40241043EAC10394F8231043EA014393623B
S31508001D5094F825301BB1094B0D4AC3F8802038BDCD
S31508001D60064B00221A619A614FF408524FF47F41DC
S31508001D70084807F0D2FAD6E7009000500040005A0B
S31508001D803840005AC7FFFEFE030001000060005AF3
S31508001D90F1A7FFFF3440005A014B93F90000704742
S31508001DA0821E0020014B1880704700BF781E002055
S31508001DB0B0F5207F48D02DD8B0F5007F39D04CD863
S31508001DC010B1B0F5C07F24D110B54C1E07F0DCFA6F
S31508001DD007F0C7FCFFF7FAFA204A136F23F470439B
S31508001DE043EA0433136708F01FFD1D4BD3F884300C
S31508001DF013F0100FF9D11A4BD3F88410C1F38111DF
S31508001E00C1F1020107F0A2FC00F040F8FFF7E4FD7B
S31508001E1010BD7047B0F5607F0AD101390F4AD2F874
S31508001E20803023F0300343EA0113C2F8803070474C
S31508001E3070470139094AD2F8903023F0F85343EA3B
S31508001E400163C2F8903070470139044A136F23F4CE
S31508001E50806343EA81231367704770470080005008
S31508001E600040005008B50121022000F0F3F84FF4B5
S31508001E702070FFF72BFD044B187007F085FA07F062
S31508001E8070FCFFF7A3FA08BDEA1C002008B54FF45A
S31508001E90C07007F080FA054B984205D902214FF425
S31508001EA02070FFF785FF08BD0121F8E780F0FA02E8
S31508001EB010B5044608F0B8FC0F4BD3F8843013F07D
S31508001EC0100FF9D10C4BD3F88410C1F38111C1F16D
S31508001ED0020107F03BFC0121002000F001F924B1C2
S31508001EE0FFF7D4FFFFF778FD10BD044B19784FF4C0
S31508001EF02070FFF75DFFF5E700400050EA1C002060
S31508001F0070B50446FFF7B8FB0546364B4FF4C022BA
S31508001F105A6603F598335B68012B29D08020FFF7B2
S31508001F206BFD05282DD025F040752F4B9C422FD0F0
S31508001F302E4B9C422FD008F051FC064684422DD8E1
S31508001F402B4BDB6813F0060FFAD1294B9A689D6074
S31508001F509B686B4013F4F81F25D0254B9A603446CE
S31508001F608020FFF749FD052821D0B44235D970BD38
S31508001F70204B01225A60204B5B6813F0020FFAD1FE
S31508001F80CCE707F001FA07F0ECFBFFF71FFACAE700
S31508001F9045F00075CFE745F08075CCE7012120466E
S31508001FA000F09EF8CCE72046FEF708FED8E708F0D2
S31508001FB03BFC124BD3F8843013F0100FF9D10F4BBA
S31508001FC0D3F88410C1F38111C1F1020107F0BEFBF9
S31508001FD0FFF75CFFFFF700FDC7E70121002000F0CF
S31508001FE07FF8C4E70090005040420F0080841E002E
S31508001FF00000015000E0015000C0015000400050B0
S3150800200010B50446FFF7EAF90A4B4FF400225A6660
S3150800201020F04070084A944206D0084A944206D0F6
S315080020204FF0B442906010BD40F00070F8E740F001
S315080020308070F5E70090005040420F0080841E0033
S31508002040034AD36E23F0300301790B43D3667047F6
S3150800205000400050F8B50446204BD3F8843013F0FE
S31508002060100FF9D11D4BD3F88430C3F381139C426A
S315080020702DD008F0B9FB0646012C11D008F0D5FE84
S315080020800546164F07F500534FF000725A6620466C
S3150800209007F06EFB621E4FF4806393403B6706E0D1
S315080020A0012107F053FBE9E70C4BD3F884300B4BBF
S315080020B05B6E13F0007F05D1084BD3F8843013F01C
S315080020C0200FF1D0284608F0ABFE022C00D0F8BD50
S315080020D00021304607F03AFBF9E700BF0040005000
S315080020E010B50C46034650B1094A127812B1094A8E
S315080020F0934208D921460220FFF7ACFF10BD08F02D
S3150800210073FB0346F0E721460120FFF7A3FFF5E737
S315080021106C180020005A620238B52F4B4FF0004267
S315080021205A6603F50B235C6C04F001044AF6CD32BB
S315080021301A64E8B9294B5B6B13F00103FAD1274AF5
S31508002140556815F0010539D002F500520121516094
S315080021501A462249096B11F0010F04D120498A4217
S3150800216001D80132F5E71E498A422FD81D4625E0D7
S3150800217000231A4A126B12F0080F04D0184A934229
S3150800218001D80133F5E7164A934221D8134B03F5D4
S3150800219000522021916203F5805301225A600023E0
S315080021A000E001330D4A926A12F0200F02D10C4A60
S315080021B09342F6D90A4A93420CD8002514B1074B24
S315080021C0084A1A6401F0D4FE284638BD0725F5E703
S315080021D00725F3E70725F1E700900050004009506E
S315080021E03F420F003254FFFF10B51A4B4FF0004222
S315080021F05A6603F50B235C6C04F001044AF6CD32EB
S315080022001A6443785B0043F00103134AD363134B04
S315080022105B6B13F00B0FFAD1104A536823F4F8736B
S31508002220817843EA01135360C178437943EA01236D
S3150800223093600179837943EA012313610078FFF7F4
S315080022406BFF14B1054B064A1A6401F091FE012092
S3150800225010BD00BF009000500040005000400950DB
S315080022603254FFFF10B50F2800D90F20124B5C6EB1
S3150800227003F580534FF000425A6603F50B235A6C58
S3150800228002F001024AF6CD3119640C4B5B6B13F070
S31508002290800FFAD109490B6A23F00F0303430B6237
S315080022A00AB1074A0A64002C03DB064B4FF00042CA
S315080022B05A6601F05DFE10BD0080005000400950CE
S315080022C03254FFFF00A0005010B5134B5C6E03F5A7
S315080022D080534FF000425A6603F50B235A6C02F0FE
S315080022E001024AF6CD3119640C4B5B6B13F0800F73
S315080022F0FAD10A490B6A23F4F85343EA00230B621E
S315080023000AB1074A0A64002C03DB064B4FF0004269
S315080023105A6601F02DFE10BD00800050004009509D
S315080023203254FFFF00A00050084B98420AD0084BD1
S31508002330984209D003F58043984201D0002070479F
S315080023405820704756207047572070470000015B99
S3150800235000000A5010B5044607F00BFA042307E0FC
S3150800236004F5805304221A6104F500531A610B46DA
S31508002370591E002BF4D1202323610023E360A360B8
S3150800238041F202026261A3614FF4A0226262E36134
S315080023902362A362E3626363236504F5005202497C
S315080023A0D164236310BD00BFFF3F0D03F8B5044693
S315080023B015460846E1B1A36813F0010F34D06668E4
S315080023C0B0FBF5F0451E16F001062BD0636D13F031
S315080023D0280FFBD1A36C13F0030F0FD1A36C13F0D6
S315080023E0010F1BD1A36C13F0020F19D1002706E0C9
S315080023F02046FFF799FF06F0CEFFDCE705272046C3
S3150800240007F0B7F9236923F07F4343EA056323619D
S3150800241046B33946204607F0CBF923E00927EEE70D
S315080024200627ECE70027EDE76368A36803F0E003F7
S31508002430402B1DD017D9602B1ED0802B12D101231B
S31508002440400105FB03F3B0FBF3F020380B4A02EA20
S31508002450C002636D13F0010FFBD12263636D13F0A5
S31508002460010FFBD1F8BD2BB1202BFBD10823E7E7E1
S315080024700623E5E71023E3E70423E1E7F8FF7F00F7
S3150800248070B504460D461646436823B1636DC3F31B
S315080024900B03002BFAD12046FFF75CFF636923F490
S315080024A04C5323F00F036A7B1343EA8913432A8AA2
S315080024B013436361A36823F0804323F0E2032A7B76
S315080024C013432A7E13436A691343A360AB681BB997
S315080024D0A36843F00043A360EA69002A70D0A168A4
S315080024E0694B0B40117A43EA8153917A43EA414397
S315080024F0918801F4C0410B43517843EA8103517B2B
S3150800250043EAC103917B43EA0113927843EA8223A3
S31508002510A360E2685D4B1340EA6911690B43516990
S315080025200B43917943EA8123D27943EA4223E36054
S31508002530EB691B78012B01D0032B03D1E36843F029
S315080025400403E360EB691B78023BDBB2012B51D92C
S315080025504F4B9C426BD04F4B9C426AD003F580434D
S315080025609C4262D04FF0FF3303F593735B0103F18E
S31508002570A04303F5703302225A60EB695A7A04F5D0
S3150800258080539A62EB695B7A1BB1E36843F4006394
S31508002590E360EB69DB7A63B1E36843F40043E36025
S315080025A03B4B9C4247D03B4B9C424BD03A4B9C42C0
S315080025B04FD0636A23F00303EA69D27B134363624D
S315080025C03EB196F82030002B4AD004F580530122FC
S315080025D01A6204F5805301225A60AA68002A4ED16D
S315080025E02978204607F0E4F8A36CDB4313F4405F30
S315080025F0FAD170BD264B9C4213D0264B9C4212D072
S3150800260003F580439C420AD04FF0FF33A6335B01A3
S3150800261003F1A04303F5703302225A60ADE70223A3
S31508002620F4E70023F2E70123F0E702239CE70023FF
S315080026309AE7012398E7EB691B7B03F00F03174A18
S315080026405366B0E7EB691B7B03F00F03134A136766
S31508002650ACE7EB691B7B03F00F03104AD367A8E7C7
S31508002660E36923F0090396F82220134396F82120FC
S31508002670134343F0010304F58052D361A9E769685F
S315080026802046FFF793FEABE7E39BBDFFFFF9F08714
S315080026900000015B00000A5000400A5000900350F9
S315080026A0F8B504460D461E4617463AB1FBB1012257
S315080026B08A4000EB400109011D4B5A50072D1ED8D0
S315080026C0A90004EB44031B0107FA01F20F2000FAE4
S315080026D001F11848184407F0A2F83FB9FEB10122E3
S315080026E0AA4004EB44042401114B1A51F8BD0122F7
S315080026F08A4000EB400109010F4B5A50DEE7A5F16D
S3150800270008039B0004EB440C4FEA0C1C07FA03F27F
S315080027100F2199400948604407F081F8DDE7012256
S31508002720AA4004EB44042401034B1A51DEE700BF18
S3150800273040D0035034C0035040E003503CC003501F
S3150800274010B5162007F0A5F8074B00245C65FF2294
S315080027509A625C6021462020FFF720F92146212055
S31508002760FFF71CF910BD00BF0000045029B9044A40
S31508002770012303FA00F010607047024AF8E700BF29
S31508002780401004504020045010B504460121202072
S31508002790FFF704F901212120FFF700F9114B012267
S315080027A05A60227812069A606178A27842EA014253
S315080027B09A61FF229A6200229A631A644FF00042D5
S315080027C05A6503F500534FF0FF321A65162000F0DC
S315080027D07DFCE178162007F064F8162007F05DF80E
S315080027E010BD00BF0000045070B50C46C3B20125E9
S315080027F09D40214901F500531D65830003F1A0435F
S3150800280003F5882326685E60637B00EB400C01EBCA
S315080028100C1CCCF8603094F80AE0E37A1B0543EA0E
S315080028200E4394F80CE043EA4E53CCF85C3022F0A1
S315080028300302CCF8702008F001FB104B5D65237A83
S315080028400BB10E4B1D64637A0BB10C4B9D63237958
S31508002850A27942EA0342084B03F500518A6194F8CB
S3150800286005C0E27942EA0C4203F58054A2614D6341
S315080028709D6408F0DEFA70BD000004500010045094
S3150800288010B5C0B20124844008F0D8FA044B5A6D3A
S3150800289022EA04025A659C6208F0CBFA10BD00BF12
S315080028A00000045010B5C0B20124844008F0C6FAEE
S315080028B0084BDB6A234205D1064B5B6B9C4306D06B
S315080028C0002400E0002408F0B4FA204610BD0124D4
S315080028D0F9E700BF0000045070B50446C3B20125ED
S315080028E09D4008F0ABFA084B5E6B04EB440403EB1F
S315080028F004135C6E08F09DFA354203D1C4F30A103E
S31508002900013070BD0020FCE700000450074B4FF46F
S3150800291080325A6603F5E6239B69C3F385128270F3
S3150800292003F03F0242701B0B037070470090005083
S3150800293070B504460D461646037841782C4AD2F8F7
S3150800294010236A1E0E2A09D8DFE802F00A0A0A0AC4
S315080029500A0A0A0A0A0A0A0A0A0A0A00002200E0F9
S315080029602A463DB116B30120884003EB43031B01F9
S315080029702049C8506178072920D82378890003EBB5
S3150800298043031B018A400F2000FA01F11A48184434
S3150800299006F053FF4DB906B32378627801219140BA
S315080029A003EB43031B01134AD15070BD0120884035
S315080029B003EB43031B011149C850DBE723780839A9
S315080029C0890003EB43031B018A400F2000FA01F13B
S315080029D00B48184406F031FFDCE7237862780121BA
S315080029E0914003EB43031B01044AD150DDE700BFC6
S315080029F000C0035040D0035034C0035040E0035099
S31508002A003CC00350074B9B6813F0020FFAD1054BE5
S31508002A105B6813F0020FF5D1024BDB69002BF1D18D
S31508002A20704700BF00800A50074B5B68064B5B681F
S31508002A3013F0010F03D0044BDB69002BF6D1024BD0
S31508002A4002221A61704700BF00800A5008B5FFF7D6
S31508002A50D9FF034B03F5805101224A601A6108BD6C
S31508002A6000800A5008B5054B5B68012B00D008BDED
S31508002A70FFF7DAFF024B01225A60F8E700800A5096
S31508002A8000A00A5010B50446FFF7BCFF084B5B6868
S31508002A90012B05D0237843B10122054BDA6010BD1E
S31508002AA0FFF7E0FFFFF7AEFFF4E70022F5E700BF08
S31508002AB000800A5038B505460C4607F091FFDDB987
S31508002AC02378D3B10123626812B1127843EAC203AC
S31508002AD06278A2B102221343A26812B1127843EABD
S31508002AE08213E2786AB104221343226912B112787A
S31508002AF043EA4223044A936438BD0023E3E70022ED
S31508002B00E9E70022F0E700BF00800A5038B504461E
S31508002B1007F04EFA864658B9064DA446BCE80F009B
S31508002B200FC5BCE80F000FC59CE8030085E8030045
S31508002B30704638BD7018002047F6FF739A427DD05C
S31508002B4009297DD870B5414B13F801E0BEF1030F92
S31508002B5078D83F4B03EBCE0191F802C0604613F8D4
S31508002B603E30012B26D03A4B03EBCE035C68002C93
S31508002B706AD0B4F90030934204DBB4F902309342C8
S31508002B8000DC1346A288FF2A2CD000212826C8225A
S31508002B901D46D21A92FBF6F20A4412B22C4B03EBEC
S31508002BA0CE0393F801E0964501DD002A2FDA0EF1EF
S31508002BB0FF322CE0CB78A3EB0C0300249C420ED208
S31508002BC0191BA3EB5101224800EBCE00406830F9EF
S31508002BD01100904201DC0C46F0E74B1EEEE7634419
S31508002BE0D8B230E0B4F90620B4F908600121CFE77D
S31508002BF05C331849A1FB03139B09013212B216462E
S31508002C0096450FDD04EBC201898899420AD304EB85
S31508002C10C2018B68B1F9061001FB0533002BE7DA10
S31508002C200023E5E7013E04EBC604A2889A4200D3D6
S31508002C301A46944500D81046C0B204E0FF207047F3
S31508002C4000207047002070BD0020FCE750B900083E
S31508002C5070180020D34D621009296FD83A4B5B5C77
S31508002C60032B6DD8394911F8331001292AD010B42D
S31508002C70364901EBC3014C68002C63D0201D33494B
S31508002C8001EBC3018978914234D2304901EBC30183
S31508002C90C978914233D92D4901EBC30393F801C092
S31508002CA00CF1FF3C5FFA8CFCA388FF2B2AD000238B
S31508002CB0634529D2591C30F83110914224D3013387
S31508002CC0DBB2F5E7214901EBC301C978914200D28D
S31508002CD00A461E4800EBC3008078121AD2B2091AB7
S31508002CE08A4200DD0022194901EBC3035B6833F908
S31508002CF012007047B4F902005DF8044B7047B4F946
S31508002D000000F9E70123D3E74FF47A7101FB02F2D9
S31508002D1000EBC3004368D31AB0F9022002EBD27164
S31508002D2003EB610393FBF2F3B4F900009842E3DB8B
S31508002D30B4F902009842DFDC18B2DDE704487047B0
S31508002D40034870470248D7E750B9000870180020B2
S31508002D500080FFFF08B50348FFF7D8FE012007F0FB
S31508002D602BF908BD5CB9000830B583B0044669463E
S31508002D7007F020F900B1FEE79DF80030134A1278F3
S31508002D80934217D00C2B06D164251049204607F02C
S31508002D90FEF828B1FEE7204601F000F90546F4E7FB
S31508002DA02946204607F0DAF800B1FEE7074B1B78FC
S31508002DB00A2B01D003B030BD6946204607F0FAF861
S31508002DC09DF80020014B1A70F4E700BF981D0020FB
S31508002DD008B5024808F03FF808BD00BFE8BA000881
S31508002DE010B58AB0EC46194C0FCCACE80F000FCCE6
S31508002DF0ACE80F0094E803008CE80300144BD3F802
S31508002E004C3113F4002F05D0124B1C88FF2C05D922
S31508002E108C2403E00E4BD3F85041E4B28DF81940E8
S31508002E20FEF7BAFF241803D4FF2C02DDFF2400E0C6
S31508002E3000248DF818400848FDF7C6FE6846FEF7D8
S31508002E40D1FE3220FEF7AEFF0AB010BDB4BA0008B4
S31508002E500080E00F0001E00FC017530208B50248D2
S31508002E60FFF74EF808BD00BF00B4C40408B5024811
S31508002E70FFF7C6F808BD00BFC0EA210110B5FEF786
S31508002E80F1FF4E4C236F23F0070343F00303236738
S31508002E900020FFF70DF8236F23F474432367484B8C
S31508002EA0D3F8FC3013F0807F75D1464B0022C3F867
S31508002EB08020424CD4F8203123F0070343F0020364
S31508002EC0C4F82031D4F8283123F0070343F002036D
S31508002ED0C4F82831D4F8803123F0030343F0010302
S31508002EE0C4F88031D4F8903223F0030343F0010389
S31508002EF0C4F89032D4F8403123F0030343F00103B9
S31508002F00C4F84031D4F8603123F0030343F00103D9
S31508002F10C4F86031D4F8403223F0030343F00103C8
S31508002F20C4F84032D4F8003223F0070343F0010313
S31508002F30C4F80032D4F8083223F0070343F001033B
S31508002F40C4F80832D4F8503223F0030343F00103DF
S31508002F50C4F85032D4F8703223F0030343F0010367
S31508002F60C4F87032D4F8203223F0070343F0010383
S31508002F70C4F82032FEF71CFE4FF0E022136943F036
S31508002F8004031361D4F8603223F0070343F0010306
S31508002F90C4F8603210BD0A4BD3F8FC2022F08072C8
S31508002FA0C3F8FC20074A0021C2F88010D3F8FC2099
S31508002FB042F08072C3F8FC207BE700BF0080005017
S31508002FC000ED00E00090005008B5074807F043FF01
S31508002FD0FFF706FFFFF742FFFFF748FFFFF7F8FE88
S31508002FE0FFF74CFF002008BDE4BA000800B583B01F
S31508002FF0094B93E803000090ADF80410090C8DF80E
S3150800300006106846FFF7F0F80920FFF72BF90020AD
S3150800301003B05DF804FB00BFDCBA000810B582B047
S31508003020074A536F43F001035367002400948DF851
S3150800303004406846FFF704F8204602B010BD00BFFA
S3150800304000400050002808DB0901C9B200F16040C1
S3150800305000F5614080F80013704700F00F00090181
S31508003060C9B2014B1954704714ED00E0002807DB7C
S3150800307000F01F02400901239340024A42F820301B
S31508003080704700BF00E100E000280CDB00F01F02DB
S315080030904009012393402030034A42F82030BFF309
S315080030A04F8FBFF36F8F704700E100E04211064B68
S315080030B053F8223000F01F0023FA00F080F00100D8
S315080030C000F00100704700BF00E100E0002808DBBF
S315080030D000F01F024009012393406030014A42F87C
S315080030E02030704700E100E010B507F0A7FE0B4B53
S315080030F01B783BB9094B01221A7007F09AFE6FF04C
S31508003100040408E007F095FE07E00521204606F0CE
S31508003110C8FB013464B24B2CF7DD10BDEB1C002054
S3150800312010B5044607F081FE024B1C6007F078FED6
S31508003130002010BD9818002010B507F076FE034B46
S315080031401C6807F06DFE204610BD00BF98180020C9
S315080031502DE9F0418EB007460E4614461D46136803
S31508003160D3F8008091F83130002B48D00DF1180CB7
S31508003170DFF830E2BEE80F00ACE80F009EE80F006B
S315080031808CE80F00002300930193029303930493A2
S315080031900593A3680893237B012B3DD0022B3ED1D0
S315080031A04FF44073ADF82630607B06F07EFBADF831
S315080031B02800CDF834D001238DF80630A37B022BE6
S315080031C004D0032B02D0012B00D000238DF8003049
S315080031D0B36B6E4A1A60B36B6D4A5A60B36B0022C2
S315080031E09A60B36B6B4ADA6032462946384600F075
S315080031F0AFFA0746A8B138460EB0BDE8F0810DF122
S31508003200180CDFF8A4E1BEE80F00ACE80F009EE852
S315080032100F008CE80F00B5E74FF40073C2E70023F0
S31508003220C0E72369C5F8A430237E85F8AB30E37D73
S3150800323085F8AA30A37D85F8A930637D85F8A8307E
S31508003240A37E85F8AD30637E85F8AC30237F85F89C
S31508003250AF30E37E85F8AE302368C5F8A0304E4817
S3150800326007F0F9FD01230422A17D607DFFF718FA16
S3150800327001230222217EE07DFFF712FA002385F85A
S31508003280B030206907F0E7FD96F83130002B5DD0A5
S3150800329006A9404606F0B7FA95F8B03043F004039D
S315080032A085F8B030227D3D4B263203EB42121421BD
S315080032B05160617DA07D227D41EA004103EB421207
S315080032C0C2F8DC14E27D207E217D42EA004203EB4F
S315080032D04113C3F8D424A37B012B3CD0032B3AD04B
S315080032E0A37B023BDBB2012B42D995F8B03013F031
S315080032F0010F0CD0627EA17E237D42EA01425B016A
S3150800330003F1A04303F5703341F2CC415A5095F8C6
S31508003310B03013F0010F10D0237D204AA63302EBFC
S31508003320431302215960E37E207F217D43EA00434F
S3150800333002EB411241F2D041535008F50053184AA6
S31508003340DA640521404606F033FA54E706A94046F2
S3150800335006F05FFAA6E795F8B03043F0010385F862
S31508003360B03000230222A17E607EFFF799F9B7E705
S3150800337095F8B03043F0020385F8B03000230422F4
S31508003380217FE07EFFF78CF9AFE700BFD3980008EE
S3150800339073990008ED980008ECBA000800C00350BD
S315080033A0FF3F0D030CBB00082CBB000830B583B0EB
S315080033B0007D104B00EB400203EB0212D56E00EBCA
S315080033C0400203EB02131C6F0DF1070107F0C0FA68
S315080033D09DF807304BB904F00204074B9D4201D013
S315080033E0002003E024B1002000E0012003B030BD36
S315080033F00120FBE700000450EC1C0020037D0E4A68
S3150800340003EB430102EB0111C96E03EB430302EB25
S315080034100312136F03F00203084A914201D00020F9
S3150800342070470BB900207047036A006D984214BFB5
S3150800343000200120704700BF00000450EC1C00204B
S3150800344030B583B003464169026902F1FF3CC5689D
S315080034504C6F01F17C020020C86750609060D06014
S31508003460B1F87C006CF30E10A1F87C0091F87E0090
S3150800347040F0100081F87E0091F87F0040F030009F
S3150800348081F87F00C1F88050C1F88440012081F896
S315080034908C0091F878000093024B6431FDF746FEE4
S315080034A003B030BDD39C00082DE9F04184B0044632
S315080034B000F1380600F11808002585637560B560C7
S315080034C0F56090F83A3043F0100380F83A3090F8F7
S315080034D03B3043F0030380F83B30494FC76307642A
S315080034E0007DFDF74FFEA5637560B560F56094F83D
S315080034F03A3043F0100384F83A3094F83B3043F0FE
S31508003500030384F83B30E7632764207D00EB400320
S315080035101B0103F1A04303F58023DB6EBB4219D0E0
S315080035200DF10F0107F014FA9DF80F30ABB194F8BE
S3150800353044306FF3410384F844300094314B3246EB
S315080035402146207DFDF7F2FD207DFDF73BFE04B008
S31508003550BDE8F081FDF736FEF9E7204606F018FAD1
S31508003560054602A9207D07F017FA029B591E206915
S315080035700023A361E36123626362228B61F30E1267
S315080035802283A27E42F01002A276E27E42F0030275
S31508003590E276E0612562227D1B4902EB420001EBDF
S315080035A00010056FC5F3400594F8247065F34107CC
S315080035B084F82470A57E63F30415A576056FF8B222
S315080035C065F3000084F8240002EB420201EB0211C5
S315080035D00A6F9210616A62F39F01616294F844204F
S315080035E042F0020284F84420D2B263F3000284F85F
S315080035F044204FEAA808636C68F39F0363649CE75A
S31508003600EC1C00203B9B000800000450F0B589B074
S3150800361004460E46007DFDF7B5FD0DF11F01207D20
S3150800362007F096F9204606F0B3F90546236D83425E
S315080036304AD2A26C934216D0238DC3F30A1232449F
S3150800364062F30E132385236D1E442665A26CE36C74
S3150800365013449E426FD0236DAB426ED0207DFDF79A
S31508003660B1FD09B0F0BD701E276904F128030021D9
S31508003670A162E16221636163B4F828C060F30E1C9D
S31508003680A4F828C094F82A0040F0100084F82A000C
S3150800369094F82B0040F0030084F82B00E7622263BD
S315080036A094F82A2061F3041284F82A2023F00302EE
S315080036B0237D42F0020203EB43031B0103F1A043FF
S315080036C003F580231A67BEE79DF81F30B3B9227D3C
S315080036D01D4802EB420300EB0313596EC1F30A11AE
S315080036E031445B6E23F4FF4323F0700343EA01136E
S315080036F002EB420200EB02104366A4E70494134B64
S31508003700039300230293019601230093236902463B
S315080037102168207D05F0E6FD237D0B4A03EB430176
S3150800372002EB0111496E21F4801103EB430302EB0E
S315080037300312516687E722658DE7012384F8543022
S315080037402046FFF7B1FE89E7000004503B9B0008BE
S3150800375070B588B006460C461546A02200212046BC
S3150800376006F0FAFEA446AE46BEE80F00ACE80F0027
S31508003770DEF80030CCF8003004F1640C05F1140EC4
S31508003780BEE80F00ACE80F00DEF80030CCF80030D9
S31508003790AB6AA364EA6AE264236595F8302084F884
S315080037A0952095F8332084F89620C4F8983001239C
S315080037B084F89C3084F85430AB6B23663460374BFE
S315080037C07360374BB360374BF360374B7361374BD6
S315080037D0B361374B3361FDF777FC10B1354A904238
S315080037E053D1002107A8FDF7EDFB00284FD19DF81E
S315080037F01C302375002107A8FDF7E4FB00283FD1FC
S315080038009DF81C3084F87830207DFDF7BBFC002835
S3150800381040D1E36C0494284A039200220292019351
S31508003820012300932369A26C2168207D05F05AFDC7
S3150800383090BB237D03EB43031B0103F1A04303F570
S31508003840802342F264024FF480119950AB6B93F9CE
S315080038501000FFF73BFCAB6B93F9100006F01DF860
S3150800386004F1900005F02AFD3046FFF759FC204682
S31508003870FFF71AFE207DFDF7A5FC48B1102007E0EA
S31508003880207DFDF7F7FB102002E0102000E0102055
S3150800389008B070BD1020FBE71020F9E7E19A000890
S315080038A0F59A00089B9C0008859900088B990008E2
S315080038B0179D0008038000F03B9B00080346064A54
S315080038C010680344054A934202D8034A13607047B6
S315080038D04FF0FF30704700BFA01D00200080002079
S315080038E0BFF34F8F0549CA6802F4E062044B1343DD
S315080038F0CB60BFF34F8F00BFFDE700BF00ED00E0D0
S315080039000400FA05BFF35F8F074B5A6A22F4803228
S315080039105A62D3F8942022F00102C3F89420BFF328
S315080039204F8FBFF36F8F704700ED00E070B5FFF75C
S31508003930E9FFA0220021214806F01CFA204B214964
S315080039408B4206D021F01F02203AB2F1005F0FD356
S3150800395000E01D4A1D4D286842F001021C4CC4F8BF
S3150800396098001C4EC4F89C60C4F8A020013028605A
S315080039708B4210D01F3323F01F0343F00303134871
S3150800398002681349C1F89820C1F89C30124BC1F857
S31508003990A03001320260BFF35F8F0D4B0522C3F8DA
S315080039A094205A6A42F480325A62BFF34F8FBFF3AB
S315080039B06F8FBFF34F8FBFF36F8F70BD90ED00E031
S315080039C0401D0020201D0020008000209C1800209B
S315080039D000ED00E003000020E17F002010B4194B41
S315080039E05A6E02F4803203F580514FF480304866EF
S315080039F0586E4FF000434B66134B596C01F00101AA
S31508003A004AF6CD341C64104B5B6B13F0010FFAD1E8
S31508003A100E4B01245C600C4B1B6B13F0010FFAD0A4
S31508003A2011B1094B0A491964002803DB094B4FF009
S31508003A30004159661AB9074B4FF480325A665DF849
S31508003A40044B704700800050004009500060095040
S31508003A503254FFFF00A0005010B507F0EFF90446F6
S31508003A60144B1B78DBB9144A1360144A1360144AC2
S31508003A70136000F02DF8012007F010FB07F060F93D
S31508003A800246104B186078B100230F4840F2E73120
S31508003A9004F066FE0D4B1860064B01221A7020468C
S31508003AA007F0C7F9002010BD204607F0C2F9232009
S31508003AB0F9E700BFEF1C0020A8180020A418002072
S31508003AC0B0180020AC18002018FCFFFFA018002032
S31508003AD010B586B000248DF8144000940194029421
S31508003AE00394049401238DF80030164807F0B3F9BF
S31508003AF0BFF34F8F05A8FEF7C5FF8DF8004069464E
S31508003B002046FEF7D7FF0F21204606F07DFF0F213E
S31508003B10204606F07FFFFEF799FF0B4B5B6813F014
S31508003B20010F03D0084BDB69002BF6D1064B0022A8
S31508003B309A614620FFF7CAFA462005F0AEFE06B09F
S31508003B4010BD00BFE4BA000800800A502DE9F8430A
S31508003B50DFF860900646D9F8008008461746B8F19F
S31508003B60000F03D00E242046BDE8F88306B3336859
S31508003B7001331DD1E1B100F067F805460028F1D000
S31508003B80C9F8000000F086F8284606F061F90446F0
S31508003B9040B14046C9F8008000F07CF8284606F097
S31508003BA052F9E0E73560002FDDD02846B847DAE756
S31508003BB02124D8E7B4180020024B1868003818BF2B
S31508003BC001207047B418002038B505460C4601F0A8
S31508003BD0A9F838B1204602F0F7FD40F265124121F6
S31508003BE000F0FCF944B1236833B11B68013303D0F4
S31508003BF0E3680BB1A3684BB906F090FB00204FF4BD
S31508003C00C172412100F0EAF9212038BD204601F0B1
S31508003C10D9FB00230A4A85F83031C5E93743C2E99A
S31508003C20003363694BB1074A422110684FF4D272D8
S31508003C30C31A5842584100F0D1F90020E5E700BF01
S31508003C40401D0020F81A0020F8B5044607F0EDF8E4
S31508003C50002607460E4B1B6893B19E68AEB196F8D0
S31508003C602420D20711D435460FCC0FC50FCC0FC56B
S31508003C7023682B6096F8243043F0010386F8243035
S31508003C80384607F0CDF83046F8BD1B68E4E700BFB4
S31508003C90A81D002010B5044618B9054B054A13603F
S31508003CA010BD00F0FDF9D4F8E830002BF6D1F4E7A2
S31508003CB0339E0008A41D0020084B10B4002A14BF28
S31508003CC014461C46064B1C6019B15DF8044B06F0F9
S31508003CD006B908465DF8044B704700BF339E0008D6
S31508003CE0A41D0020D0F8E0302DE9F04105460C4629
S31508003CF013B1C38D8B424CD0D5F8DC30002B4BD09A
S31508003D009E68002E48D0D868002845D0013800B2F1
S31508003D1000281ADB002106E0128A591CA24217D293
S31508003D2009B2884211DB0B1803EBD3735B1003EB64
S31508003D30C30206EB8202B2F80EC003F1FF3EA445A9
S31508003D40EAD90FFA8EF08842EDDA2120BDE8F08133
S31508003D504FF6FF7299B29142F7D09BB203EBC303B9
S31508003D6006EB83062846B6F9122095F82411D5F8ED
S31508003D70F080FEF7E1FE0746B8F1000F04D00023F5
S31508003D80324628461946C047EC85C5F8E06085F8EE
S31508003D902D710020BDE8F0810E20BDE8F08100BF3E
S31508003DA02DE9F04782B004460F46164600F0AEFFEE
S31508003DB000286FD1494D2B68D4F8DCA0D4F8E080F0
S31508003DC00BB153456AD04FF00009AF6000F0B4FF5D
S31508003DD00128074604D001210022084600F0B0F960
S31508003DE02B68DAF80010D8F8002013B11868884252
S31508003DF05FD0204606F005FA94F82530C5E900A8F4
S31508003E0013F0010F0CBF32460122D4F8F05062F3CA
S31508003E10000384F825308DF80760002D50D0002265
S31508003E20204611460DF10703A847204600F06CFC12
S31508003E300546B9F1000F10D07EB9D4F88C3013BB03
S31508003E40012F06D0002D47D0254B002103205B68A3
S31508003E509847284602B0BDE8F087B5FA85F040F2E3
S31508003E60FA423321400900F0B9F83146204600F0FD
S31508003E705FFD1C4B05461B68414620469847D4F80B
S31508003E808C30002BDCD000224FF40073204600F063
S31508003E9017F9D5E70023114D6B608CE76B68002B8B
S31508003EA091D043458FD1AB689F4215D04FF0010999
S31508003EB08BE7696811B1096891429DD0596898E7FE
S31508003EC094F82A1094F82D313246994228BF19469B
S31508003ED0204600F06BFBA8E70025BAE7401D002046
S31508003EE0B01D0020A41D0020F8B50E46054606F0B4
S31508003EF09CFF314607462846FFF7F4FE044620B1E4
S31508003F00384606F08DFF2046F8BD00F0DFFE224653
S31508003F1031462846FFF744FF04460028F0D195F9B4
S31508003F202430002BECDA284606F0BFF90028E7D043
S31508003F302246284695F82C1006F075F90446DFE760
S31508003F4070B504460E4606F070FF31460546204613
S31508003F50FFF7CAFF044620B9044B01465B680320F5
S31508003F609847284606F05CFF204670BDB01D002025
S31508003F7010B5FFF721FE20B9054B1A68054B9A4282
S31508003F8004D1BDE81040044B1B68184710BD00BF9C
S31508003F90EC1D002000800040F01D002013B50446EB
S31508003FA0694606F007F8204606F08FF8FF2802460D
S31508003FB006D020469DF80010FEF74EFE02B010BD52
S31508003FC00048FBE70080FFFF08B50B460249194089
S31508003FD005F0F4FF002008BD0700110010B550B920
S31508003FE00548064B0160064802601868054B1860CC
S31508003FF0186805F03CF910BDAC1D0020B418002067
S31508004000BC1A0020B81A0020D0F8E43013B11A6898
S31508004010032A10D8094BDB6BC3F3C20213F0380F1F
S3150800402003F0070018BF504313F4E07FC3F382126E
S3150800403003D050437047986A400E7047008001B815
S31508004040431C07D06FF0FF02034B10405A62A3F5DA
S3150800405080535862704700BF00E000B8F8B50446C0
S315080040600F46164606F0E1FE0546A047044620B16F
S31508004070284606F0D5FE2046F8BD03F0BFFC04220C
S315080040800549D1F8003F23EA07033343C1F8003F47
S31508004090024B5A64ECE700BF003000B0002002B8BB
S315080040A038B10368044A002B08BF1346034A136055
S315080040B07047014BFAE700BF0BA00008C01D00209F
S315080040C010B4D0E9544122400B4052EA030104D00F
S315080040D003495DF8044B096808475DF8044B7047C7
S315080040E0C01D0020024B986F00F00F00704700BFFC
S315080040F0003F00B00F2938B505460C460ED800F02B
S315080041001BFE01280CD1074A2846936F23F00F039C
S315080041102343936706F0B1F8002038BD2120FCE759
S315080041200220FAE7003F00B0014BD86F704700BF86
S31508004130003F00B0014B0020D9677047003F00B030
S3150800414003282DE9F74F0C46914600F28780444B29
S3150800415013F800A0434B1E5C434B13F800B006F05F
S3150800416064FE804603F0FCFB074640B100230022AC
S31508004170CDE9003301200023002103F0CFF903F035
S31508004180F7FB48B100230022CDE9003300200023C5
S315080041904FF4004103F0C2F9002E52D0334BDD6CC8
S315080041A005F008050AEB0600314B23305844DD6458
S315080041B0C0B201F09BFD3146504603F081FC5A46D9
S315080041C03146504603F020FD2A4BDD64DFB12A4B09
S315080041D01868D0F89410F83002F068F9274908688A
S315080041E0FFF72EFF4FF0FF330B60254B1A68511C63
S315080041F006D06FF07E402349C863A1F58051CA6393
S315080042004FF0FF321A60B9F1000F04D01E4B00219F
S3150800421003205B689847B4B14FF480621B4B1D6F4F
S3150800422003F50053C5F380251A67404606F0F8FDE6
S3150800423000F082FD012808D15DB9002003B0BDE871
S31508004240F08F3546AEE72546EFE7002CF0D105207E
S31508004250F4E74FF480620E4B1A67EEE72120EDE78C
S315080042606CBB000868BB000864BB0008004000B8C7
S31508004270006000B8005000B8B4180020BC1D00202B
S31508004280B81D002000E000B8B01D002000C001B82D
S3150800429000D001B870B50D46064620B91A4B1B6802
S315080042A0A3B10E2011E000F047FD012829D1174BD4
S315080042B093F90040C4F12704641BC4F11C03002BC6
S315080042C0B8BF5B42232B0CDD212070BDA1F10B0387
S315080042D0002BB8BF5B42232BF6DC0C4B1970002071
S315080042E0F3E786F8275006F0A0FD094AE402136AA8
S315080042F004F4FF2423F4FF231C43146206F090FD04
S31508004300EDE70220E1E700BFB4180020F01C00200A
S3150800431000C000B80B4B08461A6D92020FD4D3F8AA
S315080043204021D1070CD4D3F83823D20708D4D3F8C0
S31508004330803013F4706F14BF0120002070470120ED
S31508004340704700BF004001B8F8B50D46D0F8943064
S3150800435002EA010423EA01032343C0F894303B4AE6
S3150800436001F00B0323EA0401D1642340A2F580522D
S315080043706F070646D36410D50121FFF7CBFF60B15E
S3150800438003F03CFB4FF4007314F0040F14BF304ADB
S31508004390304A13650422304B5A64E90606D514F0F0
S315080043A0100F14BF00221B222C4B5A652A0618D55B
S315080043B0230611D54FF40012254BDA6406F035FDB5
S315080043C00E210746032002F001F840F20122234B92
S315080043D03846DA6206F024FD214606F1F80002F0B6
S315080043E065F8EF0503D5E0052AD501F0DDFFA90537
S315080043F003D5A20527D501F0E3FF15F0600F0AD013
S31508004400D6F8E410304605F001FE8022144BC3F8B6
S315080044108800144B1A612B0510D503F0EFFA124ADF
S3150800442014F4006FD2F8003F14BF43F0006323F082
S315080044300063C2F8003F0422074B5A640020F8BD07
S3150800444001F0ACFFD3E701F0B5FFD6E7006000B88E
S31508004450005001B8006001B8002002B8004000B85A
S31508004460003F00B0000002B8003000B00A78022A07
S3150800447011D0101F4242424152004B781201022BC2
S315080044800BD0191F4B424B415B000549054842EAD0
S315080044908312FFF7E3BD0122EFE70123F5E700BF2B
S315080044A0F0FFFF00814D00080B78022B10D0181F73
S315080044B0434243415B004A78022A0BD0111F4A4205
S315080044C04A4152000F21044843EA8202FFF7C6BD5B
S315080044D00123F0E70122F5E7AD4D0008F8B50D78A0
S315080044E004460A2D0E4690F8247108D1062528465A
S315080044F000F080FF18B90135EDB20A2DF7D128462C
S3150800450000F078FF002848D094F82431AB4209D14E
S31508004510B288D4F8A4309A4204D17288B4F8263105
S315080045209A4238D084F82451B3882846A4F828310A
S31508004530738804F59275A4F82631B388C4F8A430B4
S31508004540FF2384F82B3005F014FF84F82A00284648
S3150800455001F00CF810BB284600F042FFF0B9D4F879
S31508004560E03053B194F82411B94206D02046B3F985
S315080045701220FEF7E1FA84F82D01204601F016F91B
S315080045800849A4F828010123074AD1F8FC1004F1C8
S31508004590F80002F09FFD0020F8BD21200C2384F8C6
S315080045A02431F9E7004F00B0983F00B070B50546D2
S315080045B090F824010C460C281FD0FF2901D1212090
S315080045C070BD1AB14FF0FF320D4B1A6005F0D1FEDF
S315080045D0064695F8240100F04BFF844228BF04469E
S315080045E0E4B2B44238BF3446E0B285F82B0001F095
S315080045F00DFAFF28E3D00020E2E70220E0E700BF3B
S31508004600C41D002010B590F8243104460C2B44D064
S31508004610D0F8E03080F82A10DBB3D0F8F020D2B911
S3150800462090F82D318B421CD300222046FFF7BEFF9F
S3150800463048BB1B4B1B78063B032B23D8204601F0AF
S31508004640B5F818490123184AD1F8FC1004F1F80006
S3150800465002F040FD16E0B0F94220B3F912309A4252
S31508004660E2DD0022204694F82D11FFF79FFF50B98E
S31508004670C4F8E000204605F03FFC4FF6FF73984269
S31508004680014601D1002010BD2046BDE81040FFF7C5
S315080046902BBCFF2380F82B30F4E70220F3E700BF9A
S315080046A07C1E0020004F00B0983F00B0F0B51D46B4
S315080046B0144B04461B780F46164685B05BB1D0F8F6
S315080046C0E030E3B102AAB3F912300092002205F0F5
S315080046D0C2F805B0F0BD02A905F06CFC9DF80810FB
S315080046E03A462046FEF728FA014626B92A462046C3
S315080046F0FFF75CFFEDE72046FFF784FFE9E718467A
S31508004700E7E700BF5AB90008F0B5D0F89C3095B075
S31508004710012B03D10025284615B0F0BD04467C4977
S3150800472005F05FFED4F8E0600146E58DC4F8E400C4
S315080047302EB133681BB15B68002B40F0A58006F0EC
S3150800474074FB01462046FFF75FFC0746084606F05D
S3150800475067FBD4F8E410B3898DF80E70EB1A9BB298
S31508004760D6E9012000FB03226A48ADF80C3003683D
S315080047700292994208D0204605F048FC80226649F4
S31508004780664BC1F888001A61654D644E00F0D4FA8C
S315080047900128FBD12B6CDA07F8D4736CDB01F5D44E
S315080047A094F82530DF070CD5D6F878215D4BC6F886
S315080047B0EC23D3F8F830D6F8A0209D06C6F8F023E7
S315080047C069D494F82530D4F8E4106FF3000384F81C
S315080047D02530204612919DF80E20029908AB02F06A
S315080047E0E5F880B900F0A8FA0128FBD14B4A4C49F4
S315080047F0536CD801FCD40B6CDB07F9D408A901A8C3
S3150800480002F01AFB18B10225284615B0F0BDE28D54
S31508004810454B5A6400F036FE054600287FF47BAF08
S3150800482094F8243060F3410384F8243000F034FB14
S31508004830D4F8E030411E5B69C9B21E68FD290246FC
S3150800484004962CD9F71C3DD938490136096818BF92
S315080048500126C81C42D85B68FF2A0491059344D1F7
S31508004860DF1C27D8204604A905F028FD002E7FF472
S3150800487051AFD4F8543198052AD494F8243043F02B
S31508004880020384F8243045E71A68032A7FF657AFEF
S315080048909F6A7F0E5FE7204600F088FF91E75B6816
S315080048A00128059304D0204604A905F007FD31E741
S315080048B00126D5E701331D4B5B6818D0D91C12D8E1
S315080048C00593CFE75B68FF280593F1D02A46EAE708
S315080048D020464FF4803105F07FFB1BE7FF2A5B6813
S315080048E00DD00593C2E7FF2AC0D10022BAE7DD1C26
S315080048F008D8204604A9059305F0E0FCB9E701228B
S315080049000593ADE7FF2AB4D10022204604A9F3E7B0
S31508004910FC4F00B0C41A0020003F00B0000002B8E7
S3150800492000C002B8004F00B0008001B8D01D0020BA
S31508004930F8B504460E4619B990F824305A0647D4F5
S315080049403B4B3C4A5B6A618EC3F3032313704FF6F5
S31508004950FF739942D4F8E47004D0374B1B680BB147
S3150800496020469847354D2B68BB4256D0344B1B68BA
S315080049703BB11FB13A68002A51D0BF683946204674
S3150800498098470727204600F011FF002E3BD0062047
S315080049902C4B94F9272093F900302549C3F12703B6
S315080049A09B1A0A6ADB0222F4FF2203F4FF2313434D
S315080049B00B62D4F8E420244B2A60986701F0BEF80D
S315080049C00122224B20461A7005F057FC0020F8BD3C
S315080049D04FF6FF7C66F38613154A80F82430536A2F
S315080049E0164D1449C3F30323D0F8E4700B702B68F3
S315080049F0A0F832C0BB4217D0114B1B68002BB8D1A8
S31508004A0000F0D4FE072712493B46124AD1F8FC109B
S31508004A1004F1F80002F05EFBB9E70127B2E7174692
S31508004A20204639469847ACE700F0C0FE0127EAE77A
S31508004A3000C000B8F21C0020CC1A0020C41A0020BE
S31508004A40C81A0020F01C0020006000B8F11C0020E5
S31508004A50004F00B0983F00B0054A12681AB190F8A6
S31508004A601E1119B91047084601F0C2BC0148704723
S31508004A70C01A002000FEFFFF404B2DE9F7431D68D2
S31508004A8001F4007900F00103174653EA09020646C5
S31508004A900C4640D04FF0000893B3002300220120B3
S31508004AA00021CDE9008802F039FD41462846FFF786
S31508004AB0D3FF012241462886104605F01BFAD5F891
S31508004AC0941005F1F80001F0F1FC2D490868FFF78C
S31508004AD0B7FA4FF0FF330B602A4B1A68511C06D001
S31508004AE06FF07E402849C863A1F58051CA634FF02C
S31508004AF0FF321A6095F8243043F0040385F8243011
S31508004B00B9F1000F07D00121284605F065FA24F40B
S31508004B10007406430C43324623462846FFF7D0FA6C
S31508004B2022044FF0000308D5CDE900330022002304
S31508004B3000204FF4004102F0F1FCFB070FD51349A2
S31508004B40134A08680021136811600121114A11707F
S31508004B5003B19847104B002102205B68984717F06D
S31508004B600E0F08D04FF409723B21002003B0BDE8B0
S31508004B70F043FFF733BA03B0BDE8F083B41800205A
S31508004B80BC1D0020B81D002000E000B8D01A002087
S31508004B90D41A0020F31C0020B01D002008B55822A6
S31508004BA00021064805F0D8FC1022FF21044805F02C
S31508004BB0D3FC03F09BFD002008BD00BF043F00B0F6
S31508004BC0483F00B073B581217A22A0F814118221DA
S31508004BD0C0F80021C0E9411264220C23C0E943222F
S31508004BE007224FF0FF35002680F824314FF6FF7371
S31508004BF00446C28700F14C0282641F4AC385A0F8A6
S31508004C00403080F82C3043864263038780F827605B
S31508004C10C0F8A450458502F0B3FE2046FFF7BEFF54
S31508004C200122164B2046C3F8382294F92710FFF7BD
S31508004C3031FB6023124A41F6FF71D3644FF03A42C2
S31508004C40116311670F4A2946D36440220E4B20464A
S31508004C505A64D4F89420FFF777FB0E230022CDE997
S31508004C60003340F202231046194602F057FC00F0C2
S31508004C70D9FB304602B070BD4000FFFF005001B8B6
S31508004C80004000B8005000B8002002B838B506F059
S31508004C90CCF84FF6FF710A4A13888B4203D106F007
S31508004CA0BFF80E2038BD074C074D1B046567A4F5F1
S31508004CB080546367118006F0B3F80020F2E700BF5E
S31508004CC07A1E0020006001B80000FFFF08B50C4BF3
S31508004CD0D3F84C21531C11D012F080420ED1094B47
S31508004CE01B681BB111460320FFF72AFA4FF08062B2
S31508004CF0054B1A6501225A6102229A6208BD00BF55
S31508004D000080E00FB4180020001002B84FF400220B
S31508004D10034B586C03F500535A64C0F3C040704700
S31508004D20000002B8034BDB6913F4401F0CBF0120D7
S31508004D30002070470080E00F0F4BDB68C3F3036366
S31508004D40013B0B2B0FD8DFE803F006060C06060618
S31508004D5006080A080808022070470420704705203C
S31508004D60704703207047054B5B6913F0060F0CBFAD
S31508004D7001200420704700BF000002B800C001B837
S31508004D80094AD368C3F303630B2B08D06FF490501A
S31508004D90184100F0010080F0010040007047506C97
S31508004DA010F48030EDD17047000002B80C4AD36881
S31508004DB0C3F30363062B07D8042BD8B20BD8C31E3C
S31508004DC05842584140007047072B06D1D2F868016F
S31508004DD00028ECD17047022070470020704700BFBA
S31508004DE0000002B8094BDB68C3F303639A1E012A65
S31508004DF08CBF00220122012B02701EBF4FF40262F3
S31508004E0022FA03F303F001030B707047000002B89F
S31508004E10FF28074B09BF0A6851F82020C3F87822F3
S31508004E204A6818BFC3F87822C3F87C22704700BFC7
S31508004E30004001B8144BFF281870144A144B09D1C6
S31508004E401821C2F8FC131022C3F8FC23114BD3F81F
S31508004E5074320DE0C0431821C00000F00800C2F803
S31508004E60FC13C3F8FC030028F0D10A4BD3F87832B8
S31508004E7040F2FF31054AC3F30903C2F80C11A2F543
S31508004E808052C2F80C317047F41C0020002002B88A
S31508004E90001002B80080E00F014B1878704700BF79
S31508004EA0F41C00204FF03A43D3F81421D2031ED540
S31508004EB04FF480320E49C1F81421A1F58051C1F88A
S31508004EC018215A6DD1B2C2F30722C3F8A410C3F849
S31508004ED0A4200422C3F8A4200022C3F8A420C3F8FF
S31508004EE0A420C3F8A420C3F8A420C3F8A4207047BC
S31508004EF0002000BAF0220B4B01219A64A022A3F5E8
S31508004F0080539A644FF03A43826CC3F8F410FC213C
S31508004F10C3F8CC10C3F8D0204FF40052C3F8F020E1
S31508004F20704700BF006000B8F8B50D464FF03A4428
S31508004F301746064605F079FF01230421074A6363ED
S31508004F40E76026616561C2F81411054AC2F8843122
S31508004F5005F066FF0DB102236363F8BD002000BAB1
S31508004F6000E100E02DE9F04105460124006800F063
S31508004F700700063004FA00F3A868EC685E1EA04233
S31508004F8062D000EA060E6C6810441E430640A3EB86
S31508004F900E000EEB040C8242644618D9D31A0EEBA7
S31508004FA0030298B1431E052B04D94B1CACEB030333
S31508004FB0022B59D80B460844ACEB010E03EB0E0145
S31508004FC013F8014B83420C70F8D101466C688AB11C
S31508004FD0531E052B01F1010302D9E01A022812D843
S31508004FE00A44611E00E0013313F8010C934201F8EC
S31508004FF0010FF8D105F019FF0223AE60AB62BDE8D8
S31508005000F04105F00DBF0B46204622F0030E8E44F4
S3150800501053F804CB734540F804CBF9D122F00303C7
S31508005020D01A920701EB030C04EB0307E2D0CA5C23
S315080050300128E254DED09CF8013002287B70D9D0D2
S315080050409CF80230BB70D5E7042A35D90878043AAB
S31508005050A86148780431A86111F8020CA86111F812
S31508005060010CA861A8688CE70B4620F003070F44DB
S31508005070ACEB010E1C684EF803400433BB42F9D171
S3150800508020F0030310F0030F01EB030EA0EB03045B
S315080050900CEB030728D011F80380012C0CF80380C9
S315080050A022D09EF80130022C7B7018BF9EF8023081
S315080050B0084418BFBB7088E7013A032A12D8DFE80C
S315080050C002F00F1507020B4613F8012B1946AA61C1
S315080050D00A4612F8013BAB61114611F8013BAB6178
S315080050E00B78AB61BDE8F08108446EE70A46F3E742
S315080050F038B50B46154601464FF03A4468B10122C9
S315080051001048C4F8F4201A46FFF72CFF25B14FF0D3
S315080051103A430422C3F8F42038BD73B1D4F8D82032
S315080051209A4284BF0122C4F8F4204FF03A42C2F8EA
S31508005130D4300223C2F8F430E8E70123C4F8F43087
S31508005140E4E700BFCC0000BA38B5044605F06DFEAA
S315080051504FF03A420121638F054651674BB3B3FAC4
S3150800516083F3C3F11903DBB2A069C2F8B410C2F81D
S315080051708C300723C2F89000C2F8B0304FF4A02351
S3150800518002F50052C2F81431A2F58052C2F818315D
S3150800519000220C4B1A600C4B5B6C5B0209D54FF472
S315080051A080020A4B04F1F8005A64D4F8941001F00E
S315080051B07DF94FF4E0232846E363BDE8384005F05F
S315080051C02FBE00BFD81A0020000002B8002002B87F
S315080051D02DE9F84305460C46B1B1D0F81880478F3B
S315080051E005F023FEB5F83CC0791E01EA0C0323F04E
S315080051F00702032C0646DFF8F8E042445ED1DEF8E3
S31508005200004024B905F00CFE0E20BDE8F88324F012
S315080052100104DEF8000020F00100A04253D100236B
S31508005220CEF80030238894426FEA43436FEA53432B
S3150800523023803ED1EB8F08EB07091846083880B261
S3150800524002F108044C4528BF4446082804D9B4F896
S3150800525000E0BEF5804F40D263440F431B1A3B4023
S315080052609BB2AB87E887947811884FF03A42C1F32E
S315080052700C019165C2F89830C2F8B0004FF480224C
S31508005280174B04F00704C3F814210122154BC3F881
S315080052908421FFF707FE042C0BD14FF48002124B32
S315080052A005F1F8005B6C114B5A64D5F8941001F0BF
S315080052B0FDF8304605F0B4FD0020A6E7601E01287B
S315080052C098BF1446A5E7E88F4344E31A48BFDB199D
S315080052D008389842A6DC304694E72246AEE700BF77
S315080052E0002000BA00E100E0000002B8002002B881
S315080052F0D81A0020154B10B51968CA8F8B8F488F9E
S3150800530013440138073B8C69034023F007031C4408
S3150800531002F108034FF03A429BB2CB87C2F8B0308D
S315080053204FF480220A4BC3F814210122094BC3F813
S315080053308421A07800F00700042803D1064AD36820
S315080053401B03FCD4054B1C6010BD00BFB41800201D
S31508005350002000BA00E100E0000002B8D81A0020D8
S3150800536010B5064C216839B1CB0703D4044B18682D
S31508005370FFF72EFF0023236010BD00BFD81A0020B8
S31508005380B41800204FF480320C4B0D49C3F818218D
S315080053904FF03A43C1F81421D3F8AC10D3F88C2057
S315080053A0012302F0070206329340C1F30C01083BC1
S315080053B0994201D8FFF776BD704700BF002000BAB2
S315080053C0001000BA054BA822D3F84C013121431C22
S315080053D00CBF0120C0F38070FEF700BE0080E00F0E
S315080053E0034B1A6802609B8883800020704700BFC1
S315080053F07C1E002010B50446084B063C9B6898475F
S31508005400074B032CD3F8F80706D800F4C020B0F5EC
S31508005410C02018BF012010BD0020FCE7F01D0020A9
S31508005420000002B80E4BD3F8FC37FF2B0ED0C3F39F
S31508005430421103F01F03013303EB4112FE2A88BF12
S31508005440FE23084A98BF03EB4113137041F66A021C
S31508005450054B1B68B3FBF2F3044A1360704700BFA1
S31508005460000002B8871E0020F81A0020DC1A002067
S31508005470063803289ABF024B18780020704700BFE9
S31508005480871E0020334BD3F8F827D3F8FC17324B86
S315080054901B68D3F8E43013B11A68032A2BD82F4BAC
S315080054A0DB6BC3F3C20013F0380F03F0070218BF13
S315080054B0424313F4E07FC3F3821000D04243C1F3A2
S315080054C04213022B234919D9062A37D9D1F8FC33B6
S315080054D013F0010335D14FF0E0702149092AC1F8CC
S315080054E02C012048C0F82C316FF0FF03C1F8283191
S315080054F01DD91D4B1DE09A6A520EE0E70023D1F82C
S31508005500FC13C907E7D5032A1CD84FF47C71144A43
S3150800551043F44C73C2F82C114FF0E071C2F82C1109
S315080055201049C1F82C316FF0FF03C2F828314FF447
S3150800553008530C4A0020C2F8283170474FF400037C
S31508005540DDE700234FF47C70054943F43873C1F84E
S315080055502C01C0E7000002B8B4180020008001B88A
S31508005560002002B8001002B8002DB00BF8B5834D24
S3150800557004462978002950D12C22814804F0ECFFF2
S315080055802378804FFF223B70638800247B807E4B04
S315080055904FF48150C3F8DC407C4B1A7007227C4BD1
S315080055A0D3F8F817D3F8FC6703F50053C3F8FC23C0
S315080055B04FF47072C3F82C21764A4903C3F8302198
S315080055C04FF00102C3F83421C3F86C014FF40060B0
S315080055D0A3F58053C3F86C0126D4C3F8FC234FF413
S315080055E0307216F0E00FC3F82C2108BF4FF4805232
S315080055F04FF0080008BFC3F86C21FCF765FE4FF4AE
S31508005600780420226449C1F86C213A78063A032ABC
S315080056102BD8DFE802F0156B6E7300235F4AC2F8D9
S31508005620FC305F4A1370ABE70421C3F8FC138021F2
S315080056300920C3F82C11C3F83421FCF745FEE0E72E
S3150800564016F0E00FC6F3421204D144F40C3444F4C5
S3150800565040740AE0012A1BBF2020524A44F4C13490
S31508005660C2F86C0118BF44F48024C1F83041FFF732
S3150800567009FF002839D14C4B1A68B2F1406F474AE6
S315080056805BD3D3F87C1201313BD0D3F87C12C9B274
S31508005690C2F8DC10D3F88032404ADBB24249C2F87D
S315080056A0E430D1F88432013343F63F7332D0D1F86F
S315080056B084421C40C2F8D840D1F888120B40C2F880
S315080056C0E030394BD3F88C1201312CD0D3F88C1238
S315080056D001F0FC01C2F8F010D3F8903203F0FC0395
S315080056E02E4AC2F8F43001232B70F8BD44F408346E
S315080056F0ADE744F4A73444F48074B6E744F4FE44B2
S31508005700B3E72349D1F82831DBB2C2F8DC30D1F847
S315080057102831C1E71E4CD4F824111940C2F8D81014
S31508005720D4F82411CAE71A49D1F8343103F0FC0336
S31508005730C2F8F030D1F83431D0E71549D1F8F84736
S31508005740D3F83012C9B2C2F8DC10D3F83432DBB25F
S31508005750C2F8E430630357BF43F62B3341F61B33D5
S31508005760C2F8D830C2F8E03049BFC2F8D830FC23B6
S31508005770C2F8E030DC23C2F8F030B1E7F61C0020AE
S31508005780D43F00B07C1E0020004001B8861E0020D1
S31508005790000002B800FFFF00001002B8003F00B08A
S315080057A0F51C0020002002B80080E00FD0F8A410F5
S315080057B04C22022938BF02212DE9F04F804690F885
S315080057C024A181480139C36CD0F8DC507F48C3F363
S315080057D08213DA40036898F82B708B42DFF828B2F8
S315080057E07B4B87B002F0010219D11C78944216D17E
S315080057F0784C2478544512D1D8F8A8407CB1AC42EC
S315080058000DD1754CD4F8F840A60608D4734C247804
S31508005810BC4204D1BBF8040007B0BDE8F08F0160B4
S315080058209BF800001A70FFF723FEFF2F81466A488F
S3150800583040D1AAF10603032BD0F8F800684B09D922
S3150800584085064DD540F2FF30C3F88800FB0843F4BF
S31508005850407309E0840642D540F2FF300127C3F8B9
S315080058608800BB0843F438735E48C0F888305C4B40
S315080058700120C3F8E0005C4B1E6840F27123B6FBBA
S31508005880F3F619234E43B6FBF3F65AB3D8F8E450A9
S315080058902DB12B68082B40F2948095F8385029468C
S315080058A005A8059604F041FD0602059C46F011067A
S315080058B02D043CE009F1FF33BB4228BF3B46012BD0
S315080058C038BF0123D0F8F800DFB2800608D540F2C9
S315080058D0FF3443481B06C0F88840B7D4C1E7012700
S315080058E0404BC5E7414B9821A3FB062303A8039326
S315080058F004F01BFD039C3E4A361BA2FB06120190D0
S31508005900342104A8049204F010FD049D0090761B2F
S31508005910302105A8059604F008FD019B009A1E0291
S31508005920059B2C4446EA0216324D06431C44324B6C
S3150800593040F6970218682B21003818BF0120FEF799
S315080059404DFBFA222C4B02FB04F01B6840F6FF7253
S31508005950B0FBF3F00A235843214B00F57A74C3F8D9
S31508005960D820A3F58053C3F8D860A3F58053C3F8AD
S31508005970DC50224B224E1B78C6F8D4700BB9C6F8F9
S31508005980FC7086F8FB9000F58C50C8F8A8501D4DA1
S3150800599014302C6001F028FB4FF47A72C6F8980090
S315080059A0C6F8EC002B680D49B3FBF2F3ABF80430EC
S315080059B0084BB4FBF2F083F800A098F82B300B7074
S315080059C02AE700256BE700BF004001B8C41D002088
S315080059D0F71C0020851E0020004F00B0841E002002
S315080059E0006001B8005001B8F81A002069C2F568CD
S315080059F0B97A146E3064FC00DC1A0020F51C00200D
S31508005A00003F00B0E01A00207C1E002010B5104BA5
S31508005A10024618780F4C0C2802D1FF20207010BDC2
S31508005A20831F042B34BF0121FF21FFF721FD90427C
S31508005A3028BF1046C0B2884238BF0846237883423A
S31508005A40EDD0054B20701868FFF7B0FE2078E6E722
S31508005A507C1E0020861E0020B418002008B50E4BB8
S31508005A60024618780C2812D0FF2A13D0FFF700FD3B
S31508005A70904228BF1046C2B2012A38BF0122074BFE
S31508005A80C3F8FC200123064910460B7008BD002305
S31508005A90FF22F8E70023F6E77C1E0020003F00B04F
S31508005AA0F51C00200020044B1870044BD3F8D420B2
S31508005AB0C3F8FC20704700BFF51C0020003F00B06B
S31508005AC010B50446FEF778F878B1154B1B786BB914
S31508005AD064B1144B1B784BB1134B1B78013B012B5C
S31508005AE004D84FF40042114B1A6510BD104B1B6DBC
S31508005AF01B04FAD405F099F9044601F07FFF4FF428
S31508005B0000420C4B2046BDE810401A6502220A4B9B
S31508005B10C3F824250422054B5A6405F081B900BF51
S31508005B20F81C0020F91C0020E41A0020002002B806
S31508005B30000002B8001002B800D00350054BD3F895
S31508005B40843013F0030F4FF4802314BF024A034A2C
S31508005B5093647047004000B8005000B8006000B871
S31508005B60594B2DE9F34193F82E800646B8F1000FFC
S31508005B7040F0A8809B68554C984701213A20FBF7CE
S31508005B800DFF534B2578534F1E7085BB2846FFF7EC
S31508005B9097FF2378013B012B19D8E37B01A88DF8E1
S31508005BA00430237C8DF80530FBF7D4F8C7F8245564
S31508005BB04FF6FF72484BC3F88420F822A3F58053AA
S31508005BC0C3F884200022434BC3F824250DE04FF682
S31508005BD0FF72414BC7F82455C3F88420F822A3F571
S31508005BE08053C3F88420C7F824553C4B5BE04046F5
S31508005BF0FFF766FF2378013B012B08D8E37B01A852
S31508005C008DF80430237C8DF80530FBF7A3F80023C4
S31508005C10C7F82435002ECBD062685AB3304B1B68C0
S31508005C2003EB5203B3FBF2F3013B1B0243F0F80309
S31508005C3026782949022E2B4A1ED0032E4FF6FF75C9
S31508005C40244826D0012E37D143F00203C1F88450E8
S31508005C50C2F884300723C0F82435E37B01A88DF801
S31508005C600430237C8DF80530FBF744F80120FFF754
S31508005C7027FF17E0F823DBE74FF6FF7043F0010331
S31508005C80C1F88400C2F884300622124BC3F82425D2
S31508005C90E3E743F00503C1F88450C2F884300423CF
S31508005CA0C0F82435104B4FF080421A65FFF746FFBF
S31508005CB0002002B0BDE8F081C1F88450C2F88430F3
S31508005CC00023EDE70E20F4E7F01D0020E41A00207B
S31508005CD0F91C002000C00350006000B8002002B87C
S31508005CE0F81A0020005000B8001002B8034B1B6DCC
S31508005CF0002BBCBF024BC3F888007047000002B8EF
S31508005D00004000B8304B2DE9F047DB6898474FF460
S31508005D107A762E4BB0FBF6F618604FF4FA73734397
S31508005D2007462B48190E1B0218182A4A4FF000037B
S31508005D3041F1000102F014FD274BA0F580720546DB
S31508005D401A6320B948222B21FEF748F901254FF49A
S31508005D507A724FF0000A6A4353465008310202F03D
S31508005D60FFFC1D4B1D4AB7F57A7F9A601C4B4FEA1C
S31508005D70056819601B4B8946044618604FEA1525C5
S31508005D8005D29B222B215046FEF728F901264FF40F
S31508005D907A73A8FB030103FB05117308C01841F1C8
S31508005DA000010023324602F0DBFC0F4B0234196077
S31508005DB00E4B49F10009A408186044EA8974064B99
S31508005DC0013C9C63BDE8F087F01D0020F81A00200E
S31508005DD020A1070040420F0000C001B802110100CF
S31508005DE0081B0020041B0020001B0020FC1A0020B2
S31508005DF01022044BC3F884215A600122024BDA6050
S31508005E00704700BF00E100E000C001B838B50125C1
S31508005E100A4B02019D504FF480730446084A83409A
S31508005E20536605F002F8074AA540137823EA0503E6
S31508005E301370BDE8384004F0F3BF00BF00E101B8B5
S31508005E4000E001B8021D002038B504F0F7FF084B42
S31508005E50084A1D6A92F8CD405A6EE4B2520744BF0A
S31508005E601D6A013404F0E5FF284604F0030138BD35
S31508005E7000C001B8003E00B0064B1B68434303EB65
S31508005E808171054B1B68A3FB003013F1004341EBFE
S31508005E9000007047001B0020FC1A00200C4A20F066
S31508005EA04043014610B5002014684FF00042E4FB59
S31508005EB00320084A890F126802FB0300064B9B6BF6
S31508005EC0984204D901330131C01A01F0030110BD0B
S31508005ED0041B0020081B002000C001B8044B01F079
S31508005EE0F071103041F0030100011950704700BFEE
S31508005EF000C001B808B52220FFF7F8FE4FF480224B
S31508005F00014BDA6008BD00BF00C001B8836833B131
S31508005F100549C268096803F13043032A00D8704767
S31508005F2043F8041B043AF8E7241E002070B5164609
S31508005F30054600B3F9B1F2B14268104B0068033266
S31508005F401B68920800F130409847044688B9EA6809
S31508005F50A86803323146920800F1304004F025FA69
S31508005F60044630B9D5E90402214600F1304004F070
S31508005F70F3FA204670BD2124FBE700BFCC1D0020A4
S31508005F8070B50C68651C15D0C4F302669E42C4F34E
S31508005F90074530D1A4B294422DD804EB8506B24207
S31508005FA029D2141BA50824F003040E59340F04D073
S31508005FB0012C08D00022212402E06B1C51F8232072
S31508005FC0C0E9002470BD0E4C34F8133042EA03438E
S31508005FD01A686B1C51F8234001EB83014B68224079
S31508005FE05E4036F0704404D11B0F032B04BF8B6848
S31508005FF01A430024E4E7013501EB8501C1E700BF38
S31508006000A0BB000807B501A8FCF780FC42F2010214
S315080060100C4B0D49C3F870224FF4FC72C3F8E0200C
S315080060205822A3F58053C3F8E020084AA3F61C7348
S3150800603052F8040B43F8040B8B42F9D103B05DF810
S3150800604004FB00BF006001B8104101B874BB00082A
S3150800605070B50324134E144DB3689847134A144B6E
S315080060601A6500F09BFFFFF7CDFF124BC3F81041EE
S3150800607001232B65336898474FF460736B614FF4BF
S3150800608000732B65FEF708FF0021FEF7D3FE80227A
S31508006090094B1C64A3F580535C64084BC3F8842140
S315080060A05A6070BDF01D0020001002B80048F000CC
S315080060B0000002B8005001B800A0095000E100E055
S315080060C02DE9F04705460E461446DFF88480DFF8CA
S315080060D084901E4F88B01CB9204608B0BDE8F087EA
S315080060E0B4F5006F4FF010024FF000016846A24663
S315080060F028BF4FF4006A04F02FFA08238DF8003001
S315080061000AF1FF339BB2009A1B0143F0036302EACC
S31508006110090203EA08031343102200210DEB0200CB
S31508006120CDE90036029504F017FA6A46387804A9CC
S31508006130FCF75AFBA4EB0A0406EB8A0605EB8A056C
S315080061403878FCF7AFFB0028FAD0C4E7881E002091
S31508006150F07F300C0F80CFF3002210B5274B284C68
S315080061605A649A64DA6494F82D2003F5805312B1C0
S315080061704FF000721A6594F82E20002A39D04FF491
S3150800618000421A6594F830302BB14FF480521D4BFB
S315080061901A65A36A984794F831201A4B12B14FF43E
S315080061A000521A6501225A6102229A62134AD3687A
S315080061B0C3F303630D2B01D0002BF8D11123124929
S315080061C0D3631248124AFFF7B1FE01F03FF81148AF
S315080061D0FFF79CFE1048FFF799FE1048FFF796FE5A
S315080061E04FF08062074B5A61012203F580535A61CA
S315080061F010BD01213A20FBF7D1FBC3E7000002B826
S31508006200F01D0020001002B814BC0008F8BB0008F6
S3150800621010BC0008C8BB0008E0BB0008B0BB0008FB
S315080062200F4B10491A68012302F58052C2F88032D2
S3150800623091660D4A53600D4A53600D4A5360A2F5A4
S3150800624080425360A2F54042536002F5C032536063
S3150800625002F580425360A2F500425360704700BFC2
S31508006260EC1D0020FF0B001600D000B8001000BA85
S31508006270005001B808B504F0B7FA044B1B681B6F49
S31508006280C3F300430133B0FBF3F008BDEC1D002057
S3150800629070B5044698B1B1B13A4A52F8043B834204
S315080062A013D10023384A116CC907FCD4374800EBD0
S315080062B0830004F083F8364B106001221A6470BD1F
S315080062C001330C2B02D1334D2CE0012352F8041B69
S315080062D0A142F5D1304A32F81330E3E7C2F301633D
S315080062E035F81300110C93B211F0FE0F43EA004380
S315080062F0606820D00434CAB2022A216808D9D4E9D1
S315080063000160033AC3E9001698600C340C33F3E7CE
S3150800631004D16268C3E90012083403E0012A01D1F6
S31508006320043419602268531CD8D10022164B1A600F
S3150800633003F58053C1E7120F072AEDD8DFE802F00C
S315080063400704090D1013181DC04303F50053186000
S31508006350E2E71A6842401A60DEE703F58053F6E77B
S3150800636004F018F8D8E7012203F580538240F2E7D3
S31508006370012203F500538240EDE71A6830EA02026B
S31508006380FBD1C9E70C1B002000C002B8404000B092
S3150800639000D002B8A0BB0008CE1C00200122014B89
S315080063A01A657047001002B80122014B1A6570473A
S315080063B0002002B84022014B1A657047002002B837
S315080063C04022014B1A657047001002B8064BDB687D
S315080063D0C3F30363984206D1044A936F23F0F0038C
S315080063E043EA011191677047000002B8003F00B008
S315080063F02DE9F743064603F0C6FF00248046DFF87A
S31508006400909004F012FD0DF1070105460DF1060006
S31508006410FEF7E8FC9DF806308BB9721C29D003F00C
S31508006420B2FFA0EB0804284604F0FAFC9DF80630F3
S3150800643013B99DF807303BB3A642E2D824E0D9F851
S315080064400C3013F4603FE8D0D9F8180004F009F8C6
S31508006450731C074603D003F096FFA0EB08042846F2
S3150800646004F0DEFC17F5007FE0D0384603B0BDE83F
S31508006470F083284604F0D4FC9DF80630002BC0D1E2
S315080064809DF80730002BBCD1004FEEE700FEFFFF5A
S3150800649000C000B8044BD3F8B03010B1C3F30332D0
S315080064A0027003F00F007047000002B8064B01F0B7
S315080064B080015B6C03F480030B4302BF4FF40012A8
S315080064C0024BDA64704700BF000002B8006001B8EA
S315080064D04FF0B052024B1B6803F580539A6670471B
S315080064E0EC1D0020044B1B68986E00F0B05000F1BC
S315080064F06A43584258417047EC1D00200F4B1B78E1
S315080065008BB1012B11D10E4A012102F580528B4223
S3150800651091600FD80A4A0B49002B08BF0A469368B0
S315080065209B07FCD47047074AEEE700224FF48053D6
S315080065309A60FFDE00239B68FBE700BF031D00206F
S31508006540004003B8000003B838B50B4B0B4C0028C5
S3150800655018BF1C46A569E3691D4007D0084B1B6890
S315080065602BB12846984704F50054A56138BD6B053C
S31508006570F9D5FFF7C3FFF6E7004003B8000003B8F4
S315080065803C1B00204FF604014FF60502044B012080
S315080065901B6C9BB28B4208BF1346024A13667047B0
S315080065A00080E00F00C001B8034B1A6E596E03F560
S315080065B000530A401A66704700800A5030B54FF0FB
S315080065C04044114B1A68D2F8883002F50055C5F8D0
S315080065D0A040C3F38803C5F8A44091B1B3F5D17FB1
S315080065E028BF4FF4D173D52B38BFD52303F1460501
S315080065F0A3F1460141EA0541D16702F58052C2F886
S31508006600A4400380002030BDE81D00204FF48022FE
S31508006610034B00201B6803F581539A61704700BF3E
S31508006620E01D002073B50446234B244D9B6898470C
S3150800663001213A20FBF7B2F9E1782279286841EA84
S315080066400243C0F8F435E679A37943EA0643C0F86D
S31508006650F83523784BB18DF8041004218DF8052000
S315080066600DEB01000022FAF709FB63785BB1042100
S31508006670A37900228DF80430E3790DEB01008DF83B
S315080066800530FAF7FBFA2B682178012203F5BE6379
S3150800669059B103F580510A606178022241B103F5C8
S315080066A0805300201A6002B070BD03F50051F2E76E
S315080066B003F50053F5E700BFF01D0020E41D002098
S315080066C04FF08042034BC3F88020BFF34F8FBFF3D0
S315080066D06F8F704700E100E04FF08042014B1A606F
S315080066E0704700BF00E100E0124A10B5D2F84C31FD
S315080066F05468D269104912F4401F0FD15A1C0DD1A3
S3150800670024F0404424F44004240C24040B4803F0E9
S31508006710C2FE2146BDE8104003F0BDBE084A194036
S315080067209442F3D103F4FE43B3F5807F08BF41F4E6
S31508006730A061EBE70080E00FE0FFF01FCF13468B68
S31508006740140015012DE9F0470C4681B1B1F1006F2F
S315080067500DD31C4BCA1C9A4209D84FF0000844F6C0
S31508006760FC7654F828104FEA88094B1C01D1BDE87D
S31508006770F08703F090FEC1F30263032B844608F109
S315080067800107C1F3074514D18BB2F31AB5EB930F82
S315080067904FEA930A0DD909F104015246214403F040
S315080067A095FE844608F10208013D08EB0A07A5EBA9
S315080067B00A052A46604604EB870103F087FE07EBC5
S315080067C00508CEE7FFFF07082DE9F041044668B142
S315080067D0B0F1006F0AD3254B00F117029A4205D88B
S315080067E0234B244A19780023994224D800252427C4
S315080067F0FFF77AFF2168FFF7A5FF6168FFF7A2FF99
S31508006800E668AE4221D12269111A4B424B41B4F1D6
S31508006810006F15D3154904F117058D4210D8824229
S3150800682022D1134A1378052B09D8124941F8234077
S315080068300133137003E052F8040BA04203D101237D
S315080068401846BDE8F0810133CEE707FB05F3A268D9
S315080068500135D15802EB0308FFF774FF042208EB51
S31508006860020103F033FECCE70023E9E7FFFF070840
S31508006870051D0020401B002070B52C4B0C461A78CD
S315080068801AB92B4AD2F86C221A702A4A126D520586
S315080068904AD51D78284B05F00F06B0FBF3F04043A8
S315080068A04FEA151505D140F27C622B21FDF796FBC0
S315080068B00120224A0A217243B2FBF0F34843B3FB94
S315080068C0F1F602EB5002B2FBF0F201FB1633042B91
S315080068D0D2B207D8C3EB8310C3EB80035BB283B98C
S315080068E06DB217E0C3F10B0303EB8303DBB2B3FB13
S315080068F0F1F32B44DDB20F2DF2D9013AD2B2053DA0
S31508006900EEE7053B5BB293FBF1F31D44EBB26DB2C8
S31508006910002D04DB002042EA0512226070BD013218
S315080069200533D2B25DB2F5E70220F7E7061D00206F
S315080069300080E00F000002B8403B250080969800D2
S31508006940F8B50B46002213F8044B944225D91D6866
S31508006950854224D106245A791D79124B88181E6857
S3150800696004FB0503104F33F8063C7B43B3420ED9AC
S3150800697000238A5A7A43964202D804FB0300F8BDDC
S315080069809D42FAD9013304FB03F2825AF2E740F238
S3150800699044423D210020FDF721FB0020EFE70833A4
S315080069A00132D2E7581B002040420F0000202DE993
S315080069B0F04FA2FB016AB94FDFF824C3F7191D4649
S315080069C06AF10003BC4570EB030383B008D240F2BA
S315080069D03E220E21FDF702FB022003B0BDE8F08F30
S315080069E0D5F828908B461446B9F1000F04D0D9F88B
S315080069F00030032B00F29381A94BAA4A9B6BD2F86D
S31508006A00FC90C3F31408A84B1B6F59074EBF4FF4ED
S31508006A1040039B0503F0E07348EA0308A34BD3F849
S31508006A20EC305A0048BF48F0807848EA446803F0DA
S31508006A3015FF0746002CCFD00028CDD09C4B6E62A0
S31508006A40C3F800B09B4B984200F0B18103F51223BE
S31508006A5003F5F863984200F07381974B984200F06B
S31508006A60B1810246002300204FF0007101F078FE44
S31508006A700023013006FB03F300FB0A33A6FB0002E2
S31508006A801344203389499B092B60D1F8ECB3D1F81C
S31508006A90F033D1F878A1D1F8A010009308465840F1
S31508006AA030F47F630CBF012000204FF42872019157
S31508006AB01021FDF793FA8BEA0A0232F47F634FF04E
S31508006AC0100140F2A6220CBF01200020FDF786FA2D
S31508006AD07A4A009BD2F86012C9B2FF291CBF2AF471
S31508006AE07F6242EA0112764908BF5A468E4207D9A2
S31508006AF0211F012940F2278172498E4200F2238123
S31508006B00B7FBF4F7C8F31301A1FB0717AB61684B92
S31508006B10C90C41EA473118F4801F1F686A4B08BF41
S31508006B2049421960694B0F44C5E907B21F60B9F1BC
S31508006B30000F00F0328100236B60AB60D9F81C604F
S31508006B40D9F800A0002E49D0BAF10F0F97BF574BBE
S31508006B50B9F818B0D3F88C31C3F3832B524B98BFCE
S31508006B600BF1080BD3F83C31B7FBFBF2DB0216D569
S31508006B70002381EAE17EAEEBE17E5549C8F38158F0
S31508006B8011F808C0194650084FEACC5CCCFB0E0138
S31508006B90009201F0E5FD009AC0F3130068605F45B6
S31508006BA004D3B2FA82F10D2940F3048133469103E6
S31508006BB0B1FBF3F14B004FEAC23E0133520C01E040
S31508006BC002330131A3FB06C0E64572EB0000F7D29B
S31508006BD0C1F30E01090341F00061A960BAF1050F7E
S31508006BE040F2DF80D9F82C60002E00F0B6803078AD
S31508006BF004FB07F7A0F10400B0FA80F040F20B524C
S31508006C003D214009FDF7EAF9324B9F4240F20181E6
S31508006C10314B9F4240F20181304A974294BF02228B
S31508006C20032244F21421FF0B07EBC70307EB4303C8
S31508006C309B0B013B5B0232446B61567801FB07F202
S31508006C40B6EBD25F4FEAD25380F0E5802644B342D2
S31508006C5040F2D7802644B34240F2E1802644B3424C
S31508006C6040F2DF802644B34240F2DD802644B34238
S31508006C7098BF052040F2C680002040F226523D21EA
S31508006C80FDF7ACF944F6776307FB03F3DB0D013B2D
S31508006C90B34280F0BC80002026E000BF006CCA88A2
S31508006CA0008001B8004F00B0004001B8000002B8EB
S31508006CB0601B002000F04902005A62020080E00FC3
S31508006CC000BBEEA000AE5EA75C1B0020581B002090
S31508006CD0A8BB000820D4CB8F00DAF89AE0DF25A6F7
S31508006CE0807C814A042804D8361BB34200F101008F
S31508006CF0F8D303288CBF0020012040F232523D21F0
S31508006D00FDF76CF901216B69A6F1140242EA864285
S31508006D101343D9F800A06B6185F82C101FE0042BEB
S31508006D20D9F828807FF483AE18F0807F14BF4FF41B
S31508006D30400308F0E07328F0E07848EA030876E6AE
S31508006D4000233A4896E6019B2AF47F6A23F47F6378
S31508006D5043F42A634AF4CC6BD2E685F82C60002308
S31508006D60BAF1060FEB6018D9D9F83030ABB103F099
S31508006D7075FDD9F83010FFF7E3FD044608B18378AE
S31508006D801BBB03F02BFDD9F83010FFF7D9FD20B156
S31508006D90837813B1C3781B042B61002003B0BDE8C8
S31508006DA0F08F0023002085F82C30EB60F6E70023EF
S31508006DB01F485FE6C1F10E0326FA03F302FA01F152
S31508006DC00133F5E600231B4854E6407940F2555254
S31508006DD0003818BF01203D21FDF700F9207940F25F
S31508006DE05652003818BF01203D21FDF7F7F82379E0
S31508006DF062791B0243EA0213EB60E3781B042B61FA
S31508006E00BFE7012003288CBF0020012035E70120B9
S31508006E1073E7002205E701202FE7012201E7022098
S31508006E20F0E70320EEE70420ECE700BF313641DC4B
S31508006E300A3BB2DFD694BFD630B505460C468DB0B0
S31508006E4059B9334B827AD3F8FC30416831480A93F2
S31508006E5000686B46FFF7AAFD6C462F4B22685A63FB
S31508006E602B4BD3F8FC30002B3CD0636843B12B4B3B
S31508006E702B4AC3F83C216268A3F58053C3F83C212A
S31508006E80A36843B1254B274AC3F81C21A268A3F57A
S31508006E908053C3F81C21244AE168D2F8983194F843
S31508006EA02C0023F4EE630B43C2F898316FF0784256
S31508006EB01E4B1F499A606269A3F580539A604FF486
S31508006EC04033C1F88C3122691A4BC3F88C214FF430
S31508006ED00012D8B10A65184B1B6898471749606AAB
S31508006EE0FFF7CAFC0020A2690F4BC3F8A020E2698D
S31508006EF0C3F87821226AC3F8F8232A89A3F5E03370
S31508006F009A6203F5A03318640DB030BD1A65E2E73E
S31508006F10004F00B0B4180020008001B8006001B826
S31508006F20FFFF0F0000F0FF0F000002B800600C50D2
S31508006F30002002B8001002B8F01D0020588001B8E1
S31508006F404FF40022014B00201A657047002002B852
S31508006F500E4B1B68D3F88022D2070ED55B6E002B2A
S31508006F600DDA0B4B4FF480029B6813F00C0F094B9C
S31508006F7009D11A654FF480421A65002070474FF40C
S31508006F808002054BF5E704490A65F3E7EC1D002086
S31508006F9000400950002002B8001002B84FF4806281
S31508006FA0014B1A65704700BF001002B810B590B1C2
S31508006FB00468012C0FD902696AB11168094B102CB3
S31508006FC0196051685960916888BFD268996094BF02
S31508006FD0D960DA6010BD10220021024803F0BCFA1D
S31508006FE0F8E700BF681B0020084BC1171A68A2FB08
S31508006FF0000302FB013310F1807043F10003400ED9
S3150800700040EAC310803820EAE0707047781B0020F9
S315080070100722194B70B51A64184B194A1D68194B83
S31508007020EC08E005C0184FEA153141F100010023CC
S3150800703001F096FB144B154E18601548FFF7D4FF60
S315080070404042C6F8D00049F65800FFF7CDFFC6F80B
S315080070509C001048FEF722FF024660B1E301500883
S3150800706018184FEA15714FF0000341F1000101F0BD
S3150800707077FBC6F8A80070BD000002B8F81A002011
S3150800708065CD1D00B2E60E00781B0020003F00B05B
S315080070907011010040420F0010B5044698B10B4B21
S315080070A0D3F8FC00FFF782FF4FF47A7303FB04F072
S315080070B0074BA0F57A60DA689B681044C01ABDE8E9
S315080070C01040FFF791BF4CF25030F8E7004F00B080
S315080070D0681B00202DE9F8430546084614461E4657
S315080070E0FFF764FF05B306F0020716F004061DD184
S315080070F0D7B14FF47A706B685843002B40F08C80F8
S31508007100FFF772FF20636B69002B00F08C804A4AF8
S31508007110D0684FF47A7202FB0300A0F5FA50FFF725
S3150800712063FFE062002E58D1BDE8F883286900287D
S3150800713069D04FF47A7358433F4BA0F57A609B6841
S31508007140C01AFFF751FFA062A88B00285ED04FF443
S315080071507A735843384BA0F57A609B68C01AFFF7D4
S3150800716043FFE061354BE968D3F80080002950D029
S315080071704FF47A735943304BA1F57A619A685B6884
S31508007180891AC91A2E4BC8171A68DFF8BC90A2FBD1
S31508007190011302FB003311F1807143F10003490E1C
S315080071A041EAC3118039274B2162D3F8B8306362AC
S315080071B0D9F8003053B1404603F05CF830B12246A6
S315080071C0D9F800301C49D8F8D80098470021A86992
S315080071D0FFF762FF6063002F8BD1A86830BB47F2C8
S315080071E03050FFF701FF60614FF47A702B685843FF
S315080071F02BB1114B1B6803F51C5310331844FFF7CA
S31508007200F3FEA06190E74CF250309AE74CF250300A
S31508007210A5E74CF25031B5E7074B1B6803F51C533D
S31508007220103318446CE747F2305078E74FF47A7316
S315080072305843A0F5FA50D4E7681B0020B41800207C
S31508007240781B0020003F00B0641B002070B5154C69
S315080072508CB001AD0FCC0FC50FCC0FC594E8070055
S3150800726085E80700AC2200210F4803F075F99C2237
S3150800727000210E4803F070F9202200210C4803F083
S315080072806BF903F02EF90B4B1B784BB1054E01AD8C
S315080072900FCD0FC60FCD0FC695E8070084E8070087
S315080072A00CB070BDD43F00B0B83E00B0643F00B02B
S315080072B0E04F00B0F61C002008B503F0B6FD0E4BF3
S315080072C01A78A2B90D4A126812F4843F0FD10C4AF3
S315080072D0102111651B7863B9084B1B68DB0508D4B8
S315080072E0074B20221A65BDE8084003F099BD054AF8
S315080072F0EEE7044BF5E700BF0C1D0020380A002016
S31508007300002002B8001002B810B5104B104AD3F886
S31508007310B8001478596A9A6A00F00F0021F470616F
S3150800732022F0E052844241EA042142EA84624FF0A4
S315080073301F04084835BF9A6259625962C0F8B840B6
S3150800734034BFC0F8B8409A6210BD00BF00C000B88C
S31508007350F21C002000E000B80A4B197801F0FF0281
S3150800736029B10021197008499202C1F808215978F3
S3150800737001F0FF0229B1002159709302024AC2F8AE
S315080073800C317047071D0020005000B8084BD3F891
S31508007390000F084B9A6C110107D4074A926E9207A0
S315080073A005D5D3F8F4339B0701D500F580707047EF
S315080073B0003000B0000002B8004000B810B503F075
S315080073C034FD0E2104460320FFF700F840F201229F
S315080073D0034B2046BDE81040DA6203F021BD00BF2A
S315080073E0004000B838B503F020FD4FF00043244CA8
S315080073F00546C4F88030BFF34F8FBFF36F8F012364
S31508007400C4F88430BFF34F8FBFF36F8F0223C4F8DD
S315080074108430BFF34F8FBFF36F8F0423C4F88430D3
S31508007420BFF34F8FBFF36F8F0823C4F88430BFF3C1
S315080074304F8FBFF36F8F134B1B6A98471023C4F8FF
S315080074408430BFF34F8FBFF36F8F2023C4F8843087
S31508007450BFF34F8FBFF36F8F4023C4F88430BFF359
S315080074604F8FBFF36F8F4FF48073C4F88430BFF328
S315080074704F8FBFF36F8F2846BDE8384003F0D0BC66
S3150800748000E100E0F01D002038B503F0CEFC05460B
S315080074904FF000430C4C23600123636004236360B0
S315080074A008236360094BDB69984710236360202330
S315080074B06360402363604FF4807363602846BDE8C9
S315080074C0384003F0ADBC00BF00E100E0F01D00202D
S315080074D0012370B5074C2370074B1E68074B3240D3
S315080074E0D3E9005319402840FDF7C6FA0023237054
S315080074F070BD00BF0A1D0020801B0020380A00202E
S315080075000022044B1A70044B197811B11A70FFF750
S31508007510D3BE70470B1D00200C1D00202DE9F04737
S31508007520DDF8209003EA0108099B06460D4602EAA3
S31508007530000703EA090AB9F1000F40F0F280031FB9
S315080075400B4300F0A180052871F100036FD250EAC1
S31508007550010300F0D481431E0B4300F0B880FFF707
S3150800756041FF814AD2E9004323EA050324EA0604D7
S315080075703C4343EA08077D4BC2E900471E6826EAF2
S31508007580090646EA0A061E60FFF796FE16F0020F7F
S3150800759042F2020308BF0223754A7648D26E2503D3
S315080075A083EA020122EA0302C266734A03EA010376
S315080075B08166D366C4F380424FEA023248BF42F47A
S315080075C08072E00648BF42F40052A10648BF42F462
S315080075D000726306694B48BF42F48062DB68250681
S315080075E048BF42F40062664882EA030123EA0203BE
S315080075F0C360644B0A4017F4007F8160DA6007F4C1
S315080076000071614B00F0D2800121604A83F8941022
S3150800761092F82D004FF00073002800F0A1805C4816
S31508007620036593695B4898474FF48025D1E04FF48A
S315080076300043994208BF48454B4C61D081458B4170
S315080076408DD3A0F580630B4305D020F48063A3F5A2
S3150800765000730B4383D103F0E8FBD4E9003223EA35
S31508007660060322EA050242EA08023B43C4E900325D
S31508007670494A126892F8F610484A09B313F4C06FDB
S315080076801ED04FF4807311E003F0CFFB364AD2E9DF
S31508007690003123F004033B4341EA080157EA08078F
S315080076A0C2E900314FF480633C4A0BD0C2F814316A
S315080076B0A2F58052C2F81831BDE8F04703F0B0BB16
S315080076C04FF48073C2F81831C2F81431F4E703F0A6
S315080076D0ACFB254AD2E9003123F001033B4341EADA
S315080076E00801C2E9003101232D4A57EA08071BBFE2
S315080076F09364A2F58052D364D36408BF9364DBE72E
S3150800770003F093FBD4E9002323F400433A4343EA06
S315080077100803C4E9002357EA08074FF48063204AA0
S31508007720E5E750EA01037FF41AAFB9F1010F7FF4D8
S3150800773016AF03F07AFB0D4A136823F0010343EAF8
S315080077400A0313604FF48063164ABAF1000F04D097
S315080077505366A2F580521367AEE713675366ABE725
S31508007760114A136560E700BF380A0020801B002015
S31508007770004000B8006000B8005000B8004001B8EA
S31508007780006001B8005001B8003F00B0F01D0020AD
S31508007790001002B8843F00B0B4180020002000BAD8
S315080077A000E000B800E001B8002002B893F8942081
S315080077B072B1544883F8941090F82D304FF0007247
S315080077C0002B00F08C80504B1A6583694F48984708
S315080077D00025E00448BF45F48035A10348BF45F4B9
S315080077E08015A20748BF45F4800514F4001FDFF88A
S315080077F05C8106D0D8F8000002F05AFD08B945F4B5
S315080078000025E302424B48BF45F40035F8061A6ADC
S3150800781048BF45F40005610248BF45F4001585EAEE
S31508007820020323F001033B491A400A621D40CB615B
S31508007830394A354B16F0010F1D62384B18BF1346EF
S315080078407A07374A48BF43F00063126F354883EA20
S31508007850020122EA03020267334A0B4041661367B4
S31508007860324A04F00103D26C3D0448BF43F48063F6
S315080078702F4883EA020122EA0302C2642D4A0B401A
S315080078808164D364D8F80020200248BF2A4B92F8B6
S31508007890F62058BF294B610748BF43F4806322B1DD
S315080078A014F4C06F18BF43F4807332074FF03A429E
S315080078B0BDE8F047D2F8181148BF43F0004383EA01
S315080078C0010222F4A0221E481140C0F818111340E4
S315080078D0C0F814211B4AC2F81831FFF7D5BD0D4967
S315080078E00A65194AD2F8A41002F50052C2F8A41083
S315080078F0C2F8A0104FF05022C2F8A43068E7BDE8DD
S31508007900F08700BFF01D0020001002B8843F00B0C9
S31508007910000002B8002002B8041C00030418000383
S3150800792000C001B800E001B800D001B800C000B836
S3150800793000E000B800D000B80D0A0A09090A0A09C9
S31508007940002000BA001000BA00400050B418002009
S31508007950024B5868C0F3C000704700BF380A0020C1
S31508007960024B186800F00100704700BF380A002073
S31508007970024B5868C0F3C030704700BF380A002071
S3150800798010B50446FEF764FBFFF72CFD2046FDF70D
S31508007990B1FAFEF7E1FBFEF7B5F9FEF729FAFFF7AC
S315080079A037FB13490723134AD1F8FC1004F1F800F2
S315080079B0FFF790FB4FF080710020FEF78FFA4FF02B
S315080079C000720D4B4FF400110120C3F80021FEF799
S315080079D085FAFEF7D7FD20B940F292321421FCF75A
S315080079E0FDFAFFF7ADFABDE810400120FEF7B8B87A
S315080079F0004F00B0983F00B000D001B8F8B5084C69
S31508007A00084D636C0423084F6B64636C5B0300D4F6
S31508007A10F8BD042602207E6402F0BCFC6E64F4E71E
S31508007A20000002B8001002B8002002B8A82238B533
S31508007A301B4B5D6C03F500535A6410229A60A3F53C
S31508007A40804302F100521A675A66FFF785FC154B08
S31508007A501B7813B90320FEF7D9F90024124B9C674B
S31508007A60FFF7CCFF114A124BD2F8001F0B40C2F8A1
S31508007A70003F04220F4B5A640F4BC3F8D840FFF758
S31508007A8043FCAB0608D50D4BD3F88830B3F5817F98
S31508007A9022BF8022024B1A61BDE83840FDF7F6B8CE
S31508007AA0000002B8091D002000C001B8003000B06F
S31508007AB0DF0000FF002002B8003E00B0003F00B023
S31508007AC010B551B920B3154BDB681B0E13F00E0F1A
S31508007AD01ED1134B1B6CD9071AD4FFF76FFC0F4C3A
S31508007AE00020FEF7D7FC032801D0092805D1A36A90
S31508007AF0DA07F5D4A36CDB03F2D4FFF77FFF012284
S31508007B00084B5A6102229A62042203F580535A648A
S31508007B104FF4C062044B9A6510BD00BF000002B85E
S31508007B2000C002B8001002B8006001B808B5032109
S31508007B300920FEF74BFC2022014B1A6108BD00BF45
S31508007B40000002B8144B10B51B78CBB9134AD2F80B
S31508007B50A030D2F8A4100B40B3F1804F0CD34FF0ED
S31508007B6040400F490F4CC1F8A400D467C1F8A000E3
S31508007B704FF480210C4AD161094AC2F8A03010BDE1
S31508007B800A4A0B4B92F894109B690A4898474FF497
S31508007B908022054BDA61F2E7041D00200040005000
S31508007BA0006000500000FF01001002B8003F00B05E
S31508007BB0F01D0020843F00B038B5054603F035F9BE
S31508007BC00E4B04461868FDF7BFFA35B1FFF798FC67
S31508007BD02046BDE8384003F023B9094B1B78002B33
S31508007BE0F6D0084B1D78002DF2D1FFF789FC2A46FE
S31508007BF04FF480400021FFF76BFCE9E7B41800203A
S31508007C000B1D00200A1D00202DE9F84F5B4B064688
S31508007C100D4614465B6C002A40F0AC8013F0A00FAA
S31508007C2014BF4FF001094FF00009FDF72FF8FFF7D1
S31508007C306BFBA0234FF0000ADFF85C810320C8F82D
S31508007C404430FEF7E3F80420FEF7E0F84C4FFFF760
S31508007C5057FC4C4B4FF0040B7B67C7F878A0FFF72F
S31508007C60CDFE494B4FF48071D3F8D02E42F0200256
S31508007C70C3F8D02EFF22C8F80820404A1161D3F86D
S31508007C80002F42491140C3F8001FC8F844B0C3F892
S31508007C90D8AE7B6913F0060F04D0FEF72BF95846C9
S31508007CA0FEF7B4F8B9F1000F09D04FF40063384A6B
S31508007CB053640223C2F8F433A2F5E032936666B140
S31508007CC0344BDB6C180701D4FFF778FBFFF72EFF60
S31508007CD00420FEF79BF8FFF73FFB284B5A69D107AC
S31508007CE046D5DA6812F0706FFBD12B4B2B4A5A64D3
S31508007CF02B4A936F23F0F003936715B12046FFF7DD
S31508007D005BFF284BD3F84C315A1C01D05B0002D5D7
S31508007D100122214B5A615CB31E4BDA6E03F5005300
S31508007D209A6603F5D0331B6A1B4A23F00103D36115
S31508007D301D4BD96803F50053996003F50053D3F832
S31508007D40841003F5005399674FF03A43D3F8181196
S31508007D5003F50053C3F81411144BD96C03F50053FB
S31508007D609964134903F5803359664FF608435364FB
S31508007D70BDE8F88F4FF0000957E700BF000002B8CA
S31508007D8000C001B800000101003000B0DF0000FFAC
S31508007D90001002B8004000B8002002B810003000F9
S31508007DA0003F00B00080E00F004001B800C000B8F6
S31508007DB05000002FA74B2DE9F04F9A6EDB6E87B067
S31508007DC002EA0308A44BC3F868804FF03A43D3F895
S31508007DD01461D3F818311E40A04BC3F81461A04BA8
S31508007DE09A68DB6802EA030A9E4BC3F808A003F503
S31508007DF02043DA691B6A02EA03099B4B09F47702F6
S31508007E00DA619A4BD3F80422D70606D4D3F804319C
S31508007E10DD06C3F3001740F1F88003F006F8944B2B
S31508007E205A695F6E12F0060F14BF012200221B6FFB
S31508007E3000921F408F4A27F0007323F400637C07E3
S31508007E40536606D58C4A92F8CD300133DBB282F8F8
S31508007E50CD3002F0E5FFB8F1000F00F0F78018F01A
S31508007E60020400F0F180854B0025D3F8F4B303F53E
S31508007E7000530BF00702CBF380041BF0020FC3F884
S31508007E80F4234FEA44542ED002F0CFFF0190FFF7B7
S31508007E907DFA03467A4A1268106811688842FCD04F
S31508007EA010688842FCD0CDE90223FFF76FFA039BDE
S31508007EB0029A984240F0AB800198029302F0B0FF14
S31508007EC0704A029B13606D4A526C12F4E05140F0FE
S31508007ED0A08023F07F4323F0DF030BB9FFF7A6FD4D
S31508007EE04FF080731C431BF0010F13D0634B5E49A0
S31508007EF05B6C03F460424A64002A00F09F801A040F
S31508007F0000F19F8013F4005F0CBF4FF000534FF051
S31508007F1000631C43C8F340384FEA48085A4B3340BD
S31508007F20002B4BD016F4206F0AD040F6A312062178
S31508007F300020FCF753F80020FFF73EFE26F48026C3
S31508007F40F00506D5FF22484B44F4C0649A60FFF753
S31508007F5035FA16F0090F0BD040F6B81208210020A2
S31508007F60FCF73CF8FFF7E2FD4FF03A4301225A636B
S31508007F7016F0106F0CD040F6C11209210020FCF74C
S31508007F802DF8FFF7D3FD002211461046FDF7B0F88D
S31508007F9016F4202F0AD040F6C91207210020FCF754
S31508007FA01DF80020FFF708FE26F48026F10301D508
S31508007FB0FDF7E8F9002EB8BF48F0080872070ED595
S31508007FC04FF03A431B6B13F4005F4FF4005317BF8F
S31508007FD0224A2E4A136344F4000408BF1363730548
S31508007FE048BF44F0040416F4802B00F0B880FDF76F
S31508007FF081F9013806284BD8DFE810F0330136013D
S31508008000330139013C013F013F01009723E703464D
S3150800801042E7CDE90121FFF709FD0299124B019AC2
S315080080205964D10407D412F4806F0CBF4FF0805303
S315080080304FF0806356E74FF0804353E74FF00073E5
S3150800804067E74FF0004364E7254663E7444645463D
S3150800805064E700BF004000B8006000B8002000BA1E
S31508008060004001B8006001B8002002B800E100E055
S3150800807000C001B800E001B8003E00B0000002B838
S3150800808070BB00087C1B0020090B0B89001000BA86
S3150800809040F6FA1203210020FBF7A0FF4FF03A4200
S315080080A00121D2F88C30D2F8AC0003F0070306336E
S315080080B001FA03F3C0F30C001B1A9BB2072B12D963
S315080080C0784B5B6C58020ED47748D36CD26E406DF1
S315080080D058B103F0070306339940C2F30C03C91AD3
S315080080E089B2072901D844F40074704B1B78002B19
S315080080F035D04FF03A43D3F8143113F4A02F2ED1CC
S315080081006B4B6C4A1B7893B9FB0410D4137873B184
S31508008110E308694943EA457383F00103D1F8001F70
S3150800812003F001035B0021FA03F3980717D1042033
S31508008130FDF76CFE614B62495967FFF7E1F95D4A45
S31508008140137843B95F4B1B782BB15F4B5F4A1B68AB
S315080081502340134201D144F4804427F48057BAF1EE
S31508008160000F1DD01AF4805F18BF44F480241AF457
S31508008170807F18BF44F400241AF4005F18BF44F047
S3150800818010041AF4007F18BF44F020041AF4806F14
S3150800819018BF44F040041AF4006F18BF44F0800476
S315080081A0B9F1000F3FD019F4802F18BF45F40075B8
S315080081B019F4803F18BF44F4805419F4801F18BF7F
S315080081C044F4003419F4800F18BF44F0020419F47B
S315080081D0003F18BF44F4801419F4000F18BF45F087
S315080081E0100519F4002F19D0334BD3F8D03E13F0ED
S315080081F0C00F13D02B4AD368C3F30363032B01D0F4
S31508008200072B05D1936CD90602D4D36C1A0737D538
S315080082104FF400222E4B29F40029DA6119F4001FC5
S3150800822018BF44F48004002F00F019813B0540F183
S3150800823089802849DFF884A0CB78274A002B51D0BB
S315080082404FF40060013BDBB25066CB7033B9234B69
S315080082501B78C3B140F60142214B5A67002300221E
S315080082606EE044F4803419E744F4006416E744F4F5
S31508008270806413E744F4807410E744F008040DE7BB
S3150800828044F40014CAE7DAF8783013F4A05F15BF8F
S315080082904FF4807340F60143CAF85830CAF878306C
S315080082A0DCE700BF000002B8004000B80C1D002043
S315080082B00B1D00200E1D0020003000B000C001B8C4
S315080082C0000001010D1D0020380A0020088D01005C
S315080082D0002002B8FA1C002000E001B8091D0020A1
S315080082E000D001B80320FDF791FDDAF81430A24852
S315080082F013F0060F04BF41F61F73A04AA04908BF32
S3150800830053674FF400629D4B5A66DAF8143013F03F
S31508008310060308BFCAF87830B0F8CA3013F400620A
S315080083205CD023F40063A0F8CA300B7803F0FF0A88
S31508008330002B57D1FDF7DEFDFFF778FB53462022C9
S315080083401C431543B80009D52E20FDF7CFFC4FF086
S3150800835000528A4B45F008051A675A66F90606D58B
S315080083602B20FDF7C3FC1022844B1A675A6617F0B8
S31508008370306F05D1FA045FD5009B002B00F0AA8068
S315080083803B0111D52920FDF7B1FCFFF7E1FA48B109
S315080083907C4B7D49794A53660B6701F54051C9689C
S315080083A0480422D445F0040517F0007328D00420A9
S315080083B0FDF72CFD2720FDF799FCFFF737FB4FF05B
S315080083C000726E4B5A66714BD3F8002F52067BD457
S315080083D06F4B02229A6045F002052AE00B784FF4AB
S315080083E00053ADE74FF4004339E71367202053667F
S315080083F0FDF77CFC2D2045F00C05FDF777FCD3E74F
S3150800840017F0807FDFF88CA149D004200093FDF790
S31508008410FDFC2820FDF76AFCDAF87820009B002A84
S315080084203AD1FFF703FB554B564A45F001051A6743
S315080084305A660022574B9A653A0404D5564B1B6870
S31508008440984704430D437B0509D5544A9378002B76
S3150800845000F08C80013B9370002348EA03084246EB
S3150800846020462946FFF734F8BBF1000F01D0FCF788
S3150800847077FF01224A4B06F00436C3F81461494BCC
S3150800848019F4002FC3F884211EBF4FF40022404B75
S31508008490DA6107B0BDE8F08FCAF87830C3E7F904A7
S315080084A0C7D50420FDF7B2FC3F4BCAF87430FDF778
S315080084B021FDDAF8643013F0407FBAD12A20FDF79F
S315080084C015FCFFF7B3FA7EE7D3F8D03E9B0682D4B5
S315080084D0364B7EE7314A13794BB1013BDBB2137158
S315080084E013B9294B324A5A6700231C43A4E70420D0
S315080084F0FDF78CFC0320FDF789FC264B2A4A5A67B0
S3150800850002F093FC82460DF11700FDF7C3FF294BD5
S315080085101B781BB10090FEF751FF009803280BD17A
S315080085200020FDF7B7FF032806D1234B9A6AD00728
S31508008530F6D49A6CD103F3D49DF81730032B06D1E1
S3150800854001221E4B50461A7002F06AFCCCE74FF027
S315080085503A43D3F8143113F4A02FF1D1FEF7D0FF24
S31508008560504602F05DFC4FF48043BEE70220FDF75B
S315080085704DFC012371E700BF003E00B000E001B8E2
S31508008580091D00201000002000D001B8003000B0FE
S31508008590002002B800C001B8C81D0020FA1C00203F
S315080085A0002000BA00E100E000000101001002B856
S315080085B00000010D0F1D0020000002B80B1D002051
S315080085C00122024B1A62DA61704700BF002002B826
S315080085D0094A08B5D369116A0B40084923F47F0094
S315080085E0DB07C86106D5D1684FF0FF30C1F30361D8
S315080085F001F080FF08BD00BF000002B8002002B8E5
S31508008600154B10B59C6CDB6C1C40144BE2079C6444
S315080086100DD5134B40F663421878122100F001007D
S31508008620FBF7DCFC002201200021FEF751FF630561
S3150800863010D50B4B40F66A4258684D21C0F3C0303E
S31508008640FBF7CCFCBDE81040002200204FF40041A7
S31508008650FEF73EBF10BD00BF00C000B800E000B87E
S31508008660380A002038B50B4D2C6C6B6C1C400A4B35
S3150800867024F002021A64E20705D540F6CA42002031
S315080086802968FBF7ABFCA30741BF0222024B1A6419
S315080086906B6838BD0080095000A0095038B50B4CEE
S315080086A00B4DD4F88430DB0706D4A36FD4F88420A6
S315080086B01340084A936738BDD5F804311A06F0D531
S315080086C0FFF7D0FF8023C5F88431EAE7008001B8B8
S315080086D000E100E000A001B8034BD3F8D03E99436F
S315080086E00CBF012000207047003000B0184BD3F8AB
S315080086F0D02E12F0010312D0164B93F85C30164AAE
S3150800870043F08073C2F8D0304FF4801302F500525C
S31508008710C2F8B430A2F58052C2F8B830704712F0E9
S31508008720C00FECD10B4B93F85B1021B1D20602D5E2
S3150800873093F85830E3E74FF480120020074B0649B8
S31508008740C3F8B820C1F8D000C3F8B420704700BFFA
S31508008750003000B0003F00B0004000B8006000B82C
S3150800876053B94AB9002908BF00281CBF4FF0FF318A
S315080087704FF0FF3000F082B9ADF1080C6DE904CE78
S3150800878000F006F8DDF804E0DDE9022304B07047DE
S315080087902DE9F04F099D0C46002B4DD18A420F4614
S315080087A084469646B2FA82F360D94BB102FA03FEC2
S315080087B0C3F120029F4000FA03FC20FA02F2174395
S315080087C04FEA1E461FFA8EF44FEA1C42B7FBF6F133
S315080087D006FB117701FB04F042EA0742904208D9EA
S315080087E01EEB020201F1FF3702D2904200F23181FC
S315080087F03946121A1FFA8CFCB2FBF6F006FB102259
S3150800880000FB04F44CEA024C644508D91EEB0C0C38
S3150800881000F1FF3202D2644500F21E81104640EA9A
S315080088200140ACEB040C002125B12CFA03F300221D
S31508008830C5E90032BDE8F08F8B4205D90DB1C5E90F
S31508008840000100210846F5E7B3FA83F100294DD166
S31508008850A342C0F0F380904280F0F080064623469B
S315080088600846002DE6D0C5E90063E3E7002B40F093
S31508008870A3808A1A4FEA1E471FFA8EF60121B2FB19
S31508008880F7F407FB14204FEA1C4242EA004206FBB3
S3150800889004F090420FD91EEB020204F1FF382CBFF8
S315080088A04FF001094FF00009904203D9B9F1000FC2
S315080088B000F0CC804446121A1FFA8CFCB2FBF7F083
S315080088C007FB102200FB06F64CEA024C664508D95F
S315080088D01EEB0C0C00F1FF3202D2664500F2B380A3
S315080088E01046ACEB060C40EA04409DE7C1F12006B1
S315080088F08B4004FA01FE22FA06F720FA06FCF44039
S315080089008A401F434EEA0C0300FA01FE4FEA174855
S315080089104FEA13491FFA87FCB4FBF8F008FB10442A
S3150800892049EA044400FB0CF9A1450ED93C1900F1AB
S31508008930FF3A2CBF4FF0010B4FF0000BA14503D9AE
S31508008940BBF1000F00F08B805046A4EB09041FFA18
S3150800895083F9B4FBF8F308FB134403FB0CFC49EA60
S315080089600444A44506D93C1903F1FF3801D2A445AD
S315080089707BD8434643EA0040A4EB0C04A0FB0298CC
S315080089804445CC46434602D306D1CE4504D20138E7
S31508008990B9EB020C68EB0703002D6CD0BEEB0C029A
S315080089A064EB030422FA01F304FA06F6CC4000212C
S315080089B01E43C5E900643DE702FA03FEC3F1200140
S315080089C004FA03F200FA03FCCC404FEA1E4720FAE9
S315080089D001F11FFA8EF6B4FBF7F00A4307FB1044C1
S315080089E0110C41EA044100FB06F48C420ED91EEB39
S315080089F0010100F1FF382CBF4FF001094FF00009C3
S31508008A008C4202D9B9F1000F2CD04046091B92B20C
S31508008A10B1FBF7F407FB141142EA014204FB06F125
S31508008A20914207D91EEB020204F1FF3801D29142A6
S31508008A301ED84446521A44EA004120E7861A64EBD7
S31508008A40030301200DE7F44402384AE7023C724466
S31508008A5031E702397244CCE6F4440238DFE60238DC
S31508008A603C4472E702387144D0E7023B3C4481E754
S31508008A70023C7244DEE72946DCE600BF704700BFC9
S31508008A8008B5064B044613B10021AFF30080044B2A
S31508008A901B6803B19847204600F023FC000000003D
S31508008AA0BC1C002007B5009313460A460146034836
S31508008AB0006801F026FD03B05DF804FB281E0020BF
S31508008AC070B50D4D00260D4C641BA410A64209D1A5
S31508008AD00B4D00260B4C02F013FB641BA410A64298
S31508008AE005D170BD55F8043B01369847EEE755F8B1
S31508008AF0043B01369847F2E78C1E00208C1E0020A6
S31508008B008C1E0020941E00202DE9F04F98468B8974
S31508008B109DB007461B060D46144610D50B6973B95A
S31508008B20402100F00FF92860286130B90C233B601A
S31508008B304FF0FF301DB0BDE8F08F40236B61002376
S31508008B40CDF80C804FF00109DFF8A08109932023A6
S31508008B508DF8293030238DF82A3023469A4613F8A3
S31508008B60012B0AB1252AF9D1BAEB040B0BD05B46C7
S31508008B7022462946384601F006FD013000F0A78056
S31508008B80099A5A4409929AF80030002B00F09F80FF
S31508008B9000234FF0FF320AF1010A049307938DF878
S31508008BA053301A93CDE90523544605224F4814F845
S31508008BB0011B01F0FDFD049AD8B9D00644BF202355
S31508008BC08DF85330110744BF2B238DF853309AF88C
S31508008BD000302A2B15D0079A544600204FF00A0C6D
S31508008BE0214611F8013B303B092B4BD9B0B107920E
S31508008BF014E0A0EB0803A24609FA03F3134304930F
S31508008C00D2E7039B191D1B68002B0391BBBF5B4270
S31508008C1042F0020207930793B8BF049223782E2BDB
S31508008C200AD163782A2B32D1039B02341A1D1B689A
S31508008C3043EAE37303920593DFF8C0A00322217881
S31508008C40504601F0B5FD38B1A0EB0A004022049B5E
S31508008C50013482401343049314F8011B0622244866
S31508008C608DF8281001F0A4FD002836D0214B1BBB37
S31508008C70039B073323F0070308330393099B334405
S31508008C8009936AE70CFB02320C460120A8E7002389
S31508008C9001344FF00A0C19460593204610F8012BAB
S31508008CA0303A092A03D9002BC6D00591C4E70CFB34
S31508008CB0012104460123F0E703AB2A4604A93846F6
S31508008CC000930D4BAFF30080421C0646D6D1AB8904
S31508008CD05B063FF52DAF09982CE703AB2A4604A996
S31508008CE038460093044B00F0A5F8EDE728EE000897
S31508008CF032EE00080000000087A500082EEE0008E6
S31508008D0070B50F4E0C460546316811B900F0CAF920
S31508008D1030602146284600F0C5F9431C03D14FF0C0
S31508008D20FF34204670BDC41C24F00304A042F8D0CA
S31508008D30211A284600F0B6F90130F2D1EFE700BF54
S31508008D40C01C00202DE9F041CD1C064625F0030580
S31508008D5008350C2D38BF0C25002D01DBA94204D996
S31508008D600C2333600020BDE8F081314F00F08EF906
S31508008D703B681C4644BB29463046FFF7C1FF431CE7
S31508008D80044650D13C682146002941D1002C44D0E4
S31508008D902368304604EB030800F084F980453CD18B
S31508008DA0216830466D1A2946FFF7AAFF013034D0EC
S31508008DB023682B4423603B68002B36D05A68A242AE
S31508008DC029D100225A600EE02268521B1DD40B2AB4
S31508008DD016D96119A342256018BF5960636808BF90
S31508008DE0396062514B60304600F056F904F10B00C9
S31508008DF0231D20F00700C21AB5D01B1AA350B2E7EC
S31508008E00A3426268DED13A60EDE723466468B1E7BB
S31508008E100C464968B8E71346CEE70C23304633605C
S31508008E2000F03AF99EE70560DDE75B60FFDE00BF0C
S31508008E30C41C00202DE9FF470F7E914680460C464C
S31508008E40782F9A460C9E01F1430207D8622F0AD85A
S31508008E50002F00F0DD80582F00F0C38004F1420691
S31508008E6084F842703AE0A7F16303152BF6D801A1FE
S31508008E7051F823F0CD8E0008E18E00085D8E0008BB
S31508008E805D8E00085D8E00085D8E0008E18E000884
S31508008E905D8E00085D8E00085D8E00085D8E0008F8
S31508008EA0F78F00086F8F0008AF8F00085D8E0008E7
S31508008EB05D8E0008199000085D8E00086F8F000807
S31508008EC05D8E00085D8E0008B78F000833681A1D8E
S31508008ED01B68326004F1420684F842300123A8E098
S31508008EE031682368081D30601E0601D50D6803E049
S31508008EF05D06FBD5B1F90050002D616878DA2D20A2
S31508008F000029A16084F843002DDA6D425D480A23E2
S31508008F101646B5FBF3F103FB1157C75D06F8017D4D
S31508008F202F460D46BB42F4D9082B0BD12368DF0721
S31508008F3008D5236961689942DEBF302306F8013CEB
S31508008F4006F1FF36921B22614B4603AA214640468C
S31508008F50CDF800A001F072FB01306FD14FF0FF3061
S31508008F6004B0BDE8F08723F004032360CDE7216849
S31508008F703368080653F8045B02D4490648BFADB205
S31508008F806F2F33603F4814BF0A230823002184F853
S31508008F9043106668002EA660BADB216821F004013A
S31508008FA02160002DB4D1002EB2D11646BCE7236845
S31508008FB043F02003236078273348236884F84570F4
S31508008FC01F06316851F8045B02D45F0648BFADB28C
S31508008FD03160D90744BF43F0200323601DB1102335
S31508008FE0D4E72848E9E7236823F020032360F6E757
S31508008FF024480A23CDE733682568181D616930605F
S315080090002E061B6801D5196002E06806FBD5198093
S3150800901000231646236197E7336800211A1D32603C
S315080090201E686268304601F0C3FB08B1801B6060A9
S3150800903063682361002384F8433085E72369324651
S3150800904049464046D047013088D023689B0714D448
S31508009050E068039B9842B8BF184681E70123324669
S3150800906049464046D04701303FF478AF0135E368BA
S3150800907003995B1AAB42F1DCEAE7002504F119060D
S31508009080F5E700BF39EE00084AEE0008014801F08E
S315080090906BBA00BF101D0020014801F066BA00BF78
S315080090A0101D002038B50023054D044608462B60E0
S315080090B0FAF704FC431C02D12B6803B1236038BDC0
S315080090C0C81C002038B50546002941D051F8043C93
S315080090D00C1F002BB8BFE418FFF7D8FF1D4A13680A
S315080090E033B9636014602846BDE83840FFF7D4BF3B
S315080090F0A34208D9206821188B4201BF19685B680A
S3150800910009182160EDE71A465B680BB1A342FAD944
S3150800911011685018A0420BD12068014450181160FC
S315080091208342E0D118685B68084453601060DAE748
S3150800913002D90C232B60D6E7206821188B4202BF80
S3150800914019685B680918636008BF21605460CAE73C
S3150800915038BD00BFC41C002008B5F7F7C3F808BD22
S315080091600FB400B5B3B034AB53F8042B0193C02148
S3150800917002A8FFF797FC011E05DDBF2928BFBF21FE
S3150800918002A8F7F7B7F933B05DF804EB04B07047F7
S3150800919008B500F01DFEFFF7DFFF00F040FEF7F709
S315080091A0CFF9FAE70023934215D210B4CC5C24B168
S315080091B000F8014B01339342F8D3934204D220219D
S315080091C000F8011B0133F8E75DF8044B70472021CE
S315080091D000F8011B01339342F9D3704784460022F5
S315080091E04FF6FF700FE0400080B20133072B09DC11
S315080091F010F4004FF7D0400080B280F4815080F020
S315080092000100F2E701328A4205D21CF8023080EAF0
S3150800921003200023EAE77047704770477047704796
S3150800922008B500F027FB08BD704708B5F7F708FD35
S3150800923008BD08B5F9F78EFD00F031F808BD70478E
S31508009240704770477047704708B500F00BF808BDBF
S3150800925008B5F7F711FB08BD08B5FFF7F5FFFFF7E7
S31508009260F7FF08BD08B5F7F72FFB08BDFEE708B5F9
S31508009270FFF7FCFF08BD704708B5FFF7FCFF08BD00
S31508009280704738B504460D46F9F76EFD294620465F
S31508009290FFF7F6FF38BD08B501F03EFF08BD08B573
S315080092A0F7F790FB08BDFEE704E050F8042B41F8F9
S315080092B0042B1A46531E002AF7D170470023036071
S315080092C0704700E018460368002BFBD10B6001606D
S315080092D070470346006818B102681A6000230360E5
S315080092E07047FEE700B589B084460E9807900D983A
S315080092F006909DF8300005900B9804909DF828007C
S31508009300039000200290019300920B4662460121C9
S31508009310F7F778FD09B05DF804FB70B505460E460B
S31508009320144601F082FD2B685C4034405C402C609A
S3150800933001F076FD70BD38B505460C4601F054FAC5
S3150800934005B128600CB10D23236038BD30B583B054
S3150800935005460C46002301934FF0E0231B6913F0E2
S31508009360040F0CD001F060FA01900C2300930DB1A4
S31508009370019B2B600CB1009B236003B030BD69468E
S3150800938001A8F8F7D9F8F2E708B501F05FFA002165
S31508009390F8F7CAFA08BD10B582B000230193009306
S315080093A0B0F5807F00F20781B0F5807F00F28B81EF
S315080093B0DFE810F0540189018901890189018901D1
S315080093C0890189018901890189018901890189013F
S315080093D0890189018901890189018901890189012F
S315080093E0890189018901890189018901890189011F
S315080093F08901890154018C0154018C01A401A4013D
S31508009400A401A401A4018C01A90145016601B301C7
S3150800941045018C018C018C01890189018901890129
S3150800942089018901890166018C018C018C01C701BA
S315080094302B018C0189018901890189018901890129
S315080094408901890189018901890189017101A401BB
S31508009450540154015401B80145014501BD0181017A
S315080094605E011601160189018901890189018901AF
S31508009470890189018901890189018901890189018E
S31508009480890189018901890189018901890189017E
S31508009490890189018901890189018901890189016E
S315080094A0890189018901890189018901890189015E
S315080094B08901890186018901890189018901890151
S315080094C0890189018901890189018901890189013E
S315080094D0890189018901890189018901890189012E
S315080094E0890189018901890189018901890189011E
S315080094F0890189018901890189018901890189010E
S3150800950089018901890189018901890189018901FD
S3150800951089018901890189018901890189018901ED
S3150800952089018901890189018901890189018901DD
S3150800953089018901890189018901890189018901CD
S3150800954089018901890189018901890189018901BD
S3150800955089018901890189018901890189018901AD
S31508009560890189018901890189018901890189019D
S31508009570890189018901890189018901890189018D
S31508009580890189018901890189018901890189017D
S31508009590890189018901890189018901890189016D
S315080095A0890189018901890189018901890189015D
S315080095B089018901AE01B0F5F06F00F0C28014D9B7
S315080095C0B0F5206F00F0B3805FD9B0F5306F00F0CA
S315080095D0B3806DD9B0F5386F52D0B0F5406F72D1FF
S315080095E0002101A8F7F74AFE6DE0B0F5607F78D054
S315080095F010D9B0F5B06F00F0868033D9B0F5D06FCA
S3150800960000F08B80B0F5E06F37D1002101A8F8F79C
S31508009610DFF858E0B0F5007F0AD101F0E5F8044616
S315080096204FF40070F8F752F9B4FBF0F401944AE0ED
S3150800963011D9B0F5207F49D0B0F5407F43D101F06C
S31508009640F3F804464FF42070F8F740F9B4FBF0F449
S315080096506408019437E0B0F5C07F34D101F0E4F82E
S31508009660019030E0B0F5806F48D0B0F5A06F2AD1F0
S31508009670002101A8F7F734FE25E0B0F5C06F22D126
S31508009680002101A8F7F758FF1DE0B0F5106F49D083
S31508009690B0F5186F04D1002101A8F7F755FE12E0BE
S315080096A0B0F5086F0FD1002101A8F7F7EBFE0AE025
S315080096B0B0F5286F07D1002101A8F7F795FF02E05A
S315080096C001F092F80190019802B010BD01F0ACF8D3
S315080096D004464FF42070F8F7F9F8B4FBF0F4019457
S315080096E0F1E700216846FFF726FE009C4FF46070FC
S315080096F0F8F7ECF8B4FBF0F40194E4E7002101A8CC
S31508009700F7F7E6FEDFE7002101A8F8F737F8DAE70A
S31508009710002101A8FFF71AFED5E7002101A8F8F7EE
S315080097207DF8D0E7002101A8F8F7A4F8CBE70021D7
S3150800973001A8F7F727FFC6E7002101A8F7F728FED3
S31508009740C1E7002101A8F7F771FFBCE708B50029B2
S3150800975003DD0121F8F7E8F808BD0021F8F7E4F879
S31508009760FAE708B502214FF42070F8F721FB08BD87
S315080097707047436813F0010F19D0836813F0010F7F
S3150800978003D0036913F0010F09D00A238363436DDD
S3150800979013F0500FFBD1836C13F0030FFBD100F5C8
S315080097A0005301225A60436813F0020FFBD1704739
S315080097B008B5F9B10A4600F580530121596002F04F
S315080097C00F01436DC3F30B03002BFAD18163436D7D
S315080097D013F07803FBD112F0010F00D0012312F029
S315080097E0040F01D043F00203826C02F003029A428E
S315080097F0FAD108BDFFF7BDFFFBE7836C13F0400FF6
S31508009800FBD04164704708B500231A46F8F738FEBE
S3150800981008BD08B500231A46F8F732FE08BD70B52C
S3150800982005460E46144601F000FB2B685C403440A2
S315080098305C402C6001F0F4FA70BD70B505460E4622
S31508009840144601F0F2FA2B685C4034405C402C6008
S3150800985001F0E6FA70BD0020704708B5002100F057
S3150800986047FB002008BD09B12120704708B5FFF75E
S31508009870F4FF08BD08B500F001F808BD00207047E0
S3150800988008B5F9F7A1FB08BD08B540B2F9F7DAFB48
S3150800989008BD08B5F9F7F8FB08BD08B5F9F7E6FB02
S315080098A008BD08B5FFF7F0FF08BD03280BD8DFE8A9
S315080098B000F0020D0407002070474FF480507047EF
S315080098C04FF4405070474FF4805070474FF40050A3
S315080098D07047D0F8A0301B689A6C12F0800F03D03E
S315080098E0DB6B0B70002070471B20704738B50446A9
S315080098F0D0F8A0301D68AB6C13F0400FFBD00023E6
S315080099001A4694F8A91094F8A800F8F7C9FE002397
S315080099101A4694F8AB1094F8AA00F8F7C1FE94F822
S31508009920B03013F0010F12D194F8B03013F0020FD3
S3150800993016D105F5005304221A6500212846FFF7BB
S3150800994037FFD4F8A40001F08BFA002038BD0023B5
S315080099501A4694F8AD1094F8AC00F8F7A1FEE3E7C0
S3150800996000231A4694F8AF1094F8AE00F8F798FE5C
S31508009970DFE708B5D0F8A0301868FFF73EFF0020EB
S3150800998008BD704780F89510704790F895007047A5
S3150800999010B582B004460DF10701007D00F0D8FF2E
S315080099A09DF807303BB1206DA26CE36C13448342EB
S315080099B00BD002B010BD237D03EB43031B0103F15B
S315080099C0A04303F58023D86EEEE71046F1E710B5FD
S315080099D00446FFF7DDFF236D834201D2C01A10BD8E
S315080099E0A26CE16C0A44D01AF9E738B50446007D42
S315080099F0F7F7C8FB2046F9F701FD0546207DF7F77E
S31508009A00E1FB284638BDF8B50446FFF7EEFF00B17E
S31508009A10F8BD01F013FA0646207DF7F7B3FB20469A
S31508009A20FFF7B6FF451EA36CAB4202D9E56C013DB4
S31508009A301D4494F85470207DF7F7C4FBCFB92B4624
S31508009A40D4F898209A4212D01A78112A09D0132AE3
S31508009A5007D0013BA26C9A42F2D9E36C013B13444E
S31508009A60EEE7112A14BF0022012284F89C20C4F8CC
S31508009A709850304601F0DDF9CAE72DE9F843044667
S31508009A800F46154690F8959000264FF0010802E01B
S31508009A9094F89C304BB9AE421FD294F89630002BFE
S31508009AA0F6D02046FFF7AFFFF2E7B9F1000F02D074
S31508009AB03B780A2B09D0236E5B683978204698478D
S31508009AC0804650B901370136E5E7236E5B680D21FC
S31508009AD02046984780460028EDD04046BDE8F883E2
S31508009AE008B590F894301BB9FFF7C7FF002008BDEA
S31508009AF00E20FCE790F89430DBB170B504460D46AD
S31508009B000B69B3F5006F16D801F098F906466C6133
S31508009B1094F88C304BB1294604F19000FFF7D1FB3D
S31508009B20304601F086F9002070BD2846F9F788FC12
S31508009B30F6E70E2070472120F6E730B583B01446C5
S31508009B4092F8543033B1936D0BB1D06D984700231A
S31508009B5084F8543094F8963023B9002084F85400D9
S31508009B6003B030BD2046F9F721FC0028F5D0236E56
S31508009B705B68132120469847002507E0112B14BF80
S31508009B800023012384F89C300135EDB20F2D0DD842
S31508009B90236E1B680DF107012046984730B99DF8DA
S31508009BA00730112BEAD0132BEED1E7E72046F9F759
S31508009BB07BFCD2E72DE9F04F83B090464AB10446C4
S31508009BC00D46002966D0FFF710FF814628B14FF0F1
S31508009BD00008404603B0BDE8F08F2046FFF7F7FEC1
S31508009BE04746804528BF074694F896A0BAF1000F65
S31508009BF048D001F023F90190266D2046F9F7D6FBE7
S31508009C008346B846002211E00133C4F89830D1469D
S31508009C1012E008F1FF38B9F1000F05D0112B14BF77
S31508009C200023012384F89C3001320136BA420BD254
S31508009C30D4F89830B342E7D03378112BE9D0132BF8
S31508009C40E7D005F8013BEFE7D4F89810A26CE36C6F
S31508009C501344994213D0019801F0EBF8394620468F
S31508009C60F9F7D4FC94F89630002BB2D0BBF1000F6C
S31508009C70AFD0236E5B68112120469847A9E7C4F840
S31508009C809820E8E73A46216D284600F06FFCB8466A
S31508009C90D346E3E74FF000089BE72DE9F0418046FD
S31508009CA00F4616461D4600232B602968721A39444A
S31508009CB04046FFF77FFF034620B12C681C442C6002
S31508009CC0B442F2D32B6813B10020BDE8F0811B2003
S31508009CD0FBE710B514465069002380F88C309030A5
S31508009CE0FFF7F7FA08B1F9F7ABFB63681BB1A2688F
S31508009CF0002120469847002010BD50B138B50568A8
S31508009D0001F09CF80024AC65EC6501F092F8204659
S31508009D1038BD2220704738B5056895F894303BBBA6
S31508009D200446FFF7EAFFF9F707FA84421CD02B6EC0
S31508009D3093F91000F9F7CAF92B6E93F91000FFF79B
S31508009D40A8FD287D00F0E4FD287DF7F793F9F7F7DD
S31508009D506BF9002323606360E3606361A3612B6E84
S31508009D60DB682846984738BD0020F9F7D9F9DEE7B9
S31508009D700F20F8E701F00303DB004FF0FF0C0CFAA5
S31508009D8003FC07290ED810B54FEA910E0EF10C0107
S31508009D9050F821409A40624002EA0C02624040F8BC
S31508009DA0212010BD704708B5F9F79AFD08B5FFF7E9
S31508009DB0FAFF08BD7047704708B5FFF731FAFFF795
S31508009DC034FAFFF749FAFFF734FAFFF738FA08BD0D
S31508009DD008B5F9F703FEFFF7EDFFF9F785F9F9F787
S31508009DE005F9FFF74DFDF9F719F9F9F735FEF9F712
S31508009DF09DFDFFF7E0FF00F006F8FFF715FAFFF7FD
S31508009E00DBFF08BD704708B5FFF706FAFFF705FA46
S31508009E10FFF704FAFFF703FAFFF7F4FF08BD08B5E2
S31508009E20FFF70EFAFFF70DFAFFF70CFAFFF70BFA32
S31508009E3008BD7047431E012B03D9031F58425841DA
S31508009E407047012070474FF4D872002100F084BB98
S31508009E5070B50446FAF7B6FE0546A8B9A169F1B188
S31508009E60238AD3B1204604F1100200F0A2F938BBC8
S31508009E70E16919B3638AA3B1204604F1120200F01E
S31508009E806DF978B1054603E00023A3612361E36118
S31508009E90002328466361236270BDA061E8E720823B
S31508009EA0E6E7E361216A0029F2D0A28A002AEFD008
S31508009EB02046E38ABDE8704000F00FB96182F1E7F9
S31508009EC06582E561DEE711B9D0F8DC1021B1CB680F
S31508009ED013B18B68D88970474FF6FF70704710B575
S31508009EE0F9F772FE044608B900F01EFA204610BDBE
S31508009EF0FAF700B9FAF724B9C08D70470A7838B569
S31508009F0005461046FFF796FF60B14C782046FFF7E6
S31508009F1091FF38B12243530704D42846BDE8384098
S31508009F20FAF7A4BA212038BDFFF7E8BF10B50446F2
S31508009F300878FFF77FFF58B14A781046FFF77AFF8F
S31508009F4030B1042A04D02046BDE81040FAF7ACBA6E
S31508009F50212010BDFFF7EABF00F071B870B50446BE
S31508009F6000200E4600F0DCF9D4F8F0503DB100238D
S31508009F7031462046AC46BDE870401A4660472B4637
S31508009F80012231462046FAF791FB284670BD38B5BE
S31508009F90044648880D4600F0C3F9D4F8F0302BB9CA
S31508009FA029462046BDE83840FAF798BA022038BD57
S31508009FB000F0B8B900F080B800F0E1B938B5044649
S31508009FC00D4600F032FF0023C4F89050C4F88C30D8
S31508009FD0BDE8384000F024BF38B505460C4600F009
S31508009FE024FFD5F890301C40D5F88C302343C5F8AB
S31508009FF08C3000F015FF211E18BF012100204902F0
S3150800A00038BD00207047002070477047D0F894305C
S3150800A01003F06003402B0DD0602B03D0203B584241
S3150800A0205841704749B10B68012B06D9486940F079
S3150800A0300100704740F20110704700207047F7B5DD
S3150800A04004461046D4E954C7DDE908268CEA020519
S3150800A05087EA06010540194085EA0C057940C4E9F6
S3150800A0605451002523F4004106EA010320F00100BB
S3150800A07043F40073024043F00203CDE90055FDF7AF
S3150800A0804DFA94F824309A0713D5D4F854319B0521
S3150800A0900FD54FF488112046FFF79EFF94F8243019
S3150800A0A0024665F3410384F8243020460B46FAF746
S3150800A0B007F8002003B0F0BD0346D0F82401086075
S3150800A0C0B3F8283100208B80704790F824310C2B88
S3150800A0D014BF90F82B00FF2070472DE9F041884601
S3150800A0E018F0030706461546194633D1B2F5805FC0
S3150800A0F030D89A422ED33F2A28D9B2FA82F40122BE
S3150800A1000120C4F11F03DBB29A4092B2AA422CBFC7
S3150800A110C4F11904C4F11A04E2B2931DDBB29840E3
S3150800A12080B2A84214D096F8F530ABB9012096F85B
S3150800A130253060F3410386F825304046FAF7F4FEE9
S3150800A140C6F82080B5823846BDE8F0813A46EAE787
S3150800A1500020ECE72127F6E70E27F4E7F8B511F01B
S3150800A160030607460D46144621D102B313883F2B32
S3150800A1701DD9B3FA83F3C3F11901C9B2062901D867
S3150800A180192B12D0062928BF062101238A1DD2B20F
S3150800A19093402846238000F0B7F823883846FD61A7
S3150800A1A07B82FAF7D1FF3046F8BD3146EDE7212626
S3150800A1B0F9E738B5148811F003054FEAC4041ED12F
S3150800A1C03F2C1CD9B4FA84F4C4F11903DBB2052B6D
S3150800A1D001D8192C11D0052B28BF052301240633D5
S3150800A1E0DBB204FA03F3C3F3CF041480816104825B
S3150800A1F04387FAF7A9FF284638BD2B46EEE72125FF
S3150800A200F9E738B51546044608460121FCF740F833
S3150800A21001212846FCF73CF894F8253043F0010361
S3150800A22084F8253038BD38B50446154680F82C1014
S3150800A2305AB100F03AF808B900201AE094F8243028
S3150800A24043F0800384F82430F6E70846FBF706FC5B
S3150800A250FF2884F82C0009D0204600F026F80028AC
S3150800A260EAD094F8243065F3C713EBE7FBF71AFC3A
S3150800A270212038BD8021FEF72FBA38B50546F9F7F3
S3150800A28053FF04462846F9F72DFF072804BF24F490
S3150800A2907F4121F00801284614BF24F0800141F0CF
S3150800A2A08001BDE83840F9F745BF4021FEF714BAEA
S3150800A2B090F8F400431E58425841704738B5054691
S3150800A2C010460C46FAF7A4FDD5B1D5F8E030BBB177
S3150800A2D05B69ABB1421ED2B2FD2A13D90A680132B4
S3150800A2E004BF6FF001020A600A68FF281A6007D1E6
S3150800A2F06268013202D16FF00102626062685A60D8
S3150800A300002038BD0128F2E74FF03A4301225A6788
S3150800A31041F6FF72D96418651A677047FAF7D6BC12
S3150800A3200020704700207047704710B50468024641
S3150800A330090494B9D9B1B1FA81F3C3F12003C3F181
S3150800A3400F00012838BF012003F01F03D9408C42B3
S3150800A35001D201384908116010BDB4FA84F331B14D
S3150800A360B1FA81F01B1A002BE9DC0F20EFE70F206A
S3150800A370F1E70638042834BF0120FF2070477047EC
S3150800A38000200021704708B5FBF75EFDBDE80840D0
S3150800A390FBF772BD38B50446FFF7F5FF0546FFF72C
S3150800A3A0F2FF431BA342FAD338BD08B521B1920088
S3150800A3B000F0DCF8002008BD2120FCE700F06F4320
S3150800A3C0B3F1804F02D0B3F1204F02D120F0704094
S3150800A3D0704700F06043B3F1204F08BF20F080506B
S3150800A3E070470B0C23F48053B3F5284FF7B50D4689
S3150800A3F08FB2064699B216D04AF60103994214D08E
S3150800A4004AF60203994212D0B1F5204F14BF04242C
S3150800A4100324D6F8E0300BB1196851B9D6F8DC3008
S3150800A42093B928680EE00024F3E70124F1E7022433
S3150800A430EFE7234668463A46FBF7A2FDDDE9000347
S3150800A440002BEBD103B0F0BD19680029E9D02346EB
S3150800A45068463A46FBF794FDDDE90003002BE0D198
S3150800A460F0E70204C0F3891307D56FEA83536FEA4E
S3150800A470935313F5007F18B206D0A3F1C8006FF402
S3150800A480FF739842B8BF184670470020FCF75CB8BF
S3150800A4900120FCF759B800EB8023C0EB831353FA6D
S3150800A4A081F303EB8322C3EB8213C1F30722134420
S3150800A4B003EB8322C3EB8213C1F30742134403EB76
S3150800A4C08322C3EB821303EB1160704738B50D4640
S3150800A4D0144604B938BD55F8041BFFF7DCFF013CE8
S3150800A4E0F7E77047FDF766BCFDF764BCFDF762BC8D
S3150800A4F0FDF760BC08B50846FEF762F808BDFDF72B
S3150800A50059BC30B514469BB005461A46002C05DAE8
S3150800A5108B2303604FF0FF301BB030BD4FF402733E
S3150800A520009104916946ADF80C3014BF04F1FF336D
S3150800A5302346029305934FF6FF73ADF80E301E9B24
S3150800A540FEF7E2FA431CBCBF8B232B60002CE3D03A
S3150800A550009B00221A70DFE702440346934200D1AB
S3150800A560704703F8011BF9E7704770470A44431E12
S3150800A570914200D1704710B511F8014B914203F88A
S3150800A580014FF9D110BD2DE9F0471F468E68824666
S3150800A5900C46BE4290460B682DD8B1F90C2012F431
S3150800A5A0906F26D06569096905EB4505A3EB010996
S3150800A5B07B1C05EBD5754B446D109D4238BF1D4677
S3150800A5C0530527D52946FEF7BDFB064660B34A461E
S3150800A5D02169FFF7CBFFA38923F4906343F0800337
S3150800A5E0A38126614E446561A5EB090526603E46B2
S3150800A5F0A560BE4200D93E4632464146206800F074
S3150800A600BDF8A36800209B1BA3602368334423601E
S3150800A610BDE8F0872A4600F083F806460028E0D110
S3150800A62021695046FEF74EFD0C234FF0FF30CAF85D
S3150800A6300030A38943F04003A381E9E72DE9F047F9
S3150800A640164698468A6807460B690C46DDF8209038
S3150800A6509342B8BF1346336091F843200AB10133D9
S3150800A66033602368990642BF33680233336025682E
S3150800A67015F0060506D104F1190AE36832689B1A33
S3150800A680AB422BDC94F843302268003B18BF012309
S3150800A690920630D404F1430241463846C847013091
S3150800A6A023D023681A3454F80A2C03F00603042B23
S3150800A6B00ABF54F80E5C002533684FF0000608BF41
S3150800A6C0ED1A54F8123C08BF25EAE5759342C4BF53
S3150800A6D09B1AED18B5421AD1002008E0012352460C
S3150800A6E041463846C847013003D14FF0FF30BDE830
S3150800A6F0F0870135C1E7E1185A1C3020023322449D
S3150800A70081F8430094F8451082F84310C2E7012304
S3150800A710224641463846C8470130E6D00136D9E7D1
S3150800A7202DE9F041804615460C4621B91146BDE88B
S3150800A730F041FEF707BB2AB9FEF7C4FC0024204601
S3150800A740BDE8F08100F042F88542064602D8B5EB2E
S3150800A750500FF4D829464046FEF7F4FA0746002873
S3150800A760ECD0B5422A46214628BF3246FFF7FEFE00
S3150800A770214640463C46FEF7A5FCE0E7884210B570
S3150800A78001EB020402D98442234607D8431EA1429C
S3150800A79008D011F8012B03F8012FF8E70244014607
S3150800A7A08A4200D110BD13F8014D02F8014DF7E7B2
S3150800A7B0C9B20346024410B59342184601D1002097
S3150800A7C003E0047801338C42F6D110BD51F8043CFD
S3150800A7D0181F002BBCBF0B58C0187047014B1868D0
S3150800A7E0704700BF8C1D002008B50B4B1B6F03F08C
S3150800A7F00703013B032B09D8DFE803F00B02050921
S3150800A800FFF7ECFF04E0054B186801E0FEE7044893
S3150800A81008BD0448FCE700BF00800050941D0020D6
S3150800A82080D54302002D310108B5FFF7DDFF054B42
S3150800A8301B6FC3F303330133B0FBF3F0024B18600D
S3150800A84008BD00BF00800050881D002000487047E2
S3150800A85000B4C40400487047002D3101014B186844
S3150800A860704700BF941D00200048704780D54302FA
S3150800A8701A4B4FF400225A664FF0B4439868C0F357
S3150800A88004400C2808D8DFE800F00907070707077F
S3150800A89022181A071C1E2000002070474FF0B443E8
S3150800A8A09B6803F04073B3F1807F12D0B3F1007F49
S3150800A8B011D003B170470A4870470A4870470A48DA
S3150800A8C070470A4870470A4870470A4870470A4856
S3150800A8D070470A4870470A48ECE700BF00900050E6
S3150800A8E000093D000024F400C0EA210180BA8C0169
S3150800A8F00048E801005A6202405DC60080841E00D6
S3150800A90040420F00014B1868704700BF901D002099
S3150800A91008B50A4B1B7853B107280AD8084B03EB2E
S3150800A92000131B7B3BB1F7F7ABFF002008BD0548BA
S3150800A930FCE70548FAE70548F8E700BFE91C0020E8
S3150800A940EC170020028000F0018000F0078000F07C
S3150800A9500C4B1B7873B110B50C4607280CD869B197
S3150800A960094B03EB00131B7B53B1F7F79BFF2070D2
S3150800A970002010BD054870470548FAE70448F8E77F
S3150800A9800448F6E7E91C0020EC170020028000F0D6
S3150800A990018000F0078000F00C4B1B7873B110B5EE
S3150800A9A00C4607280CD869B1094B03EB00131B7B2F
S3150800A9B053B1F7F791FF2060002010BD0548704796
S3150800A9C00548FAE70448F8E70448F6E7E91C0020D2
S3150800A9D0EC170020028000F0018000F0078000F0EC
S3150800A9E040B9054B5B6813F0010F03D0024B9B6D12
S3150800A9F0002BF6D1704700BF00800A5008B9014BFA
S3150800AA005964704700900A5008B9014B5964704759
S3150800AA1000A00A5008B9014B1964704700A00A50F3
S3150800AA2010B9024B186C70470020704700800A5016
S3150800AA3038B505460C46FFF7D3FF55B91CB1012CAE
S3150800AA4004D0002006E0044BD86C03E0024B186DD6
S3150800AA5000E0002038BD00BF00800A5070B50546EA
S3150800AA600C461646FFF7BCFF15B914B1012C03D0E6
S3150800AA7070BD034BDE64FBE7014B1E65F8E700BFBC
S3150800AA8000800A50B8B1036803F03F00C3F382128E
S3150800AA9013F4E07F03D0012A0FD1094A00E0094ADE
S3150800AAA031B102F5805201238340136000207047BC
S3150800AAB002F50052F7E70E2070470E20704700BFD8
S3150800AAC068800050648000504161114B1B68CBB10F
S3150800AAD010B4002403E0891A41611C469B6823B11F
S3150800AAE05A698A42F7D9002AF5D044B1A060836032
S3150800AAF013B15A69521A5A615DF8044B7047044AF1
S3150800AB001060F4E7024B186000238360704700BFAB
S3150800AB10A8180020104B1B680246B8B1002101E0B6
S3150800AB2019469B680BB19342FAD1934210D149B1A9
S3150800AB3093688B6093686BB159695269114459617E
S3150800AB40002070479168044B1960F3E7222070478C
S3150800AB500220704700207047A818002008B500F0AA
S3150800AB60E1F80B4B1B680B4A1268821A03E0521A6B
S3150800AB70002159619B683BB132B159699142F6D3BC
S3150800AB80891A59610022F5E7024B186008BD00BF13
S3150800AB90A8180020A41800200B4B1B6800220B499C
S3150800ABA00A70012A0ED86BB1D98811F0020F05D1A7
S3150800ABB09B68002BF5D059690A44F2E7034B01223A
S3150800ABC01A707047704700BFA8180020EE1C0020B6
S3150800ABD00D4B1B68B3B110B55B6963B10B4A1468BA
S3150800ABE01C44022000F05AFA204600F0B7F8FFF796
S3150800ABF0D3FF002010BD022000F050FA022000F01A
S3150800AC00FFF8F4E722207047A8180020A4180020AF
S3150800AC1070B500F013F9054600F084F80446084BB1
S3150800AC201E68012000F023FA28B9284600F001F929
S3150800AC302046314670BD00F075F804460136F4E743
S3150800AC40B0180020014B1868704700BFAC180020E8
S3150800AC5008B5084B1968A1FB000140F2E733C01894
S3150800AC604FF47A724FF0000341F10001FDF778FDC9
S3150800AC7008BD00BFAC180020F8B5044610F0010F57
S3150800AC8003D114F0020F09D1F8BD234A1368013322
S3150800AC901360FFF763FFFFF79BFFF2E700F0CEF8BC
S3150800ACA00546FFF75BFF00273E4616E09B683BB16B
S3150800ACB05A692AB921791A799142F7D91C46F5E7D2
S3150800ACC0284600F0B6F8204600F083F9E7880136F2
S3150800ACD000F0B4F80546FFF741FF104B1C681CB19D
S3150800ACE063690BB92346E2E70D4B00221A70012E61
S3150800ACF007D0FFF76DFF222809D0284600F099F8FB
S3150800AD00C2E717F0020FF4D001221A70F1E7022009
S3150800AD1000F05CF8F1E700BFB0180020A818002082
S3150800AD20ED1C0020054B5B6813F0010F03D0034BA5
S3150800AD30DB69002BF6D1014B9869704700800A50F1
S3150800AD4000B583B001A9044B187900F07DF8019885
S3150800AD5003B05DF804FB00BFF4BA0008F8B5044672
S3150800AD6000F063F80646FFF7DDFF054600F090F9A8
S3150800AD7007460020FFF754FE10F0020F04D17B1B94
S3150800AD80032B01D8BD420FD1631B022B00D8EC1C44
S3150800AD90B4F1FF3F2CBF2246621E00210846FFF78A
S3150800ADA05DFE022000F07AF9304600F039F8054BCE
S3150800ADB01B782BB1044B01229A64024B00221A70AD
S3150800ADC0F8BD00BF831E002000900A5008B510F099
S3150800ADD0010F0ED1002110F0020F06D041F002013A
S3150800ADE00123054A1370054A93640020FFF70CFEF9
S3150800ADF008BD0121EFE700BF831E002000A00A500E
S3150800AE0010F0020F02D0024B02221A64704700BFEC
S3150800AE1000900A504FF4004070474FF47A7070471C
S3150800AE2010B962B6BFF36F8F7047EFF3108072B632
S3150800AE30704780F31188BFF36F8F7047EFF3118067
S3150800AE40302383F31188704719B108B500F00DF85F
S3150800AE5008BD2220704708B50121FFF713FE08BD7B
S3150800AE6008B50021FFF70EFE08BD70B504460E466C
S3150800AE70FFF7E4FF05461F2C00F2A780DFE804F081
S3150800AE801019A520272EA5353CA543A54A51A55836
S3150800AE905F66A56DA574A59EA57BA582A5899097D5
S3150800AEA0FFF7A2FC306000242846FFF7C2FF2046C1
S3150800AEB070BD4FF4C070FEF76EFA30600024F3E7F9
S3150800AEC04FF42070FEF767FA30600024ECE74FF481
S3150800AED04070FEF760FA30600024E5E74FF46070D2
S3150800AEE0FEF759FA30600024DEE74FF40070FEF7EB
S3150800AEF052FA30600024D7E74FF48060FEF74BFA29
S3150800AF0030600024D0E74FF44060FEF744FA306022
S3150800AF100024C9E74FF4C060FEF73DFA306000240C
S3150800AF20C2E74FF4F060FEF736FA30600024BBE75C
S3150800AF304FF4B060FEF72FFA30600024B4E74FF400
S3150800AF40D060FEF728FA30600024ADE74FF41060B1
S3150800AF50FEF721FA30600024A6E74FF4E060FEF71A
S3150800AF601AFA306000249FE74FF4A060FEF713FA40
S3150800AF703060002498E74FF41860FEF70CFA30604A
S3150800AF80002491E74FF42860FEF705FA30600024A4
S3150800AF908AE74FF48070FEF7FEF93060002483E7F5
S3150800AFA04FF43060FEF7F7F9306000247CE74FF481
S3150800AFB02060FEF7F0F93060002475E74FF408606A
S3150800AFC0FEF7E9F9306000246EE700233360212498
S3150800AFD06AE72DE9F041044605696DBB00252F4651
S3150800AFE02E46002D39D02369FBB1F5B9BE1BA38BBC
S3150800AFF06BB1E28B13449BB2E383B3F57A7F06D336
S3150800B000A3F57A73E383013EA369013BA361FFF7C6
S3150800B01015FF054631462046FFF756FDA369226906
S3150800B0201344A3612846FFF704FFE36813B12168B8
S3150800B03020469847BDE8F0812F46FFF773FEA369BF
S3150800B040C61AF217AE4272F1000204DB22691344F3
S3150800B050A3610125C5E70025C3E7FFF7EFFE804694
S3150800B0602046FFF757FD4046FFF7E3FEBBE710B55E
S3150800B07004460020FFF7D4FC012C04D0022C05D18D
S3150800B080C0F3400003E000F0010000E0002010BD1E
S3150800B09008B500210846FFF7CBFC08BD08B510F037
S3150800B0A0010F09D1002110F0020F01D041F0020171
S3150800B0B00020FFF7A3FC08BD0121F4E738B5FFF728
S3150800B0C0BDFE04460020FFF7ABFC10F0010F11D1BE
S3150800B0D0002510F0020F01D045F0020500F003012B
S3150800B0E00020FFF797FC2846FFF7C6FD2046FFF726
S3150800B0F0A0FE38BD0125ECE70000000000000000B6
S3150800B100F8B500BFF8BC08BC9E467047F8B500BF46
S3150800B110F8BC08BC9E4670475FF800F0211D002069
S3150800B12050415353000000004641494C00000000BE
S3150800B1300D0A3D3D3D204E6574416E616C797A6518
S3150800B140725F464732335F563031202846535F4E8A
S3150800B1503D256429203D3D3D0D0A55415254203177
S3150800B160313532303020382D4E2D31202F205042A7
S3150800B17030313D545820504230323D52580D0A0065
S3150800B1805B53325D2043524331362F43434954546F
S3150800B1902D46414C53452025730D0A0020202020BA
S3150800B1A0202231323334353637383922203D2025AE
S3150800B1B030345820286578702025303458290D0AEF
S3150800B1C00000000020202020202241424322202087
S3150800B1D020202020203D20253034582028657870EE
S3150800B1E02025303458290D0A000000005B533361CE
S3150800B1F05D206672616D65206275696C64202573D1
S3150800B20020206C656E3D257520286578702025758B
S3150800B21029202043484B3D2530345820286578702E
S3150800B2202025303458290D0A000000005B5333618D
S3150800B2305D206672616D653E3E0D0A000D0A5B5320
S3150800B24033615D203C3C656E640D0A0052494E47E9
S3150800B2502B495251000000005B5333625D2074781D
S3150800B2605F6D6F64653D2573202063616C6C5F724A
S3150800B270657475726E3D256C75207469636B20283C
S3150800B280256C752075732920206C696D69743C31AD
S3150800B29030303075730D0A005B5333625D20746974
S3150800B2A0636B5F667265713D256C7520487A202050
S3150800B2B070656E64696E673D2575202064726F70CF
S3150800B2C07065643D256C750D0A0000005B53315DA1
S3150800B2D0207469636B3D256C750D0A004F4B0000A1
S3150800B2E0010203040506070841424300313233349C
S3150800B2F03536373839000000303132333435363791
S3150800B30038394142434445460000000076F50100BD
S3150800B3100300B9FFD2010201050123010400000060
S3150800B320E0B2000808000000E8B3000800000000CA
S3150800B33040B300080200000000000000C0175302D6
S3150800B340B8B30008ECAFA81AD4300000000000001B
S3150800B3501800FF7F541D002000000000E0B8000818
S3150800B3600000000088B30008ECAFA81AD43000002B
S3150800B370640064007C00FF7F541D0020000000006C
S3150800B380E0B8000800000000FC4F01038CB8000874
S3150800B3907440040112007017B42B0000000000006E
S3150800B3A059FF000024420101F82E0000F84F01035E
S3150800B3B000000000FFFFFFFFFC4F01038CB80008E8
S3150800B3C07440040112002800B42B0000000000009D
S3150800B3D0590F00002442010168000000F84F0103DC
S3150800B3E000000000FFFFFFFF0C4002000180000084
S3150800B3F0FF4000002040020000000000000000009E
S3150800B40030400700000000000000000000000000B7
S3150800B410000000000000000000400000A007000037
S3150800B42050400100000000005C40020000000000DF
S3150800B43000000000A840010007000000BC4004000E
S3150800B44000000000000000000000000000000000EE
S3150800B4500841040000480000FF4C000000490000B5
S3150800B460FF4D000020C0011000F8070020C0013081
S3150800B470FE01280024C00110FF00000024C001308E
S3150800B4800013000028C00800EC80B3034375405140
S3150800B490A00F00F830400000A8AA0700000000002E
S3150800B4A0000000000000000054C01400872130008E
S3150800B4B0F400E3E6DC02000086B7CFDCE300000018
S3150800B4C088C6020080040000BA14000000000F00BD
S3150800B4D02C004D007500AC00EF00D401D502E60340
S3150800B4E0BD05BF07F709A30DAD11D916C71DB626A9
S3150800B4F0CE31FF3FD039FF3FFF3F0000A8C005000F
S3150800B500BD4B721511A3180510325476980A00001F
S3150800B51000000000CCC00400FE010000000000008E
S3150800B52001000A000100280008000101C407000004
S3150800B5301800010100FF0000200001010884000036
S3150800B54040400D01000030300000000010000000EF
S3150800B550000000040FC08200000000200000000068
S3150800B560000000030000002000000000F47E140024
S3150800B570400C00008801000084401501000000000E
S3150800B580300309000000066200000000040A1422C5
S3150800B59032414A4F00000000000000000000000091
S3150800B5A0000000000000000000000000000000008D
S3150800B5B0000000000000000000000000000000007D
S3150800B5C0000000000000000000000000000000006D
S3150800B5D0E0400111F8010000E040013101020000DD
S3150800B5E010410201331E0500000000001C410E0137
S3150800B5F000E0388F00000000FF0483078813C83A6C
S3150800B600FF06660CFF0483078813FF03BC200AF0B5
S3150800B610A3C95000D756A040D42D55559F826943DB
S3150800B620893B4000C0030080584102010000000029
S3150800B630FFFD0000644101010C0100006C410B0193
S3150800B64000000040000000000000000000000000AC
S3150800B65000000000000000000101000000000000DA
S3150800B660000000000000000000000000A4410201E4
S3150800B6700000000000000000B0410C0100000000BE
S3150800B68058963FC0000000000000000000003C0083
S3150800B690AAAA0600000000000000000055555555EE
S3150800B6A0E70268800600C20000000000E4411001BD
S3150800B6B0E6E7FF0BCDA10A00BD066A005EB04D00A5
S3150800B6C07D02420EA5B62202FF25B234EA6B8F0030
S3150800B6D0B3000E00773A0E002FBFBB0015BA4C0F09
S3150800B6E02206A704981DF92100000080000000002A
S3150800B6F02842040100000000601800400000000015
S3150800B700000000003C420101000000004442030121
S3150800B71014000000000000000800050430430F0173
S3150800B720000000000000000000000000000000000B
S3150800B73000000000000000000000000000000000FB
S3150800B74000000000000000000000000000000038B3
S3150800B75000000000000000000000FF5810800101F2
S3150800B76003000000388002010115100005000000E2
S3150800B7709C8003010000000070B8030070B8030045
S3150800B780A8800111F6010000A880013101420101DB
S3150800B790AC800111F6010000AC80013101420101C3
S3150800B7A0B0800201000300020003000298000302B1
S3150800B7B000000000000C00044C040000D80002023F
S3150800B7C0050040AA88010000EC000112E00F000005
S3150800B7D0EC0001320D205111F00001022333000064
S3150800B7E0000101021001000004010112000000001E
S3150800B7F004010132100100001001011200FF0F00C0
S3150800B80010010132020000422C01011200FC1F0047
S3150800B8102C010132AA008000400101023F0000000D
S3150800B8205001011200C000005001013262005100AF
S3150800B83068010202100006000020060074010102D9
S3150800B8406901100C7801011200001C007801013210
S3150800B8504004E0CF8001011279070000800101321F
S3150800B86006000000880102029000000000000000A7
S3150800B870AC010112F8010000AC010132040001001C
S3150800B880B001010200020000FFFFFFFF14000000E4
S3150800B890222222000000000028B9000810B900087A
S3150800B8A0000000000800000000000000B80B0000BF
S3150800B8B00101EE000115100A20B90008E4B80008D5
S3150800B8C0000000000000000000000000B80B0000A7
S3150800B8D0000000000000000000000000100000004A
S3150800B8E00000000001000000C0175302050C00000C
S3150800B8F09E0100000000CC0101010505FA010101C5
S3150800B900060528020101060656020101070600007F
S3150800B91098590900985909001516050000000000F5
S3150800B92004A5B4C3CD00000014290200003111009B
S3150800B9300000010002640001012F0000070000005A
S3150800B94056636F6D00000000010100001E00000331
S3150800B950040404040404000102030000000901F0C1
S3150800B96068BA0008000901F01CBA0008000901F0CD
S3150800B970D0B90008000901F084B9000800000000E9
S3150800B98000000000CEFF84FEFF00CEFF0A00000084
S3150800B990F00094077D240500D300C8084A72050004
S3150800B9A0BA00DB07482C0500A6004F07B4FD0400C3
S3150800B9B094007506A9AC04008500F4050178040016
S3150800B9C07600C004A6EE03004F00A5015B2702001F
S3150800B9D01E0084FEFF001E000A000000F0001F087B
S3150800B9E045CA0200D400220AB0AD0200BA003809DE
S3150800B9F025B20200A500960703AA020090009F063A
S3150800BA00609B02008100E1051E8902007300430560
S3150800BA10987402004B005A011E7B01006E00A2FEBC
S3150800BA20FF006E001E000000F000C40B7391FEFFBD
S3150800BA3088004606813600005B00C30357AF000046
S3150800BA403C0070022CC500002A00B6012DBC00007F
S3150800BA501D001F0151A200001400B80083840000D5
S3150800BA600C003A009648000096001AFFFF00960060
S3150800BA701E000000F000671427ADF7FF5300870487
S3150800BA801126FFFF2E001902C2FBFFFF1E00500100
S3150800BA90A92800001400D0008C3600000D0085008F
S3150800BAA03C35000009005A004D2F00000500220011
S3150800BAB06F1E00000B0000000C00000003000000D1
S3150800BAC00000202000000000020000003C3C3C0072
S3150800BAD00000000000000000000000000103100143
S3150800BAE0010903001E000000160000001A000000ED
S3150800BAF05600000000800A5013000000E4BA00084F
S3150800BB000000015B15000000F0BA000805000000FF
S3150800BB100000000000C20100000200000010000042
S3150800BB200000000000000000000000000500000002
S3150800BB3000000000802500008002000000100000C0
S3150800BB4000000040000000000000000000000000A7
S3150800BB50B00100000808002000021000B8180020F4
S3150800BB60B8090020000000010000010100010101E0
S3150800BB7020C001B86090A31AF26EEF0341082106AF
S3150800BB806310420AA518630EE720941249A9B5184E
S3150800BB90AC39F72251CA3929D55EAC39BDFB0F003D
S3150800BBA000B801B802B800B003040408080500008C
S3150800BBB0C43B0000C80000008C3C00000C000000DC
S3150800BBC0703E000000000000CC360000F8040000BB
S3150800BBD09C3C000004000000783E000003000000C2
S3150800BBE014320000B8040000983C0000040000006D
S3150800BBF0703E00000800000000000000143200003B
S3150800BC007C3E0000000000007C3E00003C00000076
S3150800BC1000000000703E0000CD2C0000E52C00005E
S3150800BC20E52C0000E52C0000E52C0000E52C0000C2
S3150800BC3000000000000000000000000000000000F6
S3150800BC40E52C0000E52C0000E52C00001D31000065
S3150800BC50E52C0000FB2500000B260000B32600009B
S3150800BC602B270000B527000049290000D52700002A
S3150800BC70DD2900002928000089280000FD28000089
S3150800BC80412B00000D2C0000C92500005B2E00008A
S3150800BC9019220000792E0000FD2E0000E52C000078
S3150800BCA0F52F0000C12F0000E52C0000E52C000050
S3150800BCB045300000E52C0000E52C0000E52C0000CE
S3150800BCC0E52C0000E52C0000E52C00001D13000003
S3150800BCD01313000056488068000200D4704780B5E8
S3150800BCE08020800253490860CF2000F0C9FA10204E
S3150800BCF051490968014003D0B849C8630220086061
S3150800BD0001BDF8B54D48816B4D4F802292033A60CC
S3150800BD104C4E336840241D050BD41C402AD0012004
S3150800BD2003F085F8002825D08020C0058E490860D4
S3150800BD3020E0130BA0250D4002D10068C00601D5EE
S3150800BD403B6017E00A403FD18020884A1060884A45
S3150800BD501060194038D0364D287A400705D501209D
S3150800BD60844908600002844908602878002801D0C0
S3150800BD70062801DB0020F2BD00F094FB7168896893
S3150800BD804E682978052907D1E105B9606E60B6685D
S3150800BD90CC218901784A116000F08DFB012E00DA6A
S3150800BDA00226BC2080058E490860942080058D49AE
S3150800BDB008606E480021C9430164714241648021CC
S3150800BDC0894A11600460D5E7A3480360FFF782FF3C
S3150800BDD00120F2BD18480168890504D5C06E000423
S3150800BDE0000F022801D0002070470120704738B59F
S3150800BDF080245E48046000F055FB050097480068FB
S3150800BE0000F0C2F9280000F056FBFFF763FF084868
S3150800BE10007A000705D5A0000949086000F022FC51
S3150800BE2031BD60038C4908608D48046031BD00004F
S3150800BE307C3E00001C1002A8440002A80C0002A8C0
S3150800BE40442002A8D03E0000FEB50400854D8C2093
S3150800BE5080016860012684480660FFF7BBFF00285A
S3150800BE6026D08248007800287DD031020194052822
S3150800BE7002D022460A4076D1CC2292012A607C4A18
S3150800BE80126881231B02134001D0032301E05307E4
S3150800BE905B0F0C01022804D1022B62D336480460DA
S3150800BEA05CE04D01032804D1022B5AD932480560BB
S3150800BEB0F7BD042802D1114053D0F7BD052850D14B
S3150800BEC0019800284DD0C005C10F684641700198F9
S3150800BED0C004C10F6846017000F0E4FA0290634896
S3150800BEE0406869464978002903D006688021204AB7
S3150800BEF01160670495496A461278002A0CD0C26810
S3150800BF000B68D21A924B1B683B4001D0066800E0CA
S3150800BF104668964200DD1600684640786A461278FA
S3150800BF20024308D008684242B01E824202DA7042D2
S3150800BF30886000E00026029800F0BDFA01988005A6
S3150800BF4001D5984807600198054001D096480760D2
S3150800BF50002E06D0CC20800107490860B648046048
S3150800BF60F7BDFFF744FFF7BD4C6201A80CC001A856
S3150800BF7090E001A8C4D000A8145001A838B58024C0
S3150800BF808A480460012038490860384D2878052811
S3150800BF9002D06000A9490860FFF71CFF002812D0EC
S3150800BFA02E480068000A80214140A868000EC9B2E0
S3150800BFB0814208D22E4800684007400F022802D264
S3150800BFC0FFF715FF31BD9E480168C0220A4002D11D
S3150800BFD0C06F204001D00448046031BD082002A883
S3150800BFE008E001A808D001A894D001A80A0000D149
S3150800BFF0704780B51822514340180C304069002814
S3150800C00003D08021090300F0DDF901BD38B500F041
S3150800C01049FA04008B480568A86881782800FFF764
S3150800C020E5FF688801210143698002208649086086
S3150800C03086490860200000F03EFA31BD10B500F0D0
S3150800C04031FA04007F4800688168C978FFF7CEFF97
S3150800C050200000F030FA10BD441002A818C000A84D
S3150800C060100002A8106001A8C4E000A87C3E0000E9
S3150800C070184001A8F1B582B00F00A020384003D1BE
S3150800C08073480068C00603D580208000714959E0CE
S3150800C09000F008FA00906B480468F80204D5A06816
S3150800C0A00069029000F07CFB00F0D5FB80210903B3
S3150800C0B0606800F087F926780020761C6178B1421E
S3150800C0C000D200261821714365180C3529780829ED
S3150800C0D0F3DA2670A56060492A780A70BA0507D58A
S3150800C0E0584800688068C068FA0201D40322904361
S3150800C0F08860012738400DD158480299426B891843
S3150800C1000068081A56494018012803DB00F09CFC11
S3150800C11001F01DF8F904686900F054F93C2000F0B4
S3150800C120AFF8F0B200F0ACF860884E490140618083
S3150800C130009800F0C0F93805464908604A48076083
S3150800C14038024A4908600298FEBD000048C001A8A6
S3150800C1504C0002A810B546480068800501D4FE20A8
S3150800C16010BDC02080034349086000F09BF935499B
S3150800C17009688A78D20702D589688C7800E00C7835
S3150800C18000F099F9200010BD2E4909688A688B7855
S3150800C190DB0704D5927818235A438A180C32906024
S3150800C1A0704700004C1002A84C2002A894E001A891
S3150800C1B0F1B582B0304F3C680026200F000702D147
S3150800C1C0E00102902AE000F0C2FF00F06BF901904E
S3150800C1D080210903606800F0F5F825786D1C607801
S3150800C1E0A84200D20025E80020180C30009000680C
S3150800C1F00290802109030098406800F0E3F83D208A
S3150800C20000F03EF8E8B200F03BF825700098A06010
S3150800C210019800F050F902A801F035F817480068AF
S3150800C220800407D5F86901F0A4FC02990818029061
S3150800C23000D502960298FEBDB03E0000146001A823
S3150800C24014C001A8D43E0000284000A8448001A8D4
S3150800C2500C0002A8442002A87C3E00009C3F000077
S3150800C2600010FFFFFEFF0000C0E000A8106001A854
S3150800C270440002A8441002A8D83E0000FC0302A805
S3150800C28045490968002901D5444908607047F2B54F
S3150800C29082B0434CA168434D4A004ED50126090198
S3150800C2A000D521260100404A1068526800922A6883
S3150800C2B09206920E23689B0080273B4013437A0020
S3150800C2C01A430192394F0A0026D0890601D5012062
S3150800C2D008E0F021014007D16946097A0C220A4094
S3150800C2E002D0022000F042F8396EBC229200914238
S3150800C2F00DD12F490968C90309D52168490306D50F
S3150800C3002168090701D4022100E00321009148367B
S3150800C310019A3968890002E0019AB96B0909402334
S3150800C320194011439A00009B002B02D013432B6639
S3150800C3300836296602432A662E66E86D45076D0F9C
S3150800C34000F09AF8A8070BD0052D09D0A0680004BC
S3150800C35006D400F0A7F80221164A116000F0ABF8DF
S3150800C36000F093F8002000F001F8F7BD0E490A68BE
S3150800C370F0239A43000110430860C0B2704780203A
S3150800C380C0020D490968890701D10C4900E00C492A
S3150800C3900860704700000000500002A8884000A806
S3150800C3A0480002A8284000A8783F0000184001A8C5
S3150800C3B0D03E000024D50350844000A8486000A859
S3150800C3C0485000A880B5494A116001F0FDFBFFF707
S3150800C3D0D6FF01BD70B500F065F8454A454BD168F2
S3150800C3E08C0819002140D1246400D52901D2D52111
S3150800C3F002E0A14200D921000D0046352D041E0495
S3150800C4002E400D00463D2B4033431360C0221206D2
S3150800C410394B1A60394A137C002B0AD0384BD52978
S3150800C42002D98025ED051D60A14202D2802424068A
S3150800C4301C600023334C23605388002B00D11180E5
S3150800C44000F039F870BD80B52F483049086030488B
S3150800C450C1680902090A1922514341600521016090
S3150800C460FFF7B8FF01BD2A480068C00300D470472B
S3150800C47080B5FFF7AFFF01BD8020C0021B490860E9
S3150800C480244800684007FBD470478020C002224930
S3150800C4900860704701E021490860214909680140A0
S3150800C4A0F9D170471F48006820211F4A11601021E2
S3150800C4B01E4A116070473021014002D110201A49E6
S3150800C4C0086070471748006830210140102901D1DB
S3150800C4D00120704700207047154801210160C1609E
S3150800C4E0704701201349086070470000441002A8ED
S3150800C4F07C400050FF010000A0600050843F00000F
S3150800C500A450005018E000E07F1A0601540002A863
S3150800C51010E000E0440002A8442002A8282002A84F
S3150800C520280002A8600002A8602002A8601002A8DD
S3150800C530789001A884A001A8F8B54C488021490242
S3150800C540C16102214A4A516000214A4A11604A4A99
S3150800C55011800321464A11600221016000204749E3
S3150800C5600860202046490860802046490860CC209B
S3150800C5708001454908600124444804603D48806FAD
S3150800C58000900F26070B374041480068C505ED0D9A
S3150800C590103DC0202843C0B2FFF772FE3548006937
S3150800C5A0800303D5092F01D001F060F900980640F1
S3150800C5B00096384806680098032803D0022806D152
S3150800C5C0032F32D000F0B0FA0098032803D0062FC4
S3150800C5D02BD1062D29D030480068C00B204001D049
S3150800C5E001F024FCFC2080010068000108D5052D17
S3150800C5F006D10125294804606005FFF74BFF00E0D6
S3150800C60000253100380000F0E9FA0600002D06D0B2
S3150800C61000F098FC22480460022022490860600560
S3150800C6201F494865800920490860114821040162AC
S3150800C630002F08D10221416000200E490861C02060
S3150800C640C000114948643000F2BD80B5FFF714FFF9
S3150800C65016480078800602D4022015490860FFF7BC
S3150800C66014FF01BD02201349086070472C1002A868
S3150800C670282002A8380002A8B43E0000B03E0000F8
S3150800C68094E001A80CC001A8146001A8C4E000A8A1
S3150800C69004ED00E0B44000A800E200E0645000A801
S3150800C6A0646000A82C4000A880E200E0D03E0000AC
S3150800C6B0081002A8082002A870B5794C794D802682
S3150800C6C0760179480068304005D06660062001F09A
S3150800C6D07BFC6E6004E06E60062001F075FC666007
S3150800C6E03D20A060702129600F222A602160A86081
S3150800C6F070BDF8B56C4C8025ED028D4E6F097068DB
S3150800C700384002D16068800529D58A480068C00487
S3150800C71005D4FFF7C7FE88490D60FFF7CCFE7068A1
S3150800C7208649014090204001084370608448854945
S3150800C7300860002060607068384002D1F0208000F0
S3150800C7406060706807402AD07A480068C00726D516
S3150800C7507D480078800722D401F03EFC1DE0306851
S3150800C760C0071CD5AE0973480068304005D1FFF7ED
S3150800C77099FE71490D60FFF79EFE7448FF21FE3150
S3150800C7804160F12149026F4A116021680E4001D0CB
S3150800C790822100E0C32149020160FFF78DFFF1BD48
S3150800C7A080B568480121624A12680A4006D0684A7C
S3150800C7B01268920501D4CA0202608160C0214160F4
S3150800C7C05C480068C00407D4FFF76CFE8021C902E4
S3150800C7D0BB4A1160FFF76FFE01BDF8B555480468FE
S3150800C7E05C4D8027022634420AD092480068E02130
S3150800C7F0C900014004D02F600420686101206861E7
S3150800C800FFF750FED021C903214007D18A4909689C
S3150800C810314003D1894901224A600E60210507D5B6
S3150800C8202F6004216961C2490D220A600F220A603D
S3150800C830FFF741FEF1BD80B5FFF734FE0121804ABE
S3150800C8401160804A0223136051600021B94A1160C1
S3150800C850FFF731FE01BD90480068C007FBD4B64813
S3150800C860042141618021016070478C4908680122D2
S3150800C870104200D1704710B5E023DB000340FF24C7
S3150800C880A41CA34207D3AD4B9C6BA40602D41B6819
S3150800C890DB0600D54868024001D000F001F910BD5A
S3150800C8A0A82102A8A81102A8AC0102A8F8B5C821B7
S3150800C8B0844A11600621844A116080214903834A0B
S3150800C8C01160834C8909216082490A684B691C25D5
S3150800C8D01D40102D01D1012300E00023050007208B
S3150800C8E0824313430B6028688E490F68874200D33A
S3150800C8F00700C01B28600121280000F08AFB0600FB
S3150800C9002868C0192860FFF768FF8D480168C906BE
S3150800C91003D584208000E06107E095490822006875
S3150800C920104001D00A6000E04A603000F2BD000005
S3150800C930EC0002A8500002A83850005AFFE3FFFF97
S3150800C94000FEFFFFAC2102A8843E0000AC1102A83D
S3150800C950B00102A8841102A8F1B586488649086084
S3150800C9608020C00185490860854C0827A7650420F2
S3150800C970A0650125834805601D20A062824EE93026
S3150800C980B061072001F020FB0220A06210216C4A4A
S3150800C99013680B4003D022007C4B23600AE00D236A
S3150800C9A012683A4003D032001032A56502E0320020
S3150800C9B01432A0651360764A1268002A00D4B7615B
S3150800C9C0744A3260C022D200734B1B68F824E40113
S3150800C9D01C4001D1F26201E06A4B5A616F4A126843
S3150800C9E02A4007D075666E490968890503D481020D
S3150800C9F0F16500E0716361490A6C2A4008D0496B09
S3150800CA00C90705D467490968084001D101F01CFB2C
S3150800CA100020C04364490860584C606B054001D14A
S3150800CA20FFF7DBFE009801F0BDFA606B8001FCD4CD
S3150800CA30F1BD0000980102A800400C5000500C50AF
S3150800CA40982102A800600C50F8B54C4F786BC007C7
S3150800CA5001D4FFF7F0FE4B4CB72040002060534D41
S3150800CA6003262E634B48A8660020E06150490860FB
S3150800CA700D2033490968090701D5A86700E0E8676A
S3150800CA80FFF78EFE1020E0612E600C2028638020C0
S3150800CA9000023860F1BD00009C0102A8883F000032
S3150800CAA0F0210901434A11600140434801602020F2
S3150800CAB04249086042490968084042490860704787
S3150800CAC03860005A548001A80C9001A8982002A842
S3150800CAD0A41002A8740102A880B53B483B498268A5
S3150800CAE00A4002D1C268114001D022490160264895
S3150800CAF00821374A13680B4000D081611178C906AE
S3150800CB0002D5862109010160FFF7AFFE1420FE2138
S3150800CB1089010860BA480168490701D0FF214161C7
S3150800CB2001BD00009C3F0000124813490860704789
S3150800CB3000100C5000000C50842102A80C0002A81A
S3150800CB40FC0302A82348006823490968890F890756
S3150800CB500CD0AC490968C90708D5AB4980229203AD
S3150800CB600A60B64B1A60104000D00A607047000091
S3150800CB70601102A801200000706201A8100002A836
S3150800CB80C01002A8682102A8501102A8FF030000DD
S3150800CB9028C000A8043E0000A88001A8EC0002A84E
S3150800CBA0B00102A8843E0000B46000A8E82002A8EC
S3150800CBB0C00002A8586001A8585001A8482002A839
S3150800CBC0184001A8481002A8704201A800800080F9
S3150800CBD0F84F00004C4001A84C4201A8F0B587B0B8
S3150800CBE005000C0096480068400102D52000402444
S3150800CBF004439448006805909348C66AFFF752FCB8
S3150800CC000690B00503D591480068FFF7BDFA0020E5
S3150800CC10019001237006C00F02908D4A916800208A
S3150800CC209060B82040008B4E30606608B8203040CF
S3150800CC301278F0261640402E02D1020040201043FA
S3150800CC400D2D02D10A00042111434A0704D502001A
S3150800CC5014201043102294437F4A12686D462B70A5
S3150800CC60D20506D5802252007C4B1A6002000120AC
S3150800CC701043029A002A11D10C220240082A0DD02C
S3150800CC800200714B9B6BDD0601D41025AA439B0657
S3150800CC9001D420239A43B12313404FD06A46127811
S3150800CCA0002A4ED0A54A956B966D01236D076D0F28
S3150800CCB0AD1DAB40F504ED0C5B1B9BB2082B09D2EE
S3150800CCC080200623604D2B6043029D4D2B60002378
S3150800CCD06D462B708123034036D00823029D002D14
S3150800CCE000D113620D000821294310239C43042315
S3150800CCF01D05984E3560DD04434E35606D462D782A
S3150800CD00002D1ED0062B24D34D4DEE6CF60620D5ED
S3150800CD10914E3668360E01966D69ADB28E4EF66B3B
S3150800CD20360603D02E0080256D01354315612D1278
S3150800CD301561494A1268D50592D40AE008227F4B44
S3150800CD401A620491009031E030A34506ED0E5B5D52
S3150800CD50D4E7049100903C48026B7F490968774DF7
S3150800CD602E686F463E81282616401E43930CDB012B
S3150800CD7033431600120E3240102632401A438900F9
S3150800CD8040231940114302AA9170406B000A02A978
S3150800CD90C870FFF7DFF902A90871019848716F4852
S3150800CDA00068C8800298E8660398E8660698FFF760
S3150800CDB082FB600602D50820664988600498C1B2DD
S3150800CDC00098C0B2FFF763FAFFF7BCFEBC208000EC
S3150800CDD061490A6E824207D1059AD20301D4086EC8
S3150800CDE00BE05F4A5F4B1A60096E814205D10598D0
S3150800CDF0C00302D55C4800688047200007B0F0BD34
S3150800CE000C4000A8384301A84C5001A803010706A6
S3150800CE1003010706050106060501060603020706BD
S3150800CE20030207060502060605020606081A03D2C5
S3150800CE304E4909684018401C704700004C6001A81C
S3150800CE40084000A8D03E0000180002A81CC000A890
S3150800CE50783F0000B46000A81C0100AA1C2100AAA3
S3150800CE60F8B5434E0F24012542491027B06B3840C8
S3150800CE701BD0012008704048006840490968FFF740
S3150800CE80D5FF3F490968401801284BDB01F09EF998
S3150800CE903C490968090B0C40022C41D1A9053A4ABC
S3150800CEA011603A490F6435603AE0306CC0001ED50F
S3150800CEB037480068E0218905014033D0314D28689C
S3150800CEC021030140780281422CD1FFF7EBFA314A5F
S3150800CED031490968C90502D53049096811602968C8
S3150800CEE0090B21400229F3D0FFF7E5FAF1BD2C4ED4
S3150800CEF03068002816D00D7001F054F8002811D1BA
S3150800CF0001F064F91F490968090B0C40022C07D186
S3150800CF1029041D4A116002211C4A11600021316052
S3150800CF2001F058F9F1BD802080041E490860704759
S3150800CF30802040041B49086070470000540000AA7E
S3150800CF40141100AA18480168490701D0FF21416158
S3150800CF5070470000441002A8184001A8448001A8A0
S3150800CF6008000400482002A88C3C000038C001A82C
S3150800CF70100002A8B63E00001CC101A820C001A8E6
S3150800CF80F03E0000B00002A81C1002A8082002A863
S3150800CF904C4001A8800000AA084000A8904000A8BC
S3150800CFA09C3E00003C2002A80C4000A8F0B580205A
S3150800CFB0000208217B4A11600A227B4B01210124C9
S3150800CFC0944004438AA5AD5C25431D60F025774E41
S3150800CFD03560744D89A6B65C022737432F60042650
S3150800CFE02E60734D2D680D4001D00220F0BD1D6CDA
S3150800CFF02D03FCD41D6C5E6C6D036D0BAE4200D226
S3150800D0002000521EDBD50822684C226018600020DA
S3150800D010F0BDF3B581B00600FFF70DFC6548006862
S3150800D02000906548006863490860644D306829685F
S3150800D03047180024012F12DB00F04FFDC001381AF3
S3150800D04001280CDBFFF707FC00F081F83068296837
S3150800D050401800F0A7FF050001D0346072E0584F71
S3150800D0608026B6003E605748006F07282CD0052159
S3150800D0700840052806D0534801670C2000F0A4FF95
S3150800D08005005FD1504DFF207A3068620420A862FF
S3150800D090FFF7E1FB02202860E020C0044B49486006
S3150800D0A03004786002203860012000F08DFF6E623F
S3150800D0B0022000F089FF700068620820A86202203A
S3150800D0C000F082FF0220A8626846007A002805D090
S3150800D0D03C480068C00701D5FFF70BFB3C4EE02033
S3150800D0E040003060042000F06FFF050024D10220C4
S3150800D0F0364908608002B062C001B062354F102020
S3150800D10038600120F065402633480068304003D176
S3150800D110FFF74CFF05000FD101203860FC6702209D
S3150800D12000F052FF2D4C2660B0002060022000F06F
S3150800D1304BFF8120C002A06227480068800101D405
S3150800D140FFF791F900981B4908602800FEBD70B5E5
S3150800D150FFF771FBFFF77FFB02241E480460204E91
S3150800D1600820B062C0017062012000F02DFF250280
S3150800D170756234600620B0621A487062E02040008A
S3150800D18016490860114E3460FFF776F9164800789C
S3150800D190002800D0052015490860FFF776F93560A4
S3150800D1A070BD0000889001A84C8001A888A001A83D
S3150800D1B0140002A8780102A8F80302A8D03F0000CC
S3150800D1C0981002A8EC0002A85C1102A8982002A8F0
S3150800D1D02C9001A80C8001A8500002A82CA001A838
S3150800D1E05C2102A8F9610000703F00005C0102A8FA
S3150800D1F000000001010202020808100050505040C9
S3150800D2004030303030202000F8B504000F00444D7F
S3150800D210A878FF2801D12E880FE0424800688001CF
S3150800D22008D4FFF73FF9404909684905CE0DFFF7CD
S3150800D23042F901E03D4806882E80E92E01D2E9260A
S3150800D24004E0CC204000864200D906002000397848
S3150800D250814200DA080001217A5601005143022270
S3150800D260BA5E891841430420385E08183049711897
S3150800D27048438015001901D50020F2BDE97881429E
S3150800D28000DA0800F2BD38B5040010202949086004
S3150800D290FFF7E1FAC020C00027490968F822D20141
S3150800D2A00A4001D1254900E0254908602548C821DA
S3150800D2B081640A21016024488021490301608909A3
S3150800D2C0C160224801684269E0231340802B01D1DE
S3150800D2D0012200E00022072399430A4302601C4802
S3150800D2E00068C821C90145182068854200D3050091
S3150800D2F0401B206000212000FFF78BFE216849199A
S3150800D300216032BD802000011249086000031249DD
S3150800D310086002201149086011490860704700003A
S3150800D320F83F0000500002A888400050843F0000E3
S3150800D330D6FEFFFF984101A8AC8001A87C1102A87F
S3150800D3407C2102A80C8001A8981002A8740102A8E2
S3150800D350983F0000441002A8442002A8F41302A82B
S3150800D360685000A8F1B584B0BD4800680190BD4872
S3150800D370C068C821C90140180499884204D2081A0D
S3150800D38000F010FE002803D10124C94D686820402A
S3150800D39000D0BAE10420C749C8628003C64988623A
S3150800D3A0C6480668A86B8007800F009067040328A4
S3150800D3B003D01020BF49C86222E008468762E96B9D
S3150800D3C0890601D5012041E0310610D5E96B8907A8
S3150800D3D00DD4CF4905220A60EA6B10231A400223AE
S3150800D3E013430B6000220A60AA6B120A0A60042122
S3150800D3F0C162E86B002803D5AE488762002000901A
S3150800D400A86B400704D5A86BC0002102084003E0BA
S3150800D41094480068204201D0FFF742FB264009D015
S3150800D420BC48009989014018006AC004C00C401E17
S3150800D430B9490860C0208000B849486500990902C2
S3150800D440B74A1160B54B986551600020296C942243
S3150800D45092050A40160000D001263043000635D052
S3150800D46096483021405CC0210140402902D1FFF78F
S3150800D470ECF801E0FFF7F6F820202860360600D120
S3150800D48043E1B54FA74EA86B40070CD5A0038A49C0
S3150800D490886240028749886234600220386000F05A
S3150800D4A03BFA00280BD004208249C8624002824910
S3150800D4B0886200037F4988620220306038607F48AE
S3150800D4C00078000600D420E1E0041CE168682040EA
S3150800D4D000D01AE17848C762FEF7CEFF8E48406E44
S3150800D4E0296C090408D4C00606D5FEF7DBFF02211D
S3150800D4F09A4A1160FEF7DFFFFEF7C7FF2003286090
S3150800D500974EC02000063063200496490860A86B31
S3150800D5104007C10F68460170FEF7C4FF92490C60C8
S3150800D520FEF7C9FF914F9248B861686B000206D5AD
S3150800D5309048801C0068E1055E4A916201E049480E
S3150800D540806C296CC90208D5202806D976A1019ACB
S3150800D550520700D4891DFFF757FE0100854A10704F
S3150800D560002809D041091F221040062904D9400085
S3150800D5702043202800D31F204A01024348021043B3
S3150800D580306001217C48C26F7C4B1343C3677466C5
S3150800D5908022F2620822734B1A66019AD20603D5D4
S3150800D5A0AA6B920603D403E0019A120700D400215D
S3150800D5B0AB4A3A60FC223A6100290BD039003C316B
S3150800D5C00291284A116DD36C664DEB66526E2B4656
S3150800D5D0DA6709E0390040310291224B996D614AB8
S3150800D5E05D6DD5669B6ED3670268FF239A43114328
S3150800D5F00160A020C0003063052000F0E5FC04258A
S3150800D6000198284001D0802000E040200299086057
S3150800D61002203063062000F0D7FC0820306305207E
S3150800D62000F0D2FC34632002B864042000F0CCFC7D
S3150800D63064027460022000F0C7FC84208000306316
S3150800D640022000F0C1FCFC61062000F0BDFC029837
S3150800D6508449401801990D4006D0202105E000BFF5
S3150800D660FC0302A88C3F000010210160062000F090
S3150800D670ABFCB4640020C0432849086000F02DFACA
S3150800D6807949401DC001CA6886189E4F60017C6FA3
S3150800D69004409D4A10609D4D0498864211D2C9687F
S3150800D6A0401A00F07FFC00280AD02C602DE000BF4D
S3150800D6B0100002A81C2002A81C1002A8D03E0000D8
S3150800D6C0049E012000F080FC802040002549086067
S3150800D6D0300000F067FC8E4E68460078002805D1B9
S3150800D6E038687062802000048A4908602C606846A1
S3150800D6F00078002809D0012000F066FC3078000682
S3150800D70003D5802000039B49086005B0F0BD00BF23
S3150800D710E40000AA0C0000AA204000A8B46000A8F3
S3150800D720085100A8F41302A8C0350C109E8DAF1B33
S3150800D7303813460D80B5FEF7B5FE8F4900220A60FC
S3150800D7400A22CA61FEF7B7FE8C48832109040160E4
S3150800D7508B49416001BD0000685000A824E50350CC
S3150800D7603C1102A8B81002A800500C50242102A8A7
S3150800D770FF0E0000FA3F0000280102A8FF3FFF3F06
S3150800D7808048806B800300D47047F8B57E480468EB
S3150800D7907E4D0826E00629D57A48806B800627D470
S3150800D7A0280048300090012000F00EFC0027784839
S3150800D7B007607848066078480068C00403D477484C
S3150800D7C000683040FBD0022000F0FEFB8420800079
S3150800D7D06865022000F0F8FB7001714908600420B2
S3150800D7E000F0F2FB600706D5202005E03442D7D1C9
S3150800D7F028004C30D6E7102000990860FEF752FE44
S3150800D8000121684A1160FEF756FE0220686500F09D
S3150800D810DBFB09206865C02000066865022000F069
S3150800D820D3FB00980F494018610701D5802100E015
S3150800D83040210160A020C0006865082000F0C4FBF4
S3150800D840B001E8662E60E020286557480760476003
S3150800D850B0024C490860000154490860F1BD000057
S3150800D8603F3F000000F0FFFF8C3F0000F8B550482E
S3150800D87000680D2707400424002F00D104274D48CF
S3150800D8800225102608214C4A4C4B1B682340126877
S3150800D89018D04260394005D00220FEF767FD6003C4
S3150800D8A0474908603C4007D0464800680643454853
S3150800D8B00660280342490860012043490860434836
S3150800D8C0056018E00260394005D00220FEF74EFDDB
S3150800D8D0A0023B4908603C4006D03A4801680E431E
S3150800D8E006606802364908603748056037480560AB
S3150800D8F0A8062E490860FFF743FF00210020FEF71F
S3150800D900C6FCF1BD20C001A894E001A894D001A8E6
S3150800D910D03E00001C1002A810B580202C490A68C9
S3150800D92002400AD02B4B1A680624144005D15C6EB7
S3150800D930294A22401B6D9C0101D5002010BD0968AB
S3150800D94008400DD02548824203D1180501D501208B
S3150800D95010BD23480068C107C90F481E8041C00F83
S3150800D96010BD204803210164A821C163102101606C
S3150800D970704700001C2002A8D80000AA442002A86C
S3150800D98004000080100002A8FC0302A8182102A8BF
S3150800D990B80002A8106001A8D84001A8104001A844
S3150800D9A06C1102A800600C50A00102A8482002A829
S3150800D9B0B44000A8F83E00001CC101A8480002A80F
S3150800D9C0441002A8783F0000F41302A8685000A883
S3150800D9D0440002A814C001A81F1F0000010C000083
S3150800D9E030C101A8082002A86C4800680121084235
S3150800D9F009D16B4A12686B4B000C1840F032914003
S3150800DA000B40984201D00220704700207047F8B5B5
S3150800DA1007000F386A461080604CE0680A0004D197
S3150800DA206B461B8882B29A423AD200226B461A800B
S3150800DA30012502263A0013D02268324007D0002971
S3150800DA402ED059480088401C5749088000203900C4
S3150800DA50216156490E6080B2B84201D369460D80ED
S3150800DA605348456000E030BF2068304003D1FFF7D7
S3150800DA70BBFF0028F7D04D484560390010D0216813
S3150800DA80314005D048490A886B461B88D2180A8057
S3150800DA90066000202061E068B84201D2444806606A
S3150800DAA0FFF7A2FFF2BD38B5050000F08FFB0400B2
S3150800DAB0012199204543A8093E4A12688018123860
S3150800DAC080B2FFF7A4FF05008020C0013A4908602C
S3150800DAD0200000F07FFB280032BD33480388354913
S3150800DAE0096802889342F9D1100408187047FEB5F0
S3150800DAF01238070C6946088000F068FB0190274C2D
S3150800DB00294D2888B8421ADA01202C490860274E80
S3150800DB1030BF02202168014006D030604003264904
S3150800DB2008602888401C2880FFF75EFF002802D17D
S3150800DB302988B942ECDB0121716000280DD12888BB
S3150800DB40B8420AD1E06869460988884205D20021A8
S3150800DB5068460088FFF75BFF01E0FFF745FF040012
S3150800DB608020C00114490860019800F033FB2000AA
S3150800DB70FEBD10B512490A680E4B1B680C68944224
S3150800DB80FAD0DB014033141A02D288692418641CBF
S3150800DB900C4800684443181B10BD0000280002A862
S3150800DBA004ED00E0FF3F0000B43E0000282002A874
S3150800DBB0281002A8340002A880E200E02C1002A86F
S3150800DBC020C001A8A83F0000F0B502E00A601C606A
S3150800DBD02E607EC84F1C07D05F1C04D06F1CF5D181
S3150800DBE00A601C60F0BD0A60F0BD000080B5FEF753
S3150800DBF0BDFB01208249086001BD38B581490C6822
S3150800DC00082581490D60FFF7F1FF2C4001D07F48B8
S3150800DC10056031BD80B5EB2000F001F801BD30B5D7
S3150800DC20FE2189010B6818401022134210D0784B48
S3150800DC30784C2468224008D0774A14682402FF25C5
S3150800DC402D0225401D6300241460802252031A60A9
S3150800DC50086030BDF3B5010016001C0000250095CC
S3150800DC606E48019A330000270BE0BC464F5D4743D8
S3150800DC70AE009E597E40575D474337406646374358
S3150800DC806D1CA542F1D3390939438A080A4351085C
S3150800DC9011430840C10901430F208A0B0A43024079
S3150800DCA05040F6BDF1B582B00E0000205A49086012
S3150800DCB05B4DEF7AA87A01900F21394000910ED07A
S3150800DCC00B46584A58490298FFF7C4FF0199014084
S3150800DCD051480160994841439948084001D10124B7
S3150800DCE000E04401380915D032003B0929000298A2
S3150800DCF0009E6D7A75194019FFF7ACFF0199091155
S3150800DD000140454802680B0113430360002901D00E
S3150800DD10480044438B480068204001D10420FEBDDA
S3150800DD200020FEBD80B50A00002111808649528870
S3150800DD308018FFF7B7FF02BDF0B50F22834B5C7959
S3150800DD4005780F202040C5402009284001259C79E8
S3150800DD50C4402C4001D10320F0BD2E4C2468254038
S3150800DD6008D07B4D9E684700F65B761E2E6080269F
S3150800DD70B601EE60DD78DE79C640F00711D5E0061B
S3150800DD800FD5002D0DD0734848600888488008884C
S3150800DD901C7800192A4080185A7880182A09801891
S3150800DDA000E0002008800020F0BD80B56A480168C0
S3150800DDB06A4A0820014200D09061C90602D5862128
S3150800DDC0090111606649674A1368034005D0664B26
S3150800DDD01B689B0F9B0700D008600E480078C0237D
S3150800DDE0034002D1802040050860106820221040B8
S3150800DDF008605E480068C00101D4FFF70BFF01BD4B
S3150800DE002C4000A84C4000A84C6000A84C5000A824
S3150800DE101C1002A8D03E0000A03E0000010101012E
S3150800DE20503F0000083F0000483F0000F8B5504B3F
S3150800DE30586F9E6F06404F4830404F4908604F4F15
S3150800DE4002200021012234041FD500923C7E002CBA
S3150800DE5007D13C695C60FC687D6964191C603A7688
S3150800DE6006E0FC685C603C697D6964191C6039766B
S3150800DE707B7E002B00D000917976009B002B04D086
S3150800DE8004233F4C23603F4B186004053E4DF302C4
S3150800DE902BD53B681F0605D53C490968A9602A7039
S3150800DEA0A88016E0134203D03948A860AA8010E07B
S3150800DEB0D80610D52748A860364A907803071B0F5E
S3150800DEC012789A1800091018A880E980A8880028EE
S3150800DED009D0264309E0580604D5281D2E490968A5
S3150800DEE08847F3E7A980FFF795FE264024D0224EFF
S3150800DEF074603460294FA88800280BD0396881429D
S3150800DF0008D3291D2648AA6890470100F3D0FFF7D1
S3150800DF106DFEF1BD01000CD0FC218902F1611949A1
S3150800DF2002038A6634600C653A68824204D3CC647C
S3150800DF30F1BDEB20FFF773FEF1BD000011110000E3
S3150800DF4021840000043F0000283F0000583F0000DD
S3150800DF50204000A811210000F84F0000502102A817
S3150800DF60481002A8184001A84C4201A8D04000A8B1
S3150800DF70404000A8FFFFDFFFB46000A8D03E0000C5
S3150800DF80F41302A8685000A8A43E00009C3C0000B8
S3150800DF9025210000593F0000983C0000D44000A805
S3150800DFA0D84000A810B5C409FFF797FD201A3128F4
S3150800DFB006DAC000183801D4C01EFDD5002010BDF1
S3150800DFC02000FFF794FD10BDC32148436F3801D4E4
S3150800DFD01E38FDD50020704752480121017052496C
S3150800DFE00A684260496881605049E02252010A6025
S3150800DFF0802292004E4B1A60FD224A604D490968FC
S3150800E00001614D494D4A11608121C9004C4A116090
S3150800E0104C490968C16007204B49086002204B49F2
S3150800E020086070473F48017800290CD00169414AC9
S3150800E030116000210170C168424A11603A4982683C
S3150800E0404A60406808607047FEB5C020C004404971
S3150800E0500860404C404860654048A0651020FFF7BE
S3150800E060B3FF00285CD1FF2000053D4908603D4804
S3150800E0703D4908603D48206080256D0338480560A5
S3150800E0803B4807680820FFF79FFF002848D1082665
S3150800E090384806600120FFF797FF354880680190E9
S3150800E0A035480660354820602D4805600820FFF78A
S3150800E0B08BFF002834D12F4806600120FFF784FF24
S3150800E0C02B4DA86800902C4806602D4820600199C1
S3150800E0D0009800F05FF80004FC26B6030640019895
S3150800E0E0C10B0098C00B00F055F80106FC2080050E
S3150800E0F0084030432349020C4A40FF239B1CD21890
S3150800E1001140014321602F608020000314490860F4
S3150800E1101D481E4901601E494160FFF783FF002024
S3150800E120FEBD0000883E0000AC0102A8AC1102A8A2
S3150800E130B02102A8F00002A8083E0000F02002A8BC
S3150800E140F01002A8704001A8706001A8705001A8DC
S3150800E15020E000A84C0102A857140000FF3FFF3F2B
S3150800E160B42002A80000380EB41002A810103030EF
S3150800E170104101A8105101A8106101A830301010F3
S3150800E180202020203F3F0000A02102A8F703F0002E
S3150800E190FF3F000010B54904CA104004C310991A7D
S3150800E1A000209A18D30F9A18521052188B115B0E2A
S3150800E1B05B18DB11D2182023541A01D42200184305
S3150800E1C0CC0F611849105B08F6D110BDEFF310802B
S3150800E1D072B67047002800D162B6704780B5FEF760
S3150800E1E0ABF9A548006800030CD4FEF79DFCFFF7C1
S3150800E1F0C7FAFEF729FC0120FFF79CFAFEF7A7FFEE
S3150800E200FFF710FF80208005FEF744F901BD80B5B1
S3150800E210FEF792F980204002FEF73CF901BDF8B5F9
S3150800E220FEF72AF9844D05206865FEF72EF993480E
S3150800E23006680124264201D1FEF7FDFA6003C021D3
S3150800E24089018F4A1268D205D20D012A00D1080029
S3150800E2508C4A11602860E0058B490860FEF76CF966
S3150800E2608A4801680091406889490860B005C70F67
S3150800E270884D00202860380004D031000098FDF74A
S3150800E280F9FE00902868204005D16846FEF70EFB87
S3150800E29000280BD107E0002F05D07F4800682040F2
S3150800E2A001D0FEF726FA0098FEF756FB764804607A
S3150800E2B0022096490860C820C0049F490860600487
S3150800E2C0FEF7E8F8F1BDF8B59C4F9B4C01259C4834
S3150800E2D09C490968014081420FD19B480068284043
S3150800E2E00BD09A4801689A4805606805E063B863E8
S3150800E2F0014000D1E06397480560974E306CC00531
S3150800E30006D580200006306000BF00BF4008306098
S3150800E310FEF7E2FBFEF710F9280320603860FDF7E8
S3150800E320F0FC0400A848A9490860A804FEF7B2F85A
S3150800E330002C01D080203060A5480570F1BDF8B5E5
S3150800E340FEF7FAF8FC27BF0138780521014002D00C
S3150800E350FEF77BF901E0FEF785F97F4C01250226D9
S3150800E3603868304000D025601020C04399490860BD
S3150800E3700020E06398490860FEF77EF89748006831
S3150800E380216C090407D4000705D5FEF78BF89449D4
S3150800E3900E60FEF790F8FEF778F8FFF706FD91484D
S3150800E3A0006805400CD0802000068F4909680140A6
S3150800E3B006D08E490968084002D10D20FFF71DFCDA
S3150800E3C0B004FEF767F8F1BD80B5FEF7B5F82A4840
S3150800E3D00068000303D4FEF737FBFEF7B8FE80207B
S3150800E3E04003FEF757F801BD38B5FEF7A5F85A4CB5
S3150800E3F02025FFF791FA002806D0606B000704D5A0
S3150800E400FFF7AFFAFEF77EFF2560FEF71DFBFEF766
S3150800E4109EFEFC20800100780C210140042902D1CF
S3150800E420FEF713F901E0FEF71DF96804FEF732F866
S3150800E4304020206031BD0000081102A880B5FEF713
S3150800E4401BF80520BE490860FEF71FF8FEF774F8AA
S3150800E450FFF787FAFF208001006800906846FEF7FC
S3150800E46012FF002802D10098FEF77CFF80204004A6
S3150800E470FEF710F801BD00000C0002A8440002A82F
S3150800E4803C8001A8082102A8442002A8AC3F00004D
S3150800E4909C3E0000843E0000EC0002A8F8B5FEF79A
S3150800E4A04BF8A84CA56A5020284002D0FEF7CDF8B4
S3150800E4B001E0FEF7D7F8284FFFF72EFA00281BD100
S3150800E4C0B86B40071DD4786BE0214901014018D18B
S3150800E4D0A80611D4FDF7D0FFA56A9B4E354207D092
S3150800E4E0FF20C0432D18A5628020000597490860C3
S3150800E4F0FDF7CBFF2E4002D00120386001E0002056
S3150800E500206080208004FDF7C5FFF1BD305201A8C8
S3150800E51080B5FEF711F8BE480068C00501D5FEF7BC
S3150800E52093FA0120FFF706F9FEF711FE8020C004D2
S3150800E530FDF7B0FF01BD0000106001A8145001A846
S3150800E54040000800D03E0000884101A84C4001A8C0
S3150800E550405101A8406101A8100002A810B5FC208E
S3150800E56080010468FDF7E8FF79490968090326D49C
S3150800E5700321C00601D5214001E0A0080140012978
S3150800E58002D1FEF762F80BE0200107D50E20FFF74F
S3150800E5902DFBA0480421016008210160FEF762F8FE
S3150800E5A09D4801699D4A11600068002807D040000F
S3150800E5B0122802D2FFF708FD01E0FFF774FA80205F
S3150800E5C08003FDF767FF10BD70012000B46000A846
S3150800E5D0B63E0000482002A8A03E0000844000A8DD
S3150800E5E024E50350404101A8D44101A8304001A8C0
S3150800E5F0F0B585B001276846077000240394FDF737
S3150800E6009BFF0490524D286800036FD40320A54948
S3150800E6100864A54800680290A44EA5490007000FA3
S3150800E620032804D002980004000F06283AD1A1480E
S3150800E63000684A6803922A6C920701D58968039193
S3150800E640FFF797FA0399401801D5019400E0019065
S3150800E650A86B0107C80F0321326B0A40022A1BD197
S3150800E660049AD20618D53268D30513D5EF6B924BA8
S3150800E6701F409F4203D110218A4A11640CE092057B
S3150800E6800AD42A6C2823134006D16B461C702F4ADD
S3150800E690116001E06A461470039068460778002FF7
S3150800E6A002D10EE008680190FFF736F9002808D075
S3150800E6B0FFF757F90398002802D0FEF723FE00E07B
S3150800E6C00027022077490860002F10D03020305CE0
S3150800E6D00C210140042902D0E86BC00602D5FDF7DB
S3150800E6E0B4FF01E0FDF7BEFF2020686021E0FEF7D9
S3150800E6F0ABF980200006154908600020C0436F4921
S3150800E700086001A8FEF7BFFD002812D1029800078D
S3150800E710000F03280AD1A86B800507D5A020400062
S3150800E72031680140814201D1FDF788FC0198FEF766
S3150800E73019FE80200004FDF7ADFE05B0F0BD00000F
S3150800E7405C1102A8D83E000000FFFF00481002A88E
S3150800E7500C0002A8FEB500240194FDF7EDFE584E04
S3150800E760F06E584D0007000F072807D1706800287B
S3150800E77004D40020FEF7DEFF286841E001210320CB
S3150800E7804A4A73685B070BD44F4B1B680B4007D08C
S3150800E7901368DF050BD55B0502D43368DB0503D4A4
S3150800E7A00191116B890904E01021484B1960116B1E
S3150800E7B00909084000900020FEF7BCFF00980028D1
S3150800E7C005D17068C00602D4FDF74CFF01E0FDF7DD
S3150800E7D03CFF00200199002903D13D480068FFF756
S3150800E7E0C8F96969401801D5009400E000906846A8
S3150800E7F0FEF75CF8002805D10098FEF7ADF8A86981
S3150800E8000649086080200005FDF744FEF7BD0000B4
S3150800E810680102A880E200E0A03F00009C3E0000DC
S3150800E820F8B5FDF789FE002400252A48466B80279F
S3150800E8307F05300606D5300709D5FFF792F8FEF7AB
S3150800E84061FD2AE0012520480068284019D00020EB
S3150800E850FEF770FF0220064002D01F490C60C8610F
S3150800E8601E480468002D03D02000FDF7A1FC040013
S3150800E870FFF777F82000FEF775FD3800FDF70AFE6A
S3150800E880F1BDFC2080010078C0210140402902D159
S3150800E890FDF7DBFE01E0FDF7E5FE20200D490860E7
S3150800E8A0EBE70000082002A8B00002A8D03E00004E
S3150800E8B0B43F00000CC101A810000010B46000A805
S3150800E8C0440002A8B03F0000B44000A8481002A8BF
S3150800E8D01CC101A8100002A8180000AACC3F00001D
S3150800E8E000F03CF802480349486000F053F800BFBE
S3150800E8F0812D00000000000080B5EFF305800B288D
S3150800E90001D23A2100E02921FF221632002000F028
S3150800E91039FAFEE710B5C20018231340FF249C40BD
S3150800E920E2438907090E9940030004D46E489B0800
S3150800E9309B00C01806E0A14B0007000F08388008A6
S3150800E9408000181803681A401143016010BD80B58D
S3150800E95073225421002000F015FA01BD10B5FFF707
S3150800E96035FC624901220A60614B624C2360624CA5
S3150800E97023600323614C2360614C2360614B1A605A
S3150800E980614B1A60614A9F4B1A6011228A63FFF72E
S3150800E99021FC10BDFFF71AFC05000024012160B216
S3150800E9A0FFF7B8FF641C0E2CF8D301210F20FFF7E0
S3150800E9B0B1FF01211120FFF7ADFF01211320FFF759
S3150800E9C0A9FF01211720FFF7A5FF03210120C04356
S3150800E9D0FFF7A0FF01211E20FFF79CFF7848794921
S3150800E9E008600220784908600120904908604704B9
S3150800E9F0764C20693840FCD02068800101D4FDF7A8
S3150800EA0022FD2800FFF7E6FB714D0AE000281BD01F
S3150800EA10FDF748FD18E020693840FCD03000FFF7C4
S3150800EA20D9FB206E0004000F022801D1FEF718FA60
S3150800EA30FFF7CCFB0600FDF745FD00286878E5D012
S3150800EA40002801D1FDF737FD01202978002906D1D4
S3150800EA5077490968890601D45B49086030BF0021F7
S3150800EA6029700221584A116070490860D3E7714835
S3150800EA70016842680A40704810401E4908608007CD
S3150800EA8003D5A9480188491C01807047F8B56B4829
S3150800EA90016840680840070E3F06694804688025F3
S3150800EAA06D02F8010DD567480068BC2189008842C7
S3150800EAB004D12C4202D0644800688047022063498A
S3150800EAC00860634E680207420BD070605D480068B4
S3150800EAD0BC218900884204D1254002D0A548006897
S3150800EAE080473760F1BD000000E400E0040002A89A
S3150800EAF00000FF3F282002A82C1002A840E002A828
S3150800EB0044C002A804C001A8044001A82000600669
S3150800EB10F8B5864C206865680540974805608026E4
S3150800EB20F6054C4AB00C95490B68002B10D10542E6
S3150800EB300ED0934B5F68FF070AD51B68DB0007D525
S3150800EB4080231B06136000BF00BF16608A4B18603F
S3150800EB509B4F3B78062B0FDA08688C218901014305
S3150800EB6029401BD0FFF732FB00902800FDF76CF90F
S3150800EB700098FFF72FFB11E00B68526B92050DD535
S3150800EB80C822D2041A432A4005D0FDF7DBFF280025
S3150800EB90FDF75AF902E0AA0200D50860894800681C
S3150800EBA0064009D0A80607D5A068000704D5387816
S3150800EBB0072801D1FDF72AFAF1BD00001CED00E097
S3150800EBC0FFFF9B4000E100E0602002A8500002A879
S3150800EBD0B63E000010B57C48016844680C407B4886
S3150800EBE0046080210C4205D041607948016000200C
S3150800EBF0FDF72AF9600403D58020400575490860A9
S3150800EC0010BD0000145001A838B57348016844685F
S3150800EC100C40E00707D5FFF7D9FA0500FDF7AEF96E
S3150800EC202800FFF7D7FA6D48046031BD601002A8C6
S3150800EC30F40302A8280002A8FFFF00C0B44000A8F9
S3150800EC40D03E0000784001A8903C00002C4000A867
S3150800EC50B46000A8100002A8FEB5614C206C676C71
S3150800EC60074001252F4216D02E065E48066020680A
S3150800EC705D490D60002802D00021FDF7A3FB5B4823
S3150800EC800068A021C90188428041C043C00F584985
S3150800EC90487058480660FDF705FC019002200740B9
S3150800ECA03ED06168CEB20F0A53490822474B440347
S3150800ECB0012E24D0022E31D1012F22D14F4EF678C3
S3150800ECC000964E4E37780126BE404D4F3E604B4E5D
S3150800ECD03678760590277F04F71903263E43494F71
S3150800ECE03E601C60484B1C600B68009C1B194B65FA
S3150800ECF0424909788D4045490D6045490DE0009027
S3150800ED00DFE7002F0AD1434E356000254D655C606C
S3150800ED101C60C104404B196040490A6032490860CA
S3150800ED200198FDF7C8FBF7BDB43E0000104001A8E6
S3150800ED3070B5FDF7B7FB0400FFF748FA31490A68D2
S3150800ED40D20710D52C4A566D1368FB25AD012E60E7
S3150800ED50CE686E604968E9818021C904214E316018
S3150800ED60297B59185165FFF735FA2000FDF7A3FBF3
S3150800ED7070BD0000943C0000106001A8B03E000081
S3150800ED80344301A8002800D0704770B50C00FDF781
S3150800ED9089FB0500FFF71AFA0600FDF79DFB2048D8
S3150800EDA0046001211F4A1160026C0A40FCD1FDF77C
S3150800EDB098FB3000FFF70EFA2800FDF77CFB70BDC4
S3150800EDC07C3E00004C4201A890C001A890E001A832
S3150800EDD00CC001A804ED00E0C0C000A8C0E000A86F
S3150800EDE000C002A8441002A840E002A8404000A8BB
S3150800EDF0B63E0000442002A818800A50C93E00000A
S3150800EE0068A00A5060C101A894D001A868900A5069
S3150800EE10F42302A860E101A880E200E0F41302A846
S3150800EE200080095040900950232D302B2000686C33
S3150800EE304C0065666745464700303132333435360F
S3150800EE403738394142434445460030313233343548
S3110800EE5036373839616263646566000075
S30D0800EE5CD413FF7F010000003A
S3110800EE6470EE0008401D0020560000005B
S3150800EE700000000000000000FFFF000028B30008A3
S3150800EE8000000000FFFFFFFFFFFFFFFF601D0020DF
S3150800EE906815002040B9000802000000C9080008EB
S3150800EEA00000000000000000000000000000000054
S3150800EEB00B000000FFFFFFFFC0EA2101C0EA2101A5
S3150800EEC000800000C01753020A00E40C0A00000084
S3150800EED0981E0020339E00084CBB0008FFFFFFFF6A
S3150800EEE007A0000803A00008FFFFFFFFFFFFFFFFC2
S3150800EEF00BA00008FFFFFFFF81A30008ABA30008D3
S3150800EF00FFFFFFFFFFFFFFFFFFFFFFFFFFFFFFFF03
S3150800EF100040005A00C003500040005000800050D6
S3150800EF20516F00082566000821620008756200080E
S3150800EF30D1640008E5640008BD650008D9660008C4
S3150800EF40C1660008C16000080D66000800000000E0
S3150800EF50000000003B2D00002C1E002000000000D1
S3150800EF60841B0020EC1B0020541C0020000000001D
S3150800EF700000000000000000000000000000000083
S3150800EF800000000000000000000000000000000073
S3150800EF900000000000000000000000000000000063
S3150800EFA00000000000000000FFFFFFFF0C0000004B
S3150800EFB000002801FF0CFFF0FF0000000D0200080A
S30D0800EFC0AD020008E501000896
S70508000AEDFB
