S01B00004E6574416E616C797A65725F464732335F5630312E73333705
S3150800000000080020810D00089B9500089B950008B4
S31508000010E3A000089B9500089B9500089B9500089F
S315080000209B9500089B9500089B9500089B950008E2
S315080000309B9500089B9500089B9500089B950008D2
S315080000409B9500089B9500089B9500089B950008C2
S315080000509B9500089B9500089B9500089B950008B2
S315080000609B9500089B9500089B950008490C00087D
S31508000070390C00089B9500089B9500089B9500087D
S315080000809B9500089B9500089B9500089B95000882
S315080000909B9500089B950008991400089B950008F5
S315080000A09B9500089B9500087110000849100008E8
S315080000B09B9500089B950008D97D0008958800083F
S315080000C01FA800081BA800084980000835A80008D2
S315080000D023A800086588000827A80008F9880008EA
S315080000E0318900089B9500089B9500089B95000898
S315080000F09B9500089B9500089B9500089B95000812
S315080001009B9500089B9500089B9500089B95000801
S315080001109B9500089B9500089B9500089B950008F1
S315080001209B9500089B9500089B9500089B950008E1
S315080001309B9500089B9500089B9500089B950008D1
S315080001409B9500089B9500089B9500089B950008C1
S315080001509B9500089B950008F5B300083D680008C4
S315080001609B9500089B950008C1A70008C7A700082B
S3150800018070470000000000000000000000000000AA
S315080001900000000000000000000000000000000051
S315080001A00348044B834202D0034B03B118477047F8
S315080001B0BC240020BC24002000000000064B074990
S315080001C0C91A891048BF0131491003D0044B0BB135
S315080001D001481847704700BFBC240020BC240020F3
S315080001E00000000010B5064C237843B9FFF7D8FF86
S315080001F0044B13B10448AFF300800123237010BDEC
S31508000200FE2200200000000058F2000808B5054B41
S315080002101BB105490548AFF30080BDE80840FFF764
S31508000220CDBF00BF00000000400A002058F20008B9
S31508000230A3F5803A704700BF174B002B08BF134B36
S315080002409D46FFF7F5FF00218B460F461348144AD3
S31508000250121A0AF036FB0E4B002B00D098470D4BAE
S31508000260002B00D098470020002104000D000D48FF
S31508000270002802D00C48AFF3008008F06BFD200080
S31508000280290009F0CFF808F045FD00BF0000080076
S315080002900000000000000000000800200008002000
S315080002A040230020000000000000000000B583B0D5
S315080002B00B4B4FF080625A66012304220921022063
S315080002C002F038FB0023019302E0019B01330193FE
S315080002D0019A49F63F439A42F7D903B05DF804FB01
S315080002E00090005030B587B000F0D2F8042143489A
S315080002F009F080F80023ADF81030ADF8143005A9E0
S3150800030004A800F011FA002830D03D493D4809F00C
S3150800031071F842F6B112BDF810103B4809F06AF8B8
S315080003204FF20852BDF81410384809F063F8002354
S31508000330ADF80E300493059305AA04A90DF10E0035
S3150800034000F0F2FAA0B12E494EF67D330193BDF8BE
S315080003500E3000934FF40C73049A2D4809F04AF8AE
S31508000360059B0BB1049B2BB907B030BD2949CDE7D6
S315080003702849E9E7284809F03DF80AF0E5FD054669
S315080003800499059800F0B6F80AF0DEFD04462348FD
S3150800039009F030F80AF0F2FD641B054660B3E20E78
S315080003A063011B1B62F10002520242EAD3525B024E
S315080003B01B1942F10002910141EA93619801C01AA2
S315080003C061EB020100192A464FF0000341F10001D2
S315080003D008F010FB034622461149124809F00AF8AC
S315080003E000F0A0F8044600F097F80346224629468E
S315080003F00D4808F0FFFFB7E70346ECE770B40008BE
S3150800040060B40008C0B40008DCB4000804B50008ED
S315080004102CB5000868B400086CB500087CB500085F
S315080004208CB5000898B50008D8B5000831B300B5F2
S315080004308E46144B1B889BB2134A128892B29B1A9B
S31508000440C3F30A03C3F5FF6307338B4218D30D4B77
S315080004501B889BB2002208E010F802C00B4901F87D
S3150800046003C00133C3F30A0301327245F4D3BFF361
S315080004705F8F044A138001205DF804FB0120704752
S315080004800020F9E7E2220020E02200205C0A002092
S315080004900023034A1380034A1380034A13607047F4
S315080004A0E2220020E0220020580A00200CE00D4A33
S315080004B013889BB20C49C95C0C4B596413889BB2D0
S315080004C00133C3F30A031380064B1A8892B2084B0A
S315080004D01B889BB29A4204D0044B9B6C13F0400FC6
S315080004E0E5D17047E02200205C0A00200000015B8D
S315080004F0E222002060B110B50C4601B910BDFFF725
S3150800050095FF0028FAD1034A136823441360F5E7D8
S31508000510704700BF580A0020014B1868704700BF93
S31508000520580A0020044B188880B2044B1B889BB2DB
S31508000530C01AC0F30A007047E2220020E022002019
S31508000540F0B597B00023059305AB402206A92748C6
S31508000550006809F024FB10B90446059B8BB917B04F
S31508000560F0BD9DF80850BDF80A60BDF8107000F09F
S31508000570C5FA00903B46324629461D4808F03AFF20
S315080005800134059BA342EAD902A904F158036B4436
S3150800059013F8400C00F00EFA01380328F0D801A32E
S315080005A053F820F063050008CF050008B5050008D4
S315080005B0DD050008BDF81050BDF8126000F09EFA7F
S315080005C00346324629460B4808F014FFD8E700F0E0
S315080005D095FA0146084808F00DFFD1E700F08EFAB3
S315080005E00146064808F006FFCAE700BFA423002014
S315080005F00CB6000844B6000878B60008A8B6000885
S3150800060038B5FFF753FF0AF09FFC0F4B1A685B6873
S31508000610904271EB030302D2FFF792FF38BD0546FD
S315080006200C460A4B196801311960094808F0E2FEC0
S315080006304FF47A700AF0A8FC401944F10004024B02
S3150800064018605C60E8E700BF000800205C12002024
S31508000650C8B6000810B414460CE0094BA3FB01C346
S31508000660DB089C4603EB8303A1EB4303013C3033D1
S3150800067003556146002CF0D110445DF8044B7047D1
S31508000680CDCCCCCC13467AB110B401F00F0C013B9B
S31508000690064C14F80CC000F803C00909002BF4D165
S315080006A010445DF8044B704710447047F4B60008D0
S315080006B0194A136801331360012101E0013189B237
S315080006C0164B1B888B420CD9154A525C532AF5D116
S315080006D04A1C92B29A4204D24A1C1148825C542A95
S315080006E0ECD18B4205D800230C4A13800D4A1370AF
S315080006F0704710B55B1A9CB20948224601440AF0B5
S31508000700C6F8064B1C80012C03D90222054B1A7029
S3150800071010BD0122FAE700BF60120020E422002083
S3150800072064120020FF22002070B506460D460921F6
S315080007300C4808F0CDFE044603210B4808F0C8FE15
S3150800074006B1348005B1288042F6B1139C4201D027
S31508000750002070BD4FF20853984201D00020F8E7F8
S315080007600120F6E7E8B60008E4B60008002800F01D
S31508000770CC802DE9F04715460746002A00F0C780C9
S31508000780B1F50C7FC0F0C580B2F818A05369002BEC
S315080007906AD0BAF1F30F6AD8B846532308F8023B71
S315080007A054237B70BE1D52237B710A22296830466A
S315080007B0FFF750FF2C2400F8014B0322A988FFF706
S315080007C049FF0470B5F90610002953DB2B23437043
S315080007D00029B8BF4942032289B20230FFF73AFF1F
S315080007E02C2400F8014B0322297AFFF733FF00F87F
S315080007F0014B6B7A002B3FD04849042208F01CFEB7
S315080008002C2400F8014B0222A97AFFF73BFF00F8D7
S31508000810014B0222E97AFFF735FF00F8014B022265
S31508000820297BFFF72FFF00F8014B0222697BFFF7B0
S3150800083029FF00F8014B0422E989FFF723FF00F896
S31508000840014B0222297CFFF71DFF00F8014BD14618
S3150800085003225146FFF7FEFE00F8014B831B352B9A
S315080008605AD1044600231DE04FF0000A94E74FF0E2
S31508000870F30A91E72D23AAE72949BEE76A69D25CFC
S315080008801209DFF8A0C01CF80210224602F8021B63
S315080008906969C95C01F00F011CF801106170013328
S315080008A09BB214469A45E9D802E0202304F8013B96
S315080008B0231AB3F5F37FF8D34FEA490103223531FA
S315080008C04046FFF7C7FE02E0202304F8013BA31BBE
S315080008D0B3F5077FF8D3002303E0202204F8012BA1
S315080008E00133072BF9D94FF40A71404608F0F0FD99
S315080008F0014604222046FFF7C5FE0346452203F8B3
S31508000900022B44224270D81B04E0002070470020C6
S3150800091000E00020BDE8F0870020FBE7D8B6000815
S3150800092068B40008F4B60008F0B589B007460E4664
S3150800093015460DF1040C1C4C0FCCACE80F0094E8DE
S3150800094007008CE8070001AA4FF40C711748FFF757
S315080009500DFFB0F50C7F1CD0002207B13A8006B116
S3150800096030600DB1114B2B60B0F50C7F14D0002010
S3150800097009B0F0BD303B9BB243EA021292B2013194
S315080009800329EADC0A4B5B5C402BF3D9373B9BB265
S31508000990F2E700210A46F3E74EF67D339A4201D084
S315080009A00020E5E70120E3E708B7000894140020D3
S315080009B0BE16002003464D4A107838B370B582B08B
S315080009C00C4601282DD04A4801884A1C92B202805A
S315080009D048484354B2F50C7FC0F0858044B10346BD
S315080009E04279227006336360002363802381638122
S315080009F0404B93F82E32452B04D13E4B93F82F32B9
S31508000A00442B29D0FFF754FE022013E0532B00D0C5
S31508000A107047384A13700123354A1380334A1370D6
S31508000A207047542B08D0532B0FD00020304B18801A
S31508000A302E4B187002B070BD2E4A537002232C4AF2
S31508000A4013802A4A13700020F4E72A4A1370284BA9
S31508000A5001221A800020EDE7274E4FF40A7130462E
S31508000A6008F036FD05460023ADF806300DF10601FF
S31508000A7006F50A7008F0FCFC1CB12581BDF80630A5
S31508000A806381C0B1BDF80630AB4214D102220023FF
S31508000A90042A18DC1749885CA0F13001C9B2092973
S31508000AA00DD803EB83035B009BB203449BB2303B38
S31508000AB09BB20132ECE7FFF7FBFD0320BAE7FFF72D
S31508000AC0F7FD0420B6E7B3F5077F08D804B16380BD
S31508000AD00023074A1380054A13700120AAE7FFF787
S31508000AE0E7FD0420A6E70020A4E700BFFF220020B8
S31508000AF0E42200206412002066120020014B1868C8
S31508000B00704700BF601200200023062073B17047AB
S31508000B1054B224B9013353B15DF8044B7047022827
S31508000B20F8D008680A4908601046F3E710B4094A7D
S31508000B3052F823100A7A022AEAD9032AEAD1441E6D
S31508000B40E4B2012CE6D90868014908601046E1E7D5
S31508000B50C41600207C23002010B5A2B02022002154
S31508000B601AA809F0AEFE2B4B1A934FF4E1331C93E7
S31508000B7002238DF87530284A1E9201248DF87D408F
S31508000B808DF87E408DF87F408DF8803000211591D4
S31508000B9016911791189119914FF4801315931F4BBD
S31508000BA01993109111911291139114911C4B109352
S31508000BB01C4B14933C2201A809F083FE0DF1040E88
S31508000BC00DF1540CBCE80F00AEE80F00DCF800305D
S31508000BD0CEF800300DF1180E0DF1400CBCE80F00F0
S31508000BE0AEE80F00DCF80030CEF800300E4B0B9361
S31508000BF04FF480630C938DF835408DF836400B4BD7
S31508000C000F930B4B1AAA01A90A4802F0EBFB22B074
S31508000C1010BD00BFFCBE0008ECBE00083C00015B2E
S31508000C20010010004400015BC81600209023002034
S31508000C30C81A00207C1B002008B5024809F03CF8B9
S31508000C4008BD00BF7C1B002008B5024809F034F82F
S31508000C5008BD00BF7C1B002010B58EB024220021E1
S31508000C6005A809F02EFE334B0593334B1B88ADF8C8
S31508000C702430324B1B88ADF82630314B1B680B935A
S31508000C80304B1B680C93304A05A9304803F0A8F886
S31508000C9000B1FEE72E4B1C682E4A21462B4B1868DE
S31508000CA003F054F900B1FEE74CB12146274B18680A
S31508000CB009F0A4FA01464FF6FF73984206D10021BF
S31508000CC0224B186808F049FF38B1FEE71F4B186831
S31508000CD003F080FA0028F2D0FEE71F491B4B18687C
S31508000CE003F0BCFA00B1FEE76FF0C00240F2FF3332
S31508000CF0CDE900234FF0FF324FF0FF331349086860
S31508000D0009F0C5FA00B1FEE7144B1B88ADF81030A0
S31508000D10ADF80C3004A90D4B186809F0A0FA00B11B
S31508000D20FEE703A9094B186809F0AFFA00B1FEE718
S31508000D300EB010BD8B95000856BF000854BF0008BA
S31508000D405CBF000858BF00086D950008A82300205E
S31508000D506C230020779500080700110044BD0008A1
S31508000D6008B50448044A121A9210044908F016FCF9
S31508000D7008BD00BF80010008A0010008402300202C
S31508000D8008B5154B83F30A8800F030F8FFF7E8FF3B
S31508000D90124A0AE01068516850F8230041F8230007
S31508000DA0013391688B42F5D30C320D4B9A4201D22E
S31508000DB00023F6E70B4A08E01168002041F82300F3
S31508000DC0013351688B42F7D30832074B9A4201D256
S31508000DD00023F6E7FFF730FA0000002060F200086B
S31508000DE06CF200086CF200086CF2000870B5134B40
S31508000DF0134A9A60D3F8882042F47002C3F8882010
S31508000E00104A4FF4804191660F4D05F500544FF096
S31508000E10FF3222660D4A62660222C3F8D020BFF36B
S31508000E204F8FBFF36F8F002002F09AFA4FF44036C7
S31508000E30E660002008F0ABFE2E6170BD00ED00E014
S31508000E400000000800900050008000447FFF7F01EA
S31508000E50014B1860704700BFB023002008B5064B49
S31508000E601860064B1B6F03F00703032B00D008BD61
S31508000E7009F076FEFBE700BFB8230020008000508B
S31508000E8010B504460FE00123834024EA03040F2823
S31508000E9014D800EB40020E4B03EB82035A6812B1DA
S31508000EA09968C0B2904794B1234600201F28EAD813
S31508000EB013F0010FE7D101305B08F7E7103800EBB4
S31508000EC040039B00B033024A13440433E6E710BDDF
S31508000ED0981B002008B50D480AF059F91A2002F0A7
S31508000EE02FFA28B91B2002F02BFA40B9002008BDBA
S31508000EF01A2002F035FA1A2008F049FEF2E71B20FC
S31508000F0002F02EFA1B2008F042FEEFE7E8BE0008C2
S31508000F102DE9F04170B30C46174605460F292BD824
S31508000F2003784BB1022B20D0032B21D0012B01D003
S31508000F30002303E00F2301E040F2FF736A78D340F1
S31508000F4013F0010F1AD00F4BD3F81063C6B90AF085
S31508000F5011F980463A462146284601F033FE4046B6
S31508000F600AF003F93046BDE8F08140F2FF33E5E7C1
S31508000F703F23E3E72226F5E72126F3E72126F1E7D3
S31508000F800226EFE700C0035040B310B504460378C5
S31508000F904BB1022B1DD0032B1ED0012B01D00023F1
S31508000FA003E00F2301E040F2FF736278D34013F0A9
S31508000FB0010F15D00AF0DEF82378627801219140F6
S31508000FC003EB43031B01074AD1500AF0CEF8002071
S31508000FD010BD40F2FF33E8E73F23E6E722207047DB
S31508000FE02120F5E740D0035040B310B504460378F6
S31508000FF04BB1022B1DD0032B1ED0012B01D0002391
S3150800100003E00F2301E040F2FF736278D34013F048
S31508001010010F15D00AF0AEF82378627801219140C5
S3150800102003EB43031B01074AD1500AF09EF8002040
S3150800103010BD40F2FF33E8E73F23E6E7222070477A
S315080010402120F5E740E0035008B5084BD3F82404FF
S31508001050D3F82024104000F0553020F0502003F536
S315080010600053C3F82004FFF70BFF08BD00C0035068
S3150800107008B5084BD3F82404D3F82024104000F010
S31508001080AA3020F0A02003F50053C3F82004FFF788
S31508001090F7FE08BD00C00350F0B585B00C4694466F
S315080010A09DF83410664A1278002A00F0BD8005467D
S315080010B0BCF1070F00F2BA800A9A002A00F0B8803D
S315080010C00B9A002A00F0B6800E9AB2F5006F00F36C
S315080010D0B38001285BD05B4A02EB0C12127B002A14
S315080010E000F0AC8000220092019202920392564AC6
S315080010F002EB4C1E002C4FD14FEA4C1600209051A3
S31508001100CEF80400CEF80800CEF80C009EF80200CF
S3150800111040F010008EF802009EF8030040F0300000
S315080011208EF8030021B9C1B241F003018EF803100D
S3150800113000930E9B013B444A4FEA4C1002EB4C11BC
S31508001140165A63F30E1616520A9B8B600B9B4B605E
S31508001150CB789DF83C2062F38303CB70012D36D003
S31508001160109B002B56D0374A4FEA0C1102EB0C1392
S3150800117010985050119A5A6000249C605D7372460C
S315080011806946604601F07AFC204605B0F0BD0C9A27
S31508001190002AA0D12D48F8E72B4F4FEA4C1607EB4B
S315080011A04C120020B85150609060D060907840F0A2
S315080011B010009070D07840F00300D0700029B7D1A5
S315080011C007EB4C12C1B241F03001D170B0E70E46C0
S315080011D00A7B42F001020A73D2B242F002020A7393
S315080011E0CA68042161F39F02F26006F1100796E8C7
S315080011F00F0087E80F00F2696FF0030161F39F02A1
S31508001200F2610C9B7361012CAAD10B9AB2610C9AFC
S315080012107260A5E7002DA6D10B4B03EB4C139A7809
S315080012206FF304129A709EE70948AEE70748ACE7E1
S315080012300648AAE70548A8E70448A6E70548A4E734
S3150800124000230020001E0020001D0020018000F061
S31508001250028000F0078000F0134B1B78FBB110B535
S315080012600446F0B109F086FF0023072B13D80F4A6E
S3150800127002EB0312127B0AB10133F6E723600B4A2D
S31508001280190102EB031301241C730024545009F0BE
S315080012906CFF204602E009F068FF054810BD0548C6
S315080012A070470548FAE700BF00230020001E00200B
S315080012B0048000F0028000F0018000F038B509F0E3
S315080012C059FF04460023072B06DC0C4A02EB0312DF
S315080012D0127B12B90133F6E7002222B1204609F043
S315080012E044FF074838BD01F075FB0025054B1D7006
S315080012F0204609F03AFF2846F4E700BF001E002002
S31508001300058000F0002300200F4B1B78BBB110B5F9
S315080013100446072815D809F02DFF0C4B03EB0413D8
S315080013201B7B1BB909F021FF09480BE0074B03EBB0
S31508001330041300241C7309F018FF204602E0054830
S315080013407047054810BD00BF00230020001E00207E
S31508001350068000F0028000F0018000F000B583B03E
S31508001360134B1B68019300238DF8043009F002FF24
S31508001370104B1B7833B90F4B01221A7009F0F5FE92
S31508001380002309E009F0F1FE0B480EE00B4A02EBD8
S315080013900312002111730133072BF7DD08238DF89B
S315080013A0073001A801F03AFB002003B05DF804FB02
S315080013B048BD000800230020038000F0001E00201E
S315080013C010B5104C2478BCB1072817DC0E4C04EB7A
S315080013D00014247BA4B10C4C4FEA001E04EB001C3D
S315080013E044F80E30029BCCF804300024CCF80840B0
S315080013F001F044FB204610BD0448FCE70448FAE720
S315080014000448F8E700230020001E0020028000F0B0
S31508001410018000F0078000F008B50A4B1B785BB125
S3150800142007280BD8084B03EB00131B7B43B100219D
S3150800143001F0E6FA002008BD0448FCE70448FAE78C
S315080014400448F8E700230020001E0020028000F070
S31508001450018000F0078000F008B50A4B1B785BB1E5
S3150800146007280BD8084B03EB00131B7B43B101215C
S3150800147001F0C6FA002008BD0448FCE70448FAE76C
S315080014800448F8E700230020001E0020028000F030
S31508001490018000F0078000F0F8B5194B1F6D5B6DF1
S315080014A01F4002D40125002402E0FEE701346D0046
S315080014B0072C24D83D42F9D0124B1D652301124A48
S315080014C0D358002BF2D002EB0416B1680131B16093
S315080014D072682046984780F00100C0B2737B012BE2
S315080014E0E4D10028E2D0094B03EB44131A7B6FF3CF
S315080014F041021A731A7F6FF341021A77D6E7F8BDCD
S315080015000000045000200450001E0020001D00208A
S3150800151038B505460C46164BD3F8283103F00703B1
S31508001520013B052B20D8DFE803F003131B0F0B172D
S3150800153009F0F0FA052305B1286004B1236038BD27
S3150800154009F0E8FA0623F6E709F02EFB0723F2E787
S3150800155009F020FB0323EEE709F01CFB0423EAE766
S3150800156009F014FB0223E6E700231846E3E700BF69
S315080015700080005030B583B005460C460023019321
S31508001580154BD3F8203203F00703042B21D8DFE8E4
S3150800159003F0030B11161B0001230DB1019A2A60F3
S315080015A004B1236003B030BD002101A8FFF7B0FFE6
S315080015B01123F2E709F0F8FA01900723EDE709F09D
S315080015C0C5FD01900A23E8E709F038FB01900923D5
S315080015D0E3E70023E1E700BF0080005038B5054681
S315080015E00C460F4BD3F8503203F00303022B12D0EC
S315080015F0032B08D0012B0AD00023184605B1286012
S3150800160004B1236038BD09F0A4FD0B23F6E709F001
S315080016109DFD0A23F2E709F011FB0923EEE700BF57
S315080016200080005038B505460C460C4BD3F890326E
S3150800163003F00303012B05D0022B07D109F0B4FAF6
S31508001640072305E009F0A2FA022301E00023184661
S3150800165005B1286004B1236038BD00BF0080005082
S31508001660024B4FF480321A67704700BF0090005053
S31508001670204B984236D009D91F4B984236D01F4B7B
S31508001680984222D11E4BD3F8D0007047A3F5B70372
S31508001690A3F55863984221D006D91A4B984212D11D
S315080016A0174BD3F8BC007047174B984202D0174B1C
S315080016B0984203D1124BD3F8A0007047144B9842B6
S315080016C0F8D00020704700207047124B984203D18B
S315080016D00B4BD3F8C800704700207047084BD3F867
S315080016E0B8007047064BD3F8C0007047044BD3F8D0
S315080016F0CC007047C0EA21010048E801005A62029E
S315080017000080E00F0024F40080841E0000093D00DC
S3150800171040420F0080BA8C0138B505460C46104B7E
S31508001720D3F8000100F00300032815D8DFE800F01D
S3150800173002080C10012305B1286004B1236038BDE6
S3150800174009F028FA0323F6E709F078FA0923F2E7FD
S3150800175009F026FA0823EEE700231846EBE700BF50
S315080017600080005038B505460C46174BD3F82001C3
S3150800177000F00700062823D8DFE800F0040A0E1652
S31508001780121A1E00012305B1286004B1236038BD72
S3150800179009F0C0F90523F6E709F0FCF90323F2E797
S315080017A009F002FA0723EEE709F0F0F90223EAE75F
S315080017B009F0B0F90623E6E709F0ECF90423E2E7B5
S315080017C000231846DFE700BF0080005038B50546FD
S315080017D00C46104BD3F8400100F00300032815D837
S315080017E0DFE800F002080C10012305B1286004B1F7
S315080017F0236038BD09F0AAFC0A23F6E709F01EFAA9
S315080018000923F2E709F0A5FC0B23EEE700231846A7
S31508001810EBE700BF0080005030B583B005460C46A4
S3150800182000230193144BD3F8603203F00703013BFE
S31508001830032B1FD8DFE803F0020E1914002101A8B4
S31508001840FFF790FF0F230DB1019A2A6004B12360B8
S3150800185003B030BD002101A8FFF7B8FF1023F2E757
S3150800186009F0A2F901900723EDE709F08FF9019035
S315080018700223E8E70023E6E70080005030B583B08E
S3150800188005460C46002301930C4BD3F8703203F03F
S315080018900303012B09D0022B0DD114230DB1019A94
S315080018A02A6004B1236003B030BD002101A8FFF708
S315080018B08DFF1023F2E70023F0E700BF00800050F9
S315080018C038B505460C46104BD3F8600100F0030006
S315080018D0032815D8DFE800F002080C10012305B12B
S315080018E0286004B1236038BD09F030FC0A23F6E706
S315080018F009F0A4F90923F2E709F02BFC0B23EEE71C
S3150800190000231846EBE700BF00800050324B984290
S3150800191052D029D8314B984248D009D9304B9842F1
S3150800192047D0304B98421DD12F4BD3F880007047D3
S315080019302E4B984237D005D92D4B984210D12A4BB9
S31508001940186F70472B4B984202D02B4B984202D106
S31508001950254B986D7047294B9842F9D0002070475F
S315080019600020704700207047254B98422CD00CD990
S31508001970244B98422CD003F5740303F51053984270
S315080019800FD1194BD3F8980070471F4B984217D0C0
S315080019901E4B984203D1144BD3F88C007047002095
S315080019A0704700207047104B586E70470E4B586FA3
S315080019B070470D4B986F70470B4BD3F884007047F0
S315080019C0094BD3F888007047074BD3F89000704747
S315080019D0054BD3F8940070470048E8010024F4004A
S315080019E0C0EA210180BA8C010080E00FC0CF6A00EE
S315080019F0405DC60080841E0000093D0040420F007D
S31508001A00007E56030090D00380D54302006CDC02AA
S31508001A1070B582B006460D4600230193104BD3F8E5
S31508001A20804104F00304022C16D0032C0FD0012C9D
S31508001A3007D000240EB1019B336005B12C6002B0BB
S31508001A4070BD002101A8FFF78DFE0F24F2E709F00B
S31508001A50ABF801900724EDE709F098F80190E9E75B
S31508001A600080005038B505460C46104BD3F84002A6
S31508001A7000F00300032815D8DFE800F002080C1070
S31508001A80012305B1286004B1236038BD09F05EFB67
S31508001A900A23F6E709F0D2F80923F2E709F059FB19
S31508001AA00B23EEE700231846EBE700BF0080005043
S31508001AB038B505460C46134BD3F8000200F007006C
S31508001AC004281BD8DFE800F003090D1115000123CF
S31508001AD005B1286004B1236038BD09F037FB0A2335
S31508001AE0F6E709F0ABF80923F2E709F032FB0B2316
S31508001AF0EEE709F035F8800A0E23E9E700231846D1
S31508001B00E6E700BF0080005038B505460C46134B83
S31508001B10D3F8080200F0070004281BD8DFE800F015
S31508001B2003090D111500012305B1286004B12360CE
S31508001B3038BD09F00BFB0A23F6E709F07FF80923FD
S31508001B40F2E709F006FB0B23EEE709F009F8800A2D
S31508001B500E23E9E700231846E6E700BF0080005099
S31508001B60B0F5207F20D00ED8B0F5007F16D020D84B
S31508001B7010B1B0F5C07F04D10F4B186FC0F3033016
S31508001B8018E0002016E0B0F5607F05D10A4BD3F8BF
S31508001B908000C0F301100DE000200BE0064BD3F8DF
S31508001BA09000C0F3046005E0034B186FC0F3802073
S31508001BB000E00020013070470080005038B5054627
S31508001BC00C46174B4FF480329A660020FFF7C8FF81
S31508001BD005FB00F0134BDA6902F4803241F67131E5
S31508001BE0D9635B6823F440136CB90F49884207D858
S31508001BF000210B430B494B600AB10022CA6338BD6A
S31508001C004FF48011F5E7002C07DD0849884201D812
S31508001C100021EEE74FF48011EBE74FF44011E8E7B7
S31508001C200090005000000350005A6202002D310156
S31508001C30430905D0012B0DD0022B0DD0002200E060
S31508001C40002200F01F0049B102F5805201238340AB
S31508001C5013607047034AF4E7034AF2E702F50052B5
S31508001C60F4E700BF648000506880005008B5802003
S31508001C7007F00BFD034B984203D8034B4FF4803211
S31508001C801A6708BD005A620200A0005000B583B06A
S31508001C9000230193B0F5807F00F0AF8011D9B0F52D
S31508001CA0086F00F0B48044D9B0F5286F00F0C380FF
S31508001CB069D9B0F5306F79D101A90020FFF7B2FCD8
S31508001CC075E0802873D8242871D324385C286ED808
S31508001CD0DFE800F04C4C4C4C4C6D446D98546D6DDF
S31508001CE06D6D6D6D6D6D6D6D6D986D6D6D39A76DE5
S31508001CF06D6D6D6D6D6D6D6D6D6D6D6DAC4C6D6DE8
S31508001D006D676D6D5FB1A277776D6D6D6D6D6D6D7C
S31508001D106D6D6D6D6D6D6D6D6D6D6D6D6D6D6D6DE5
S31508001D206D6D6D6D6D6D6D6D6D6D6D6D6D6D6D6DD5
S31508001D307C00B0F5C06F65D00AD9B0F5E06F70D0F9
S31508001D40B0F5F06F17D101A90020FFF7B9FD2EE015
S31508001D50B0F5A06F60D0B0F5B06F04D101A900202E
S31508001D60FFF756FE23E0B0F5806F20D101A90020C9
S31508001D70FFF7F8FC1BE0B0F5D06F18D101A90020D9
S31508001D80FFF796FE13E0B0F5186F4FD0B0F5206F49
S31508001D9004D101A90020FFF73FFD08E0B0F5106F58
S31508001DA005D101A90020FFF7AFFE00E003D2019894
S31508001DB003B05DF804FBB0F5386F23D0B0F5406F7B
S31508001DC0F5D101A90020FFF7A3FBF0E71C4B1B6F19
S31508001DD003F00703013B032BE9D8DFE803F00B0206
S31508001DE0050805230193E2E703230193DFE70823A8
S31508001DF00193DCE702230193D9E701A9002007F044
S31508001E001FFCD4E701A90020FFF7E0FCCFE701A9F2
S31508001E100020FFF781FCCAE701A90020FFF7AAFB0B
S31508001E20C5E701A90020FFF71DFEC0E701A90020AC
S31508001E30FFF7D4FBBBE701A90020FFF71FFDB6E7B4
S31508001E4000800050094B596E03F580534FF48032D9
S31508001E505A66074A536A23F00103536211F4803F16
S31508001E6003D1044B4FF480325A6670470080005005
S31508001E7000C0075000A0005038B504468020FFF780
S31508001E8005FF032800F0B580604B4FF480125A66B0
S31508001E905F4B45F60E02C3F8802003F580524FF0DB
S31508001EA0A061916203F500534FF480329A62584B51
S31508001EB09B6D13F4803FFAD1554B9B6D13F0804F01
S31508001EC0FAD1226863681B0543EA0263227B43EA68
S31508001ED00243627B43EA0233A27B43EA8213E27B34
S31508001EE013434B4D2B61AB6903F00043226943EA68
S31508001EF08263626943EA0263227E43EA0243627EA0
S31508001F0043EA0223A27E1343AB614FF400624FF407
S31508001F104061404807F07BFB2B6A23F00F03E26918
S31508001F20002A46D111460B43E17E43EA81031A4350
S31508001F30374B1A62E369002B3DD1354A916A364B15
S31508001F400B4094F8201043EA411394F8211043EA11
S31508001F50011394F8241043EAC10343F480339362CF
S31508001F602B4B9A6D2D4B9343FAD1294A02F5805192
S31508001F704FF080738B62136923F47003A06843EAF9
S31508001F80005313614FF000438B6194F822301BB95C
S31508001F90234B4FF080729A6294F8233013BB204B80
S31508001FA04FF480329A621A4B9B6D13F0804FFAD128
S31508001FB018E00821B7E7022B1CD0154A916A164B80
S31508001FC00B4094F8201043EA411394F8221043EA90
S31508001FD0016394F8241043EAC10394F8231043EAF2
S31508001FE00143936294F825301BB1094B0D4AC3F897
S31508001FF0802038BD064B00221A619A614FF40852B8
S315080020004FF47F41084807F002FBD6E700900050DE
S315080020100040005A3840005AC7FFFEFE0300010080
S315080020200060005AF1A7FFFF3440005A014B93F9AC
S3150800203000007047A6240020014B1880704700BF97
S315080020409C240020B0F5207F48D02DD8B0F5007F1D
S3150800205039D04CD810B1B0F5C07F24D110B54C1E7C
S3150800206007F00CFB07F0F7FCFFF7FAFA204A136FA4
S3150800207023F4704343EA0433136708F071FD1D4BDC
S31508002080D3F8843013F0100FF9D11A4BD3F8841013
S31508002090C1F38111C1F1020107F0D2FC00F040F84A
S315080020A0FFF7E4FD10BD7047B0F5607F0AD101392E
S315080020B00F4AD2F8803023F0300343EA0113C2F8FE
S315080020C08030704770470139094AD2F8903023F0BA
S315080020D0F85343EA0163C2F8903070470139044A5D
S315080020E0136F23F4806343EA8123136770477047AD
S315080020F0008000500040005008B50121022000F081
S31508002100F3F84FF42070FFF72BFD044B187007F017
S31508002110B5FA07F0A0FCFFF7A3FA08BD01230020D3
S3150800212008B54FF4C07007F0B0FA054B984205D9C8
S3150800213002214FF42070FFF785FF08BD0121F8E75B
S3150800214080F0FA0210B5044608F00AFD0F4BD3F8E2
S31508002150843013F0100FF9D10C4BD3F88410C1F367
S315080021608111C1F1020107F06BFC0121002000F08A
S3150800217001F924B1FFF7D4FFFFF778FD10BD044B32
S3150800218019784FF42070FFF75DFFF5E7004000501F
S315080021900123002070B50446FFF7B8FB0546364B09
S315080021A04FF4C0225A6603F598335B68012B29D091
S315080021B08020FFF76BFD05282DD025F040752F4BA5
S315080021C09C422FD02E4B9C422FD008F0A3FC0646EB
S315080021D084422DD82B4BDB6813F0060FFAD1294B16
S315080021E09A689D609B686B4013F4F81F25D0254BB1
S315080021F09A6034468020FFF749FD052821D0B4426D
S3150800220035D970BD204B01225A60204B5B6813F00C
S31508002210020FFAD1CCE707F031FA07F01CFCFFF7FA
S315080022201FFACAE745F00075CFE745F08075CCE799
S315080022300121204600F09EF8CCE72046FEF708FE6E
S31508002240D8E708F08DFC124BD3F8843013F0100F42
S31508002250F9D10F4BD3F88410C1F38111C1F10201F2
S3150800226007F0EEFBFFF75CFFFFF700FDC7E701216C
S31508002270002000F07FF8C4E70090005040420F00AD
S3150800228080841E000000015000E0015000C001508B
S315080022900040005010B50446FFF7EAF90A4B4FF420
S315080022A000225A6620F04070084A944206D0084A2E
S315080022B0944206D04FF0B442906010BD40F00070D2
S315080022C0F8E740F08070F5E70090005040420F00B4
S315080022D080841E00034AD36E23F0300301790B4332
S315080022E0D366704700400050F8B50446204BD3F833
S315080022F0843013F0100FF9D11D4BD3F88430C3F393
S3150800230081139C422DD008F00BFC0646012C11D0F7
S3150800231008F027FF0546164F07F500534FF00072E1
S315080023205A66204607F09EFB621E4FF48063934070
S315080023303B6706E0012107F083FBE9E70C4BD3F87E
S3150800234084300B4B5B6E13F0007F05D1084BD3F836
S31508002350843013F0200FF1D0284608F0FDFE022C39
S3150800236000D0F8BD0021304607F06AFBF9E700BF48
S315080023700040005010B50C46034650B1094A127881
S3150800238012B1094A934208D921460220FFF7ACFF49
S3150800239010BD08F0C5FB0346F0E721460120FFF70C
S315080023A0A3FFF5E7801E0020005A620238B52F4BBE
S315080023B04FF000425A6603F50B235C6C04F00104E7
S315080023C04AF6CD321A64E8B9294B5B6B13F0010360
S315080023D0FAD1274A556815F0010539D002F5005299
S315080023E0012151601A462249096B11F0010F04D1E7
S315080023F020498A4201D80132F5E71E498A422FD878
S315080024001D4625E000231A4A126B12F0080F04D065
S31508002410184A934201D80133F5E7164A934221D860
S31508002420134B03F500522021916203F580530122D4
S315080024305A60002300E001330D4A926A12F0200F19
S3150800244002D10C4A9342F6D90A4A93420CD800257F
S3150800245014B1074B084A1A6401F0D4FE284638BD61
S315080024600725F5E70725F3E70725F1E7009000506C
S31508002470004009503F420F003254FFFF10B51A4B77
S315080024804FF000425A6603F50B235C6C04F0010416
S315080024904AF6CD321A6443785B0043F00103134AC7
S315080024A0D363134B5B6B13F00B0FFAD1104A5368C7
S315080024B023F4F873817843EA01135360C1784379AA
S315080024C043EA012393600179837943EA012313617F
S315080024D00078FFF76BFF14B1054B064A1A6401F042
S315080024E091FE012010BD00BF009000500040005032
S315080024F0004009503254FFFF10B50F2800D90F20AD
S31508002500124B5C6E03F580534FF000425A6603F592
S315080025100B235A6C02F001024AF6CD3119640C4BB2
S315080025205B6B13F0800FFAD109490B6A23F00F038E
S3150800253003430B620AB1074A0A64002C03DB064B05
S315080025404FF000425A6601F05DFE10BD0080005053
S31508002550004009503254FFFF00A0005010B5134B3D
S315080025605C6E03F580534FF000425A6603F50B2361
S315080025705A6C02F001024AF6CD3119640C4B5B6BBA
S3150800258013F0800FFAD10A490B6A23F4F85343EA89
S3150800259000230B620AB1074A0A64002C03DB064BC8
S315080025A04FF000425A6601F02DFE10BD0080005023
S315080025B0004009503254FFFF00A00050084B9842D3
S315080025C00AD0084B984209D003F58043984201D0B7
S315080025D0002070475820704756207047572070478C
S315080025E00000015B00000A5010B5044607F03BFAEC
S315080025F0042307E004F5805304221A6104F5005306
S315080026001A610B46591E002BF4D12023236100239F
S31508002610E360A36041F202026261A3614FF4A02263
S315080026206262E3612362A362E3626363236504F57E
S3150800263000520249D164236310BD00BFFF3F0D035A
S31508002640F8B5044615460846E1B1A36813F0010F2C
S3150800265034D06668B0FBF5F0451E16F001062BD09F
S31508002660636D13F0280FFBD1A36C13F0030F0FD182
S31508002670A36C13F0010F1BD1A36C13F0020F19D131
S31508002680002706E02046FFF799FF06F0FEFFDCE785
S315080026900527204607F0E7F9236923F07F4343EA35
S315080026A00563236146B33946204607F0FBF923E064
S315080026B00927EEE70627ECE70027EDE76368A36836
S315080026C003F0E003402B1DD017D9602B1ED0802BBA
S315080026D012D10123400105FB03F3B0FBF3F02038C8
S315080026E00B4A02EAC002636D13F0010FFBD12263A5
S315080026F0636D13F0010FFBD1F8BD2BB1202BFBD175
S315080027000823E7E70623E5E71023E3E70423E1E7E1
S31508002710F8FF7F0070B504460D461646436823B198
S31508002720636DC3F30B03002BFAD12046FFF75CFF5A
S31508002730636923F44C5323F00F036A7B1343EA8936
S3150800274013432A8A13436361A36823F0804323F063
S31508002750E2032A7B13432A7E13436A691343A36061
S31508002760AB681BB9A36843F00043A360EA69002A73
S3150800277070D0A168694B0B40117A43EA8153917A6C
S3150800278043EA4143918801F4C0410B43517843EA37
S315080027908103517B43EAC103917B43EA0113927893
S315080027A043EA8223A360E2685D4B1340EA69116934
S315080027B00B4351690B43917943EA8123D27943EA62
S315080027C04223E360EB691B78012B01D0032B03D16D
S315080027D0E36843F00403E360EB691B78023BDBB272
S315080027E0012B51D94F4B9C426BD04F4B9C426AD020
S315080027F003F580439C4262D04FF0FF3303F5937391
S315080028005B0103F1A04303F5703302225A60EB69BA
S315080028105A7A04F580539A62EB695B7A1BB1E368CE
S3150800282043F40063E360EB69DB7A63B1E36843F47E
S315080028300043E3603B4B9C4247D03B4B9C424BD00A
S315080028403A4B9C424FD0636A23F00303EA69D27B72
S31508002850134363623EB196F82030002B4AD004F544
S31508002860805301221A6204F5805301225A60AA682D
S31508002870002A4ED12978204607F014F9A36CDB43C9
S3150800288013F4405FFAD170BD264B9C4213D0264BF9
S315080028909C4212D003F580439C420AD04FF0FF3386
S315080028A0A6335B0103F1A04303F5703302225A6095
S315080028B0ADE70223F4E70023F2E70123F0E702235A
S315080028C09CE700239AE7012398E7EB691B7B03F053
S315080028D00F03174A5366B0E7EB691B7B03F00F0338
S315080028E0134A1367ACE7EB691B7B03F00F03104A27
S315080028F0D367A8E7E36923F0090396F82220134370
S3150800290096F82120134343F0010304F58052D3615E
S31508002910A9E769682046FFF793FEABE7E39BBDFF8F
S31508002920FFF9F0870000015B00000A5000400A50DA
S3150800293000900350F8B504460D461E4617463AB1B0
S31508002940FBB101228A4000EB400109011D4B5A5098
S31508002950072D1ED8A90004EB44031B0107FA01F250
S315080029600F2000FA01F11848184407F0D2F83FB9C9
S31508002970FEB10122AA4004EB44042401114B1A516A
S31508002980F8BD01228A4000EB400109010F4B5A505D
S31508002990DEE7A5F108039B0004EB440C4FEA0C1C88
S315080029A007FA03F20F2199400948604407F0B1F885
S315080029B0DDE70122AA4004EB44042401034B1A5123
S315080029C0DEE700BF40D0035034C0035040E0035058
S315080029D03CC0035010B5162007F0D5F8074B002465
S315080029E05C65FF229A625C6021462020FFF720F989
S315080029F021462120FFF71CF910BD00BF0000045036
S31508002A0029B9044A012303FA00F010607047024A04
S31508002A10F8E700BF401004504020045010B50446A3
S31508002A2001212020FFF704F901212120FFF700F9F1
S31508002A30114B01225A60227812069A606178A278B0
S31508002A4042EA01429A61FF229A6200229A631A6454
S31508002A504FF000425A6503F500534FF0FF321A65EE
S31508002A60162000F07DFCE178162007F094F8162071
S31508002A7007F08DF810BD00BF0000045070B50C4675
S31508002A80C3B201259D40214901F500531D65830008
S31508002A9003F1A04303F5882326685E60637B00EB99
S31508002AA0400C01EB0C1CCCF8603094F80AE0E37A91
S31508002AB01B0543EA0E4394F80CE043EA4E53CCF860
S31508002AC05C3022F00302CCF8702008F053FB104B60
S31508002AD05D65237A0BB10E4B1D64637A0BB10C4B03
S31508002AE09D632379A27942EA0342084B03F5005114
S31508002AF08A6194F805C0E27942EA0C4203F58054EB
S31508002B00A2614D639D6408F030FB70BD000004505F
S31508002B100010045010B5C0B20124844008F02AFB06
S31508002B20044B5A6D22EA04025A659C6208F01DFBA2
S31508002B3010BD00BF0000045010B5C0B20124844087
S31508002B4008F018FB084BDB6A234205D1064B5B6B82
S31508002B509C4306D0002400E0002408F006FB20462B
S31508002B6010BD0124F9E700BF0000045070B5044603
S31508002B70C3B201259D4008F0FDFA084B5E6B04EBD5
S31508002B80440403EB04135C6E08F0EFFA354203D1F4
S31508002B90C4F30A10013070BD0020FCE700000450A1
S31508002BA0074B4FF480325A6603F5E6239B69C3F355
S31508002BB08512827003F03F0242701B0B0370704748
S31508002BC00090005070B504460D46164603784178C5
S31508002BD02C4AD2F810236A1E0E2A09D8DFE802F01A
S31508002BE00A0A0A0A0A0A0A0A0A0A0A0A0A0A0A0041
S31508002BF0002200E02A463DB116B30120884003EBC7
S31508002C0043031B012049C8506178072920D8237837
S31508002C10890003EB43031B018A400F2000FA01F1E8
S31508002C201A48184406F083FF4DB906B3237862782C
S31508002C300121914003EB43031B01134AD15070BD98
S31508002C400120884003EB43031B011149C850DBE709
S31508002C5023780839890003EB43031B018A400F20B8
S31508002C6000FA01F10B48184406F061FFDCE7237807
S31508002C7062780121914003EB43031B01044AD150BA
S31508002C80DDE700BF00C0035040D0035034C00350F6
S31508002C9040E003503CC00350074B9B6813F0020FFB
S31508002CA0FAD1054B5B6813F0020FF5D1024BDB69CD
S31508002CB0002BF1D1704700BF00800A50074B5B68B4
S31508002CC0064B5B6813F0010F03D0044BDB69002B3E
S31508002CD0F6D1024B02221A61704700BF00800A50E3
S31508002CE008B5FFF7D9FF034B03F5805101224A6067
S31508002CF01A6108BD00800A5008B5054B5B68012BB0
S31508002D0000D008BDFFF7DAFF024B01225A60F8E748
S31508002D1000800A5000A00A5010B50446FFF7BCFF11
S31508002D20084B5B68012B05D0237843B10122054B7C
S31508002D30DA6010BDFFF7E0FFFFF7AEFFF4E7002209
S31508002D40F5E700BF00800A5038B505460C4607F07F
S31508002D50E3FFDDB92378D3B10123626812B1127893
S31508002D6043EAC2036278A2B102221343A26812B1EF
S31508002D70127843EA8213E2786AB10422134322697D
S31508002D8012B1127843EA4223044A936438BD0023F9
S31508002D90E3E70022E9E70022F0E700BF00800A50D7
S31508002DA038B5044607F09FFA864658B9064DA44634
S31508002DB0BCE80F000FC5BCE80F000FC59CE8030070
S31508002DC085E80300704638BD841E002047F6FF7369
S31508002DD09A427DD009297DD870B5414B13F801E098
S31508002DE0BEF1030F78D83F4B03EBCE0191F802C032
S31508002DF0604613F83E30012B26D03A4B03EBCE0340
S31508002E005C68002C6AD0B4F90030934204DBB4F94C
S31508002E100230934200DC1346A288FF2A2CD00021F8
S31508002E202826C8221D46D21A92FBF6F20A4412B286
S31508002E302C4B03EBCE0393F801E0964501DD002AFF
S31508002E402FDA0EF1FF322CE0CB78A3EB0C0300242B
S31508002E509C420ED2191BA3EB5101224800EBCE006F
S31508002E60406830F91100904201DC0C46F0E74B1E31
S31508002E70EEE76344D8B230E0B4F90620B4F9086046
S31508002E800121CFE75C331849A1FB03139B090132E3
S31508002E9012B2164696450FDD04EBC201898899429F
S31508002EA00AD304EBC2018B68B1F9061001FB05339E
S31508002EB0002BE7DA0023E5E7013E04EBC604A28807
S31508002EC09A4200D31A46944500D81046C0B204E088
S31508002ED0FF20704700207047002070BD0020FCE7E7
S31508002EE04CBD0008841E0020D34D621009296FD8F6
S31508002EF03A4B5B5C032B6DD8394911F8331001291D
S31508002F002AD010B4364901EBC3014C68002C63D0B3
S31508002F10201D334901EBC3018978914234D23049E7
S31508002F2001EBC301C978914233D92D4901EBC3039B
S31508002F3093F801C00CF1FF3C5FFA8CFCA388FF2BC9
S31508002F402AD00023634529D2591C30F83110914202
S31508002F5024D30133DBB2F5E7214901EBC301C97874
S31508002F60914200D20A461E4800EBC3008078121A26
S31508002F70D2B2091A8A4200DD0022194901EBC303BD
S31508002F805B6833F912007047B4F902005DF8044B28
S31508002F907047B4F90000F9E70123D3E74FF47A71D3
S31508002FA001FB02F200EBC3004368D31AB0F9022012
S31508002FB002EBD27103EB610393FBF2F3B4F9000061
S31508002FC09842E3DBB4F902009842DFDC18B2DDE789
S31508002FD004487047034870470248D7E74CBD0008C5
S31508002FE0841E00200080FFFF08B50348FFF7D8FEBF
S31508002FF0012007F07CF908BD58BD000830B583B03C
S315080030000446694607F071F900B1FEE79DF80030FD
S31508003010134A1278934217D00C2B06D1642510490F
S31508003020204607F04FF928B1FEE7204601F000F9DF
S315080030300546F4E72946204607F02BF900B1FEE7D6
S31508003040074B1B780A2B01D003B030BD69462046D2
S3150800305007F04BF99DF80020014B1A70F4E700BF02
S31508003060BC23002008B5024808F091F808BD00BF47
S31508003070E4BE000810B58AB0EC46194C0FCCACE893
S315080030800F000FCCACE80F0094E803008CE80300AF
S31508003090144BD3F84C3113F4002F05D0124B1C886F
S315080030A0FF2C05D98C2403E00E4BD3F85041E4B22B
S315080030B08DF81940FEF7BAFF241803D4FF2C02DD59
S315080030C0FF2400E000248DF818400848FDF7C6FEE6
S315080030D06846FEF7D1FE3220FEF7AEFF0AB010BDF5
S315080030E0B0BE00080080E00F0001E00FC0175302D1
S315080030F008B50248FFF74EF808BD00BF00B4C4047F
S3150800310008B50248FFF7C6F808BD00BFC0EA2101A6
S3150800311010B5FEF7F1FF4E4C236F23F0070343F07B
S31508003120030323670020FFF70DF8236F23F4744386
S315080031302367484BD3F8FC3013F0807F75D1464B94
S315080031400022C3F88020424CD4F8203123F007032C
S3150800315043F00203C4F82031D4F8283123F00703DA
S3150800316043F00203C4F82831D4F8803123F003036E
S3150800317043F00103C4F88031D4F8903223F00303F6
S3150800318043F00103C4F89032D4F8403123F0030326
S3150800319043F00103C4F84031D4F8603123F0030347
S315080031A043F00103C4F86031D4F8403223F0030336
S315080031B043F00103C4F84032D4F8003223F0070381
S315080031C043F00103C4F80032D4F8083223F00703A9
S315080031D043F00103C4F80832D4F8503223F003034D
S315080031E043F00103C4F85032D4F8703223F00303D5
S315080031F043F00103C4F87032D4F8203223F00703F1
S3150800320043F00103C4F82032FEF71CFE4FF0E0221B
S31508003210136943F004031361D4F8603223F00703FB
S3150800322043F00103C4F8603210BD0A4BD3F8FC2002
S3150800323022F08072C3F8FC20074A0021C2F88010E9
S31508003240D3F8FC2042F08072C3F8FC207BE700BF6D
S315080032500080005000ED00E00090005008B50748D7
S3150800326007F095FFFFF706FFFFF742FFFFF748FF56
S31508003270FFF7F8FEFFF74CFF002008BDE0BE000888
S3150800328000B583B0094B93E803000090ADF804102D
S31508003290090C8DF806106846FFF7F0F80920FFF7C5
S315080032A02BF9002003B05DF804FB00BFD8BE000868
S315080032B010B582B0074A536F43F0010353670024E1
S315080032C000948DF804406846FFF704F8204602B0DB
S315080032D010BD00BF00400050002808DB0901C9B234
S315080032E000F1604000F5614080F80013704700F077
S315080032F00F000901C9B2014B1954704714ED00E0DB
S31508003300002807DB00F01F02400901239340024A08
S3150800331042F82030704700BF00E100E000280CDBCF
S3150800332000F01F024009012393402030034A42F867
S315080033302030BFF34F8FBFF36F8F704700E100E077
S315080033404211064B53F8223000F01F0023FA00F012
S3150800335080F0010000F00100704700BF00E100E0C6
S31508003360002808DB00F01F02400901239340603063
S31508003370014A42F82030704700E100E010B507F036
S31508003380F9FE0B4B1B783BB9094B01221A7007F063
S31508003390ECFE6FF0040408E007F0E7FE07E00521FD
S315080033A0204606F0F8FB013464B24B2CF7DD10BD5D
S315080033B00223002010B5044607F0D3FE024B1C601A
S315080033C007F0CAFE002010BDAC1E002010B507F09D
S315080033D0C8FE034B1C6807F0BFFE204610BD00BFA1
S315080033E0AC1E00202DE9F0418EB007460E46144665
S315080033F01D461368D3F8008091F83130002B48D069
S315080034000DF1180CDFF830E2BEE80F00ACE80F004B
S315080034109EE80F008CE80F000023009301930293A7
S31508003420039304930593A3680893237B012B3DD04C
S31508003430022B3ED14FF44073ADF82630607B06F080
S31508003440CFFBADF82800CDF834D001238DF806302F
S31508003450A37B022B04D0032B02D0012B00D0002320
S315080034608DF80030B36B6E4A1A60B36B6D4A5A60BA
S31508003470B36B00229A60B36B6B4ADA603246294610
S31508003480384600F0AFFA0746A8B138460EB0BDE890
S31508003490F0810DF1180CDFF8A4E1BEE80F00ACE8E6
S315080034A00F009EE80F008CE80F00B5E74FF4007395
S315080034B0C2E70023C0E72369C5F8A430237E85F850
S315080034C0AB30E37D85F8AA30A37D85F8A930637D06
S315080034D085F8A830A37E85F8AD30637E85F8AC30D4
S315080034E0237F85F8AF30E37E85F8AE302368C5F8CC
S315080034F0A0304E4807F04BFE01230422A17D607DD3
S31508003500FFF718FA01230222217EE07DFFF712FA5F
S31508003510002385F8B030206907F039FE96F8313077
S31508003520002B5DD006A9404606F0E7FA95F8B030BC
S3150800353043F0040385F8B030227D3D4B263203EB79
S31508003540421214215160617DA07D227D41EA00412D
S3150800355003EB4212C2F8DC14E27D207E217D42EAAA
S31508003560004203EB4113C3F8D424A37B012B3CD0C0
S31508003570032B3AD0A37B023BDBB2012B42D995F849
S31508003580B03013F0010F0CD0627EA17E237D42EA93
S3150800359001425B0103F1A04303F5703341F2CC41CC
S315080035A05A5095F8B03013F0010F10D0237D204AF9
S315080035B0A63302EB431302215960E37E207F217D67
S315080035C043EA004302EB411241F2D041535008F559
S315080035D00053184ADA640521404606F063FA54E7B0
S315080035E006A9404606F08FFAA6E795F8B03043F0EC
S315080035F0010385F8B03000230222A17E607EFFF722
S3150800360099F9B7E795F8B03043F0020385F8B0307A
S3150800361000230422217FE07EFFF78CF9AFE700BF85
S31508003620099C0008A99C0008239C0008E8BE00081D
S3150800363000C00350FF3F0D0308BF000828BF00085D
S3150800364030B583B0007D104B00EB400203EB02124D
S31508003650D56E00EB400203EB02131C6F0DF1070158
S3150800366007F012FB9DF807304BB904F00204074B2C
S315080036709D4201D0002003E024B1002000E0012093
S3150800368003B030BD0120FBE70000045003230020EF
S31508003690037D0E4A03EB430102EB0111C96E03EBEE
S315080036A0430302EB0312136F03F00203084A914225
S315080036B001D0002070470BB900207047036A006DDF
S315080036C0984214BF00200120704700BF0000045034
S315080036D00323002030B583B003464169026902F12D
S315080036E0FF3CC5684C6F01F17C020020C86750603A
S315080036F09060D060B1F87C006CF30E10A1F87C00E5
S3150800370091F87E0040F0100081F87E0091F87F0065
S3150800371040F0300081F87F00C1F88050C1F884403D
S31508003720012081F88C0091F878000093024B6431EF
S31508003730FDF746FE03B030BD09A000082DE9F041AB
S3150800374084B0044600F1380600F1180800258563A0
S315080037507560B560F56090F83A3043F0100380F86C
S315080037603A3090F83B3043F0030380F83B30494F3A
S31508003770C7630764007DFDF74FFEA5637560B560F6
S31508003780F56094F83A3043F0100384F83A3094F828
S315080037903B3043F0030384F83B30E7632764207D1E
S315080037A000EB40031B0103F1A04303F58023DB6E06
S315080037B0BB4219D00DF10F0107F066FA9DF80F30DC
S315080037C0ABB194F844306FF3410384F84430009465
S315080037D0314B32462146207DFDF7F2FD207DFDF76F
S315080037E03BFE04B0BDE8F081FDF736FEF9E720465A
S315080037F006F069FA054602A9207D07F069FA029BD8
S31508003800591E20690023A361E36123626362228B48
S3150800381061F30E122283A27E42F01002A276E27EA5
S3150800382042F00302E276E0612562227D1B4902EB43
S31508003830420001EB0010056FC5F3400594F82470AB
S3150800384065F3410784F82470A57E63F30415A5760D
S31508003850056FF8B265F3000084F8240002EB420213
S3150800386001EB02110A6F9210616A62F39F016162AD
S3150800387094F8442042F0020284F84420D2B263F35A
S31508003880000284F844204FEAA808636C68F39F0393
S3150800389063649CE703230020719E0008000004501F
S315080038A0F0B589B004460E46007DFDF7B5FD0DF16D
S315080038B01F01207D07F0E8F9204606F004FA0546C0
S315080038C0236D83424AD2A26C934216D0238DC3F34A
S315080038D00A12324462F30E132385236D1E442665AD
S315080038E0A26CE36C13449E426FD0236DAB426ED03C
S315080038F0207DFDF7B1FD09B0F0BD701E276904F102
S3150800390028030021A162E16221636163B4F828C03B
S3150800391060F30E1CA4F828C094F82A0040F01000A2
S3150800392084F82A0094F82B0040F0030084F82B0052
S31508003930E762226394F82A2061F3041284F82A20A5
S3150800394023F00302237D42F0020203EB43031B012B
S3150800395003F1A04303F580231A67BEE79DF81F30DD
S31508003960B3B9227D1D4802EB420300EB0313596EDF
S31508003970C1F30A1131445B6E23F4FF4323F070034D
S3150800398043EA011302EB420200EB02104366A4E786
S315080039900494134B03930023029301960123009387
S315080039A0236902462168207D05F016FE237D0B4A11
S315080039B003EB430102EB0111496E21F4801103EB7D
S315080039C0430302EB0312516687E722658DE701235D
S315080039D084F854302046FFF7B1FE89E7000004500A
S315080039E0719E000870B588B006460C461546A0229A
S315080039F00021204606F065FFA446AE46BEE80F0045
S31508003A00ACE80F00DEF80030CCF8003004F1640CA6
S31508003A1005F1140EBEE80F00ACE80F00DEF8003022
S31508003A20CCF80030AB6AA364EA6AE264236595F8C9
S31508003A30302084F8952095F8332084F89620C4F829
S31508003A409830012384F89C3084F85430AB6B236695
S31508003A503460374B7360374BB360374BF360374B83
S31508003A607361374BB361374B3361FDF777FC10B1A0
S31508003A70354A904253D1002107A8FDF7EDFB0028EF
S31508003A804FD19DF81C302375002107A8FDF7E4FBEC
S31508003A9000283FD19DF81C3084F87830207DFDF74A
S31508003AA0BBFC002840D1E36C0494284A0392002208
S31508003AB002920193012300932369A26C2168207D59
S31508003AC005F08AFD90BB237D03EB43031B0103F13D
S31508003AD0A04303F5802342F264024FF48011995003
S31508003AE0AB6B93F91000FFF73BFCAB6B93F9100037
S31508003AF006F04DF804F1900005F05AFD3046FFF740
S31508003B0059FC2046FFF71AFE207DFDF7A5FC48B1B3
S31508003B10102007E0207DFDF7F7FB102002E01020BB
S31508003B2000E0102008B070BD1020FBE71020F9E770
S31508003B30179E00082B9E0008D19F0008BB9C000812
S31508003B40C19C00084DA00008038000F0719E000883
S31508003B500346064A10680344054A934202D8034AB4
S31508003B60136070474FF0FF30704700BFC423002032
S31508003B7000800020BFF34F8F0549CA6802F4E0624F
S31508003B80044B1343CB60BFF34F8F00BFFDE700BF65
S31508003B9000ED00E00400FA05BFF35F8F074B5A6A91
S31508003BA022F480325A62D3F8942022F00102C3F834
S31508003BB09420BFF34F8FBFF36F8F704700ED00E07F
S31508003BC070B5FFF7E9FFA0220021214806F06DFA3B
S31508003BD0204B21498B4206D021F01F02203AB2F130
S31508003BE0005F0FD300E01D4A1D4D286842F0010210
S31508003BF01C4CC4F898001C4EC4F89C60C4F8A0205D
S31508003C00013028608B4210D01F3323F01F0343F086
S31508003C100303134802681349C1F89820C1F89C3079
S31508003C20124BC1F8A03001320260BFF35F8F0D4B13
S31508003C300522C3F894205A6A42F480325A62BFF3C6
S31508003C404F8FBFF36F8FBFF34F8FBFF36F8F70BD6B
S31508003C5090ED00E060230020402300200080002033
S31508003C60B01E002000ED00E003000020E17F0020E8
S31508003C7010B4194B5A6E02F4803203F580514FF492
S31508003C8080304866586E4FF000434B66134B596CAC
S31508003C9001F001014AF6CD341C64104B5B6B13F03E
S31508003CA0010FFAD10E4B01245C600C4B1B6B13F011
S31508003CB0010FFAD011B1094B0A491964002803DB30
S31508003CC0094B4FF0004159661AB9074B4FF4803239
S31508003CD05A665DF8044B7047008000500040095052
S31508003CE0006009503254FFFF00A0005010B507F0DD
S31508003CF041FA0446144B1B78DBB9144A1360144A7C
S31508003D001360144A136000F02DF8012007F062FBD7
S31508003D1007F0B2F90246104B186078B100230F4835
S31508003D2040F2E73104F066FE0D4B1860064B01229F
S31508003D301A70204607F019FA002010BD204607F031
S31508003D4014FA2320F9E700BF06230020BC1E002032
S31508003D50B81E0020C41E0020C01E002018FCFFFF4D
S31508003D60B41E002010B586B000248DF814400094C7
S31508003D70019402940394049401238DF800301648A4
S31508003D8007F005FABFF34F8F05A8FEF7C5FF8DF8B4
S31508003D90004069462046FEF7D7FF0F21204606F069
S31508003DA0CFFF0F21204606F0D1FFFEF799FF0B4BF8
S31508003DB05B6813F0010F03D0084BDB69002BF6D1C3
S31508003DC0064B00229A614620FFF7CAFA462005F0FC
S31508003DD0DEFE06B010BD00BFE0BE000800800A5037
S31508003DE02DE9F843DFF860900646D9F800800846C2
S31508003DF01746B8F1000F03D00E242046BDE8F88315
S31508003E0006B3336801331DD1E1B100F067F8054602
S31508003E100028F1D0C9F8000000F086F8284606F018
S31508003E20B2F9044640B14046C9F8008000F07CF873
S31508003E30284606F0A3F9E0E73560002FDDD02846CE
S31508003E40B847DAE72124D8E7C81E0020024B1868CD
S31508003E50003818BF01207047C81E002038B505462F
S31508003E600C4601F0A9F838B1204602F0F7FD40F2F9
S31508003E706512412100F0FCF944B1236833B11B688F
S31508003E80013303D0E3680BB1A3684BB906F0E1FB35
S31508003E9000204FF4C172412100F0EAF9212038BD13
S31508003EA0204601F0D9FB00230A4A85F83031C5E9D6
S31508003EB03743C2E9003363694BB1074A42211068A8
S31508003EC04FF4D272C31A5842584100F0D1F9002073
S31508003ED0E5E700BF602300200C210020F8B5044662
S31508003EE007F03FF9002607460E4B1B6893B19E68FC
S31508003EF0AEB196F82420D20711D435460FCC0FC59B
S31508003F000FCC0FC523682B6096F8243043F00103C5
S31508003F1086F82430384607F01FF93046F8BD1B6886
S31508003F20E4E700BFCC23002010B5044618B9054BBA
S31508003F30054A136010BD00F0FDF9D4F8E830002BEF
S31508003F40F6D1F4E769A10008C8230020084B10B48D
S31508003F50002A14BF14461C46064B1C6019B15DF8AE
S31508003F60044B06F057B908465DF8044B704700BF86
S31508003F7069A10008C8230020D0F8E0302DE9F041F7
S31508003F8005460C4613B1C38D8B424CD0D5F8DC30B0
S31508003F90002B4BD09E68002E48D0D868002845D004
S31508003FA0013800B200281ADB002106E0128A591CE3
S31508003FB0A24217D209B2884211DB0B1803EBD3735E
S31508003FC05B1003EBC30206EB8202B2F80EC003F1E4
S31508003FD0FF3EA445EAD90FFA8EF08842EDDA212091
S31508003FE0BDE8F0814FF6FF7299B29142F7D09BB2C5
S31508003FF003EBC30306EB83062846B6F9122095F8A9
S315080040002411D5F8F080FEF7E1FE0746B8F1000F57
S3150800401004D00023324628461946C047EC85C5F821
S31508004020E06085F82D710020BDE8F0810E20BDE81E
S31508004030F08100BF2DE9F04782B004460F461646C8
S3150800404000F0AEFF00286FD1494D2B68D4F8DCA0EC
S31508004050D4F8E0800BB153456AD04FF00009AF6041
S3150800406000F0B4FF0128074604D0012100220846C3
S3150800407000F0B0F92B68DAF80010D8F8002013B170
S31508004080186888425FD0204606F056FA94F825301C
S31508004090C5E900A813F0010F0CBF32460122D4F877
S315080040A0F05062F3000384F825308DF80760002D80
S315080040B050D00022204611460DF10703A847204696
S315080040C000F06CFC0546B9F1000F10D07EB9D4F8A3
S315080040D08C3013BB012F06D0002D47D0254B00216D
S315080040E003205B689847284602B0BDE8F087B5FA12
S315080040F085F040F2FA423321400900F0B9F831461A
S31508004100204600F05FFD1C4B05461B6841462046CD
S315080041109847D4F88C30002BDCD000224FF400737B
S31508004120204600F017F9D5E70023114D6B608CE7A0
S315080041306B68002B91D043458FD1AB689F4215D051
S315080041404FF001098BE7696811B1096891429DD062
S31508004150596898E794F82A1094F82D31324699420E
S3150800416028BF1946204600F06BFBA8E70025BAE7EA
S3150800417060230020D4230020C8230020F8B50E466B
S31508004180054606F0EEFF314607462846FFF7F4FED9
S31508004190044620B1384606F0DFFF2046F8BD00F099
S315080041A0DFFE224631462846FFF744FF044600282C
S315080041B0F0D195F92430002BECDA284606F010FAEF
S315080041C00028E7D02246284695F82C1006F0C6F9AE
S315080041D00446DFE770B504460E4606F0C2FF3146D0
S315080041E005462046FFF7CAFF044620B9044B014698
S315080041F05B6803209847284606F0AEFF204670BD48
S31508004200D423002010B5FFF721FE20B9054B1A6804
S31508004210054B9A4204D1BDE81040044B1B68184769
S3150800422010BD00BF10240020008000401424002088
S3150800423013B50446694606F058F8204606F0E0F835
S31508004240FF28024606D020469DF80010FEF74EFECF
S3150800425002B010BD0048FBE70080FFFF08B50B461B
S315080042600249194006F045F8002008BD070011006C
S3150800427010B550B90548064B016006480260186833
S31508004280054B1860186805F06CF910BDD02300209E
S31508004290C81E0020D0200020CC200020D0F8E43012
S315080042A013B11A68032A10D8094BDB6BC3F3C20291
S315080042B013F0380F03F0070018BF504313F4E07FDC
S315080042C0C3F3821203D050437047986A400E704772
S315080042D0008001B8431C07D06FF0FF02034B104063
S315080042E05A62A3F580535862704700BF00E000B8D1
S315080042F0F8B504460F46164606F033FF0546A047AE
S31508004300044620B1284606F027FF2046F8BD03F0EC
S31508004310BFFC04220549D1F8003F23EA07033343CB
S31508004320C1F8003F024B5A64ECE700BF003000B00A
S31508004330002002B838B10368044A002B08BF1346A8
S31508004340034A13607047014BFAE700BF41A3000810
S31508004350E423002010B4D0E9544122400B4052EA2D
S31508004360030104D003495DF8044B096808475DF862
S31508004370044B7047E4230020024B986F00F00F00AF
S31508004380704700BF003F00B00F2938B505460C46F8
S315080043900ED800F01BFE01280CD1074A2846936F59
S315080043A023F00F032343936706F002F9002038BD74
S315080043B02120FCE70220FAE7003F00B0014BD86F46
S315080043C0704700BF003F00B0014B0020D967704717
S315080043D0003F00B003282DE9F74F0C46914600F23E
S315080043E08780444B13F800A0434B1E5C434B13F8DD
S315080043F000B006F0B6FE804603F0FCFB074640B167
S3150800440000230022CDE9003301200023002103F018
S31508004410CFF903F0F7FB48B100230022CDE90033BA
S31508004420002000234FF4004103F0C2F9002E52D0B9
S31508004430334BDD6C05F008050AEB0600314B2330DB
S315080044405844DD64C0B201F09BFD3146504603F086
S3150800445081FC5A463146504603F020FD2A4BDD645E
S31508004460DFB12A4B1868D0F89410F83002F068F9D2
S3150800447027490868FFF72EFF4FF0FF330B60254BDF
S315080044801A68511C06D06FF07E402349C863A1F50F
S315080044908051CA634FF0FF321A60B9F1000F04D099
S315080044A01E4B002103205B689847B4B14FF4806225
S315080044B01B4B1D6F03F50053C5F380251A6740464D
S315080044C006F04AFE00F082FD012808D15DB90020F9
S315080044D003B0BDE8F08F3546AEE72546EFE7002C7A
S315080044E0F0D10520F4E74FF480620E4B1A67EEE729
S315080044F02120EDE768BF000864BF000860BF000818
S31508004500004000B8006000B8005000B8C81E00207F
S31508004510E0230020DC23002000E000B8D42300209C
S3150800452000C001B800D001B870B50D46064620B9DE
S315080045301A4B1B68A3B10E2011E000F047FD0128B5
S3150800454029D1174B93F90040C4F12704641BC4F121
S315080045501C03002BB8BF5B42232B0CDD212070BD4A
S31508004560A1F10B03002BB8BF5B42232BF6DC0C4BE7
S3150800457019700020F3E786F8275006F0F2FD094A7D
S31508004580E402136A04F4FF2423F4FF231C43146291
S3150800459006F0E2FDEDE70220E1E700BFC81E0020B5
S315080045A00723002000C000B80B4B08461A6D92027C
S315080045B00FD4D3F84021D1070CD4D3F83823D20727
S315080045C008D4D3F8803013F4706F14BF012000208C
S315080045D070470120704700BF004001B8F8B50D4686
S315080045E0D0F8943002EA010423EA01032343C0F811
S315080045F094303B4A01F00B0323EA0401D1642340BB
S31508004600A2F580526F070646D36410D50121FFF73D
S31508004610CBFF60B103F03CFB4FF4007314F0040FBA
S3150800462014BF304A304A13650422304B5A64E906EF
S3150800463006D514F0100F14BF00221B222C4B5A6506
S315080046402A0618D5230611D54FF40012254BDA642D
S3150800465006F087FD0E210746032002F001F840F216
S315080046600122234B3846DA6206F076FD214606F12A
S31508004670F80002F065F8EF0503D5E0052AD501F044
S31508004680DDFFA90503D5A20527D501F0E3FF15F03F
S31508004690600F0AD0D6F8E410304605F052FE8022A4
S315080046A0144BC3F88800144B1A612B0510D503F078
S315080046B0EFFA124A14F4006FD2F8003F14BF43F021
S315080046C0006323F00063C2F8003F0422074B5A64D4
S315080046D00020F8BD01F0ACFFD3E701F0B5FFD6E73F
S315080046E0006000B8005001B8006001B8002002B8A8
S315080046F0004000B8003F00B0000002B8003000B02B
S315080047000A78022A11D0101F4242424152004B78C1
S315080047101201022B0BD0191F4B424B415B00054976
S31508004720054842EA8312FFF7E3BD0122EFE70123BA
S31508004730F5E700BFF0FFFF00155000080B78022BC5
S3150800474010D0181F434243415B004A78022A0BD017
S31508004750111F4A424A4152000F21044843EA820285
S31508004760FFF7C6BD0123F0E70122F5E7415000082F
S31508004770F8B50D7804460A2D0E4690F8247108D12E
S315080047800625284600F080FF18B90135EDB20A2D36
S31508004790F7D1284600F078FF002848D094F824314D
S315080047A0AB4209D1B288D4F8A4309A4204D17288AF
S315080047B0B4F826319A4238D084F82451B38828466A
S315080047C0A4F82831738804F59275A4F82631B388BD
S315080047D0C4F8A430FF2384F82B3005F065FF84F86D
S315080047E02A00284601F00CF810BB284600F042FFC4
S315080047F0F0B9D4F8E03053B194F82411B94206D090
S315080048002046B3F91220FEF7E1FA84F82D01204676
S3150800481001F016F90849A4F828010123074AD1F836
S31508004820FC1004F1F80002F09FFD0020F8BD2120DD
S315080048300C2384F82431F9E7004F00B0983F00B004
S3150800484070B5054690F824010C460C281FD0FF29A0
S3150800485001D1212070BD1AB14FF0FF320D4B1A60FD
S3150800486005F022FF064695F8240100F04BFF844226
S3150800487028BF0446E4B2B44238BF3446E0B285F8ED
S315080048802B0001F00DFAFF28E3D00020E2E7022012
S31508004890E0E700BFE823002010B590F8243104466D
S315080048A00C2B44D0D0F8E03080F82A10DBB3D0F8CF
S315080048B0F020D2B990F82D318B421CD30022204625
S315080048C0FFF7BEFF48BB1B4B1B78063B032B23D8C1
S315080048D0204601F0B5F818490123184AD1F8FC100A
S315080048E004F1F80002F040FD16E0B0F94220B3F9F1
S315080048F012309A42E2DD0022204694F82D11FFF785
S315080049009FFF50B9C4F8E000204605F090FC4FF62A
S31508004910FF739842014601D1002010BD2046BDE82C
S315080049201040FFF72BBCFF2380F82B30F4E702205A
S31508004930F3E700BFA0240020004F00B0983F00B066
S31508004940F0B51D46144B04461B780F46164685B02F
S315080049505BB1D0F8E030E3B102AAB3F912300092A5
S31508004960002205F0F2F805B0F0BD02A905F0BDFC7D
S315080049709DF808103A462046FEF728FA014626B959
S315080049802A462046FFF75CFFEDE72046FFF784FF3F
S31508004990E9E71846E7E700BF56BD0008F0B5D0F8C6
S315080049A09C3095B0012B03D10025284615B0F0BDE3
S315080049B004467C4905F0B0FED4F8E0600146E58D72
S315080049C0C4F8E4002EB133681BB15B68002B40F0D5
S315080049D0A58006F0C6FB01462046FFF75FFC0746A2
S315080049E0084606F0B9FBD4F8E410B3898DF80E70C2
S315080049F0EB1A9BB2D6E9012000FB03226A48ADF800
S31508004A000C3003680292994208D0204605F099FCBA
S31508004A1080226649664BC1F888001A61654D644E66
S31508004A2000F0D4FA0128FBD12B6CDA07F8D4736CA2
S31508004A30DB01F5D494F82530DF070CD5D6F87821B4
S31508004A405D4BC6F8EC23D3F8F830D6F8A0209D06BF
S31508004A50C6F8F02369D494F82530D4F8E4106FF337
S31508004A60000384F82530204612919DF80E200299FD
S31508004A7008AB02F0E5F880B900F0A8FA0128FBD1E6
S31508004A804B4A4C49536CD801FCD40B6CDB07F9D460
S31508004A9008A901A802F01AFB18B10225284615B084
S31508004AA0F0BDE28D454B5A6400F036FE05460028F7
S31508004AB07FF47BAF94F8243060F3410384F8243004
S31508004AC000F034FBD4F8E030411E5B69C9B21E68B9
S31508004AD0FD29024604962CD9F71C3DD938490136DA
S31508004AE0096818BF0126C81C42D85B68FF2A0491CA
S31508004AF0059344D1DF1C27D8204604A905F079FD83
S31508004B00002E7FF451AFD4F8543198052AD494F87E
S31508004B10243043F0020384F8243045E71A68032A50
S31508004B207FF657AF9F6A7F0E5FE7204600F088FF43
S31508004B3091E75B680128059304D0204604A905F08F
S31508004B4058FD31E70126D5E701331D4B5B6818D0C0
S31508004B50D91C12D80593CFE75B68FF280593F1D0D7
S31508004B602A46EAE720464FF4803105F0D0FB1BE7DA
S31508004B70FF2A5B680DD00593C2E7FF2AC0D1002241
S31508004B80BAE7DD1C08D8204604A9059305F031FDCF
S31508004B90B9E701220593ADE7FF2AB4D100222046E2
S31508004BA004A9F3E7FC4F00B0D8200020003F00B06E
S31508004BB0000002B800C002B8004F00B0008001B87B
S31508004BC0F4230020F8B504460E4619B990F82430A7
S31508004BD05A0647D43B4B3C4A5B6A618EC3F30323B0
S31508004BE013704FF6FF739942D4F8E47004D0374B2C
S31508004BF01B680BB120469847354D2B68BB4256D0EB
S31508004C00344B1B683BB11FB13A68002A51D0BF68C4
S31508004C103946204698470727204600F011FF002E00
S31508004C203BD006202C4B94F9272093F900302549D0
S31508004C30C3F127039B1A0A6ADB0222F4FF2203F454
S31508004C40FF2313430B62D4F8E420244B2A609867A9
S31508004C5001F0BEF80122224B20461A7005F0A8FC86
S31508004C600020F8BD4FF6FF7C66F38613154A80F8D8
S31508004C702430536A164D1449C3F30323D0F8E4705D
S31508004C800B702B68A0F832C0BB4217D0114B1B68BB
S31508004C90002BB8D100F0D4FE072712493B46124A2A
S31508004CA0D1F8FC1004F1F80002F05EFBB9E7012721
S31508004CB0B2E71746204639469847ACE700F0C0FEEB
S31508004CC00127EAE700C000B809230020E0200020F9
S31508004CD0D8200020DC20002007230020006000B830
S31508004CE008230020004F00B0983F00B0054A12681C
S31508004CF01AB190F81E1119B91047084601F0C2BC3E
S31508004D0001487047D420002000FEFFFF404B2DE9E4
S31508004D10F7431D6801F4007900F00103174653EACA
S31508004D20090206460C4640D04FF0000893B300230C
S31508004D30002201200021CDE9008802F039FD414614
S31508004D402846FFF7D3FF012241462886104605F07C
S31508004D506CFAD5F8941005F1F80001F0F1FC2D492C
S31508004D600868FFF7B7FA4FF0FF330B602A4B1A684B
S31508004D70511C06D06FF07E402849C863A1F58051C2
S31508004D80CA634FF0FF321A6095F8243043F00403E3
S31508004D9085F82430B9F1000F07D00121284605F01F
S31508004DA0B6FA24F4007406430C43324623462846D2
S31508004DB0FFF7D0FA22044FF0000308D5CDE90033F7
S31508004DC00022002300204FF4004102F0F1FCFB070B
S31508004DD00FD51349134A0868002113681160012189
S31508004DE0114A117003B19847104B002102205B68E5
S31508004DF0984717F00E0F08D04FF409723B21002090
S31508004E0003B0BDE8F043FFF733BA03B0BDE8F0835B
S31508004E10C81E0020E0230020DC23002000E000B8A4
S31508004E20E4200020E82000200A230020D4230020C4
S31508004E3008B558220021064805F043FD1022FF2137
S31508004E40044805F03EFD03F09BFD002008BD00BFA9
S31508004E50043F00B0483F00B073B581217A22A0F81C
S31508004E6014118221C0F80021C0E9411264220C23E2
S31508004E70C0E9432207224FF0FF35002680F8243187
S31508004E804FF6FF730446C28700F14C0282641F4A3C
S31508004E90C385A0F8403080F82C30438642630387E8
S31508004EA080F82760C0F8A450458502F0B3FE204676
S31508004EB0FFF7BEFF0122164B2046C3F8382294F9A5
S31508004EC02710FFF731FB6023124A41F6FF71D364BE
S31508004ED04FF03A42116311670F4A2946D3644022BC
S31508004EE00E4B20465A64D4F89420FFF777FB0E231E
S31508004EF00022CDE9003340F202231046194602F09B
S31508004F0057FC00F0D9FB304602B070BD4000FFFFE9
S31508004F10005001B8004000B8005000B8002002B8A0
S31508004F2038B506F01EF94FF6FF710A4A13888B4208
S31508004F3003D106F011F90E2038BD074C074D1B04A6
S31508004F406567A4F580546367118006F005F90020AB
S31508004F50F2E700BF9E240020006001B80000FFFFB2
S31508004F6008B50C4BD3F84C21531C11D012F08042D3
S31508004F700ED1094B1B681BB111460320FFF72AFA0D
S31508004F804FF08062054B1A6501225A6102229A6225
S31508004F9008BD00BF0080E00FC81E0020001002B840
S31508004FA04FF40022034B586C03F500535A64C0F3C0
S31508004FB0C0407047000002B8034BDB6913F4401F7A
S31508004FC00CBF0120002070470080E00F0F4BDB6804
S31508004FD0C3F30363013B0B2B0FD8DFE803F0060688
S31508004FE00C06060606080A08080802207047042068
S31508004FF070470520704703207047054B5B6913F01F
S31508005000060F0CBF01200420704700BF000002B83D
S3150800501000C001B8094AD368C3F303630B2B08D051
S315080050206FF49050184100F0010080F00100400034
S315080050307047506C10F48030EDD17047000002B80C
S315080050400C4AD368C3F30363062B07D8042BD8B2DC
S315080050500BD8C31E5842584140007047072B06D14B
S31508005060D2F868010028ECD170470220704700206A
S31508005070704700BF000002B8094BDB68C3F303633F
S315080050809A1E012A8CBF00220122012B02701EBF24
S315080050904FF4026222FA03F303F001030B70704720
S315080050A0000002B8FF28074B09BF0A6851F82020FC
S315080050B0C3F878224A6818BFC3F87822C3F87C2256
S315080050C0704700BF004001B8144BFF281870144AF7
S315080050D0144B09D11821C2F8FC131022C3F8FC237B
S315080050E0114BD3F874320DE0C0431821C00000F00C
S315080050F00800C2F8FC13C3F8FC030028F0D10A4BD9
S31508005100D3F8783240F2FF31054AC3F30903C2F8EF
S315080051100C11A2F58052C2F80C3170470B230020FF
S31508005120002002B8001002B80080E00F014B187882
S31508005130704700BF0B2300204FF03A43D3F81421E1
S31508005140D2031ED54FF480320E49C1F81421A1F5B9
S315080051508051C1F818215A6DD1B2C2F30722C3F89B
S31508005160A410C3F8A4200422C3F8A4200022C3F87C
S31508005170A420C3F8A420C3F8A420C3F8A420C3F825
S31508005180A4207047002000BAF0220B4B01219A6434
S31508005190A022A3F580539A644FF03A43826CC3F871
S315080051A0F410FC21C3F8CC10C3F8D0204FF40052F9
S315080051B0C3F8F020704700BF006000B8F8B50D4688
S315080051C04FF03A441746064605F0CBFF0123042163
S315080051D0074A6363E76026616561C2F81411054AE8
S315080051E0C2F8843105F0B8FF0DB102236363F8BD38
S315080051F0002000BA00E100E02DE9F041054601244F
S31508005200006800F00700063004FA00F3A868EC68A6
S315080052105E1EA04262D000EA060E6C6810441E4369
S315080052200640A3EB0E000EEB040C8242644618D926
S31508005230D31A0EEB030298B1431E052B04D94B1C57
S31508005240ACEB0303022B59D80B460844ACEB010E12
S3150800525003EB0E0113F8014B83420C70F8D101469B
S315080052606C688AB1531E052B01F1010302D9E01AB5
S31508005270022812D80A44611E00E0013313F8010C13
S31508005280934201F8010FF8D105F06BFF0223AE60D7
S31508005290AB62BDE8F04105F05FBF0B46204622F041
S315080052A0030E8E4453F804CB734540F804CBF9D16A
S315080052B022F00303D01A920701EB030C04EB030751
S315080052C0E2D0CA5C0128E254DED09CF801300228FC
S315080052D07B70D9D09CF80230BB70D5E7042A35D943
S315080052E00878043AA86148780431A86111F8020CD4
S315080052F0A86111F8010CA861A8688CE70B4620F094
S3150800530003070F44ACEB010E1C684EF80340043348
S31508005310BB42F9D120F0030310F0030F01EB030E93
S31508005320A0EB03040CEB030728D011F80380012C2B
S315080053300CF8038022D09EF80130022C7B7018BF2F
S315080053409EF80230084418BFBB7088E7013A032A62
S3150800535012D8DFE802F00F1507020B4613F8012BE7
S315080053601946AA610A4612F8013BAB61114611F8C3
S31508005370013BAB610B78AB61BDE8F08108446EE791
S315080053800A46F3E738B50B46154601464FF03A4448
S3150800539068B101221048C4F8F4201A46FFF72CFF1A
S315080053A025B14FF03A430422C3F8F42038BD73B14F
S315080053B0D4F8D8209A4284BF0122C4F8F4204FF0CA
S315080053C03A42C2F8D4300223C2F8F430E8E701239F
S315080053D0C4F8F430E4E700BFCC0000BA38B5044698
S315080053E005F0BFFE4FF03A420121638F054651672B
S315080053F04BB3B3FA83F3C3F11903DBB2A069C2F85E
S31508005400B410C2F88C300723C2F89000C2F8B03046
S315080054104FF4A02302F50052C2F81431A2F58052C7
S31508005420C2F8183100220C4B1A600C4B5B6C5B02FD
S3150800543009D54FF480020A4B04F1F8005A64D4F8EF
S31508005440941001F07DF94FF4E0232846E363BDE8A4
S31508005450384005F081BE00BFEC200020000002B8ED
S31508005460002002B82DE9F84305460C46B1B1D0F83C
S315080054701880478F05F075FEB5F83CC0791E01EA1D
S315080054800C0323F00702032C0646DFF8F8E0424433
S315080054905ED1DEF8004024B905F05EFE0E20BDE8B8
S315080054A0F88324F00104DEF8000020F00100A04291
S315080054B053D10023CEF80030238894426FEA434341
S315080054C06FEA534323803ED1EB8F08EB0709184652
S315080054D0083880B202F108044C4528BF444608281B
S315080054E004D9B4F800E0BEF5804F40D263440F43B8
S315080054F01B1A3B409BB2AB87E887947811884FF01C
S315080055003A42C1F30C019165C2F89830C2F8B0006E
S315080055104FF48022174B04F00704C3F81421012224
S31508005520154BC3F88421FFF707FE042C0BD14FF463
S315080055308002124B05F1F8005B6C114B5A64D5F8E2
S31508005540941001F0FDF8304605F006FE0020A6E7A7
S31508005550601E012898BF1446A5E7E88F4344E31A5E
S3150800556048BFDB1908389842A6DC304694E722463D
S31508005570AEE700BF002000BA00E100E0000002B874
S31508005580002002B8EC200020154B10B51968CA8F08
S315080055908B8F488F13440138073B8C69034023F0EF
S315080055A007031C4402F108034FF03A429BB2CB872B
S315080055B0C2F8B0304FF480220A4BC3F814210122F6
S315080055C0094BC3F88421A07800F00700042803D10A
S315080055D0064AD3681B03FCD4054B1C6010BD00BFEC
S315080055E0C81E0020002000BA00E100E0000002B852
S315080055F0EC20002010B5064C216839B1CB0703D43E
S31508005600044B1868FFF72EFF0023236010BD00BF68
S31508005610EC200020C81E00204FF480320C4B0D49A8
S31508005620C3F818214FF03A43C1F81421D3F8AC1047
S31508005630D3F88C20012302F0070206329340C1F307
S315080056400C01083B994201D8FFF776BD704700BFA9
S31508005650002000BA001000BA054BA822D3F84C0166
S315080056603121431C0CBF0120C0F38070FEF700BE39
S315080056700080E00F034B1A6802609B888380002035
S31508005680704700BFA024002010B50446084B063C0E
S315080056909B689847074B032CD3F8F80706D800F4FD
S315080056A0C020B0F5C02018BF012010BD0020FCE7BF
S315080056B014240020000002B80E4BD3F8FC37FF2B49
S315080056C00ED0C3F3421103F01F03013303EB41125B
S315080056D0FE2A88BFFE23084A98BF03EB41131370BE
S315080056E041F66A02054B1B68B3FBF2F3044A1360E2
S315080056F0704700BF000002B8AB2400200C21002030
S31508005700F0200020063803289ABF024B187800209C
S31508005710704700BFAB240020334BD3F8F827D3F8E3
S31508005720FC17324B1B68D3F8E43013B11A68032A06
S315080057302BD82F4BDB6BC3F3C20013F0380F03F0E3
S31508005740070218BF424313F4E07FC3F3821000D068
S315080057504243C1F34213022B234919D9062A37D9E2
S31508005760D1F8FC3313F0010335D14FF0E07021492D
S31508005770092AC1F82C012048C0F82C316FF0FF0324
S31508005780C1F828311DD91D4B1DE09A6A520EE0E773
S315080057900023D1F8FC13C907E7D5032A1CD84FF410
S315080057A07C71144A43F44C73C2F82C114FF0E07123
S315080057B0C2F82C111049C1F82C316FF0FF03C2F85A
S315080057C028314FF408530C4A0020C2F82831704794
S315080057D04FF40003DDE700234FF47C70054943F4DA
S315080057E03873C1F82C01C0E7000002B8C81E0020B3
S315080057F0008001B8002002B8001002B8002DB00BD6
S31508005800F8B5834D04462978002950D12C228148C1
S3150800581005F057F82378804FFF223B7063880024F1
S315080058207B807E4B4FF48150C3F8DC407C4B1A706A
S3150800583007227C4BD3F8F817D3F8FC6703F5005317
S31508005840C3F8FC234FF47072C3F82C21764A490337
S31508005850C3F830214FF00102C3F83421C3F86C01B4
S315080058604FF40060A3F58053C3F86C0126D4C3F83F
S31508005870FC234FF4307216F0E00FC3F82C2108BF52
S315080058804FF480524FF0080008BFC3F86C21FCF7AC
S3150800589065FE4FF4780420226449C1F86C213A78F1
S315080058A0063A032A2BD8DFE802F0156B6E7300233D
S315080058B05F4AC2F8FC305F4A1370ABE70421C3F8AD
S315080058C0FC1380210920C3F82C11C3F83421FCF7F6
S315080058D045FEE0E716F0E00FC6F3421204D144F4A1
S315080058E00C3444F440740AE0012A1BBF2020524AB3
S315080058F044F4C134C2F86C0118BF44F48024C1F8DA
S315080059003041FFF709FF002839D14C4B1A68B2F12C
S31508005910406F474A5BD3D3F87C1201313BD0D3F8AA
S315080059207C12C9B2C2F8DC10D3F88032404ADBB226
S315080059304249C2F8E430D1F88432013343F63F7362
S3150800594032D0D1F884421C40C2F8D840D1F8881227
S315080059500B40C2F8E030394BD3F88C1201312CD009
S31508005960D3F88C1201F0FC01C2F8F010D3F890328B
S3150800597003F0FC032E4AC2F8F43001232B70F8BD5D
S3150800598044F40834ADE744F4A73444F48074B6E725
S3150800599044F4FE44B3E72349D1F82831DBB2C2F810
S315080059A0DC30D1F82831C1E71E4CD4F8241119404F
S315080059B0C2F8D810D4F82411CAE71A49D1F83431F4
S315080059C003F0FC03C2F8F030D1F83431D0E71549BA
S315080059D0D1F8F847D3F83012C9B2C2F8DC10D3F8B8
S315080059E03432DBB2C2F8E430630357BF43F62B33D5
S315080059F041F61B33C2F8D830C2F8E03049BFC2F8C6
S31508005A00D830FC23C2F8E030DC23C2F8F030B1E726
S31508005A100D230020D43F00B0A0240020004001B888
S31508005A20AA240020000002B800FFFF00001002B8F8
S31508005A30003F00B00C230020002002B80080E00FD1
S31508005A40D0F8A4104C22022938BF02212DE9F04FC4
S31508005A50804690F824A181480139C36CD0F8DC50FF
S31508005A607F48C3F38213DA40036898F82B708B4299
S31508005A70DFF828B27B4B87B002F0010219D11C78F7
S31508005A80944216D1784C2478544512D1D8F8A840B7
S31508005A907CB1AC420DD1754CD4F8F840A60608D4B2
S31508005AA0734C2478BC4204D1BBF8040007B0BDE8A7
S31508005AB0F08F01609BF800001A70FFF723FEFF2F96
S31508005AC081466A4840D1AAF10603032BD0F8F800AC
S31508005AD0684B09D985064DD540F2FF30C3F88800D2
S31508005AE0FB0843F4407309E0840642D540F2FF30D0
S31508005AF00127C3F88800BB0843F438735E48C0F82A
S31508005B0088305C4B0120C3F8E0005C4B1E6840F20D
S31508005B107123B6FBF3F619234E43B6FBF3F65AB3D5
S31508005B20D8F8E4502DB12B68082B40F2948095F8EC
S31508005B303850294605A8059604F092FD0602059CEC
S31508005B4046F011062D043CE009F1FF33BB4228BF9D
S31508005B503B46012B38BF0123D0F8F800DFB2800698
S31508005B6008D540F2FF3443481B06C0F88840B7D42E
S31508005B70C1E70127404BC5E7414B9821A3FB062304
S31508005B8003A8039304F06CFD039C3E4A361BA2FB54
S31508005B9006120190342104A8049204F061FD049DC4
S31508005BA00090761B302105A8059604F059FD019B47
S31508005BB0009A1E02059B2C4446EA0216324D0643FD
S31508005BC01C44324B40F6970218682B21003818BF40
S31508005BD00120FEF74DFBFA222C4B02FB04F01B6852
S31508005BE040F6FF72B0FBF3F00A235843214B00F549
S31508005BF07A74C3F8D820A3F58053C3F8D860A3F500
S31508005C008053C3F8DC50224B224E1B78C6F8D4705A
S31508005C100BB9C6F8FC7086F8FB9000F58C50C8F8EE
S31508005C20A8501D4D14302C6001F028FB4FF47A72F1
S31508005C30C6F89800C6F8EC002B680D49B3FBF2F3DA
S31508005C40ABF80430084BB4FBF2F083F800A098F8E0
S31508005C502B300B702AE700256BE700BF004001B820
S31508005C60E82300200E230020A9240020004F00B0BE
S31508005C70A8240020006001B8005001B80C210020BB
S31508005C8069C2F568B97A146E3064FC00F020002009
S31508005C900C230020003F00B0F4200020A0240020A0
S31508005CA010B5104B024618780F4C0C2802D1FF206D
S31508005CB0207010BD831F042B34BF0121FF21FFF77D
S31508005CC021FD904228BF1046C0B2884238BF084618
S31508005CD023788342EDD0054B20701868FFF7B0FE95
S31508005CE02078E6E7A0240020AA240020C81E002069
S31508005CF008B50E4B024618780C2812D0FF2A13D086
S31508005D00FFF700FD904228BF1046C2B2012A38BFED
S31508005D100122074BC3F8FC200123064910460B70E5
S31508005D2008BD0023FF22F8E70023F6E7A024002099
S31508005D30003F00B00C2300200020044B1870044BD1
S31508005D40D3F8D420C3F8FC20704700BF0C230020EA
S31508005D50003F00B010B50446FEF778F878B1154B49
S31508005D601B786BB964B1144B1B784BB1134B1B787A
S31508005D70013B012B04D84FF40042114B1A6510BDA4
S31508005D80104B1B6D1B04FAD405F0EBF9044601F021
S31508005D907FFF4FF400420C4B2046BDE810401A65C1
S31508005DA002220A4BC3F824250422054B5A6405F03F
S31508005DB0D3B900BF0F23002010230020F8200020AD
S31508005DC0002002B8000002B8001002B800D0035044
S31508005DD0054BD3F8843013F0030F4FF4802314BF18
S31508005DE0024A034A93647047004000B8005000B85E
S31508005DF0006000B8594B2DE9F34193F82E8006460A
S31508005E00B8F1000F40F0A8809B68554C98470121CF
S31508005E103A20FBF70DFF534B2578534F1E7085BB71
S31508005E202846FFF797FF2378013B012B19D8E37B18
S31508005E3001A88DF80430237C8DF80530FBF7D4F8DB
S31508005E40C7F824554FF6FF72484BC3F88420F8224A
S31508005E50A3F58053C3F884200022434BC3F82425B6
S31508005E600DE04FF6FF72414BC7F82455C3F884205E
S31508005E70F822A3F58053C3F88420C7F824553C4B71
S31508005E805BE04046FFF766FF2378013B012B08D805
S31508005E90E37B01A88DF80430237C8DF80530FBF7E9
S31508005EA0A3F80023C7F82435002ECBD062685AB36E
S31508005EB0304B1B6803EB5203B3FBF2F3013B1B02A7
S31508005EC043F0F80326782949022E2B4A1ED0032EC2
S31508005ED04FF6FF75244826D0012E37D143F002032A
S31508005EE0C1F88450C2F884300723C0F82435E37B10
S31508005EF001A88DF80430237C8DF80530FBF744F8AB
S31508005F000120FFF727FF17E0F823DBE74FF6FF70BE
S31508005F1043F00103C1F88400C2F884300622124B0C
S31508005F20C3F82425E3E743F00503C1F88450C2F813
S31508005F3084300423C0F82435104B4FF080421A658C
S31508005F40FFF746FF002002B0BDE8F081C1F8845093
S31508005F50C2F884300023EDE70E20F4E7142400206D
S31508005F60F82000201023002000C00350006000B86D
S31508005F70002002B80C210020005000B8001002B81A
S31508005F80034B1B6D002BBCBF024BC3F88800704740
S31508005F90000002B8004000B8304B2DE9F047DB6836
S31508005FA098474FF47A762E4BB0FBF6F618604FF406
S31508005FB0FA73734307462B48190E1B0218182A4A08
S31508005FC04FF0000341F1000102F014FD274BA0F544
S31508005FD0807205461A6320B948222B21FEF748F934
S31508005FE001254FF47A724FF0000A6A435346500867
S31508005FF0310202F0FFFC1D4B1D4AB7F57A7F9A6005
S315080060001C4B4FEA056819601B4B89460446186005
S315080060104FEA152505D29B222B215046FEF728F973
S3150800602001264FF47A73A8FB030103FB05117308D5
S31508006030C01841F100010023324602F0DBFC0F4B89
S31508006040023419600E4B49F10009A408186044EAA5
S315080060508974064B013C9C63BDE8F0871424002034
S315080060600C21002020A1070040420F0000C001B803
S31508006070021101001C2100201821002014210020F3
S31508006080102100201022044BC3F884215A600122F3
S31508006090024BDA60704700BF00E100E000C001B8BB
S315080060A038B501250A4B02019D504FF4807304460A
S315080060B0084A8340536605F054F8074AA540137802
S315080060C023EA05031370BDE8384005F045B800BF5C
S315080060D000E101B800E001B81923002038B505F041
S315080060E049F8084B084A1D6A92F8CD405A6EE4B240
S315080060F0520744BF1D6A013405F037F8284604F0F4
S31508006100030138BD00C001B8003E00B0064B1B684D
S31508006110434303EB8171054B1B68A3FB003013F166
S31508006120004341EB00007047142100201021002095
S315080061300C4A20F04043014610B5002014684FF081
S315080061400042E4FB0320084A890F126802FB030099
S31508006150064B9B6B984204D901330131C01A01F0F2
S31508006160030110BD182100201C21002000C001B821
S31508006170044B01F0F071103041F003010001195091
S31508006180704700BF00C001B808B52220FFF7F8FE27
S315080061904FF48022014BDA6008BD00BF00C001B889
S315080061A0836833B10549C268096803F13043032A95
S315080061B000D8704743F8041B043AF8E7482400203F
S315080061C070B51646054600B3F9B1F2B14268104BF0
S315080061D0006803321B68920800F13040984704466D
S315080061E088B9EA68A86803323146920800F1304057
S315080061F004F076FA044630B9D5E90402214600F1DE
S31508006200304004F05EFB204670BD2124FBE700BF4A
S31508006210F023002070B50C68651C15D0C4F302661F
S315080062209E42C4F3074530D1A4B294422DD804EB5C
S315080062308506B24229D2141BA50824F003040E5978
S31508006240340F04D0012C08D00022212402E06B1C54
S3150800625051F82320C0E9002470BD0E4C34F81330E1
S3150800626042EA03431A686B1C51F8234001EB830189
S315080062704B6822405E4036F0704404D11B0F032B56
S3150800628004BF8B681A430024E4E7013501EB850156
S31508006290C1E700BF9CBF000807B501A8FCF780FC52
S315080062A042F201020C4B0D49C3F870224FF4FC72FE
S315080062B0C3F8E0205822A3F58053C3F8E020084A23
S315080062C0A3F61C7352F8040B43F8040B8B42F9D15E
S315080062D003B05DF804FB00BF006001B8104101B8C7
S315080062E070BF000870B50324134E144DB368984761
S315080062F0134A144B1A6500F09BFFFFF7CDFF124BAC
S31508006300C3F8104101232B65336898474FF460732F
S315080063106B614FF400732B65FEF708FF0021FEF74B
S31508006320D3FE8022094B1C64A3F580535C64084B9A
S31508006330C3F884215A6070BD14240020001002B8E6
S315080063400048F000000002B8005001B800A009504B
S3150800635000E100E02DE9F04705460E461446DFF851
S315080063608480DFF884901E4F88B01CB9204608B098
S31508006370BDE8F087B4F5006F4FF010024FF000014A
S315080063806846A24628BF4FF4006A04F09AFA082322
S315080063908DF800300AF1FF339BB2009A1B0143F0D7
S315080063A0036302EA090203EA0803134310220021E1
S315080063B00DEB0200CDE90036029504F082FA6A4632
S315080063C0387804A9FCF75AFBA4EB0A0406EB8A06FC
S315080063D005EB8A053878FCF7AFFB0028FAD0C4E746
S315080063E0AC240020F07F300C0F80CFF3002210B5CC
S315080063F0274B284C5A649A64DA6494F82D2003F5DE
S31508006400805312B14FF000721A6594F82E20002AB4
S3150800641039D04FF400421A6594F830302BB14FF456
S3150800642080521D4B1A65A36A984794F831201A4B77
S3150800643012B14FF400521A6501225A6102229A6279
S31508006440134AD368C3F303630D2B01D0002BF8D18D
S3150800645011231249D3631248124AFFF7B1FE01F01D
S315080064603FF81148FFF79CFE1048FFF799FE1048C1
S31508006470FFF796FE4FF08062074B5A61012203F53B
S3150800648080535A6110BD01213A20FBF7D1FBC3E7BF
S31508006490000002B814240020001002B810C000083A
S315080064A0F4BF00080CC00008C4BF0008DCBF000821
S315080064B0ACBF00080F4B10491A68012302F5805239
S315080064C0C2F8803291660D4A53600D4A53600D4AF0
S315080064D05360A2F580425360A2F54042536002F52C
S315080064E0C032536002F580425360A2F50042536001
S315080064F0704700BF10240020FF0B001600D000B81C
S31508006500001000BA005001B808B504F009FB044BA6
S315080065101B681B6FC3F300430133B0FBF3F008BDE0
S315080065201024002070B5044698B1B1B13A4A52F821
S31508006530043B834213D10023384A116CC907FCD4A3
S31508006540374800EB830004F0D4F8364B106001227C
S315080065501A6470BD01330C2B02D1334D2CE0012394
S3150800656052F8041BA142F5D1304A32F81330E3E75A
S31508006570C2F3016335F81300110C93B211F0FE0F44
S3150800658043EA0043606820D00434CAB2022A21686C
S3150800659008D9D4E90160033AC3E9001698600C34B7
S315080065A00C33F3E704D16268C3E90012083403E048
S315080065B0012A01D1043419602268531CD8D100225B
S315080065C0164B1A6003F58053C1E7120F072AEDD858
S315080065D0DFE802F00704090D1013181DC04303F580
S315080065E000531860E2E71A6842401A60DEE703F5CE
S315080065F08053F6E704F069F8D8E7012203F58053DB
S315080066008240F2E7012203F500538240EDE71A685B
S3150800661030EA0202FBD1C9E72021002000C002B8F7
S31508006620404000B000D002B89CBF0008E422002019
S315080066300122014B1A657047001002B80122014B6E
S315080066401A657047002002B84022014B1A65704748
S31508006650002002B84022014B1A657047001002B8A4
S31508006660064BDB68C3F30363984206D1044A936F6B
S3150800667023F0F00343EA011191677047000002B85E
S31508006680003F00B02DE9F743064604F017F800244A
S315080066908046DFF8909004F064FD0DF10701054689
S315080066A00DF10600FEF7E8FC9DF806308BB9721C62
S315080066B029D004F003F8A0EB0804284604F04CFDA2
S315080066C09DF8063013B99DF807303BB3A642E2D8C9
S315080066D024E0D9F80C3013F4603FE8D0D9F8180054
S315080066E004F05AF8731C074603D003F0E7FFA0EB43
S315080066F00804284604F030FD17F5007FE0D0384638
S3150800670003B0BDE8F083284604F026FD9DF8063060
S31508006710002BC0D19DF80730002BBCD1004FEEE707
S3150800672000FEFFFF00C000B8044BD3F8B03010B12C
S31508006730C3F30332027003F00F007047000002B87B
S31508006740064B01F080015B6C03F480030B4302BF28
S315080067504FF40012024BDA64704700BF000002B81B
S31508006760006001B84FF0B052024B1B6803F5805326
S315080067709A66704710240020044B1B68986E00F038
S31508006780B05000F16A43584258417047102400201F
S315080067900F4B1B788BB1012B11D10E4A012102F543
S315080067A080528B4291600FD80A4A0B49002B08BFCA
S315080067B00A4693689B07FCD47047074AEEE700220F
S315080067C04FF480539A60FFDE00239B68FBE700BF07
S315080067D01A230020004003B8000003B838B50B4B55
S315080067E00B4C002818BF1C46A569E3691D4007D055
S315080067F0084B1B682BB12846984704F50054A56139
S3150800680038BD6B05F9D5FFF7C3FFF6E7004003B8B7
S31508006810000003B8502100204FF604014FF6050288
S31508006820044B01201B6C9BB28B4208BF1346024ADD
S31508006830136670470080E00F00C001B8034B1A6E5C
S31508006840596E03F500530A401A66704700800A50CD
S3150800685030B54FF04044114B1A68D2F8883002F52B
S315080068600055C5F8A040C3F38803C5F8A44091B104
S31508006870B3F5D17F28BF4FF4D173D52B38BFD523B5
S3150800688003F14605A3F1460141EA0541D16702F540
S315080068908052C2F8A4400380002030BD0C2400209A
S315080068A04FF48022034B00201B6803F581539A613D
S315080068B0704700BF0424002073B50446234B244DBB
S315080068C09B68984701213A20FBF7B2F9E1782279CB
S315080068D0286841EA0243C0F8F435E679A37943EA21
S315080068E00643C0F8F83523784BB18DF80410042117
S315080068F08DF805200DEB01000022FAF709FB6378F5
S315080069005BB10421A37900228DF80430E3790DEBFD
S3150800691001008DF80530FAF7FBFA2B682178012279
S3150800692003F5BE6359B103F580510A606178022206
S3150800693041B103F5805300201A6002B070BD03F51B
S315080069400051F2E703F50053F5E700BF14240020D1
S31508006950082400204FF08042034BC3F88020BFF381
S315080069604F8FBFF36F8F704700E100E04FF0804212
S31508006970014B1A60704700BF00E100E0124A10B5EB
S31508006980D2F84C315468D269104912F4401F0FD11D
S315080069905A1C0DD124F0404424F44004240C240449
S315080069A00B4803F013FF2146BDE8104003F00EBF65
S315080069B0084A19409442F3D103F4FE43B3F5807FA5
S315080069C008BF41F4A061EBE70080E00FE0FFF01F8D
S315080069D0CF13468B140015012DE9F0470C4681B1FB
S315080069E0B1F1006F0DD31C4BCA1C9A4209D84FF05F
S315080069F0000844F6FC7654F828104FEA88094B1C20
S31508006A0001D1BDE8F08703F0E1FEC1F30263032B71
S31508006A10844608F10107C1F3074514D18BB2F31A6E
S31508006A20B5EB930F4FEA930A0DD909F104015246C3
S31508006A30214403F0E6FE844608F10208013D08EB0E
S31508006A400A07A5EB0A052A46604604EB870103F008
S31508006A50D8FE07EB0508CEE7FFFF07082DE9F0414A
S31508006A60044668B1B0F1006F0AD3254B00F117024E
S31508006A709A4205D8234B244A19780023994224D8E8
S31508006A8000252427FFF77AFF2168FFF7A5FF61682D
S31508006A90FFF7A2FFE668AE4221D12269111A4B42DE
S31508006AA04B41B4F1006F15D3154904F117058D4212
S31508006AB010D8824222D1134A1378052B09D81249D5
S31508006AC041F823400133137003E052F8040BA04247
S31508006AD003D101231846BDE8F0810133CEE707FB51
S31508006AE005F3A2680135D15802EB0308FFF774FFD6
S31508006AF0042208EB020103F084FECCE70023E9E751
S31508006B00FFFF07081C2300205421002070B52C4BDA
S31508006B100C461A781AB92B4AD2F86C221A702A4AE5
S31508006B20126D52054AD51D78284B05F00F06B0FBA5
S31508006B30F3F040434FEA151505D140F27C622B214C
S31508006B40FDF796FB0120224A0A217243B2FBF0F3B5
S31508006B504843B3FBF1F602EB5002B2FBF0F201FB3D
S31508006B601633042BD2B207D8C3EB8310C3EB8003CA
S31508006B705BB283B96DB217E0C3F10B0303EB830372
S31508006B80DBB2B3FBF1F32B44DDB20F2DF2D9013A98
S31508006B90D2B2053DEEE7053B5BB293FBF1F31D442C
S31508006BA0EBB26DB2002D04DB002042EA051222602A
S31508006BB070BD01320533D2B25DB2F5E70220F7E7C0
S31508006BC01D2300200080E00F000002B8403B25008E
S31508006BD080969800F8B50B46002213F8044B9442A9
S31508006BE025D91D68854224D106245A791D79124B68
S31508006BF088181E6804FB0503104F33F8063C7B43D0
S31508006C00B3420ED900238A5A7A43964202D804FB25
S31508006C100300F8BD9D42FAD9013304FB03F2825AF8
S31508006C20F2E740F244423D210020FDF721FB002017
S31508006C30EFE708330132D2E76C21002040420F000B
S31508006C4000202DE9F04FA2FB016AB94FDFF824C3F3
S31508006C50F7191D466AF10003BC4570EB030383B0C0
S31508006C6008D240F23E220E21FDF702FB022003B0B5
S31508006C70BDE8F08FD5F828908B461446B9F1000F79
S31508006C8004D0D9F80030032B00F29381A94BAA4A05
S31508006C909B6BD2F8FC90C3F31408A84B1B6F5907DB
S31508006CA04EBF4FF440039B0503F0E07348EA030820
S31508006CB0A34BD3F8EC305A0048BF48F0807848EA2E
S31508006CC0446803F067FF0746002CCFD00028CDD0D4
S31508006CD09C4B6E62C3F800B09B4B984200F0B181A2
S31508006CE003F5122303F5F863984200F07381974B76
S31508006CF0984200F0B1810246002300204FF000714F
S31508006D0001F078FE0023013006FB03F300FB0A338B
S31508006D10A6FB00021344203389499B092B60D1F84E
S31508006D20ECB3D1F8F033D1F878A1D1F8A0100093DC
S31508006D300846584030F47F630CBF012000204FF40A
S31508006D40287201911021FDF793FA8BEA0A0232F4B0
S31508006D507F634FF0100140F2A6220CBF01200020ED
S31508006D60FDF786FA7A4A009BD2F86012C9B2FF2963
S31508006D701CBF2AF47F6242EA0112764908BF5A46C6
S31508006D808E4207D9211F012940F2278172498E4276
S31508006D9000F22381B7FBF4F7C8F31301A1FB071729
S31508006DA0AB61684BC90C41EA473118F4801F1F686C
S31508006DB06A4B08BF49421960694B0F44C5E907B2D7
S31508006DC01F60B9F1000F00F0328100236B60AB60E1
S31508006DD0D9F81C60D9F800A0002E49D0BAF10F0FD7
S31508006DE097BF574BB9F818B0D3F88C31C3F3832B38
S31508006DF0524B98BF0BF1080BD3F83C31B7FBFBF2AB
S31508006E00DB0216D5002381EAE17EAEEBE17E554929
S31508006E10C8F3815811F808C0194650084FEACC5CE7
S31508006E20CCFB0E01009201F0E5FD009AC0F31300B9
S31508006E3068605F4504D3B2FA82F10D2940F30481F4
S31508006E4033469103B1FBF3F14B004FEAC23E0133DF
S31508006E50520C01E002330131A3FB06C0E64572EB92
S31508006E600000F7D2C1F30E01090341F00061A960E1
S31508006E70BAF1050F40F2DF80D9F82C60002E00F039
S31508006E80B680307804FB07F7A0F10400B0FA80F06A
S31508006E9040F20B523D214009FDF7EAF9324B9F4279
S31508006EA040F20181314B9F4240F20181304A9742BC
S31508006EB094BF0222032244F21421FF0B07EBC703F7
S31508006EC007EB43039B0B013B5B0232446B6156782D
S31508006ED001FB07F2B6EBD25F4FEAD25380F0E580AA
S31508006EE02644B34240F2D7802644B34240F2E180BA
S31508006EF02644B34240F2DF802644B34240F2DD80A6
S31508006F002644B34298BF052040F2C680002040F2CE
S31508006F1026523D21FDF7ACF944F6776307FB03F3E8
S31508006F20DB0D013BB34280F0BC80002026E000BFA9
S31508006F30006CCA88008001B8004F00B0004001B854
S31508006F40000002B87421002000F04902005A6202CB
S31508006F500080E00F00BBEEA000AE5EA77021002007
S31508006F606C210020A4BF000820D4CB8F00DAF89A41
S31508006F70E0DF25A6807C814A042804D8361BB34264
S31508006F8000F10100F8D303288CBF0020012040F24D
S31508006F9032523D21FDF76CF901216B69A6F1140205
S31508006FA042EA86421343D9F800A06B6185F82C1093
S31508006FB01FE0042BD9F828807FF483AE18F0807F71
S31508006FC014BF4FF4400308F0E07328F0E07848EA6D
S31508006FD0030876E600233A4896E6019B2AF47F6A78
S31508006FE023F47F6343F42A634AF4CC6BD2E685F82C
S31508006FF02C600023BAF1060FEB6018D9D9F83030A7
S31508007000ABB103F0C7FDD9F83010FFF7E3FD04462E
S3150800701008B183781BBB03F07DFDD9F83010FFF764
S31508007020D9FD20B1837813B1C3781B042B610020E6
S3150800703003B0BDE8F08F0023002085F82C30EB6004
S31508007040F6E700231F485FE6C1F10E0326FA03F3AD
S3150800705002FA01F10133F5E600231B4854E64079AC
S3150800706040F25552003818BF01203D21FDF700F9BE
S31508007070207940F25652003818BF01203D21FDF70D
S31508007080F7F8237962791B0243EA0213EB60E37887
S315080070901B042B61BFE7012003288CBF00200120B9
S315080070A035E7012073E7002205E701202FE70122D3
S315080070B001E70220F0E70320EEE70420ECE700BF33
S315080070C0313641DC0A3BB2DFD694BFD630B5054629
S315080070D00C468DB059B9334B827AD3F8FC304168E7
S315080070E031480A9300686B46FFF7AAFD6C462F4B9A
S315080070F022685A632B4BD3F8FC30002B3CD06368CC
S3150800710043B12B4B2B4AC3F83C216268A3F5805345
S31508007110C3F83C21A36843B1254B274AC3F81C2171
S31508007120A268A3F58053C3F81C21244AE168D2F863
S31508007130983194F82C0023F4EE630B43C2F8983187
S315080071406FF078421E4B1F499A606269A3F5805317
S315080071509A604FF44033C1F88C3122691A4BC3F850
S315080071608C214FF40012D8B10A65184B1B68984752
S315080071701749606AFFF7CAFC0020A2690F4BC3F8DB
S31508007180A020E269C3F87821226AC3F8F8232A897D
S31508007190A3F5E0339A6203F5A03318640DB030BD49
S315080071A01A65E2E7004F00B0C81E0020008001B84B
S315080071B0006001B8FFFF0F0000F0FF0F000002B8E3
S315080071C000600C50002002B8001002B814240020F9
S315080071D0588001B84FF40022014B00201A65704709
S315080071E0002002B80E4B1B68D3F88022D2070ED5B2
S315080071F05B6E002B0DDA0B4B4FF480029B6813F085
S315080072000C0F094B09D11A654FF480421A65002004
S3150800721070474FF48002054BF5E704490A65F3E722
S315080072201024002000400950002002B8001002B8BF
S315080072304FF48062014B1A65704700BF001002B810
S3150800724010B590B10468012C0FD902696AB11168AA
S31508007250094B102C196051685960916888BFD2682B
S31508007260996094BFD960DA6010BD102200210248E7
S3150800727003F027FBF8E700BF7C210020084BC11765
S315080072801A68A2FB000302FB013310F1807043F178
S315080072900003400E40EAC310803820EAE0707047C9
S315080072A08C2100200722194B70B51A64184B194A0D
S315080072B01D68194BEC08E005C0184FEA153141F175
S315080072C00001002301F096FB144B154E1860154873
S315080072D0FFF7D4FF4042C6F8D00049F65800FFF73A
S315080072E0CDFFC6F89C001048FEF722FF024660B1A3
S315080072F0E301500818184FEA15714FF0000341F1E1
S31508007300000101F077FBC6F8A80070BD000002B8BE
S315080073100C21002065CD1D00B2E60E008C21002050
S31508007320003F00B07011010040420F0010B504463E
S3150800733098B10B4BD3F8FC00FFF782FF4FF47A7332
S3150800734003FB04F0074BA0F57A60DA689B681044E3
S31508007350C01ABDE81040FFF791BF4CF25030F8E76D
S31508007360004F00B07C2100202DE9F8430546084669
S3150800737014461E46FFF764FF05B306F0020716F02B
S3150800738004061DD1D7B14FF47A706B685843002BA9
S3150800739040F08C80FFF772FF20636B69002B00F0CA
S315080073A08C804A4AD0684FF47A7202FB0300A0F533
S315080073B0FA50FFF763FFE062002E58D1BDE8F88364
S315080073C02869002869D04FF47A7358433F4BA0F5D3
S315080073D07A609B68C01AFFF751FFA062A88B002845
S315080073E05ED04FF47A735843384BA0F57A609B68A1
S315080073F0C01AFFF743FFE061354BE968D3F8008010
S31508007400002950D04FF47A735943304BA1F57A616D
S315080074109A685B68891AC91A2E4BC8171A68DFF862
S31508007420BC90A2FB011302FB003311F1807143F1FA
S315080074300003490E41EAC3118039274B2162D3F86C
S31508007440B8306362D9F8003053B1404603F0ADF85E
S3150800745030B12246D9F800301C49D8F8D8009847E8
S315080074600021A869FFF762FF6063002F8BD1A86827
S3150800747030BB47F23050FFF701FF60614FF47A7076
S315080074802B6858432BB1114B1B6803F51C5310335B
S315080074901844FFF7F3FEA06190E74CF250309AE7E4
S315080074A04CF25030A5E74CF25031B5E7074B1B6854
S315080074B003F51C53103318446CE747F2305078E74D
S315080074C04FF47A735843A0F5FA50D4E77C2100208C
S315080074D0C81E00208C210020003F00B07821002023
S315080074E070B5154C8CB001AD0FCC0FC50FCC0FC5C0
S315080074F094E8070085E80700AC2200210F4803F04E
S31508007500E0F99C2200210E4803F0DBF92022002135
S315080075100C4803F0D6F903F07FF90B4B1B784BB1F7
S31508007520054E01AD0FCD0FC60FCD0FC695E8070066
S3150800753084E807000CB070BDD43F00B0B83E00B078
S31508007540643F00B0E04F00B00D23002008B503F0FB
S3150800755008FE0E4B1A78A2B90D4A126812F4843F37
S315080075600FD10C4A102111651B7863B9084B1B68AB
S31508007570DB0508D4074B20221A65BDE8084003F04E
S31508007580EBBD054AEEE7044BF5E700BF23230020D1
S31508007590380A0020002002B8001002B810B5104BB7
S315080075A0104AD3F8B8001478596A9A6A00F00F009E
S315080075B021F4706122F0E052844241EA042142EA51
S315080075C084624FF01F04084835BF9A6259625962AF
S315080075D0C0F8B84034BFC0F8B8409A6210BD00BFC2
S315080075E000C000B80923002000E000B80A4B19784B
S315080075F001F0FF0229B10021197008499202C1F869
S315080076000821597801F0FF0229B100215970930227
S31508007610024AC2F80C3170471E230020005000B8F9
S31508007620084BD3F8000F084B9A6C110107D4074A88
S31508007630926E920705D5D3F8F4339B0701D500F56A
S3150800764080707047003000B0000002B8004000B8F3
S3150800765010B503F086FD0E2104460320FFF700F857
S3150800766040F20122034B2046BDE81040DA6203F0DF
S3150800767073BD00BF004000B838B503F072FD4FF087
S315080076800043244C0546C4F88030BFF34F8FBFF340
S315080076906F8F0123C4F88430BFF34F8FBFF36F8F0A
S315080076A00223C4F88430BFF34F8FBFF36F8F0423D0
S315080076B0C4F88430BFF34F8FBFF36F8F0823C4F825
S315080076C08430BFF34F8FBFF36F8F134B1B6A9847F6
S315080076D01023C4F88430BFF34F8FBFF36F8F202376
S315080076E0C4F88430BFF34F8FBFF36F8F4023C4F8BD
S315080076F08430BFF34F8FBFF36F8F4FF48073C4F896
S315080077008430BFF34F8FBFF36F8F2846BDE83840EC
S3150800771003F022BD00E100E01424002038B503F090
S3150800772020FD05464FF000430C4C2360012363609F
S315080077300423636008236360094BDB6998471023B9
S31508007740636020236360402363604FF48073636043
S315080077502846BDE8384003F0FFBC00BF00E100E062
S3150800776014240020012370B5074C2370074B1E68AC
S31508007770074B3240D3E9005319402840FDF7C6FAB3
S315080077800023237070BD00BF212300209421002010
S31508007790380A00200022044B1A70044B197811B1DC
S315080077A01A70FFF7D3BE7047222300202323002038
S315080077B02DE9F047DDF8209003EA0108099B064603
S315080077C00D4602EA000703EA090AB9F1000F40F07C
S315080077D0F280031F0B4300F0A180052871F1000316
S315080077E06FD250EA010300F0D481431E0B4300F028
S315080077F0B880FFF741FF814AD2E9004323EA05032F
S3150800780024EA06043C4343EA08077D4BC2E90047DD
S315080078101E6826EA090646EA0A061E60FFF796FE6D
S3150800782016F0020F42F2020308BF0223754A764891
S31508007830D26E250383EA020122EA0302C266734A6C
S3150800784003EA01038166D366C4F380424FEA023233
S3150800785048BF42F48072E00648BF42F40052A106CF
S3150800786048BF42F400726306694B48BF42F480621F
S31508007870DB68250648BF42F40062664882EA0301CF
S3150800788023EA0203C360644B0A4017F4007F816051
S31508007890DA6007F40071614B00F0D2800121604A7A
S315080078A083F8941092F82D004FF00073002800F02A
S315080078B0A1805C48036593695B4898474FF4802527
S315080078C0D1E04FF40043994208BF48454B4C61D07C
S315080078D081458B418DD3A0F580630B4305D020F4F9
S315080078E08063A3F500730B4383D103F03AFCD4E914
S315080078F0003223EA060322EA050242EA08023B436B
S31508007900C4E90032494A126892F8F610484A09B39F
S3150800791013F4C06F1ED04FF4807311E003F021FCFE
S31508007920364AD2E9003123F004033B4341EA080111
S3150800793057EA0807C2E900314FF480633C4A0BD086
S31508007940C2F81431A2F58052C2F81831BDE8F047E2
S3150800795003F002BC4FF48073C2F81831C2F8143130
S31508007960F4E703F0FEFB254AD2E9003123F00103D0
S315080079703B4341EA0801C2E9003101232D4A57EA8F
S3150800798008071BBF9364A2F58052D364D36408BF6B
S315080079909364DBE703F0E5FBD4E9002323F4004313
S315080079A03A4343EA0803C4E9002357EA08074FF4B1
S315080079B08063204AE5E750EA01037FF41AAFB9F17C
S315080079C0010F7FF416AF03F0CCFB0D4A136823F0C2
S315080079D0010343EA0A0313604FF48063164ABAF1B7
S315080079E0000F04D05366A2F580521367AEE71367FB
S315080079F05366ABE7114A136560E700BF380A0020F3
S31508007A0094210020004000B8006000B8005000B87B
S31508007A10004001B8006001B8005001B8003F00B04E
S31508007A2014240020001002B8843F00B0C81E0020AD
S31508007A30002000BA00E000B800E001B8002002B853
S31508007A4093F8942072B1544883F8941090F82D3026
S31508007A504FF00072002B00F08C80504B1A6583693A
S31508007A604F4898470025E00448BF45F48035A103F0
S31508007A7048BF45F48015A20748BF45F4800514F4AD
S31508007A80001FDFF85C8106D0D8F8000002F0ABFDD5
S31508007A9008B945F40025E302424B48BF45F40035D2
S31508007AA0F8061A6A48BF45F40005610248BF45F45E
S31508007AB0001585EA020323F001033B491A400A62CE
S31508007AC01D40CB61394A354B16F0010F1D62384B04
S31508007AD018BF13467A07374A48BF43F00063126F48
S31508007AE0354883EA020122EA03020267334A0B4059
S31508007AF041661367324A04F00103D26C3D0448BF5D
S31508007B0043F480632F4883EA020122EA0302C2642F
S31508007B102D4A0B408164D364D8F80020200248BF60
S31508007B202A4B92F8F62058BF294B610748BF43F401
S31508007B30806322B114F4C06F18BF43F48073320710
S31508007B404FF03A42BDE8F047D2F8181148BF43F063
S31508007B50004383EA010222F4A0221E481140C0F81D
S31508007B6018111340C0F814211B4AC2F81831FFF740
S31508007B70D5BD0D490A65194AD2F8A41002F5005276
S31508007B80C2F8A410C2F8A0104FF05022C2F8A430D0
S31508007B9068E7BDE8F08700BF14240020001002B88B
S31508007BA0843F00B0000002B8002002B8041C00039D
S31508007BB00418000300C001B800E001B800D001B8FD
S31508007BC000C000B800E000B800D000B80D0A0A09E5
S31508007BD0090A0A09002000BA001000BA004000503D
S31508007BE0C81E0020024B5868C0F3C000704700BF8B
S31508007BF0380A0020024B186800F00100704700BFE1
S31508007C00380A0020024B5868C0F3C030704700BFDE
S31508007C10380A002010B50446FEF764FBFFF72CFD72
S31508007C202046FDF7B1FAFEF7E1FBFEF7B5F9FEF7D8
S31508007C3029FAFFF737FB13490723134AD1F8FC1033
S31508007C4004F1F800FFF790FB4FF080710020FEF773
S31508007C508FFA4FF000720D4B4FF400110120C3F854
S31508007C600021FEF785FAFEF7D7FD20B940F29232D9
S31508007C701421FCF7FDFAFFF7ADFABDE81040012024
S31508007C80FEF7B8B8004F00B0983F00B000D001B872
S31508007C90F8B5084C084D636C0423084F6B64636C95
S31508007CA05B0300D4F8BD042602207E6402F00DFDB5
S31508007CB06E64F4E7000002B8001002B8002002B8AB
S31508007CC0A82238B51B4B5D6C03F500535A64102285
S31508007CD09A60A3F5804302F100521A675A66FFF7C5
S31508007CE085FC154B1B7813B90320FEF7D9F9002438
S31508007CF0124B9C67FFF7CCFF114A124BD2F8001FB4
S31508007D000B40C2F8003F04220F4B5A640F4BC3F8CE
S31508007D10D840FFF743FCAB0608D50D4BD3F888309F
S31508007D20B3F5817F22BF8022024B1A61BDE8384035
S31508007D30FDF7F6B8000002B82023002000C001B8FD
S31508007D40003000B0DF0000FF002002B8003E00B09F
S31508007D50003F00B010B551B920B3154BDB681B0EB8
S31508007D6013F00E0F1ED1134B1B6CD9071AD4FFF74D
S31508007D706FFC0F4C0020FEF7D7FC032801D009281A
S31508007D8005D1A36ADA07F5D4A36CDB03F2D4FFF7AF
S31508007D907FFF0122084B5A6102229A62042203F5E8
S31508007DA080535A644FF4C062044B9A6510BD00BFF5
S31508007DB0000002B800C002B8001002B8006001B89E
S31508007DC008B503210920FEF74BFC2022014B1A6156
S31508007DD008BD00BF000002B8144B10B51B78CBB91C
S31508007DE0134AD2F8A030D2F8A4100B40B3F1804F52
S31508007DF00CD34FF040400F490F4CC1F8A400D4678C
S31508007E00C1F8A0004FF480210C4AD161094AC2F892
S31508007E10A03010BD0A4A0B4B92F894109B690A4889
S31508007E2098474FF48022054BDA61F2E71B230020BE
S31508007E3000400050006000500000FF01001002B82A
S31508007E40003F00B014240020843F00B038B5054632
S31508007E5003F087F90E4B04461868FDF7BFFA35B1EB
S31508007E60FFF798FC2046BDE8384003F075B9094B82
S31508007E701B78002BF6D0084B1D78002DF2D1FFF7A2
S31508007E8089FC2A464FF480400021FFF76BFCE9E79E
S31508007E90C81E002022230020212300202DE9F84FA8
S31508007EA05B4B06460D4614465B6C002A40F0AC80D8
S31508007EB013F0A00F14BF4FF001094FF00009FDF7AA
S31508007EC02FF8FFF76BFBA0234FF0000ADFF85C8161
S31508007ED00320C8F84430FEF7E3F80420FEF7E0F87C
S31508007EE04C4FFFF757FC4C4B4FF0040B7B67C7F81A
S31508007EF078A0FFF7CDFE494B4FF48071D3F8D02E0A
S31508007F0042F02002C3F8D02EFF22C8F80820404AC3
S31508007F101161D3F8002F42491140C3F8001FC8F871
S31508007F2044B0C3F8D8AE7B6913F0060F04D0FEF749
S31508007F302BF95846FEF7B4F8B9F1000F09D04FF4FB
S31508007F400063384A53640223C2F8F433A2F5E032D8
S31508007F50936666B1344BDB6C180701D4FFF778FBE0
S31508007F60FFF72EFF0420FEF79BF8FFF73FFB284B91
S31508007F705A69D10746D5DA6812F0706FFBD12B4BD8
S31508007F802B4A5A642B4A936F23F0F003936715B173
S31508007F902046FFF75BFF284BD3F84C315A1C01D01B
S31508007FA05B0002D50122214B5A615CB31E4BDA6E87
S31508007FB003F500539A6603F5D0331B6A1B4A23F070
S31508007FC00103D3611D4BD96803F50053996003F586
S31508007FD00053D3F8841003F5005399674FF03A43DA
S31508007FE0D3F8181103F50053C3F81411144BD96CC0
S31508007FF003F500539964134903F5803359664FF620
S3150800800008435364BDE8F88F4FF0000957E700BFEF
S31508008010000002B800C001B800000101003000B03D
S31508008020DF0000FF001002B8004000B8002002B8C8
S3150800803010003000003F00B00080E00F004001B89B
S3150800804000C000B85000002FA74B2DE9F04F9A6EDC
S31508008050DB6E87B002EA0308A44BC3F868804FF0CA
S315080080603A43D3F81461D3F818311E40A04BC3F82D
S315080080701461A04B9A68DB6802EA030A9E4BC3F8B0
S3150800808008A003F52043DA691B6A02EA03099B4B39
S3150800809009F47702DA619A4BD3F80422D70606D494
S315080080A0D3F80431DD06C3F3001740F1F88003F076
S315080080B058F8944B5A695F6E12F0060F14BF0122E6
S315080080C000221B6F00921F408F4A27F0007323F48B
S315080080D000637C07536606D58C4A92F8CD30013387
S315080080E0DBB282F8CD3003F037F8B8F1000F00F0B4
S315080080F0F78018F0020400F0F180854B0025D3F8CC
S31508008100F4B303F500530BF00702CBF380041BF01E
S31508008110020FC3F8F4234FEA44542ED003F021F893
S315080081200190FFF77DFA03467A4A126810681168CB
S315080081308842FCD010688842FCD0CDE90223FFF7BC
S315080081406FFA039B029A984240F0AB80019802931B
S3150800815003F002F8704A029B13606D4A526C12F4DF
S31508008160E05140F0A08023F07F4323F0DF030BB9F2
S31508008170FFF7A6FD4FF080731C431BF0010F13D0C9
S31508008180634B5E495B6C03F460424A64002A00F064
S315080081909F801A0400F19F8013F4005F0CBF4FF014
S315080081A000534FF000631C43C8F340384FEA4808B1
S315080081B05A4B3340002B4BD016F4206F0AD040F6AA
S315080081C0A31206210020FCF753F80020FFF73EFE15
S315080081D026F48026F00506D5FF22484B44F4C064F1
S315080081E09A60FFF735FA16F0090F0BD040F6B81269
S315080081F008210020FCF73CF8FFF7E2FD4FF03A4370
S3150800820001225A6316F0106F0CD040F6C1120921EC
S315080082100020FCF72DF8FFF7D3FD00221146104683
S31508008220FDF7B0F816F4202F0AD040F6C912072138
S315080082300020FCF71DF80020FFF708FE26F480262C
S31508008240F10301D5FDF7E8F9002EB8BF48F0080894
S3150800825072070ED54FF03A431B6B13F4005F4FF4C9
S31508008260005317BF224A2E4A136344F4000408BF7A
S315080082701363730548BF44F0040416F4802B00F01A
S31508008280B880FDF781F9013806284BD8DFE810F0E9
S3150800829033013601330139013C013F013F010097A3
S315080082A023E7034642E7CDE90121FFF709FD0299D5
S315080082B0124B019A5964D10407D412F4806F0CBF8B
S315080082C04FF080534FF0806356E74FF0804353E7F3
S315080082D04FF0007367E74FF0004364E7254663E70E
S315080082E04446454664E700BF004000B8006000B851
S315080082F0002000BA004001B8006001B8002002B8AA
S3150800830000E100E000C001B800E001B8003E00B09E
S31508008310000002B86CBF000890210020090B0B89E9
S31508008320001000BA40F6FA1203210020FBF7A0FF5E
S315080083304FF03A420121D2F88C30D2F8AC0003F063
S315080083400703063301FA03F3C0F30C001B1A9BB2AA
S31508008350072B12D9784B5B6C58020ED47748D36C2E
S31508008360D26E406D58B103F0070306339940C2F345
S315080083700C03C91A89B2072901D844F40074704B52
S315080083801B78002B35D04FF03A43D3F8143113F449
S31508008390A02F2ED16B4B6C4A1B7893B9FB0410D4D3
S315080083A0137873B1E308694943EA457383F0010317
S315080083B0D1F8001F03F001035B0021FA03F39807C5
S315080083C017D10420FDF76CFE614B62495967FFF728
S315080083D0E1F95D4A137843B95F4B1B782BB15F4BC4
S315080083E05F4A1B682340134201D144F4804427F4B2
S315080083F08057BAF1000F1DD01AF4805F18BF44F4F5
S3150800840080241AF4807F18BF44F400241AF4005F0D
S3150800841018BF44F010041AF4007F18BF44F0200473
S315080084201AF4806F18BF44F040041AF4006F18BF9E
S3150800843044F08004B9F1000F3FD019F4802F18BF1B
S3150800844045F4007519F4803F18BF44F4805419F4B4
S31508008450801F18BF44F4003419F4800F18BF44F085
S31508008460020419F4003F18BF44F4801419F4000FED
S3150800847018BF45F0100519F4002F19D0334BD3F85F
S31508008480D03E13F0C00F13D02B4AD368C3F303634F
S31508008490032B01D0072B05D1936CD90602D4D36CD4
S315080084A01A0737D54FF400222E4B29F40029DA6132
S315080084B019F4001F18BF44F48004002F00F0198136
S315080084C03B0540F189802849DFF884A0CB78274A04
S315080084D0002B51D04FF40060013BDBB25066CB70E5
S315080084E033B9234B1B78C3B140F60142214B5A6777
S315080084F0002300226EE044F4803419E744F4006453
S3150800850016E744F4806413E744F4807410E744F0F3
S3150800851008040DE744F40014CAE7DAF8783013F4CF
S31508008520A05F15BF4FF4807340F60143CAF8583070
S31508008530CAF87830DCE700BF000002B8004000B88F
S31508008540232300202223002025230020003000B00A
S3150800855000C001B80000010124230020380A0020C9
S31508008560088D0100002002B81123002000E001B8A0
S315080085702023002000D001B80320FDF791FDDAF88A
S315080085801430A24813F0060F04BF41F61F73A04A21
S31508008590A04908BF53674FF400629D4B5A66DAF844
S315080085A0143013F0060308BFCAF87830B0F8CA309A
S315080085B013F400625CD023F40063A0F8CA300B7889
S315080085C003F0FF0A002B57D1FDF7DEFDFFF778FB16
S315080085D0534620221C431543B80009D52E20FDF723
S315080085E0CFFC4FF000528A4B45F008051A675A66C9
S315080085F0F90606D52B20FDF7C3FC1022844B1A6713
S315080086005A6617F0306F05D1FA045FD5009B002B28
S3150800861000F0AA803B0111D52920FDF7B1FCFFF730
S31508008620E1FA48B17C4B7D49794A53660B6701F5F7
S315080086304051C968480422D445F0040517F0007370
S3150800864028D00420FDF72CFD2720FDF799FCFFF71D
S3150800865037FB4FF000726E4B5A66714BD3F8002FFA
S3150800866052067BD46F4B02229A6045F002052AE037
S315080086700B784FF40053ADE74FF4004339E713671F
S3150800868020205366FDF77CFC2D2045F00C05FDF7F0
S3150800869077FCD3E717F0807FDFF88CA149D0042058
S315080086A00093FDF7FDFC2820FDF76AFCDAF8782030
S315080086B0009B002A3AD1FFF703FB554B564A45F073
S315080086C001051A675A660022574B9A653A0404D57B
S315080086D0564B1B68984704430D437B0509D5544AF6
S315080086E09378002B00F08C80013B9370002348EAB6
S315080086F00308424620462946FFF734F8BBF1000F27
S3150800870001D0FCF777FF01224A4B06F00436C3F87E
S315080087101461494B19F4002FC3F884211EBF4FF486
S315080087200022404BDA6107B0BDE8F08FCAF878300E
S31508008730C3E7F904C7D50420FDF7B2FC3F4BCAF8D6
S315080087407430FDF721FDDAF8643013F0407FBAD1B2
S315080087502A20FDF715FCFFF7B3FA7EE7D3F8D03EDB
S315080087609B0682D4364B7EE7314A13794BB1013BDF
S31508008770DBB2137113B9294B324A5A6700231C43DB
S31508008780A4E70420FDF78CFC0320FDF789FC264BA3
S315080087902A4A5A6702F0E5FC82460DF11700FDF7F2
S315080087A0C3FF294B1B781BB10090FEF751FF0098B9
S315080087B003280BD10020FDF7B7FF032806D1234B6A
S315080087C09A6AD007F6D49A6CD103F3D49DF8173079
S315080087D0032B06D101221E4B50461A7002F0BCFC30
S315080087E0CCE74FF03A43D3F8143113F4A02FF1D164
S315080087F0FEF7D0FF504602F0AFFC4FF48043BEE7C9
S315080088000220FDF74DFC012371E700BF003E00B0D2
S3150800881000E001B8202300201000002000D001B895
S31508008820003000B0002002B800C001B8EC230020D8
S3150800883011230020002000BA00E100E00000010139
S31508008840001002B80000010D26230020000002B81F
S31508008850222300200122024B1A62DA61704700BF08
S31508008860002002B8094A08B5D369116A0B400849BD
S3150800887023F47F00DB07C86106D5D1684FF0FF30C7
S31508008880C1F3036101F0D1FF08BD00BF000002B8C3
S31508008890002002B8154B10B59C6CDB6C1C40144BC1
S315080088A0E2079C640DD5134B40F6634218781221F3
S315080088B000F00100FBF7DCFC002201200021FEF796
S315080088C051FF630510D50B4B40F66A4258684D2197
S315080088D0C0F3C030FBF7CCFCBDE8104000220020F6
S315080088E04FF40041FEF73EBF10BD00BF00C000B800
S315080088F000E000B8380A002038B50B4D2C6C6B6CBC
S315080089001C400A4B24F002021A64E20705D540F619
S31508008910CA4200202968FBF7ABFCA30741BF022225
S31508008920024B1A646B6838BD0080095000A00950D4
S3150800893038B50B4C0B4DD4F88430DB0706D4A36F3F
S31508008940D4F884201340084A936738BDD5F8043113
S315080089501A06F0D5FFF7D0FF8023C5F88431EAE779
S31508008960008001B800E100E000A001B8034BD3F88D
S31508008970D03E99430CBF012000207047003000B05C
S31508008980184BD3F8D02E12F0010312D0164B93F8D9
S315080089905C30164A43F08073C2F8D0304FF4801327
S315080089A002F50052C2F8B430A2F58052C2F8B830C7
S315080089B0704712F0C00FECD10B4B93F85B1021B146
S315080089C0D20602D593F85830E3E74FF48012002018
S315080089D0074B0649C3F8B820C1F8D000C3F8B4203D
S315080089E0704700BF003000B0003F00B0004000B83C
S315080089F0006000B853B94AB9002908BF00281CBF4F
S31508008A004FF0FF314FF0FF3000F082B9ADF1080C9E
S31508008A106DE904CE00F006F8DDF804E0DDE902238E
S31508008A2004B070472DE9F04F099D0C46002B4DD137
S31508008A308A420F4684469646B2FA82F360D94BB10B
S31508008A4002FA03FEC3F120029F4000FA03FC20FA53
S31508008A5002F217434FEA1E461FFA8EF44FEA1C42EB
S31508008A60B7FBF6F106FB117701FB04F042EA074271
S31508008A70904208D91EEB020201F1FF3702D290425A
S31508008A8000F231813946121A1FFA8CFCB2FBF6F055
S31508008A9006FB102200FB04F44CEA024C644508D994
S31508008AA01EEB0C0C00F1FF3202D2644500F21E8167
S31508008AB0104640EA0140ACEB040C002125B12CFA23
S31508008AC003F30022C5E90032BDE8F08F8B4205D9D1
S31508008AD00DB1C5E9000100210846F5E7B3FA83F1AF
S31508008AE000294DD1A342C0F0F380904280F0F08077
S31508008AF0064623460846002DE6D0C5E90063E3E7A7
S31508008B00002B40F0A3808A1A4FEA1E471FFA8EF6FA
S31508008B100121B2FBF7F407FB14204FEA1C4242EA94
S31508008B20004206FB04F090420FD91EEB020204F144
S31508008B30FF382CBF4FF001094FF00009904203D9C6
S31508008B40B9F1000F00F0CC804446121A1FFA8CFCCB
S31508008B50B2FBF7F007FB102200FB06F64CEA024CC4
S31508008B60664508D91EEB0C0C00F1FF3202D26645A9
S31508008B7000F2B3801046ACEB060C40EA04409DE7D1
S31508008B80C1F120068B4004FA01FE22FA06F720FA04
S31508008B9006FCF4408A401F434EEA0C0300FA01FE25
S31508008BA04FEA17484FEA13491FFA87FCB4FBF8F057
S31508008BB008FB104449EA044400FB0CF9A1450ED908
S31508008BC03C1900F1FF3A2CBF4FF0010B4FF0000B98
S31508008BD0A14503D9BBF1000F00F08B805046A4EBEA
S31508008BE009041FFA83F9B4FBF8F308FB134403FBE3
S31508008BF00CFC49EA0444A44506D93C1903F1FF389C
S31508008C0001D2A4457BD8434643EA0040A4EB0C04B2
S31508008C10A0FB02984445CC46434602D306D1CE452E
S31508008C2004D20138B9EB020C68EB0703002D6CD0AF
S31508008C30BEEB0C0264EB030422FA01F304FA06F60F
S31508008C40CC4000211E43C5E900643DE702FA03FE55
S31508008C50C3F1200104FA03F200FA03FCCC404FEA00
S31508008C601E4720FA01F11FFA8EF6B4FBF7F00A4305
S31508008C7007FB1044110C41EA044100FB06F48C4240
S31508008C800ED91EEB010100F1FF382CBF4FF0010988
S31508008C904FF000098C4202D9B9F1000F2CD040469A
S31508008CA0091B92B2B1FBF7F407FB141142EA014221
S31508008CB004FB06F1914207D91EEB020204F1FF38C4
S31508008CC001D291421ED84446521A44EA004120E78E
S31508008CD0861A64EB030301200DE7F44402384AE7D9
S31508008CE0023C724431E702397244CCE6F444023855
S31508008CF0DFE602383C4472E702387144D0E7023BAB
S31508008D003C4481E7023C7244DEE72946DCE600BFC4
S31508008D10704700BF08B5064B044613B10021AFF3F0
S31508008D200080044B1B6803B19847204600F053FCAB
S31508008D3000000000D022002007B5009313460A461B
S31508008D4001460348006801F077FD03B05DF804FBAF
S31508008D504C24002070B50D4D00260D4C641BA41044
S31508008D60A64209D10B4D00260B4C02F069FB641B89
S31508008D70A410A64205D170BD55F8043B01369847A4
S31508008D80EEE755F8043B01369847F2E7B024002091
S31508008D90B0240020B0240020B82400202DE9F04F8C
S31508008DA098468B899DB007461B060D46144610D576
S31508008DB00B6973B9402100F00FF92860286130B9B2
S31508008DC00C233B604FF0FF301DB0BDE8F08F402309
S31508008DD06B610023CDF80C804FF00109DFF8A08104
S31508008DE0099320238DF8293030238DF82A3023461D
S31508008DF09A4613F8012B0AB1252AF9D1BAEB040BC6
S31508008E000BD05B4622462946384601F071FD0130F3
S31508008E1000F0A780099A5A4409929AF80030002B64
S31508008E2000F09F8000234FF0FF320AF1010A0493F5
S31508008E3007938DF853301A93CDE905235446052236
S31508008E404F4814F8011B01F04EFE049AD8B9D00613
S31508008E5044BF20238DF85330110744BF2B238DF8C8
S31508008E6053309AF800302A2B15D0079A544600201A
S31508008E704FF00A0C214611F8013B303B092B4BD920
S31508008E80B0B1079214E0A0EB0803A24609FA03F36F
S31508008E9013430493D2E7039B191D1B68002B039108
S31508008EA0BBBF5B4242F0020207930793B8BF049226
S31508008EB023782E2B0AD163782A2B32D1039B0234CE
S31508008EC01A1D1B6843EAE37303920593DFF8C0A0F3
S31508008ED003222178504601F006FE38B1A0EB0A00BD
S31508008EE04022049B013482401343049314F8011B67
S31508008EF0062224488DF8281001F0F5FD002836D002
S31508008F00214B1BBB039B073323F00703083303934B
S31508008F10099B334409936AE70CFB02320C4601208D
S31508008F20A8E7002301344FF00A0C1946059320469A
S31508008F3010F8012B303A092A03D9002BC6D005911F
S31508008F40C4E70CFB012104460123F0E703AB2A46DC
S31508008F5004A9384600930D4BAFF30080421C064621
S31508008F60D6D1AB895B063FF52DAF09982CE703AB45
S31508008F702A4604A938460093044B00F0A5F8EDE705
S31508008F8024F200082EF2000800000000F1A80008EC
S31508008F902AF2000870B50F4E0C460546316811B91D
S31508008FA000F0CAF930602146284600F0C5F9431C8E
S31508008FB003D14FF0FF34204670BDC41C24F00304CF
S31508008FC0A042F8D0211A284600F0B6F90130F2D1AD
S31508008FD0EFE700BFD42200202DE9F041CD1C06465C
S31508008FE025F0030508350C2D38BF0C25002D01DBAF
S31508008FF0A94204D90C2333600020BDE8F081314F23
S3150800900000F08EF93B681C4644BB29463046FFF7FC
S31508009010C1FF431C044650D13C682146002941D172
S31508009020002C44D02368304604EB030800F084F98A
S3150800903080453CD1216830466D1A2946FFF7AAFFBC
S31508009040013034D023682B4423603B68002B36D08C
S315080090505A68A24229D100225A600EE02268521BA1
S315080090601DD40B2A16D96119A342256018BF596069
S31508009070636808BF396062514B60304600F056F9A4
S3150800908004F10B00231D20F00700C21AB5D01B1AE5
S31508009090A350B2E7A3426268DED13A60EDE7234601
S315080090A06468B1E70C464968B8E71346CEE70C236F
S315080090B03046336000F03AF99EE70560DDE75B600D
S315080090C0FFDE00BFD82200202DE9FF470F7E91461C
S315080090D080460C46782F9A460C9E01F1430207D823
S315080090E0622F0AD8002F00F0DD80582F00F0C380C9
S315080090F004F1420684F842703AE0A7F16303152B9F
S31508009100F6D801A151F823F061910008759100087D
S31508009110F1900008F1900008F1900008F19000081D
S3150800912075910008F1900008F1900008F190000888
S31508009130F19000088B9200080392000843920008F9
S31508009140F1900008F1900008AD920008F19000082F
S3150800915003920008F1900008F19000084B9200086D
S3150800916033681A1D1B68326004F1420684F84230DF
S315080091700123A8E031682368081D30601E0601D562
S315080091800D6803E05D06FBD5B1F90050002D616856
S3150800919078DA2D200029A16084F843002DDA6D4283
S315080091A05D480A231646B5FBF3F103FB1157C75D65
S315080091B006F8017D2F460D46BB42F4D9082B0BD184
S315080091C02368DF0708D5236961689942DEBF302323
S315080091D006F8013C06F1FF36921B22614B4603AAAC
S315080091E021464046CDF800A001F0DDFB01306FD1E5
S315080091F04FF0FF3004B0BDE8F08723F00403236086
S31508009200CDE721683368080653F8045B02D449069B
S3150800921048BFADB26F2F33603F4814BF0A230823F7
S31508009220002184F843106668002EA660BADB216820
S3150800923021F004012160002DB4D1002EB2D11646CA
S31508009240BCE7236843F02003236078273348236864
S3150800925084F845701F06316851F8045B02D45F062E
S3150800926048BFADB23160D90744BF43F0200323603D
S315080092701DB11023D4E72848E9E7236823F0200323
S315080092802360F6E724480A23CDE733682568181DC6
S31508009290616930602E061B6801D5196002E0680610
S315080092A0FBD5198000231646236197E7336800210A
S315080092B01A1D32601E686268304601F014FC08B157
S315080092C0801B606063682361002384F8433085E768
S315080092D02369324649464046D047013088D023683C
S315080092E09B0714D4E068039B9842B8BF184681E7E9
S315080092F00123324649464046D04701303FF478AF0D
S315080093000135E36803995B1AAB42F1DCEAE700250D
S3150800931004F11906F5E700BF35F2000846F2000821
S31508009320014801F0D6BA00BF27230020014801F002
S31508009330D1BA00BF2723002038B50023054D0446BF
S3150800934008462B60FAF704FC431C02D12B6803B1CC
S31508009350236038BDDC22002038B50546002941D0F7
S3150800936051F8043C0C1F002BB8BFE418FFF7D8FFD0
S315080093701D4A136833B9636014602846BDE838404F
S31508009380FFF7D4BFA34208D9206821188B4201BF32
S3150800939019685B6809182160EDE71A465B680BB126
S315080093A0A342FAD911685018A0420BD1206801448B
S315080093B0501811608342E0D118685B68084453600E
S315080093C01060DAE702D90C232B60D6E7206821184B
S315080093D08B4202BF19685B680918636008BF216081
S315080093E05460CAE738BD00BFD822002008B5F6F792
S315080093F079FF08BD0FB400B5B3B034AB53F8042BEE
S315080094000193C02102A8FFF797FC011E05DDBF29BD
S3150800941028BFBF2102A8F7F76DF833B05DF804EB53
S3150800942004B0704708B500F06EFEFFF7DFFF00F0E6
S3150800943091FEF7F7E5F8FAE70023934215D210B440
S31508009440CC5C24B100F8014B01339342F8D3934224
S3150800945004D2202100F8011B0133F8E75DF8044B1C
S315080094607047202100F8011B01339342F9D3704756
S3150800947000B5002296460DE0A3F1410C5FFA8CFC7C
S31508009480BCF1050F13D8373B9BB243EA0E131FFAFC
S3150800949083FE0132032A14DC835CA3F1300C5FFAE5
S315080094A08CFCBCF1090FE7D8303B9BB2EDE7A3F182
S315080094B0610C5FFA8CFCBCF1050F07D8573B9BB2D1
S315080094C0E3E7A1F800E001205DF804FB0020FBE7D4
S315080094D0844600224FF6FF700FE0400080B2013349
S315080094E0072B09DC10F4004FF7D0400080B280F457
S315080094F0815080F00100F2E701328A4205D21CF859
S31508009500023080EA03200023EAE770477047704775
S315080095107047704708B500F027FB08BD704708B5C7
S31508009520F7F7D8FC08BD08B5F9F75EFD00F031F885
S3150800953008BD7047704770477047704708B500F018
S315080095400BF808BD08B5F7F7DFFA08BD08B5FFF749
S31508009550F5FFFFF7F7FF08BD08B5F7F7FDFA08BDF1
S31508009560FEE708B5FFF7FCFF08BD704708B5FFF72B
S31508009570FCFF08BD704738B504460D46F9F73EFDB1
S3150800958029462046FFF7F6FF38BD08B501F064FF07
S3150800959008BD08B5F7F760FB08BDFEE704E050F81C
S315080095A0042B41F8042B1A46531E002AF7D170479C
S315080095B000230360704700E018460368002BFBD1C0
S315080095C00B60016070470346006818B102681A60AC
S315080095D0002303607047FEE700B589B084460E98FD
S315080095E007900D9806909DF8300005900B9804900A
S315080095F09DF82800039000200290019300920B46E4
S3150800960062460121F7F748FD09B05DF804FB70B51D
S3150800961005460E46144601F0A4FD2B685C4034400E
S315080096205C402C6001F098FD70BD38B505460C46C7
S3150800963001F076FA05B128600CB10D23236038BD18
S3150800964030B583B005460C46002301934FF0E0235E
S315080096501B6913F0040F0CD001F082FA01900C2359
S3150800966000930DB1019B2B600CB1009B236003B0E6
S3150800967030BD694601A8F8F7A9F8F2E708B501F080
S3150800968081FA0021F8F79AFA08BD10B582B00023CE
S3150800969001930093B0F5807F00F20781B0F5807FD3
S315080096A000F28B81DFE810F05401890189018901F4
S315080096B0890189018901890189018901890189014C
S315080096C0890189018901890189018901890189013C
S315080096D0890189018901890189018901890189012C
S315080096E0890189018901890154018C0154018C0180
S315080096F0A401A401A401A401A4018C01A9014501A6
S315080097006601B30145018C018C018C01890189012F
S315080097108901890189018901890166018C018C0108
S315080097208C01C7012B018C018901890189018901F5
S3150800973089018901890189018901890189018901CB
S315080097407101A401540154015401B80145014501B0
S31508009750BD0181015E011601160189018901890190
S31508009760890189018901890189018901890189019B
S31508009770890189018901890189018901890189018B
S31508009780890189018901890189018901890189017B
S31508009790890189018901890189018901890189016B
S315080097A0890189018901890186018901890189015E
S315080097B0890189018901890189018901890189014B
S315080097C0890189018901890189018901890189013B
S315080097D0890189018901890189018901890189012B
S315080097E0890189018901890189018901890189011B
S315080097F0890189018901890189018901890189010B
S3150800980089018901890189018901890189018901FA
S3150800981089018901890189018901890189018901EA
S3150800982089018901890189018901890189018901DA
S3150800983089018901890189018901890189018901CA
S3150800984089018901890189018901890189018901BA
S3150800985089018901890189018901890189018901AA
S31508009860890189018901890189018901890189019A
S31508009870890189018901890189018901890189018A
S31508009880890189018901890189018901890189017A
S31508009890890189018901890189018901890189016A
S315080098A08901890189018901AE01B0F5F06F00F0DF
S315080098B0C28014D9B0F5206F00F0B3805FD9B0F537
S315080098C0306F00F0B3806DD9B0F5386F52D0B0F56F
S315080098D0406F72D1002101A8F7F71AFE6DE0B0F5C6
S315080098E0607F78D010D9B0F5B06F00F0868033D994
S315080098F0B0F5D06F00F08B80B0F5E06F37D100215E
S3150800990001A8F8F7AFF858E0B0F5007F0AD101F0E2
S3150800991007F904464FF40070F8F722F9B4FBF0F49F
S3150800992001944AE011D9B0F5207F49D0B0F5407FBF
S3150800993043D101F015F904464FF42070F8F710F9F1
S31508009940B4FBF0F46408019437E0B0F5C07F34D175
S3150800995001F006F9019030E0B0F5806F48D0B0F517
S31508009960A06F2AD1002101A8F7F704FE25E0B0F57B
S31508009970C06F22D1002101A8F7F728FF1DE0B0F536
S31508009980106F49D0B0F5186F04D1002101A8F7F778
S3150800999025FE12E0B0F5086F0FD1002101A8F7F7F0
S315080099A0BBFE0AE0B0F5286F07D1002101A8F7F73A
S315080099B065FF02E001F0B4F80190019802B010BD0D
S315080099C001F0CEF804464FF42070F8F7C9F8B4FB56
S315080099D0F0F40194F1E700216846FFF726FE009CA3
S315080099E04FF46070F8F7BCF8B4FBF0F40194E4E7C0
S315080099F0002101A8F7F7B6FEDFE7002101A8F8F76E
S31508009A0007F8DAE7002101A8FFF71AFED5E70021D3
S31508009A1001A8F8F74DF8D0E7002101A8F8F774F87F
S31508009A20CBE7002101A8F7F7F7FEC6E7002101A852
S31508009A30F7F7F8FDC1E7002101A8F7F741FFBCE7F2
S31508009A4008B5002903DD0121F8F7B8F808BD00219B
S31508009A50F8F7B4F8FAE708B502214FF42070F8F7DA
S31508009A60F1FA08BD7047436813F0010F19D08368EF
S31508009A7013F0010F03D0036913F0010F09D00A236D
S31508009A808363436D13F0500FFBD1836C13F0030F00
S31508009A90FBD100F5005301225A60436813F0020F08
S31508009AA0FBD1704708B5F9B10A4600F58053012184
S31508009AB0596002F00F01436DC3F30B03002BFAD173
S31508009AC08163436D13F07803FBD112F0010F00D0C8
S31508009AD0012312F0040F01D043F00203826C02F056
S31508009AE003029A42FAD108BDFFF7BDFFFBE7836C74
S31508009AF013F0400FFBD04164704708B500231A469F
S31508009B00F8F708FE08BD08B500231A46F8F702FE5E
S31508009B1008BD70B505460E46144601F022FB2B68B3
S31508009B205C4034405C402C6001F016FB70BD70B59B
S31508009B3005460E46144601F014FB2B685C4034407B
S31508009B405C402C6001F008FB70BD0020704708B52A
S31508009B50002100F068FB002008BD09B121207047EC
S31508009B6008B5FFF7F4FF08BD08B500F001F808BD11
S31508009B700020704708B5F9F771FB08BD08B540B273
S31508009B80F9F7AAFB08BD08B5F9F7C8FB08BD08B57B
S31508009B90F9F7B6FB08BD08B5FFF7F0FF08BD2DE9D4
S31508009BA0F04182B00E4617461C46054670B18CB188
S31508009BB095B1D5F80C80B8F1000F0FD023463A4678
S31508009BC031462868C04702B0BDE8F081F9F7FEFBC8
S31508009BD00546ECE701ACEBE72320F4E72320F2E7A0
S31508009BE003280BD8DFE800F0020D040700207047B1
S31508009BF04FF4805070474FF4405070474FF48050F0
S31508009C0070474FF400507047D0F8A0301B689A6C24
S31508009C1012F0800F03D0DB6B0B70002070471B20FF
S31508009C20704738B50446D0F8A0301D68AB6C13F001
S31508009C30400FFBD000231A4694F8A91094F8A80000
S31508009C40F8F778FE00231A4694F8AB1094F8AA00A1
S31508009C50F8F770FE94F8B03013F0010F12D194F8AB
S31508009C60B03013F0020F16D105F5005304221A6519
S31508009C7000212846FFF716FFD4F8A40001F08CFA55
S31508009C80002038BD00231A4694F8AD1094F8AC00AD
S31508009C90F8F750FEE3E700231A4694F8AF1094F855
S31508009CA0AE00F8F747FEDFE708B5D0F8A030186829
S31508009CB0FFF71DFF002008BD704780F89510704714
S31508009CC090F89500704710B582B004460DF107016B
S31508009CD0007D00F0D9FF9DF807303BB1206DA26CDE
S31508009CE0E36C134483420BD002B010BD237D03EB13
S31508009CF043031B0103F1A04303F58023D86EEEE767
S31508009D001046F1E710B50446FFF7DDFF236D8342E1
S31508009D1001D2C01A10BDA26CE16C0A44D01AF9E748
S31508009D2038B50446007DF7F777FB2046F9F7B0FC0F
S31508009D300546207DF7F790FB284638BDF8B504465A
S31508009D40FFF7EEFF00B1F8BD01F014FA0646207DD4
S31508009D50F7F762FB2046FFF7B6FF451EA36CAB423A
S31508009D6002D9E56C013D1D4494F85470207DF7F73F
S31508009D7073FBCFB92B46D4F898209A4212D01A789A
S31508009D80112A09D0132A07D0013BA26C9A42F2D9AC
S31508009D90E36C013B1344EEE7112A14BF00220122AB
S31508009DA084F89C20C4F89850304601F0DEF9CAE7DA
S31508009DB02DE9F84304460F46154690F89590002677
S31508009DC04FF0010802E094F89C304BB9AE421FD21E
S31508009DD094F89630002BF6D02046FFF7AFFFF2E74F
S31508009DE0B9F1000F02D03B780A2B09D0236E5B68C5
S31508009DF0397820469847804650B901370136E5E755
S31508009E00236E5B680D212046984780460028EDD0D2
S31508009E104046BDE8F88308B590F894301BB9FFF7BB
S31508009E20C7FF002008BD0E20FCE790F89430DBB190
S31508009E3070B504460D460B69B3F5006F16D801F0E8
S31508009E4099F906466C6194F88C304BB1294604F1B1
S31508009E509000FFF7B0FB304601F087F9002070BD8F
S31508009E602846F9F737FCF6E70E2070472120F6E773
S31508009E7030B583B0144692F8543033B1936D0BB1B4
S31508009E80D06D9847002384F8543094F8963023B957
S31508009E90002084F8540003B030BD2046F9F7D0FB03
S31508009EA00028F5D0236E5B681321204698470025C5
S31508009EB007E0112B14BF0023012384F89C300135D9
S31508009EC0EDB20F2D0DD8236E1B680DF10701204644
S31508009ED0984730B99DF80730112BEAD0132BEED1ED
S31508009EE0E7E72046F9F72AFCD2E72DE9F04F83B0D9
S31508009EF090464AB104460D46002966D0FFF710FF82
S31508009F00814628B14FF00008404603B0BDE8F08FFF
S31508009F102046FFF7F7FE4746804528BF074694F8D0
S31508009F2096A0BAF1000F48D001F024F90190266DE9
S31508009F302046F9F785FB8346B846002211E001332F
S31508009F40C4F89830D14612E008F1FF38B9F1000F8D
S31508009F5005D0112B14BF0023012384F89C3001324D
S31508009F600136BA420BD2D4F89830B342E7D03378E8
S31508009F70112BE9D0132BE7D005F8013BEFE7D4F80E
S31508009F809810A26CE36C1344994213D0019801F01F
S31508009F90ECF839462046F9F783FC94F89630002BFE
S31508009FA0B2D0BBF1000FAFD0236E5B6811212046FB
S31508009FB09847A9E7C4F89820E8E73A46216D284665
S31508009FC000F089FCB846D346E3E74FF000089BE764
S31508009FD02DE9F04180460F4616461D4600232B60A4
S31508009FE02968721A39444046FFF77FFF034620B1B5
S31508009FF02C681C442C60B442F2D32B6813B10020A1
S3150800A000BDE8F0811B20FBE710B514465069002314
S3150800A01080F88C309030FFF7D6FA08B1F9F75AFB7A
S3150800A02063681BB1A268002120469847002010BD2E
S3150800A03050B138B5056801F09DF80024AC65EC65AB
S3150800A04001F093F8204638BD2220704738B50568D8
S3150800A05095F894303BBB0446FFF7EAFFF9F7B6F9E3
S3150800A06084421CD02B6E93F91000F9F779F92B6E00
S3150800A07093F91000FFF787FD287D00F0E5FD287DA0
S3150800A080F7F742F9F7F71AF9002323606360E360EC
S3150800A0906361A3612B6EDB682846984738BD0020AC
S3150800A0A0F9F788F9DEE70F20F8E701F00303DB008C
S3150800A0B04FF0FF0C0CFA03FC07290ED810B54FEA2F
S3150800A0C0910E0EF10C0150F821409A40624002EAC6
S3150800A0D00C02624040F8212010BD704708B5F9F718
S3150800A0E049FD08B5FFF7FAFF08BD7047704708B580
S3150800A0F0FFF710FAFFF713FAFFF728FAFFF713FA34
S3150800A100FFF717FA08BD08B5F9F7B2FDFFF7EDFF37
S3150800A110F9F734F9F9F7B4F8FFF72CFDF9F7C8F8A9
S3150800A120F9F7E4FDF9F74CFDFFF7E0FF00F006F854
S3150800A130FFF7F4F9FFF7DBFF08BD704708B5FFF72F
S3150800A140E5F9FFF7E4F9FFF7E3F9FFF7E2F9FFF7B7
S3150800A150F4FF08BD08B5FFF7EDF9FFF7ECF9FFF7CF
S3150800A160EBF9FFF7EAF908BD7047431E012B03D93F
S3150800A170031F584258417047012070474FF4D87260
S3150800A180002100F09EBB70B50446FAF765FE054649
S3150800A190A8B9A169F1B1238AD3B1204604F1100206
S3150800A1A000F0A2F938BBE16919B3638AA3B1204666
S3150800A1B004F1120200F06DF978B1054603E00023B8
S3150800A1C0A3612361E361002328466361236270BDAE
S3150800A1D0A061E8E72082E6E7E361216A0029F2D078
S3150800A1E0A28A002AEFD02046E38ABDE8704000F034
S3150800A1F00FB96182F1E76582E561DEE711B9D0F84A
S3150800A200DC1021B1CB6813B18B68D88970474FF63B
S3150800A210FF70704710B5F9F721FE044608B900F03B
S3150800A2201EFA204610BDFAF7AFB8FAF7D3B8C08DB4
S3150800A23070470A7838B505461046FFF796FF60B1AD
S3150800A2404C782046FFF791FF38B12243530704D4D0
S3150800A2502846BDE83840FAF753BA212038BDFFF73B
S3150800A260E8BF10B504460878FFF77FFF58B14A786B
S3150800A2701046FFF77AFF30B1042A04D02046BDE81D
S3150800A2801040FAF75BBA212010BDFFF7EABF00F0CD
S3150800A29071B870B5044600200E4600F0DCF9D4F813
S3150800A2A0F0503DB1002331462046AC46BDE870402B
S3150800A2B01A4660472B46012231462046FAF740FBEC
S3150800A2C0284670BD38B5044648880D4600F0C3F9DF
S3150800A2D0D4F8F0302BB929462046BDE83840FAF7BD
S3150800A2E047BA022038BD00F0B8B900F080B800F0CF
S3150800A2F0E1B938B504460D4600F033FF0023C4F82B
S3150800A3009050C4F88C30BDE8384000F025BF38B509
S3150800A31005460C4600F025FFD5F890301C40D5F8C8
S3150800A3208C302343C5F88C3000F016FF211E18BF69
S3150800A33001210020490238BD0020704700207047DF
S3150800A3407047D0F8943003F06003402B0DD0602B93
S3150800A35003D0203B58425841704749B10B68012B3E
S3150800A36006D9486940F00100704740F2011070476D
S3150800A37000207047F7B504461046D4E954C7DDE90E
S3150800A38008268CEA020587EA06010540194085EA8F
S3150800A3900C057940C4E95451002523F4004106EA26
S3150800A3A0010320F0010043F40073024043F0020366
S3150800A3B0CDE90055FDF7FCF994F824309A0713D532
S3150800A3C0D4F854319B050FD54FF488112046FFF772
S3150800A3D09EFF94F82430024665F3410384F824303E
S3150800A3E020460B46F9F7B6FF002003B0F0BD03463A
S3150800A3F0D0F824010860B3F8283100208B80704714
S3150800A40090F824310C2B14BF90F82B00FF207047CE
S3150800A4102DE9F041884618F0030706461546194601
S3150800A42033D1B2F5805F30D89A422ED33F2A28D945
S3150800A430B2FA82F401220120C4F11F03DBB29A406A
S3150800A44092B2AA422CBFC4F11904C4F11A04E2B2AA
S3150800A450931DDBB2984080B2A84214D096F8F53026
S3150800A460ABB9012096F8253060F3410386F825300C
S3150800A4704046FAF7A3FEC6F82080B5823846BDE8FE
S3150800A480F0813A46EAE70020ECE72127F6E70E27AF
S3150800A490F4E7F8B511F0030607460D46144621D130
S3150800A4A002B313883F2B1DD9B3FA83F3C3F11901FD
S3150800A4B0C9B2062901D8192B12D0062928BF0621A8
S3150800A4C001238A1DD2B293402846238000F0B7F8AC
S3150800A4D023883846FD617B82FAF780FF3046F8BD4F
S3150800A4E03146EDE72126F9E738B5148811F003055A
S3150800A4F04FEAC4041ED13F2C1CD9B4FA84F4C4F123
S3150800A5001903DBB2052B01D8192C11D0052B28BF4E
S3150800A510052301240633DBB204FA03F3C3F3CF049D
S3150800A5201480816104824387FAF758FF284638BDAC
S3150800A5302B46EEE72125F9E738B5154604460846C1
S3150800A5400121FBF7EFFF01212846FBF7EBFF94F803
S3150800A550253043F0010384F8253038BD38B5044664
S3150800A560154680F82C105AB100F03AF808B90020C0
S3150800A5701AE094F8243043F0800384F82430F6E790
S3150800A5800846FBF7B5FBFF2884F82C0009D02046BF
S3150800A59000F026F80028EAD094F8243065F3C713AB
S3150800A5A0EBE7FBF7C9FB212038BD8021FEF7DEB9B2
S3150800A5B038B50546F9F702FF04462846F9F7DCFEE2
S3150800A5C0072804BF24F47F4121F00801284614BF58
S3150800A5D024F0800141F08001BDE83840F9F7F4BE67
S3150800A5E04021FEF7C3B990F8F400431E584258417B
S3150800A5F0704738B5054610460C46FAF753FDD5B1EF
S3150800A600D5F8E030BBB15B69ABB1421ED2B2FD2AC8
S3150800A61013D90A68013204BF6FF001020A600A689A
S3150800A620FF281A6007D16268013202D16FF0010271
S3150800A630626062685A60002038BD0128F2E74FF070
S3150800A6403A4301225A6741F6FF72D96418651A67B8
S3150800A6507047FAF785BC002070470020704770479E
S3150800A66010B504680246090494B9D9B1B1FA81F360
S3150800A670C3F12003C3F10F00012838BF012003F0FE
S3150800A6801F03D9408C4201D201384908116010BD18
S3150800A690B4FA84F331B1B1FA81F01B1A002BE9DC64
S3150800A6A00F20EFE70F20F1E70638042834BF012012
S3150800A6B0FF207047704700200021704708B5FBF758
S3150800A6C00DFDBDE80840FBF721BD38B50446FFF788
S3150800A6D0F5FF0546FFF7F2FF431BA342FAD338BD41
S3150800A6E008B521B1920000F0F6F8002008BD212037
S3150800A6F0FCE700F06F43B3F1804F02D0B3F1204F6F
S3150800A70002D120F07040704700F06043B3F1204F4B
S3150800A71008BF20F0805070470B0C23F48053B3F524
S3150800A720284FF7B50D468FB2064699B216D04AF6A7
S3150800A7300103994214D04AF60203994212D0B1F5A0
S3150800A740204F14BF04240324D6F8E0300BB119684F
S3150800A75051B9D6F8DC3093B928680EE00024F3E73F
S3150800A7600124F1E70224EFE7234668463A46FBF759
S3150800A77051FDDDE90003002BEBD103B0F0BD1968EC
S3150800A7800029E9D0234668463A46FBF743FDDDE94A
S3150800A7900003002BE0D1F0E70204C0F3891307D5C4
S3150800A7A06FEA83536FEA935313F5007F18B206D006
S3150800A7B0A3F1C8006FF4FF739842B8BF18467047F4
S3150800A7C00020FCF70BB80120FCF708B800EB802343
S3150800A7D0C0EB831353FA81F303EB8322C3EB821393
S3150800A7E0C1F30722134403EB8322C3EB8213C1F39D
S3150800A7F00742134403EB8322C3EB821303EB116076
S3150800A800704738B50D46144604B938BD55F8041BCB
S3150800A810FFF7DCFF013CF7E77047FDF715BCFDF7CE
S3150800A82013BCFDF711BCFDF70FBC08B50846FEF7CB
S3150800A83011F808BDFDF708BC30B514469BB00546AF
S3150800A8401A46002C05DA8B2303604FF0FF301BB045
S3150800A85030BD4FF40273009104916946ADF80C308F
S3150800A86014BF04F1FF332346029305934FF6FF7393
S3150800A870ADF80E301E9BFEF791FA431CBCBF8B2326
S3150800A8802B60002CE3D0009B00221A70DFE7884279
S3150800A89010B501EB020402D98442234607D8431EA9
S3150800A8A0A14208D011F8012B03F8012FF8E702445A
S3150800A8B001468A4200D110BD13F8014D02F8014D38
S3150800A8C0F7E702440346934200D1704703F8011B99
S3150800A8D0F9E7704770470A44431E914200D1704712
S3150800A8E010B511F8014B914203F8014FF9D110BD8B
S3150800A8F02DE9F0471F468E6882460C46BE429046B2
S3150800A9000B682DD8B1F90C2012F4906F26D0656922
S3150800A910096905EB4505A3EB01097B1C05EBD57514
S3150800A9204B446D109D4238BF1D46530527D5294611
S3150800A930FEF752FB064660B34A462169FFF7CBFF8E
S3150800A940A38923F4906343F08003A38126614E44D0
S3150800A9506561A5EB090526603E46A560BE4200D99D
S3150800A9603E46324641462068FFF791FFA36800201D
S3150800A9709B1BA360236833442360BDE8F0872A46FF
S3150800A98000F083F806460028E0D121695046FEF714
S3150800A990E3FC0C234FF0FF30CAF80030A38943F0DC
S3150800A9A04003A381E9E72DE9F047164698468A68E9
S3150800A9B007460B690C46DDF820909342B8BF13464C
S3150800A9C0336091F843200AB101333360236899064E
S3150800A9D042BF336802333360256815F0060506D191
S3150800A9E004F1190AE36832689B1AAB422BDC94F827
S3150800A9F043302268003B18BF0123920630D404F185
S3150800AA00430241463846C847013023D023681A34E2
S3150800AA1054F80A2C03F00603042B0ABF54F80E5CFC
S3150800AA20002533684FF0000608BFED1A54F8123CAB
S3150800AA3008BF25EAE5759342C4BF9B1AED18B542CF
S3150800AA401AD1002008E00123524641463846C84735
S3150800AA50013003D14FF0FF30BDE8F0870135C1E77B
S3150800AA60E1185A1C30200233224481F8430094F836
S3150800AA70451082F84310C2E701232246414638466C
S3150800AA80C8470130E6D00136D9E72DE9F0418046BE
S3150800AA9015460C4621B91146BDE8F041FEF79CBAA9
S3150800AAA02AB9FEF759FC00242046BDE8F08100F0DB
S3150800AAB028F88542064602D8B5EB500FF4D8294641
S3150800AAC04046FEF789FA07460028ECD0B5422A46E2
S3150800AAD0214628BF3246FFF7FEFE214640463C4641
S3150800AAE0FEF73AFCE0E7C9B20346024410B59342C2
S3150800AAF0184601D1002003E0047801338C42F6D1D0
S3150800AB0010BD51F8043C181F002BBCBF0B58C018C9
S3150800AB1070470000014B1868704700BFB02300203B
S3150800AB2008B50B4B1B6F03F00703013B032B09D832
S3150800AB30DFE803F00B020509FFF7ECFF04E0054B1D
S3150800AB40186801E0FEE7044808BD0448FCE700BFB2
S3150800AB5000800050B823002080D54302002D310123
S3150800AB6008B5FFF7DDFF054B1B6FC3F3033301334E
S3150800AB70B0FBF3F0024B186008BD00BF0080005020
S3150800AB80AC2300200048704700B4C404004870474E
S3150800AB90002D3101014B1868704700BFB82300200B
S3150800ABA00048704780D543021A4B4FF400225A6674
S3150800ABB04FF0B4439868C0F304400C2808D8DFE87F
S3150800ABC000F009070707070722181A071C1E2000A6
S3150800ABD0002070474FF0B4439B6803F04073B3F10D
S3150800ABE0807F12D0B3F1007F11D003B170470A48B5
S3150800ABF070470A4870470A4870470A4870470A4823
S3150800AC0070470A4870470A4870470A4870470A4812
S3150800AC10ECE700BF0090005000093D000024F40056
S3150800AC20C0EA210180BA8C010048E801005A620294
S3150800AC30405DC60080841E0040420F00014B186824
S3150800AC40704700BFB423002008B50A4B1B7853B1E0
S3150800AC5007280AD8084B03EB00131B7B3BB1F7F711
S3150800AC6059FF002008BD0548FCE70548FAE70548EE
S3150800AC70F8E700BF00230020001E0020028000F035
S3150800AC80018000F0078000F00C4B1B7873B110B5FB
S3150800AC900C4607280CD869B1094B03EB00131B7B3C
S3150800ACA053B1F7F749FF2070002010BD05487047DB
S3150800ACB00548FAE70448F8E70448F6E700230020C1
S3150800ACC0001E0020028000F0018000F0078000F0DE
S3150800ACD00C4B1B7873B110B50C4607280CD869B114
S3150800ACE0094B03EB00131B7B53B1F7F73FFF2060BB
S3150800ACF0002010BD054870470548FAE70448F8E7FC
S3150800AD000448F6E700230020001E0020028000F019
S3150800AD10018000F0078000F040B9054B5B6813F02E
S3150800AD20010F03D0024B9B6D002BF6D1704700BF75
S3150800AD3000800A5008B9014B5964704700900A50C0
S3150800AD4008B9014B5964704700A00A5008B9014B6D
S3150800AD501964704700A00A5010B9024B186C704766
S3150800AD600020704700800A5038B505460C46FFF7A4
S3150800AD70D3FF55B91CB1012C04D0002006E0044BC2
S3150800AD80D86C03E0024B186D00E0002038BD00BF08
S3150800AD9000800A5070B505460C461646FFF7BCFFFC
S3150800ADA015B914B1012C03D070BD034BDE64FBE763
S3150800ADB0014B1E65F8E700BF00800A50B8B103686A
S3150800ADC003F03F00C3F3821213F4E07F03D0012A95
S3150800ADD00FD1094A00E0094A31B102F58052012330
S3150800ADE0834013600020704702F50052F7E70E20F3
S3150800ADF070470E20704700BF68800050648000507E
S3150800AE004161114B1B68CBB110B4002403E0891AC9
S3150800AE1041611C469B6823B15A698A42F7D9002AC0
S3150800AE20F5D044B1A060836013B15A69521A5A61C9
S3150800AE305DF8044B7047044A1060F4E7024B18604B
S3150800AE4000238360704700BFBC1E0020104B1B68A0
S3150800AE500246B8B1002101E019469B680BB193423E
S3150800AE60FAD1934210D149B193688B6093686BB15C
S3150800AE705969526911445961002070479168044B19
S3150800AE801960F3E7222070470220704700207047B8
S3150800AE90BC1E002008B500F0E1F80B4B1B680B4AF6
S3150800AEA01268821A03E0521A002159619B683BB165
S3150800AEB032B159699142F6D3891A59610022F5E7E8
S3150800AEC0024B186008BD00BFBC1E0020B81E00203B
S3150800AED00B4B1B6800220B490A70012A0ED86BB16E
S3150800AEE0D98811F0020F05D19B68002BF5D0596956
S3150800AEF00A44F2E7034B01221A707047704700BFF5
S3150800AF00BC1E0020052300200D4B1B68B3B110B5ED
S3150800AF105B6963B10B4A14681C44022000F05AFAB4
S3150800AF20204600F0B7F8FFF7D3FF002010BD022037
S3150800AF3000F050FA022000F0FFF8F4E722207047EC
S3150800AF40BC1E0020B81E002070B500F013F9054697
S3150800AF5000F084F80446084B1E68012000F023FA26
S3150800AF6028B9284600F001F92046314670BD00F0A0
S3150800AF7075F804460136F4E7C41E0020014B18682C
S3150800AF80704700BFC01E002008B5084B1968A1FB12
S3150800AF90000140F2E733C0184FF47A724FF000030D
S3150800AFA041F10001FDF726FD08BD00BFC01E0020C7
S3150800AFB0F8B5044610F0010F03D114F0020F09D1B9
S3150800AFC0F8BD234A136801331360FFF763FFFFF7E1
S3150800AFD09BFFF2E700F0CEF80546FFF75BFF002778
S3150800AFE03E4616E09B683BB15A692AB921791A7917
S3150800AFF09142F7D91C46F5E7284600F0B6F82046F0
S3150800B00000F083F9E788013600F0B4F80546FFF743
S3150800B01041FF104B1C681CB163690BB92346E2E774
S3150800B0200D4B00221A70012E07D0FFF76DFF22285C
S3150800B03009D0284600F099F8C2E717F0020FF4D0B5
S3150800B04001221A70F1E7022000F05CF8F1E700BF70
S3150800B050C41E0020BC1E002004230020054B5B688C
S3150800B06013F0010F03D0034BDB69002BF6D1014B1C
S3150800B0709869704700800A5000B583B001A9044B4F
S3150800B080187900F07DF8019803B05DF804FB00BF5D
S3150800B090F0BE0008F8B5044600F063F80646FFF768
S3150800B0A0DDFF054600F090F907460020FFF754FE3D
S3150800B0B010F0020F04D17B1B032B01D8BD420FD120
S3150800B0C0631B022B00D8EC1CB4F1FF3F2CBF2246B1
S3150800B0D0621E00210846FFF75DFE022000F07AF99D
S3150800B0E0304600F039F8054B1B782BB1044B01228A
S3150800B0F09A64024B00221A70F8BD00BFA7240020EC
S3150800B10000900A5008B510F0010F0ED1002110F07A
S3150800B110020F06D041F002010123054A1370054AC1
S3150800B12093640020FFF70CFE08BD0121EFE700BF7E
S3150800B130A724002000A00A5010F0020F02D0024BEC
S3150800B14002221A64704700BF00900A504FF400406C
S3150800B15070474FF47A70704710B962B6BFF36F8FB5
S3150800B1607047EFF3108072B6704780F31188BFF30B
S3150800B1706F8F7047EFF31180302383F31188704780
S3150800B18019B108B500F00DF808BD2220704708B5BA
S3150800B1900121FFF713FE08BD08B50021FFF70EFED3
S3150800B1A008BD70B504460E46FFF7E4FF05461F2C9A
S3150800B1B000F2A780DFE804F01019A520272EA53590
S3150800B1C03CA543A54A51A5585F66A56DA574A59EDD
S3150800B1D0A57BA582A5899097FFF7A2FC306000247D
S3150800B1E02846FFF7C2FF204670BD4FF4C070FEF731
S3150800B1F04CFA30600024F3E74FF42070FEF745FA66
S3150800B20030600024ECE74FF44070FEF73EFA3060F9
S3150800B2100024E5E74FF46070FEF737FA3060002443
S3150800B220DEE74FF40070FEF730FA30600024D7E707
S3150800B2304FF48060FEF729FA30600024D0E74FF417
S3150800B2404060FEF722FA30600024C9E74FF4C06078
S3150800B250FEF71BFA30600024C2E74FF4F060FEF7F1
S3150800B26014FA30600024BBE74FF4B060FEF70DFA1D
S3150800B27030600024B4E74FF4D060FEF706FA306079
S3150800B2800024ADE74FF41060FEF7FFF930600024A4
S3150800B290A6E74FF4E060FEF7F8F9306000249FE770
S3150800B2A04FF4A060FEF7F1F93060002498E74FF4F8
S3150800B2B01860FEF7EAF93060002491E74FF4286039
S3150800B2C0FEF7E3F9306000248AE74FF48070FEF752
S3150800B2D0DCF93060002483E74FF43060FEF7D5F9D7
S3150800B2E0306000247CE74FF42060FEF7CEF930602A
S3150800B2F0002475E74FF40860FEF7C7F930600024AC
S3150800B3006EE70023336021246AE72DE9F0410446FD
S3150800B31005696DBB00252F462E46002D39D02369B9
S3150800B320FBB1F5B9BE1BA38B6BB1E28B13449BB281
S3150800B330E383B3F57A7F06D3A3F57A73E383013EF5
S3150800B340A369013BA361FFF715FF05463146204671
S3150800B350FFF756FDA36922691344A3612846FFF740
S3150800B36004FFE36813B1216820469847BDE8F081D9
S3150800B3702F46FFF773FEA369C61AF217AE4272F19B
S3150800B380000204DB22691344A3610125C5E70025F1
S3150800B390C3E7FFF7EFFE80462046FFF757FD404616
S3150800B3A0FFF7E3FEBBE710B504460020FFF7D4FC21
S3150800B3B0012C04D0022C05D1C0F3400003E000F0B4
S3150800B3C0010000E0002010BD08B500210846FFF77F
S3150800B3D0CBFC08BD08B510F0010F09D1002110F00B
S3150800B3E0020F01D041F002010020FFF7A3FC08BDBF
S3150800B3F00121F4E738B5FFF7BDFE04460020FFF744
S3150800B400ABFC10F0010F11D1002510F0020F01D08E
S3150800B41045F0020500F003010020FFF797FC2846D7
S3150800B420FFF7C6FD2046FFF7A0FE38BD0125ECE76D
S3150800B43000000000000000000000000000000000FE
S3150800B440F8B500BFF8BC08BC9E467047F8B500BF03
S3150800B450F8BC08BC9E4670475FF800F04123002000
S3150800B46050415353000000004641494C000000007B
S3150800B4700D0A3D3D3D204E6574416E616C797A65D5
S3150800B480725F464732335F563031202846535F4E47
S3150800B4903D256429203D3D3D0D0A55415254203134
S3150800B4A0313532303020382D4E2D31202F20504264
S3150800B4B030313D545820504230323D52580D0A0022
S3150800B4C05B53325D2043524331362F43434954542C
S3150800B4D02D46414C53452025730D0A002020202077
S3150800B4E0202231323334353637383922203D20256B
S3150800B4F030345820286578702025303458290D0AAC
S3150800B5000000000020202020202241424322202043
S3150800B51020202020203D20253034582028657870AA
S3150800B5202025303458290D0A000000005B5333618A
S3150800B5305D206672616D65206275696C642025738D
S3150800B54020206C656E3D2575202865787020257548
S3150800B55029202043484B3D253034582028657870EB
S3150800B5602025303458290D0A000000005B5333614A
S3150800B5705D206672616D653E3E0D0A000D0A5B53DD
S3150800B58033615D203C3C656E640D0A0052494E47A6
S3150800B5902B504F4C4C0000005B5333625D2074788F
S3150800B5A05F6D6F64653D2573202063616C6C5F7207
S3150800B5B0657475726E3D256C75207469636B2028F9
S3150800B5C0256C752075732920206C696D69743C316A
S3150800B5D030303075730D0A005B5333625D20746931
S3150800B5E0636B5F667265713D256C7520487A20200D
S3150800B5F070656E64696E673D2575202064726F708C
S3150800B6007065643D256C750D0A0000005B53346156
S3150800B6105D207278204F4B202020747970653D2577
S3150800B62063206C656E3D253033752043484B3D25B8
S3150800B63030345820726573796E633D256C750D0A32
S3150800B640000000005B5334615D207278204352434A
S3150800B650204641494C2063616C633D2530345820AF
S3150800B660726563763D2530345820726573796E634A
S3150800B6703D256C750D0A00005B5334615D207278B8
S3150800B680204241445F454420287461696C206973EF
S3150800B690206E6F7420274544272920726573796EBA
S3150800B6A0633D256C750D0A005B5334615D20727825
S3150800B6B0204241445F4C454E20726573796E633D66
S3150800B6C0256C750D0A0000005B53315D20746963B3
S3150800B6D06B3D256C750D0A004F4B000001020304F3
S3150800B6E005060708414243003132333435363738C8
S3150800B6F03900000030313233343536373839414273
S3150800B700434445460000000076F501000300B9FFF2
S3150800B710D20102010501230104000000DCB600087D
S3150800B72008000000E4B70008000000003CB7000865
S3150800B7300200000000000000C0175302B4B700085A
S3150800B740ECAFA81AD4300000000000001800FF7FF4
S3150800B7507423002000000000DCBC00080000000084
S3150800B76084B70008ECAFA81AD4300000640064005F
S3150800B7707C00FF7F7423002000000000DCBC00086A
S3150800B78000000000FC4F010388BC00087440040157
S3150800B79012007017B42B00000000000059FF0000CB
S3150800B7A024420101F82E0000F84F010300000000B2
S3150800B7B0FFFFFFFFFC4F010388BC0008744004012B
S3150800B7C012002800B42B000000000000590F0000EA
S3150800B7D02442010168000000F84F01030000000040
S3150800B7E0FFFFFFFF0C40020001800000FF40000041
S3150800B7F02040020000000000000000003040070062
S3150800B800000000000000000000000000000000002A
S3150800B8100000000000400000A007000050400100A2
S3150800B820000000005C40020000000000000000006C
S3150800B830A840010007000000BC400400000000000A
S3150800B840000000000000000000000000084104009D
S3150800B85000480000FF4C000000490000FF4D0000B2
S3150800B86020C0011000F8070020C00130FE012800A2
S3150800B87024C00110FF00000024C00130001300009E
S3150800B88028C00800EC80B30343754051A00F00F8A8
S3150800B89030400000A8AA07000000000000000000D1
S3150800B8A00000000054C0140087213000F400E3E6CD
S3150800B8B0DC02000086B7CFDCE300000088C6020081
S3150800B8C080040000BA14000000000F002C004D0090
S3150800B8D07500AC00EF00D401D502E603BD05BF072D
S3150800B8E0F709A30DAD11D916C71DB626CE31FF3FF0
S3150800B8F0D039FF3FFF3F0000A8C00500BD4B7215B9
S3150800B90011A3180510325476980A000000000000AA
S3150800B910CCC00400FE0100000000000001000A007F
S3150800B9200100280008000101C407000018000101F1
S3150800B93000FF0000200001010884000040400D01BE
S3150800B9400000303000000000100000000000000475
S3150800B9500FC0820000000020000000000000000365
S3150800B9600000002000000000F47E1400400C0000D7
S3150800B970880100008440150100000000300309001A
S3150800B9800000066200000000040A142232414A4FF1
S3150800B9900000000000000000000000000000000099
S3150800B9A00000000000000000000000000000000089
S3150800B9B00000000000000000000000000000000079
S3150800B9C0000000000000000000000000E040011137
S3150800B9D0F8010000E04001310102000010410201B7
S3150800B9E0331E0500000000001C410E0100E0388FE0
S3150800B9F000000000FF0483078813C83AFF06660C98
S3150800BA00FF0483078813FF03BC200AF0A3C950006C
S3150800BA10D756A040D42D55559F826943893B40008F
S3150800BA20C00300805841020100000000FFFD00002D
S3150800BA30644101010C0100006C410B01000000404B
S3150800BA4000000000000000000000000000000000E8
S3150800BA5000000000010100000000000000000000D6
S3150800BA600000000000000000A441020100000000E0
S3150800BA7000000000B0410C010000000058963FC0CD
S3150800BA80000000000000000000003C00AAAA060012
S3150800BA90000000000000000055555555E702688073
S3150800BAA00600C20000000000E4411001E6E7FF0BB3
S3150800BAB0CDA10A00BD066A005EB04D007D02420EA9
S3150800BAC0A5B62202FF25B234EA6B8F00B3000E003A
S3150800BAD0773A0E002FBFBB0015BA4C0F2206A704F3
S3150800BAE0981DF9210000008000000000284204018A
S3150800BAF00000000060180040000000000000000080
S3150800BB003C42010100000000444203011400000009
S3150800BB10000000000800050430430F010000000083
S3150800BB200000000000000000000000000000000007
S3150800BB3000000000000000000000000000000000F7
S3150800BB4000000000000000000000003800000000AF
S3150800BB50000000000000FF581080010103000000EB
S3150800BB603880020101151000050000009C800301C1
S3150800BB700000000070B8030070B80300A880011127
S3150800BB80F6010000A880013101420101AC800111D3
S3150800BB90F6010000AC80013101420101B0800201CA
S3150800BBA000030002000300029800030200000000E0
S3150800BBB0000C00044C040000D8000202050040AA4C
S3150800BBC088010000EC000112E00F0000EC000132D1
S3150800BBD00D205111F000010223330000000101027B
S3150800BBE010010000040101120000000004010132E6
S3150800BBF0100100001001011200FF0F0010010132B0
S3150800BC00020000422C01011200FC1F002C01013227
S3150800BC10AA008000400101023F0000005001011205
S3150800BC2000C00000500101326200510068010202A2
S3150800BC301000060000200600740101026901100CBC
S3150800BC407801011200001C00780101324004E0CF9F
S3150800BC508001011279070000800101320600000008
S3150800BC60880102029000000000000000AC010112E9
S3150800BC70F8010000AC01013204000100B001010224
S3150800BC8000020000FFFFFFFF14000000222222002E
S3150800BC900000000024BD00080CBD000800000000DC
S3150800BCA00800000000000000B80B00000101EE00CB
S3150800BCB00115100A1CBD0008E0BC000800000000C1
S3150800BCC00000000000000000B80B000000000000A3
S3150800BCD00000000000000000100000000000000046
S3150800BCE001000000C0175302050C00009E01000069
S3150800BCF00000CC0101010505FA010101060528022B
S3150800BD0001010606560201010706000098590900B6
S3150800BD1098590900151605000000000004A5B4C3CB
S3150800BD20CD000000142902000031110000000100B6
S3150800BD3002640001012F00000700000056636F6DC2
S3150800BD4000000000010100001E00000304040404B2
S3150800BD500404000102030000000901F064BE0008A3
S3150800BD60000901F018BE0008000901F0CCBD000862
S3150800BD70000901F080BD0008000000000000000076
S3150800BD80CEFF84FEFF00CEFF0A000000F0009407F5
S3150800BD907D240500D300C8084A720500BA00DB07EF
S3150800BDA0482C0500A6004F07B4FD0400940075064C
S3150800BDB0A9AC04008500F405017804007600C004E7
S3150800BDC0A6EE03004F00A5015B2702001E0084FEB5
S3150800BDD0FF001E000A000000F0001F0845CA020006
S3150800BDE0D400220AB0AD0200BA00380925B2020012
S3150800BDF0A500960703AA020090009F06609B020012
S3150800BE008100E1051E89020073004305987402004B
S3150800BE104B005A011E7B01006E00A2FEFF006E0059
S3150800BE201E000000F000C40B7391FEFF8800460652
S3150800BE30813600005B00C30357AF00003C00700268
S3150800BE402CC500002A00B6012DBC00001D001F01EC
S3150800BE5051A200001400B800838400000C003A00C8
S3150800BE609648000096001AFFFF0096001E00000084
S3150800BE70F000671427ADF7FF530087041126FFFF6C
S3150800BE802E001902C2FBFFFF1E005001A928000060
S3150800BE901400D0008C3600000D0085003C350000EB
S3150800BEA009005A004D2F0000050022006F1E0000F1
S3150800BEB00B0000000C00000003000000000020201A
S3150800BEC000000000020000003C3C3C0000000000AE
S3150800BED00000000000000000010310010109030032
S3150800BEE01E000000160000001A00000056000000A0
S3150800BEF000800A5013000000E0BE00080000015B45
S3150800BF0015000000ECBE0008050000000000000057
S3150800BF1000C201000002000000100000000000003E
S3150800BF2000000000000000000500000000000000FE
S3150800BF30802500008002000000100000000000407C
S3150800BF40000000000000000000000000B001000032
S3150800BF500808002000021000CC1E0020B8090020A6
S3150800BF6000000001000001010001010120C001B824
S3150800BF706090A31AF26EEF03410821066310420A85
S3150800BF80A518630EE720941249A9B518AC39F7220B
S3150800BF9051CA3929D55EAC39BDFB0F0000B801B8C6
S3150800BFA002B800B00304040808050000C43B0000FA
S3150800BFB0C80000008C3C00000C000000703E000029
S3150800BFC000000000CC360000F80400009C3C00008D
S3150800BFD004000000783E0000030000001432000050
S3150800BFE0B8040000983C000004000000703E000001
S3150800BFF00800000000000000143200007C3E00002B
S3150800C000000000007C3E00003C000000000000002C
S3150800C010703E0000CD2C0000E52C0000E52C000049
S3150800C020E52C0000E52C0000E52C000000000000CF
S3150800C030000000000000000000000000E52C0000E1
S3150800C040E52C0000E52C00001D310000E52C000061
S3150800C050FB2500000B260000B32600002B27000056
S3150800C060B527000049290000D5270000DD29000072
S3150800C0702928000089280000FD280000412B00001F
S3150800C0800D2C0000C92500005B2E000019220000B7
S3150800C090792E0000FD2E0000E52C0000F52F00008B
S3150800C0A0C12F0000E52C0000E52C000045300000FB
S3150800C0B0E52C0000E52C0000E52C0000E52C00002E
S3150800C0C0E52C0000E52C00001D13000013130000EA
S3150800C0D056488068000200D4704780B580208002E8
S3150800C0E053490860CF2000F0C9FA10205149096861
S3150800C0F0014003D0B849C8630220086001BDF8B5FD
S3150800C1004D48816B4D4F802292033A604C4E3368FE
S3150800C11040241D050BD41C402AD0012003F085F8C5
S3150800C120002825D08020C0058E49086020E0130B22
S3150800C130A0250D4002D10068C00601D53B6017E076
S3150800C1400A403FD18020884A1060884A106019400A
S3150800C15038D0364D287A400705D50120844908602D
S3150800C1600002844908602878002801D0062801DBE7
S3150800C1700020F2BD00F094FB716889684E68297842
S3150800C180052907D1E105B9606E60B668CC21890139
S3150800C190784A116000F08DFB012E00DA0226BC20D9
S3150800C1A080058E490860942080058D4908606E4890
S3150800C1B00021C9430164714241648021894A1160A2
S3150800C1C00460D5E7A3480360FFF782FF0120F2BDAC
S3150800C1D018480168890504D5C06E0004000F0228B6
S3150800C1E001D0002070470120704738B580245E488A
S3150800C1F0046000F055FB05009748006800F0C2F996
S3150800C200280000F056FBFFF763FF0848007A00078E
S3150800C21005D5A0000949086000F022FC31BD60037D
S3150800C2208C4908608D48046031BD00007C3E0000E2
S3150800C2301C1002A8440002A80C0002A8442002A868
S3150800C240D03E0000FEB50400854D8C208001686054
S3150800C250012684480660FFF7BBFF002826D08248DF
S3150800C260007800287DD031020194052802D02246A4
S3150800C2700A4076D1CC2292012A607C4A1268812330
S3150800C2801B02134001D0032301E053075B0F0C0187
S3150800C290022804D1022B62D3364804605CE04D01C3
S3150800C2A0032804D1022B5AD932480560F7BD042861
S3150800C2B002D1114053D0F7BD052850D10198002866
S3150800C2C04DD0C005C10F684641700198C004C10F22
S3150800C2D06846017000F0E4FA0290634840686946CF
S3150800C2E04978002903D006688021204A116067042E
S3150800C2F095496A461278002A0CD0C2680B68D21A89
S3150800C300924B1B683B4001D0066800E0466896429F
S3150800C31000DD1600684640786A461278024308D05F
S3150800C32008684242B01E824202DA7042886000E023
S3150800C3300026029800F0BDFA0198800501D59848B4
S3150800C34007600198054001D096480760002E06D080
S3150800C350CC20800107490860B6480460F7BDFFF79E
S3150800C36044FFF7BD4C6201A80CC001A890E001A8E3
S3150800C370C4D000A8145001A838B580248A4804609F
S3150800C380012038490860384D2878052802D0600011
S3150800C390A9490860FFF71CFF002812D02E4800683C
S3150800C3A0000A80214140A868000EC9B2814208D21D
S3150800C3B02E4800684007400F022802D2FFF715FFF3
S3150800C3C031BD9E480168C0220A4002D1C06F204094
S3150800C3D001D00448046031BD082002A808E001A87D
S3150800C3E008D001A894D001A80A0000D1704780B5EA
S3150800C3F01822514340180C304069002803D0802188
S3150800C400090300F0DDF901BD38B500F049FA04006A
S3150800C4108B480568A86881782800FFF7E5FF6888D3
S3150800C420012101436980022086490860864908601F
S3150800C430200000F03EFA31BD10B500F031FA0400D4
S3150800C4407F4800688168C978FFF7CEFF200000F0B2
S3150800C45030FA10BD441002A818C000A8100002A89F
S3150800C460106001A8C4E000A87C3E0000184001A89E
S3150800C470F1B582B00F00A020384003D17348006898
S3150800C480C00603D580208000714959E000F008FAFB
S3150800C49000906B480468F80204D5A0680069029009
S3150800C4A000F07CFB00F0D5FB80210903606800F0F2
S3150800C4B087F926780020761C6178B14200D20026DA
S3150800C4C01821714365180C3529780829F3DA26707E
S3150800C4D0A56060492A780A70BA0507D558480068E1
S3150800C4E08068C068FA0201D4032290438860012755
S3150800C4F038400DD158480299426B89180068081AC5
S3150800C50056494018012803DB00F09CFC01F01DF891
S3150800C510F904686900F054F93C2000F0AFF8F0B26D
S3150800C52000F0ACF860884E4901406180009800F040
S3150800C530C0F93805464908604A48076038024A493A
S3150800C54008600298FEBD000048C001A84C0002A879
S3150800C55010B546480068800501D4FE2010BDC020ED
S3150800C56080034349086000F09BF9354909688A78D1
S3150800C570D20702D589688C7800E00C7800F099F922
S3150800C580200010BD2E4909688A688B78DB0704D518
S3150800C590927818235A438A180C3290607047000024
S3150800C5A04C1002A84C2002A894E001A8F1B582B06C
S3150800C5B0304F3C680026200F000702D1E0010290A8
S3150800C5C02AE000F0C2FF00F06BF901908021090310
S3150800C5D0606800F0F5F825786D1C6078A84200D2EE
S3150800C5E00025E80020180C30009000680290802191
S3150800C5F009030098406800F0E3F83D2000F03EF893
S3150800C600E8B200F03BF825700098A060019800F0A9
S3150800C61050F902A801F035F817480068800407D5D4
S3150800C620F86901F0A4FC02990818029000D5029650
S3150800C6300298FEBDB03E0000146001A814C001A80F
S3150800C640D43E0000284000A8448001A80C0002A897
S3150800C650442002A87C3E00009C3F00000010FFFF1B
S3150800C660FEFF0000C0E000A8106001A8440002A870
S3150800C670441002A8D83E0000FC0302A845490968F0
S3150800C680002901D5444908607047F2B582B0434C89
S3150800C690A168434D4A004ED50126090100D5212639
S3150800C6A00100404A1068526800922A689206920E63
S3150800C6B023689B0080273B4013437A001A43019264
S3150800C6C0394F0A0026D0890601D5012008E0F02155
S3150800C6D0014007D16946097A0C220A4002D0022095
S3150800C6E000F042F8396EBC22920091420DD12F49D2
S3150800C6F00968C90309D52168490306D521680907C8
S3150800C70001D4022100E0032100914836019A3968D4
S3150800C710890002E0019AB96B0909402319401143BF
S3150800C7209A00009B002B02D013432B660836296615
S3150800C73002432A662E66E86D45076D0F00F09AF8E3
S3150800C740A8070BD0052D09D0A068000406D400F070
S3150800C750A7F80221164A116000F0ABF800F093F82A
S3150800C760002000F001F8F7BD0E490A68F0239A4345
S3150800C770000110430860C0B270478020C0020D490E
S3150800C7800968890701D10C4900E00C49086070471F
S3150800C79000000000500002A8884000A8480002A82F
S3150800C7A0284000A8783F0000184001A8D03E0000A5
S3150800C7B024D50350844000A8486000A8485000A823
S3150800C7C080B5494A116001F0FDFBFFF7D6FF01BDB0
S3150800C7D070B500F065F8454A454BD1688C081900D4
S3150800C7E02140D1246400D52901D2D52102E0A142F5
S3150800C7F000D921000D0046352D041E042E400D00DB
S3150800C800463D2B4033431360C0221206394B1A604B
S3150800C810394A137C002B0AD0384BD52902D98025F2
S3150800C820ED051D60A14202D2802424061C60002367
S3150800C830334C23605388002B00D1118000F039F85F
S3150800C84070BD80B52F48304908603048C168090274
S3150800C850090A19225143416005210160FFF7B8FF13
S3150800C86001BD2A480068C00300D4704780B5FFF7A9
S3150800C870AFFF01BD8020C0021B490860244800683C
S3150800C8804007FBD470478020C002224908607047E1
S3150800C89001E021490860214909680140F9D170473A
S3150800C8A01F48006820211F4A116010211E4A116086
S3150800C8B070473021014002D110201A49086070479C
S3150800C8C01748006830210140102901D1012070471E
S3150800C8D000207047154801210160C160704701209A
S3150800C8E01349086070470000441002A87C400050B5
S3150800C8F0FF010000A0600050843F0000A4500050D3
S3150800C90018E000E07F1A0601540002A810E000E0D3
S3150800C910440002A8442002A8282002A8280002A849
S3150800C920600002A8602002A8601002A8789001A8FA
S3150800C93084A001A8F8B54C4880214902C1610221AA
S3150800C9404A4A516000214A4A11604A4A1180032125
S3150800C950464A1160022101600020474908602020EC
S3150800C96046490860802046490860CC208001454930
S3150800C97008600124444804603D48806F00900F26F3
S3150800C980070B374041480068C505ED0D103DC0202E
S3150800C9902843C0B2FFF772FE35480069800303D505
S3150800C9A0092F01D001F060F9009806400096384832
S3150800C9B006680098032803D0022806D1032F32D030
S3150800C9C000F0B0FA0098032803D0062F2BD1062DC5
S3150800C9D029D030480068C00B204001D001F024FC63
S3150800C9E0FC2080010068000108D5052D06D1012527
S3150800C9F0294804606005FFF74BFF00E00025310079
S3150800CA00380000F0E9FA0600002D06D000F098FC80
S3150800CA102248046002202249086060051F494865CB
S3150800CA20800920490860114821040162002F08D1B5
S3150800CA300221416000200E490861C020C00011494A
S3150800CA4048643000F2BD80B5FFF714FF1648007839
S3150800CA50800602D4022015490860FFF714FF01BDBD
S3150800CA6002201349086070472C1002A8282002A843
S3150800CA70380002A8B43E0000B03E000094E001A8C9
S3150800CA800CC001A8146001A8C4E000A804ED00E0E9
S3150800CA90B44000A800E200E0645000A8646000A862
S3150800CAA02C4000A880E200E0D03E0000081002A852
S3150800CAB0082002A870B5794C794D80267601794808
S3150800CAC00068304005D06660062001F07BFC6E6089
S3150800CAD004E06E60062001F075FC66603D20A060EB
S3150800CAE0702129600F222A602160A86070BDF8B500
S3150800CAF06C4C8025ED028D4E6F097068384002D166
S3150800CB006068800529D58A480068C00405D4FFF7FF
S3150800CB10C7FE88490D60FFF7CCFE7068864901405C
S3150800CB2090204001084370608448854908600020C9
S3150800CB3060607068384002D1F020800060607068DC
S3150800CB4007402AD07A480068C00726D57D4800786D
S3150800CB50800722D401F03EFC1DE03068C0071CD5D2
S3150800CB60AE0973480068304005D1FFF799FE714950
S3150800CB700D60FFF79EFE7448FF21FE314160F121EA
S3150800CB8049026F4A116021680E4001D0822100E0F7
S3150800CB90C32149020160FFF78DFFF1BD80B56848E2
S3150800CBA00121624A12680A4006D0684A126892054C
S3150800CBB001D4CA0202608160C02141605C480068F5
S3150800CBC0C00407D4FFF76CFE8021C902BB4A116076
S3150800CBD0FFF76FFE01BDF8B5554804685C4D802720
S3150800CBE0022634420AD092480068E021C900014072
S3150800CBF004D02F600420686101206861FFF750FEA9
S3150800CC00D021C903214007D18A490968314003D197
S3150800CC10894901224A600E60210507D52F60042143
S3150800CC206961C2490D220A600F220A60FFF741FEB8
S3150800CC30F1BD80B5FFF734FE0121804A1160804AB4
S3150800CC400223136051600021B94A1160FFF731FED3
S3150800CC5001BD90480068C007FBD4B648042141616D
S3150800CC608021016070478C4908680122104200D172
S3150800CC70704710B5E023DB000340FF24A41CA34241
S3150800CC8007D3AD4B9C6BA40602D41B68DB0600D504
S3150800CC904868024001D000F001F910BDA82102A899
S3150800CCA0A81102A8AC0102A8F8B5C821844A1160E7
S3150800CCB00621844A116080214903834A1160834C06
S3150800CCC08909216082490A684B691C251D40102D77
S3150800CCD001D1012300E00023050007208243134306
S3150800CCE00B6028688E490F68874200D30700C01B6F
S3150800CCF028600121280000F08AFB06002868C01970
S3150800CD002860FFF768FF8D480168C90603D58420A7
S3150800CD108000E06107E0954908220068104001D0CC
S3150800CD200A6000E04A603000F2BD0000EC0002A88C
S3150800CD30500002A83850005AFFE3FFFF00FEFFFF2D
S3150800CD40AC2102A8843E0000AC1102A8B00102A8DA
S3150800CD50841102A8F1B58648864908608020C0017A
S3150800CD6085490860854C0827A7650420A065012524
S3150800CD70834805601D20A062824EE930B061072015
S3150800CD8001F020FB0220A06210216C4A13680B40B8
S3150800CD9003D022007C4B23600AE00D2312683A4038
S3150800CDA003D032001032A56502E032001432A065C5
S3150800CDB01360764A1268002A00D4B761744A326052
S3150800CDC0C022D200734B1B68F824E4011C4001D131
S3150800CDD0F26201E06A4B5A616F4A12682A4007D02C
S3150800CDE075666E490968890503D48102F16500E014
S3150800CDF0716361490A6C2A4008D0496BC90705D492
S3150800CE0067490968084001D101F01CFB0020C043AE
S3150800CE1064490860584C606B054001D1FFF7DBFE9A
S3150800CE20009801F0BDFA606B8001FCD4F1BD0000EA
S3150800CE30980102A800400C5000500C50982102A8F6
S3150800CE4000600C50F8B54C4F786BC00701D4FFF75B
S3150800CE50F0FE4B4CB72040002060534D03262E634E
S3150800CE604B48A8660020E061504908600D20334908
S3150800CE700968090701D5A86700E0E867FFF78EFE8D
S3150800CE801020E0612E600C202863802000023860A4
S3150800CE90F1BD00009C0102A8883F0000F0210901AD
S3150800CEA0434A116001404348016020204249086016
S3150800CEB04249096808404249086070473860005A84
S3150800CEC0548001A80C9001A8982002A8A41002A8D2
S3150800CED0740102A880B53B483B4982680A4002D1E2
S3150800CEE0C268114001D02249016026480821374A04
S3150800CEF013680B4000D081611178C90602D58621D6
S3150800CF0009010160FFF7AFFE1420FE2189010860C0
S3150800CF10BA480168490701D0FF21416101BD0000F7
S3150800CF209C3F0000124813490860704700100C50D7
S3150800CF3000000C50842102A80C0002A8FC0302A8D9
S3150800CF402348006823490968890F89070CD0AC492A
S3150800CF500968C90708D5AB49802292030A60B64B0F
S3150800CF601A60104000D00A6070470000601102A8DD
S3150800CF7001200000706201A8100002A8C01002A8D3
S3150800CF80682102A8501102A8FF03000028C000A8C3
S3150800CF90043E0000A88001A8EC0002A8B00102A87F
S3150800CFA0843E0000B46000A8E82002A8C00002A8D9
S3150800CFB0586001A8585001A8482002A8184001A89E
S3150800CFC0481002A8704201A800800080F84F0000AF
S3150800CFD04C4001A84C4201A8F0B587B005000C00EA
S3150800CFE096480068400102D520004024044394482E
S3150800CFF0006805909348C66AFFF752FC0690B0058C
S3150800D00003D591480068FFF7BDFA00200190012377
S3150800D0107006C00F02908D4A916800209060B82073
S3150800D02040008B4E30606608B82030401278F026F3
S3150800D0301640402E02D10200402010430D2D02D189
S3150800D0400A00042111434A0704D50200142010439C
S3150800D050102294437F4A12686D462B70D20506D576
S3150800D060802252007C4B1A60020001201043029A6B
S3150800D070002A11D10C220240082A0DD00200714B59
S3150800D0809B6BDD0601D41025AA439B0601D42023F9
S3150800D0909A43B12313404FD06A461278002A4ED0DD
S3150800D0A0A54A956B966D01236D076D0FAD1DAB40B7
S3150800D0B0F504ED0C5B1B9BB2082B09D280200623D6
S3150800D0C0604D2B6043029D4D2B6000236D462B70EF
S3150800D0D08123034036D00823029D002D00D1136218
S3150800D0E00D000821294310239C4304231D05984E4F
S3150800D0F03560DD04434E35606D462D78002D1ED013
S3150800D100062B24D34D4DEE6CF60620D5914E366887
S3150800D110360E01966D69ADB28E4EF66B360603D0A5
S3150800D1202E0080256D01354315612D121561494A7A
S3150800D1301268D50592D40AE008227F4B1A62049138
S3150800D140009031E030A34506ED0E5B5DD4E704910F
S3150800D15000903C48026B7F490968774D2E686F46F8
S3150800D1603E81282616401E43930CDB0133431600E6
S3150800D170120E3240102632401A43890040231940C5
S3150800D180114302AA9170406B000A02A9C870FFF702
S3150800D190DFF902A90871019848716F480068C880CC
S3150800D1A00298E8660398E8660698FFF782FB600629
S3150800D1B002D50820664988600498C1B20098C0B2B2
S3150800D1C0FFF763FAFFF7BCFEBC20800061490A6ED0
S3150800D1D0824207D1059AD20301D4086E0BE05F4A52
S3150800D1E05F4B1A60096E814205D10598C00302D5C6
S3150800D1F05C4800688047200007B0F0BD0C4000A8D6
S3150800D200384301A84C5001A8030107060301070685
S3150800D21005010606050106060302070603020706B8
S3150800D2200502060605020606081A03D24E490968CB
S3150800D2304018401C704700004C6001A8084000A830
S3150800D240D03E0000180002A81CC000A8783F0000C5
S3150800D250B46000A81C0100AA1C2100AAF8B5434E18
S3150800D2600F24012542491027B06B38401BD00120F6
S3150800D27008704048006840490968FFF7D5FF3F49EC
S3150800D2800968401801284BDB01F09EF93C490968FA
S3150800D290090B0C40022C41D1A9053A4A11603A49BA
S3150800D2A00F6435603AE0306CC0001ED53748006818
S3150800D2B0E0218905014033D0314D2868210301401A
S3150800D2C0780281422CD1FFF7EBFA314A31490968D5
S3150800D2D0C90502D53049096811602968090B21403A
S3150800D2E00229F3D0FFF7E5FAF1BD2C4E3068002885
S3150800D2F016D00D7001F054F8002811D101F064F928
S3150800D3001F490968090B0C40022C07D129041D4A3C
S3150800D310116002211C4A11600021316001F058F9A0
S3150800D320F1BD802080041E490860704780204004B3
S3150800D3301B49086070470000540000AA141100AA8F
S3150800D34018480168490701D0FF214161704700006C
S3150800D350441002A8184001A8448001A80800040047
S3150800D360482002A88C3C000038C001A8100002A87A
S3150800D370B63E00001CC101A820C001A8F03E00006E
S3150800D380B00002A81C1002A8082002A84C4001A858
S3150800D390800000AA084000A8904000A89C3E000013
S3150800D3A03C2002A80C4000A8F0B580200002082105
S3150800D3B07B4A11600A227B4B0121012494400443D5
S3150800D3C08AA5AD5C25431D60F025774E3560744D02
S3150800D3D089A6B65C022737432F6004262E60734D54
S3150800D3E02D680D4001D00220F0BD1D6C2D03FCD424
S3150800D3F01D6C5E6C6D036D0BAE4200D22000521E92
S3150800D400DBD50822684C226018600020F0BDF3B511
S3150800D41081B00600FFF70DFC654800680090654876
S3150800D420006863490860644D306829684718002415
S3150800D430012F12DB00F04FFDC001381A01280CDB62
S3150800D440FFF707FC00F081F830682968401800F0FB
S3150800D450A7FF050001D0346072E0584F8026B60059
S3150800D4603E605748006F07282CD00521084005283C
S3150800D47006D0534801670C2000F0A4FF05005FD1D1
S3150800D480504DFF207A3068620420A862FFF7E1FB5E
S3150800D49002202860E020C0044B49486030047860C8
S3150800D4A002203860012000F08DFF6E62022000F035
S3150800D4B089FF700068620820A862022000F082FFD7
S3150800D4C00220A8626846007A002805D03C48006811
S3150800D4D0C00701D5FFF70BFB3C4EE020400030604B
S3150800D4E0042000F06FFF050024D1022036490860A9
S3150800D4F08002B062C001B062354F1020386001204A
S3150800D500F065402633480068304003D1FFF74CFFEA
S3150800D51005000FD101203860FC67022000F052FF99
S3150800D5202D4C2660B0002060022000F04BFF8120C1
S3150800D530C002A06227480068800101D4FFF791F96C
S3150800D54000981B4908602800FEBD70B5FFF771FBFF
S3150800D550FFF77FFB02241E480460204E0820B062B5
S3150800D560C0017062012000F02DFF2502756234604B
S3150800D5700620B0621A487062E0204000164908602A
S3150800D580114E3460FFF776F916480078002800D067
S3150800D590052015490860FFF776F9356070BD00006B
S3150800D5A0889001A84C8001A888A001A8140002A8A8
S3150800D5B0780102A8F80302A8D03F0000981002A834
S3150800D5C0EC0002A85C1102A8982002A82C9001A8D9
S3150800D5D00C8001A8500002A82CA001A85C2102A872
S3150800D5E0F9610000703F00005C0102A8000000011C
S3150800D5F001020202080810005050504040303030F6
S3150800D60030202000F8B504000F00444DA878FF2804
S3150800D61001D12E880FE042480068800108D4FFF740
S3150800D6203FF9404909684905CE0DFFF742F901E07F
S3150800D6303D4806882E80E92E01D2E92604E0CC2052
S3150800D6404000864200D9060020003978814200DA77
S3150800D650080001217A56010051430222BA5E891850
S3150800D66041430420385E081830497118484380152C
S3150800D670001901D50020F2BDE978814200DA0800D8
S3150800D680F2BD38B50400102029490860FFF7E1FA11
S3150800D690C020C00027490968F822D2010A4001D1F2
S3150800D6A0254900E0254908602548C82181640A21E2
S3150800D6B0016024488021490301608909C160224824
S3150800D6C001684269E0231340802B01D1012200E062
S3150800D6D00022072399430A4302601C480068C821B0
S3150800D6E0C90145182068854200D30500401B206003
S3150800D6F000212000FFF78BFE21684919216032BD01
S3150800D70080200001124908600003124908600220BF
S3150800D710114908601149086070470000F83F000089
S3150800D720500002A888400050843F0000D6FEFFFF44
S3150800D730984101A8AC8001A87C1102A87C2102A806
S3150800D7400C8001A8981002A8740102A8983F00004E
S3150800D750441002A8442002A8F41302A8685000A89E
S3150800D760F1B584B0BD4800680190BD48C068C821BD
S3150800D770C90140180499884204D2081A00F010FE1C
S3150800D780002803D10124C94D6868204000D0BAE1B9
S3150800D7900420C749C8628003C6498862C648066825
S3150800D7A0A86B8007800F00906704032803D0102019
S3150800D7B0BF49C86222E008468762E96B890601D537
S3150800D7C0012041E0310610D5E96B89070DD4CF4910
S3150800D7D005220A60EA6B10231A40022313430B60E2
S3150800D7E000220A60AA6B120A0A600421C162E86B69
S3150800D7F0002803D5AE48876200200090A86B400732
S3150800D80004D5A86BC0002102084003E094480068CC
S3150800D810204201D0FFF742FB264009D0BC480099B8
S3150800D82089014018006AC004C00C401EB949086046
S3150800D830C0208000B849486500990902B74A1160B6
S3150800D840B54B986551600020296C942292050A40D0
S3150800D850160000D001263043000635D09648302100
S3150800D860405CC0210140402902D1FFF7ECF801E0F5
S3150800D870FFF7F6F820202860360600D143E1B54FB9
S3150800D880A74EA86B40070CD5A0038A4988624002B8
S3150800D8908749886234600220386000F03BFA002825
S3150800D8A00BD004208249C86240028249886200037C
S3150800D8B07F4988620220306038607F480078000619
S3150800D8C000D420E1E0041CE16868204000D01AE199
S3150800D8D07848C762FEF7CEFF8E48406E296C090469
S3150800D8E008D4C00606D5FEF7DBFF02219A4A116066
S3150800D8F0FEF7DFFFFEF7C7FF20032860974EC0201C
S3150800D90000063063200496490860A86B4007C10FDB
S3150800D91068460170FEF7C4FF92490C60FEF7C9FF1E
S3150800D920914F9248B861686B000206D59048801CF2
S3150800D9300068E1055E4A916201E04948806C296CFD
S3150800D940C90208D5202806D976A1019A520700D41B
S3150800D950891DFFF757FE0100854A1070002809D077
S3150800D96041091F221040062904D9400020432028D7
S3150800D97000D31F204A0102434802104330600121A8
S3150800D9807C48C26F7C4B1343C36774668022F2627D
S3150800D9900822734B1A66019AD20603D5AA6B920619
S3150800D9A003D403E0019A120700D40021AB4A3A6077
S3150800D9B0FC223A6100290BD039003C310291284AF1
S3150800D9C0116DD36C664DEB66526E2B46DA6709E02D
S3150800D9D0390040310291224B996D614A5D6DD566D9
S3150800D9E09B6ED3670268FF239A4311430160A02008
S3150800D9F0C0003063052000F0E5FC042501982840A6
S3150800DA0001D0802000E0402002990860022030639F
S3150800DA10062000F0D7FC08203063052000F0D2FC71
S3150800DA2034632002B864042000F0CCFC64027460FD
S3150800DA30022000F0C7FC842080003063022000F03A
S3150800DA40C1FCFC61062000F0BDFC02988449401820
S3150800DA5001990D4006D0202105E000BFFC0302A86D
S3150800DA608C3F000010210160062000F0ABFCB46476
S3150800DA700020C0432849086000F02DFA7949401D66
S3150800DA80C001CA6886189E4F60017C6F04409D4A93
S3150800DA9010609D4D0498864211D2C968401A00F05C
S3150800DAA07FFC00280AD02C602DE000BF100002A8D9
S3150800DAB01C2002A81C1002A8D03E0000049E0120CB
S3150800DAC000F080FC8020400025490860300000F006
S3150800DAD067FC8E4E68460078002805D13868706263
S3150800DAE0802000048A4908602C606846007800286F
S3150800DAF009D0012000F066FC3078000603D58020A6
S3150800DB0000039B49086005B0F0BD00BFE40000AA09
S3150800DB100C0000AA204000A8B46000A8085100A87C
S3150800DB20F41302A8C0350C109E8DAF1B3813460D92
S3150800DB3080B5FEF7B5FE8F4900220A600A22CA613F
S3150800DB40FEF7B7FE8C488321090401608B494160C2
S3150800DB5001BD0000685000A824E503503C1102A846
S3150800DB60B81002A800500C50242102A8FF0E00008D
S3150800DB70FA3F0000280102A8FF3FFF3F8048806B5C
S3150800DB80800300D47047F8B57E4804687E4D0826A1
S3150800DB90E00629D57A48806B800627D428004830C5
S3150800DBA00090012000F00EFC0027784807607848AE
S3150800DBB0066078480068C00403D477480068304097
S3150800DBC0FBD0022000F0FEFB84208000686502205E
S3150800DBD000F0F8FB700171490860042000F0F2FBC0
S3150800DBE0600706D5202005E03442D7D128004C30FE
S3150800DBF0D6E7102000990860FEF752FE0121684A10
S3150800DC001160FEF756FE0220686500F0DBFB09206E
S3150800DC106865C02000066865022000F0D3FB0098FE
S3150800DC200F494018610701D5802100E040210160B5
S3150800DC30A020C0006865082000F0C4FBB001E866B3
S3150800DC402E60E0202865574807604760B0024C49B7
S3150800DC500860000154490860F1BD00003F3F00001C
S3150800DC6000F0FFFF8C3F0000F8B5504800680D270C
S3150800DC7007400424002F00D104274D48022510260A
S3150800DC8008214C4A4C4B1B682340126818D0426046
S3150800DC90394005D00220FEF767FD60034749086052
S3150800DCA03C4007D0464800680643454806602803B6
S3150800DCB0424908600120434908604348056018E066
S3150800DCC00260394005D00220FEF74EFDA0023B490E
S3150800DCD008603C4006D03A4801680E430660680270
S3150800DCE0364908603748056037480560A8062E4952
S3150800DCF00860FFF743FF00210020FEF7C6FCF1BDD0
S3150800DD0020C001A894E001A894D001A8D03E000044
S3150800DD101C1002A810B580202C490A6802400AD0B7
S3150800DD202B4B1A680624144005D15C6E294A2240FA
S3150800DD301B6D9C0101D5002010BD096808400DD057
S3150800DD402548824203D1180501D5012010BD234874
S3150800DD500068C107C90F481E8041C00F10BD204882
S3150800DD6003210164A821C1631021016070470000E6
S3150800DD701C2002A8D80000AA442002A8040000809B
S3150800DD80100002A8FC0302A8182102A8B80002A8DD
S3150800DD90106001A8D84001A8104001A86C1102A87B
S3150800DDA000600C50A00102A8482002A8B44000A8B0
S3150800DDB0F83E00001CC101A8480002A8441002A8A9
S3150800DDC0783F0000F41302A8685000A8440002A88F
S3150800DDD014C001A81F1F0000010C000030C101A8D3
S3150800DDE0082002A86C4800680121084209D16B4A3C
S3150800DDF012686B4B000C1840F03291400B40984269
S3150800DE0001D00220704700207047F8B507000F3888
S3150800DE106A461080604CE0680A0004D16B461B888D
S3150800DE2082B29A423AD200226B461A80012502260D
S3150800DE303A0013D02268324007D000292ED059481C
S3150800DE400088401C5749088000203900216156493E
S3150800DE500E6080B2B84201D369460D8053484560CA
S3150800DE6000E030BF2068304003D1FFF7BBFF002831
S3150800DE70F7D04D484560390010D02168314005D0AB
S3150800DE8048490A886B461B88D2180A800660002013
S3150800DE902061E068B84201D244480660FFF7A2FF55
S3150800DEA0F2BD38B5050000F08FFB0400012199206A
S3150800DEB04543A8093E4A12688018123880B2FFF70F
S3150800DEC0A4FF05008020C0013A490860200000F040
S3150800DED07FFB280032BD3348038835490968028824
S3150800DEE09342F9D1100408187047FEB51238070C8A
S3150800DEF06946088000F068FB0190274C294D288860
S3150800DF00B8421ADA01202C490860274E30BF022091
S3150800DF102168014006D030604003264908602888F9
S3150800DF20401C2880FFF75EFF002802D12988B942E5
S3150800DF30ECDB0121716000280DD12888B8420AD18E
S3150800DF40E06869460988884205D200216846008843
S3150800DF50FFF75BFF01E0FFF745FF04008020C001E3
S3150800DF6014490860019800F033FB2000FEBD10B587
S3150800DF7012490A680E4B1B680C689442FAD0DB01FA
S3150800DF804033141A02D288692418641C0C480068A5
S3150800DF904443181B10BD0000280002A804ED00E049
S3150800DFA0FF3F0000B43E0000282002A8281002A85F
S3150800DFB0340002A880E200E02C1002A820C001A8C4
S3150800DFC0A83F0000F0B502E00A601C602E607EC81B
S3150800DFD04F1C07D05F1C04D06F1CF5D10A601C606B
S3150800DFE0F0BD0A60F0BD000080B5FEF7BDFB01205C
S3150800DFF08249086001BD38B581490C680825814900
S3150800E0000D60FFF7F1FF2C4001D07F48056031BD58
S3150800E01080B5EB2000F001F801BD30B5FE2189017D
S3150800E0200B6818401022134210D0784B784C24689D
S3150800E030224008D0774A14682402FF252D0225407D
S3150800E0401D6300241460802252031A60086030BDE4
S3150800E050F3B5010016001C00002500956E48019ACC
S3150800E060330000270BE0BC464F5D4743AE009E5980
S3150800E0707E40575D47433740664637436D1CA54289
S3150800E080F1D3390939438A080A435108114308402C
S3150800E090C10901430F208A0B0A4302405040F6BDCE
S3150800E0A0F1B582B00E0000205A4908605B4DEF7A40
S3150800E0B0A87A01900F21394000910ED00B46584A94
S3150800E0C058490298FFF7C4FF019901405148016079
S3150800E0D0994841439948084001D1012400E0440188
S3150800E0E0380915D032003B0929000298009E6D7A3E
S3150800E0F075194019FFF7ACFF019909110140454808
S3150800E10002680B0113430360002901D04800444309
S3150800E1108B480068204001D10420FEBD0020FEBDCA
S3150800E12080B50A0000211180864952888018FFF7B9
S3150800E130B7FF02BDF0B50F22834B5C7905780F2037
S3150800E1402040C5402009284001259C79C4402C4020
S3150800E15001D10320F0BD2E4C2468254008D07B4D04
S3150800E1609E684700F65B761E2E608026B601EE6036
S3150800E170DD78DE79C640F00711D5E0060FD5002D0B
S3150800E1800DD0734848600888488008881C780019AC
S3150800E1902A4080185A7880182A09801800E000203A
S3150800E1A008800020F0BD80B56A4801686A4A0820E0
S3150800E1B0014200D09061C90602D586210901116085
S3150800E1C06649674A1368034005D0664B1B689B0F70
S3150800E1D09B0700D008600E480078C023034002D190
S3150800E1E080204005086010682022104008605E48BC
S3150800E1F00068C00101D4FFF70BFF01BD2C4000A841
S3150800E2004C4000A84C6000A84C5000A81C1002A85E
S3150800E210D03E0000A03E000001010101503F000071
S3150800E220083F0000483F0000F8B5504B586F9E6FF6
S3150800E23006404F4830404F4908604F4F02200021A2
S3150800E240012234041FD500923C7E002C07D13C697C
S3150800E2505C60FC687D6964191C603A7606E0FC68B7
S3150800E2605C603C697D6964191C6039767B7E002B8D
S3150800E27000D000917976009B002B04D004233F4CF4
S3150800E28023603F4B186004053E4DF3022BD53B68CF
S3150800E2901F0605D53C490968A9602A70A88016E0BA
S3150800E2A0134203D03948A860AA8010E0D80610D5D2
S3150800E2B02748A860364A907803071B0F12789A18E1
S3150800E2C000091018A880E980A888002809D02643E4
S3150800E2D009E0580604D5281D2E4909688847F3E73A
S3150800E2E0A980FFF795FE264024D0224E746034603C
S3150800E2F0294FA88800280BD03968814208D3291DE0
S3150800E3002648AA6890470100F3D0FFF76DFEF1BDD5
S3150800E31001000CD0FC218902F161194902038A66C1
S3150800E32034600C653A68824204D3CC64F1BDEB20B4
S3150800E330FFF773FEF1BD00001111000021840000F3
S3150800E340043F0000283F0000583F0000204000A876
S3150800E35011210000F84F0000502102A8481002A819
S3150800E360184001A84C4201A8D04000A8404000A887
S3150800E370FFFFDFFFB46000A8D03E0000F41302A838
S3150800E380685000A8A43E00009C3C0000252100001F
S3150800E390593F0000983C0000D44000A8D84000A887
S3150800E3A010B5C409FFF797FD201A312806DAC00010
S3150800E3B0183801D4C01EFDD5002010BD2000FFF777
S3150800E3C094FD10BDC32148436F3801D41E38FDD5CE
S3150800E3D00020704752480121017052490A6842607C
S3150800E3E0496881605049E02252010A608022920001
S3150800E3F04E4B1A60FD224A604D49096801614D4934
S3150800E4004D4A11608121C9004C4A11604C4909687E
S3150800E410C16007204B49086002204B4908607047D5
S3150800E4203F48017800290CD00169414A1160002152
S3150800E4300170C168424A11603A4982684A60406878
S3150800E44008607047FEB5C020C00440490860404CCB
S3150800E450404860654048A0651020FFF7B3FF0028D4
S3150800E4605CD1FF2000053D4908603D483D490860EC
S3150800E4703D48206080256D03384805603B4807689D
S3150800E4800820FFF79FFF002848D10826384806606D
S3150800E4900120FFF797FF35488068019035480660E8
S3150800E4A0354820602D4805600820FFF78BFF0028B7
S3150800E4B034D12F4806600120FFF784FF2B4DA8684A
S3150800E4C000902C4806602D4820600199009800F0BD
S3150800E4D05FF80004FC26B60306400198C10B0098B5
S3150800E4E0C00B00F055F80106FC20800508403043B3
S3150800E4F02349020C4A40FF239B1CD21811400143B2
S3150800E50021602F6080200003144908601D481E49B9
S3150800E51001601E494160FFF783FF0020FEBD000031
S3150800E520883E0000AC0102A8AC1102A8B02102A8DE
S3150800E530F00002A8083E0000F02002A8F01002A889
S3150800E540704001A8706001A8705001A820E000A8DA
S3150800E5504C0102A857140000FF3FFF3FB42002A851
S3150800E5600000380EB41002A810103030104101A86F
S3150800E570105101A8106101A8303010102020202069
S3150800E5803F3F0000A02102A8F703F000FF3F00006C
S3150800E59010B54904CA104004C310991A00209A18E5
S3150800E5A0D30F9A18521052188B115B0E5B18DB1199
S3150800E5B0D2182023541A01D422001843CC0F61180C
S3150800E5C049105B08F6D110BDEFF3108072B670479C
S3150800E5D0002800D162B6704780B5FEF7ABF9A548AA
S3150800E5E0006800030CD4FEF79DFCFFF7C7FAFEF798
S3150800E5F029FC0120FFF79CFAFEF7A7FFFFF710FF9B
S3150800E60080208005FEF744F901BD80B5FEF792F932
S3150800E61080204002FEF73CF901BDF8B5FEF72AF95D
S3150800E620844D05206865FEF72EF99348066801248F
S3150800E630264201D1FEF7FDFA6003C02189018F4AFF
S3150800E6401268D205D20D012A00D108008C4A116041
S3150800E6502860E0058B490860FEF76CF98A4801686E
S3150800E6600091406889490860B005C70F884D0020A9
S3150800E6702860380004D031000098FDF7F9FE0090B4
S3150800E6802868204005D16846FEF70EFB00280BD106
S3150800E69007E0002F05D07F480068204001D0FEF72C
S3150800E6A026FA0098FEF756FB76480460022096493B
S3150800E6B00860C820C0049F4908606004FEF7E8F8AF
S3150800E6C0F1BDF8B59C4F9B4C01259C489C490968AF
S3150800E6D0014081420FD19B48006828400BD09A48D8
S3150800E6E001689A4805606805E063B863014000D18F
S3150800E6F0E06397480560974E306CC00506D58020C4
S3150800E7000006306000BF00BF40083060FEF7E2FB3D
S3150800E710FEF710F9280320603860FDF7F0FC0400C6
S3150800E720A848A9490860A804FEF7B2F8002C01D049
S3150800E73080203060A5480570F1BDF8B5FEF7FAF8F7
S3150800E740FC27BF0138780521014002D0FEF77BF986
S3150800E75001E0FEF785F97F4C01250226386830402E
S3150800E76000D025601020C043994908600020E06366
S3150800E77098490860FEF77EF897480068216C0904F6
S3150800E78007D4000705D5FEF78BF894490E60FEF707
S3150800E79090F8FEF778F8FFF706FD914800680540FF
S3150800E7A00CD0802000068F490968014006D08E49A2
S3150800E7B00968084002D10D20FFF71DFCB004FEF7DA
S3150800E7C067F8F1BD80B5FEF7B5F82A48006800037A
S3150800E7D003D4FEF737FBFEF7B8FE80204003FEF7AA
S3150800E7E057F801BD38B5FEF7A5F85A4C2025FFF7AE
S3150800E7F091FA002806D0606B000704D5FFF7AFFA38
S3150800E800FEF77EFF2560FEF71DFBFEF79EFEFC2049
S3150800E810800100780C210140042902D1FEF713F982
S3150800E82001E0FEF71DF96804FEF732F84020206083
S3150800E83031BD0000081102A880B5FEF71BF80520B7
S3150800E840BE490860FEF71FF8FEF774F8FFF787FA67
S3150800E850FF208001006800906846FEF712FF002836
S3150800E86002D10098FEF77CFF80204004FEF710F8DE
S3150800E87001BD00000C0002A8440002A83C8001A8C3
S3150800E880082102A8442002A8AC3F00009C3E0000D4
S3150800E890843E0000EC0002A8F8B5FEF74BF8A84C39
S3150800E8A0A56A5020284002D0FEF7CDF801E0FEF711
S3150800E8B0D7F8284FFFF72EFA00281BD1B86B400768
S3150800E8C01DD4786BE0214901014018D1A80611D45E
S3150800E8D0FDF7D0FFA56A9B4E354207D0FF20C043FF
S3150800E8E02D18A5628020000597490860FDF7CBFF23
S3150800E8F02E4002D00120386001E0002020608020F0
S3150800E9008004FDF7C5FFF1BD305201A880B5FEF7BA
S3150800E91011F8BE480068C00501D5FEF793FA012034
S3150800E920FFF706F9FEF711FE8020C004FDF7B0FFD9
S3150800E93001BD0000106001A8145001A8400008009D
S3150800E940D03E0000884101A84C4001A8405101A8CA
S3150800E950406101A8100002A810B5FC2080010468D7
S3150800E960FDF7E8FF79490968090326D40321C0069B
S3150800E97001D5214001E0A0080140012902D1FEF796
S3150800E98062F80BE0200107D50E20FFF72DFBA04803
S3150800E9900421016008210160FEF762F89D480169BB
S3150800E9A09D4A11600068002807D04000122802D24C
S3150800E9B0FFF708FD01E0FFF774FA80208003FDF7F2
S3150800E9C067FF10BD70012000B46000A8B63E0000C5
S3150800E9D0482002A8A03E0000844000A824E5035071
S3150800E9E0404101A8D44101A8304001A8F0B585B03E
S3150800E9F001276846077000240394FDF79BFF0490DF
S3150800EA00524D286800036FD40320A5490864A54819
S3150800EA1000680290A44EA5490007000F032804D0F9
S3150800EA2002980004000F06283AD1A14800684A68EF
S3150800EA3003922A6C920701D589680391FFF797FA22
S3150800EA400399401801D5019400E00190A86B0107CD
S3150800EA50C80F0321326B0A40022A1BD1049AD20638
S3150800EA6018D53268D30513D5EF6B924B1F409F42DA
S3150800EA7003D110218A4A11640CE092050AD42A6C43
S3150800EA802823134006D16B461C702F4A116001E0FB
S3150800EA906A461470039068460778002F02D10EE084
S3150800EAA008680190FFF736F9002808D0FFF757F9EC
S3150800EAB00398002802D0FEF723FE00E00027022074
S3150800EAC077490860002F10D03020305C0C210140B7
S3150800EAD0042902D0E86BC00602D5FDF7B4FF01E0B1
S3150800EAE0FDF7BEFF2020686021E0FEF7ABF9802025
S3150800EAF00006154908600020C0436F49086001A850
S3150800EB00FEF7BFFD002812D102980007000F032860
S3150800EB100AD1A86B800507D5A020400031680140BE
S3150800EB20814201D1FDF788FC0198FEF719FE802085
S3150800EB300004FDF7ADFE05B0F0BD00005C1102A8AB
S3150800EB40D83E000000FFFF00481002A80C0002A8EB
S3150800EB50FEB500240194FDF7EDFE584EF06E584DB3
S3150800EB600007000F072807D17068002804D4002082
S3150800EB70FEF7DEFF286841E0012103204A4A736850
S3150800EB805B070BD44F4B1B680B4007D01368DF0598
S3150800EB900BD55B0502D43368DB0503D40191116BF1
S3150800EBA0890904E01021484B1960116B09090840CE
S3150800EBB000900020FEF7BCFF0098002805D1706879
S3150800EBC0C00602D4FDF74CFF01E0FDF73CFF00202C
S3150800EBD00199002903D13D480068FFF7C8F969691A
S3150800EBE0401801D5009400E000906846FEF75CF8EE
S3150800EBF0002805D10098FEF7ADF8A869064908600F
S3150800EC0080200005FDF744FEF7BD0000680102A854
S3150800EC1080E200E0A03F00009C3E0000F8B5FDF74A
S3150800EC2089FE002400252A48466B80277F05300682
S3150800EC3006D5300709D5FFF792F8FEF761FD2AE0F9
S3150800EC40012520480068284019D00020FEF770FFEB
S3150800EC500220064002D01F490C60C8611E4804689D
S3150800EC60002D03D02000FDF7A1FC0400FFF777F87C
S3150800EC702000FEF775FD3800FDF70AFEF1BDFC2001
S3150800EC8080010078C0210140402902D1FDF7DBFE52
S3150800EC9001E0FDF7E5FE20200D490860EBE70000DE
S3150800ECA0082002A8B00002A8D03E0000B43F000029
S3150800ECB00CC101A810000010B46000A8440002A806
S3150800ECC0B03F0000B44000A8481002A81CC101A823
S3150800ECD0100002A8180000AACC3F000000F03CF87B
S3150800ECE002480349486000F053F800BF812D000030
S3150800ECF00000000080B5EFF305800B2801D23A2109
S3150800ED0000E02921FF221632002000F039FAFEE73A
S3150800ED1010B5C20018231340FF249C40E24389071C
S3150800ED20090E9940030004D46E489B089B00C0183E
S3150800ED3006E0A14B0007000F083880088000181865
S3150800ED4003681A401143016010BD80B5732254212F
S3150800ED50002000F015FA01BD10B5FFF735FC624931
S3150800ED6001220A60614B624C2360624C23600323D4
S3150800ED70614C2360614C2360614B1A60614B1A60D9
S3150800ED80614A9F4B1A6011228A63FFF721FC10BD66
S3150800ED90FFF71AFC05000024012160B2FFF7B8FF4F
S3150800EDA0641C0E2CF8D301210F20FFF7B1FF0121B7
S3150800EDB01120FFF7ADFF01211320FFF7A9FF01215D
S3150800EDC01720FFF7A5FF03210120C043FFF7A0FF87
S3150800EDD001211E20FFF79CFF784879490860022028
S3150800EDE0784908600120904908604704764C2069F4
S3150800EDF03840FCD02068800101D4FDF722FD2800A8
S3150800EE00FFF7E6FB714D0AE000281BD0FDF748FD29
S3150800EE1018E020693840FCD03000FFF7D9FB206E97
S3150800EE200004000F022801D1FEF718FAFFF7CCFB01
S3150800EE300600FDF745FD00286878E5D0002801D1D1
S3150800EE40FDF737FD01202978002906D17749096899
S3150800EE50890601D45B49086030BF00212970022168
S3150800EE60584A116070490860D3E7714801684268DA
S3150800EE700A40704810401E490860800703D5A94813
S3150800EE800188491C01807047F8B56B4801684068DD
S3150800EE900840070E3F066948046880256D02F80198
S3150800EEA00DD567480068BC218900884204D12C42E8
S3150800EEB002D0644800688047022063490860634EB0
S3150800EEC0680207420BD070605D480068BC21890063
S3150800EED0884204D1254002D0A5480068804737609B
S3150800EEE0F1BD000000E400E0040002A80000FF3FB6
S3150800EEF0282002A82C1002A840E002A844C002A8B4
S3150800EF0004C001A8044001A820006006F8B5864C94
S3150800EF10206865680540974805608026F6054C4ACE
S3150800EF20B00C95490B68002B10D105420ED0934BB7
S3150800EF305F68FF070AD51B68DB0007D580231B0619
S3150800EF40136000BF00BF16608A4B18609B4F3B7862
S3150800EF50062B0FDA08688C218901014329401BD04A
S3150800EF60FFF732FB00902800FDF76CF90098FFF7D1
S3150800EF702FFB11E00B68526B92050DD5C822D204FF
S3150800EF801A432A4005D0FDF7DBFF2800FDF75AF99A
S3150800EF9002E0AA0200D5086089480068064009D040
S3150800EFA0A80607D5A068000704D53878072801D130
S3150800EFB0FDF72AFAF1BD00001CED00E0FFFF9B40BB
S3150800EFC000E100E0602002A8500002A8B63E00005A
S3150800EFD010B57C48016844680C407B480460802171
S3150800EFE00C4205D04160794801600020FDF72AF9F6
S3150800EFF0600403D5802040057549086010BD0000EF
S3150800F000145001A838B57348016844680C40E007F5
S3150800F01007D5FFF7D9FA0500FDF7AEF92800FFF77F
S3150800F020D7FA6D48046031BD601002A8F40302A83F
S3150800F030280002A8FFFF00C0B44000A8D03E000088
S3150800F040784001A8903C00002C4000A8B46000A8B5
S3150800F050100002A8FEB5614C206C676C07400125BC
S3150800F0602F4216D02E065E48066020685D490D6060
S3150800F070002802D00021FDF7A3FB5B480068A02109
S3150800F080C90188428041C043C00F58494870584852
S3150800F0900660FDF705FC0190022007403ED0616836
S3150800F0A0CEB20F0A53490822474B4403012E24D0F7
S3150800F0B0022E31D1012F22D14F4EF67800964E4EB0
S3150800F0C037780126BE404D4F3E604B4E3678760562
S3150800F0D090277F04F71903263E43494F3E601C607C
S3150800F0E0484B1C600B68009C1B194B654249097804
S3150800F0F08D4045490D6045490DE00090DFE7002F3A
S3150800F1000AD1434E356000254D655C601C60C1041C
S3150800F110404B196040490A60324908600198FDF77A
S3150800F120C8FBF7BDB43E0000104001A870B5FDF756
S3150800F130B7FB0400FFF748FA31490A68D20710D529
S3150800F1402C4A566D1368FB25AD012E60CE686E609D
S3150800F1504968E9818021C904214E3160297B591803
S3150800F1605165FFF735FA2000FDF7A3FB70BD0000D7
S3150800F170943C0000106001A8B03E0000344301A88A
S3150800F180002800D0704770B50C00FDF789FB050014
S3150800F190FFF71AFA0600FDF79DFB204804600121D7
S3150800F1A01F4A1160026C0A40FCD1FDF798FB30003B
S3150800F1B0FFF70EFA2800FDF77CFB70BD7C3E0000C9
S3150800F1C04C4201A890C001A890E001A80CC001A873
S3150800F1D004ED00E0C0C000A8C0E000A800C002A876
S3150800F1E0441002A840E002A8404000A8B63E00002D
S3150800F1F0442002A818800A50C93E000068A00A5098
S3150800F20060C101A894D001A868900A50F42302A806
S3150800F21060E101A880E200E0F41302A8008009502A
S3150800F22040900950232D302B2000686C4C006566F1
S3150800F2306745464700303132333435363738394139
S3150800F240424344454600303132333435363738394F
S30D0800F250616263646566000053
S30D0800F258D80FFF7F010000003A
S3110800F2606CF20008602300205700000034
S3150800F26C0000000000000000FFFF000024B70008A3
S3150800F27C00000000FFFFFFFFFFFFFFFF80230020B9
S3150800F28C7C1B00203CBD000802000000590B00083E
S3150800F29C0000000000000000000000000000000054
S3150800F2AC0B0000007C1B0020FFFFFFFFC0EA2101BA
S3150800F2BCC0EA210100800000C01753020A00E40CC2
S3150800F2CC0A000000C024002069A1000848BF0008F5
S3150800F2DCFFFFFFFF3DA3000839A30008FFFFFFFF50
S3150800F2ECFFFFFFFF41A30008FFFFFFFFB7A60008BB
S3150800F2FCE1A60008FFFFFFFFFFFFFFFFFFFFFFFF71
S3150800F30CFFFFFFFF0040005A00C0035000400050AA
S3150800F31C00800050E5710008B9680008B56400085B
S3150800F32C09650008656700087967000851680008D0
S3150800F33C6D6900085569000855630008A16800083E
S3150800F34C00000000000000003B2D000050240020A7
S3150800F35C00000000982100200022002068220020CE
S3150800F36C0000000000000000000000000000000083
S3150800F37C0000000000000000000000000000000073
S3150800F38C0000000000000000000000000000000063
S3150800F39C000000000000000000000000FFFFFFFF57
S3150800F3AC0C00000000002801FF0CFFF0FF00000015
S3110800F3BC0D020008AD020008E50100087B
S70508000D8164
