S01B00004E6574416E616C797A65725F464732335F5630312E73333705
S3150800000000080020CD0D000831960008319600083A
S3150800001079A1000831960008319600083196000843
S315080000203196000831960008319600083196000886
S315080000303196000831960008319600083196000876
S315080000403196000831960008319600083196000866
S315080000503196000831960008319600083196000856
S31508000060319600083196000831960008950C00086C
S31508000070850C00083196000831960008319600086C
S315080000803196000831960008319600083196000826
S315080000903196000831960008E514000831960008E4
S315080000A03196000831960008BD1000089510000822
S315080000B03196000831960008257E0008E188000878
S315080000C0B5A80008B1A8000895800008CBA80008C4
S315080000D0B9A80008B1880008BDA800084589000825
S315080000E07D89000831960008319600083196000887
S315080000F031960008319600083196000831960008B6
S3150800010031960008319600083196000831960008A5
S315080001103196000831960008319600083196000895
S315080001203196000831960008319600083196000885
S315080001303196000831960008319600083196000875
S315080001403196000831960008319600083196000865
S31508000150319600083196000889B4000889680008B5
S31508000160319600083196000857A800085DA80008CF
S3150800018070470000000000000000000000000000AA
S315080001900000000000000000000000000000000051
S315080001A00348044B834202D0034B03B118477047F8
S315080001B0BC240020BC24002000000000064B074990
S315080001C0C91A891048BF0131491003D0044B0BB135
S315080001D001481847704700BFBC240020BC240020F3
S315080001E00000000010B5064C237843B9FFF7D8FF86
S315080001F0044B13B10448AFF300800123237010BDEC
S31508000200FE2200200000000034F3000808B5054B64
S315080002101BB105490548AFF30080BDE80840FFF764
S31508000220CDBF00BF00000000400A002034F30008DC
S31508000230A3F5803A704700BF174B002B08BF134B36
S315080002409D46FFF7F5FF00218B460F461348144AD3
S31508000250121A0AF081FB0E4B002B00D098470D4B63
S31508000260002B00D098470020002104000D000D48FF
S31508000270002802D00C48AFF3008008F091FD20005A
S31508000280290009F0F5F808F06BFD00BF000008002A
S315080002900000000000000000000800200008002000
S315080002A040230020000000000000000000B583B0D5
S315080002B00B4B4FF080625A66012304220921022063
S315080002C002F05EFB0023019302E0019B01330193D8
S315080002D0019A49F63F439A42F7D903B05DF804FB01
S315080002E00090005030B587B000F0D2F8042143489A
S315080002F009F0A6F80023ADF81030ADF8143005A9BA
S3150800030004A800F023FA002830D03D493D4809F0FA
S3150800031097F842F6B112BDF810103B4809F090F86C
S315080003204FF20852BDF81410384809F089F800232E
S31508000330ADF80E300493059305AA04A90DF10E0035
S3150800034000F004FBA0B12E494EF67D330193BDF8AB
S315080003500E3000934FF40C73049A2D4809F070F888
S31508000360059B0BB1049B2BB907B030BD2949CDE7D6
S315080003702849E9E7284809F063F80AF02FFE0546F8
S315080003800499059800F0B6F80AF028FE04462348B2
S3150800039009F056F80AF03CFE641B054660B3E20E07
S315080003A063011B1B62F10002520242EAD3525B024E
S315080003B01B1942F10002910141EA93619801C01AA2
S315080003C061EB020100192A464FF0000341F10001D2
S315080003D008F036FB034622461149124809F030F860
S315080003E000F0A0F8044600F097F80346224629468E
S315080003F00D4809F025F8B7E70346ECE710B50008FD
S3150800040000B5000860B500087CB50008A4B500086A
S31508000410CCB5000808B500080CB600081CB60008DC
S315080004202CB6000838B6000878B6000831B300B50F
S315080004308E46144B1B889BB2134A128892B29B1A9B
S31508000440C3F30A03C3F5FF6307338B4218D30D4B77
S315080004501B889BB2002208E010F802C00B4901F87D
S3150800046003C00133C3F30A0301327245F4D3BFF361
S315080004705F8F044A138001205DF804FB0120704752
S315080004800020F9E7E2220020E02200205C0A002092
S315080004900023034A1380034A1380034A13607047F4
S315080004A0E2220020E0220020580A00200CE00D4A33
S315080004B013889BB20C49C95C0C4B596413889BB2D0
S315080004C00133C3F30A031380064B1A8892B2084B0A
S315080004D01B889BB29A4204D0044B9B6C13F0400FC6
S315080004E0E5D17047E02200205C0A00200000015B8D
S315080004F0E222002060B110B50C4601B910BDFFF725
S3150800050095FF0028FAD1034A136823441360F5E7D8
S31508000510704700BF580A0020014B1868704700BF93
S31508000520580A0020044B188880B2044B1B889BB2DB
S31508000530C01AC0F30A007047E2220020E022002019
S31508000540F0B597B00023059305AB402206A92B48C2
S31508000550006809F06FFB10B90446059B8BB917B004
S31508000560F0BD9DF80850BDF80A60BDF8107000F09F
S31508000570EBFA00903B4632462946214808F060FFD0
S315080005800134059BA342EAD902A904F158036B4436
S3150800059013F8400C00F020FA01380428F0D801A31B
S315080005A053F820F063050008D3050008E1050008A4
S315080005B0B9050008EF050008BDF81050BDF812602F
S315080005C000F0C2FA0346324629460E4808F038FFBC
S315080005D0D6E700F0B9FA01460B4808F031FFCFE735
S315080005E000F0B2FA0146094808F02AFFC8E700F009
S315080005F0ABFA0146064808F023FFC1E7A42300200A
S31508000600ACB60008E4B6000818B7000854B70008E6
S3150800061084B7000838B5FFF749FF0AF0DFFC0F4B2F
S315080006201A685B68904271EB030302D2FFF788FFF2
S3150800063038BD05460C460A4B196801311960094848
S3150800064008F0FEFE4FF47A700AF0E8FC401944F10F
S315080006500004024B18605C60E8E700BF0008002051
S315080006605C120020A4B7000810B414460CE0094B2D
S31508000670A3FB01C3DB089C4603EB8303A1EB4303FF
S31508000680013C303303556146002CF0D110445DF827
S31508000690044B7047CDCCCCCC13467AB110B401F0DC
S315080006A00F0C013B064C14F80CC000F803C00909EE
S315080006B0002BF4D110445DF8044B70471044704782
S315080006C0D0B7000838B51D4A1368013313600124F2
S315080006D008E0012B18D9631C194AD35C542B13D094
S315080006E00134A4B2174B1D88A5420DD9144B1B5DC6
S315080006F0532BF5D12B1B9BB2052BEAD91048204466
S3150800070008F00CFF0028EBD0A54205D800230D4AB7
S3150800071013800D4A137038BD2D1BADB208482A4602
S3150800072001190AF0FFF8074B1D80012D03D9022293
S31508000730054B1A70EFE70122FAE700BF60120020A6
S3150800074064120020E4220020FF22002070B506462D
S315080007500D4609210C4808F006FF044603210B48FC
S3150800076008F001FF06B1348005B1288042F6B113BE
S315080007709C4201D0002070BD4FF20853984201D028
S315080007800020F8E70120F6E7C4B70008C0B700085C
S31508000790002800F0CC802DE9F04715460746002AC8
S315080007A000F0C780B1F50C7FC0F0C580B2F818A07C
S315080007B05369002B6AD0BAF1F30F6AD8B8465323A7
S315080007C008F8023B54237B70BE1D52237B710A2214
S315080007D029683046FFF748FF2C2400F8014B03220E
S315080007E0A988FFF741FF0470B5F90610002953DB05
S315080007F02B2343700029B8BF4942032289B202302D
S31508000800FFF732FF2C2400F8014B0322297AFFF761
S315080008102BFF00F8014B6B7A002B3FD04849042286
S3150800082008F030FE2C2400F8014B0222A97AFFF7C3
S3150800083033FF00F8014B0222E97AFFF72DFF00F893
S31508000840014B0222297BFFF727FF00F8014B022202
S31508000850697BFFF721FF00F8014B0422E989FFF7BE
S315080008601BFF00F8014B0222297CFFF715FF00F851
S31508000870014BD14603225146FFF7F6FE00F8014B1D
S31508000880831B352B5AD1044600231DE04FF0000A7E
S3150800089094E74FF0F30A91E72D23AAE72949BEE723
S315080008A06A69D25C1209DFF8A0C01CF80210224659
S315080008B002F8021B6969C95C01F00F011CF80110F6
S315080008C0617001339BB214469A45E9D802E02023A9
S315080008D004F8013B231AB3F5F37FF8D34FEA49012D
S315080008E0032235314046FFF7BFFE02E0202304F815
S315080008F0013BA31BB3F5077FF8D3002303E02022AF
S3150800090004F8012B0133072BF9D94FF40A71404635
S3150800091008F029FE014604222046FFF7BDFE0346DD
S31508000920452203F8022B44224270D81B04E000201B
S315080009307047002000E00020BDE8F0870020FBE7B4
S31508000940B4B7000808B50008D0B70008F0B589B0F4
S3150800095007460E4615460DF1040C1C4C0FCCACE8A8
S315080009600F0094E807008CE8070001AA4FF40C7101
S315080009701748FFF70DFFB0F50C7F1CD0002207B112
S315080009803A8006B130600DB1114B2B60B0F50C7F83
S3150800099014D0002009B0F0BD303B9BB243EA0212E6
S315080009A092B201310329EADC0A4B5B5C402BF3D98E
S315080009B0373B9BB2F2E700210A46F3E74EF67D3352
S315080009C09A4201D00020E5E70120E3E7E4B70008F2
S315080009D094140020BE1600200346574A107848B3E0
S315080009E070B582B00C4601282FD054490A88551C88
S315080009F0ADB20D8052498B54062D41D0B5F50C7F0A
S31508000A00C0F0978044B14E4B5A7922700633636022
S31508000A100023638023816381494B93F82E32452B4B
S31508000A2004D1474B93F82F32442B3BD0FFF74AFEAD
S31508000A30032013E0532B00D07047414A137001235B
S31508000A403E4A13803C4A13707047542B08D0532BE8
S31508000A500FD00020394B1880374B187002B070BD84
S31508000A60374A53700223354A1380334A13700020DD
S31508000A70F4E7334A1370314B01221A800020EDE760
S31508000A80084608F04BFD0028B8D13CB12C4B5B79E1
S31508000A90237000236380636023816381FFF712FE5E
S31508000AA00220DBE7274E4FF40A71304608F05BFD5B
S31508000AB005460023ADF806300DF1060106F50A7065
S31508000AC008F0FCFC1CB12581BDF80630638130B105
S31508000AD0BDF80630AB4202D1022200230CE0FFF734
S31508000AE0F1FD0420BAE703EB83035B009BB20344E2
S31508000AF09BB2303B9BB20132042A0ADC1049885C5F
S31508000B00A0F13001C9B20929EDD9FFF7DBFD0520AF
S31508000B10A4E7B3F5077F08D804B163800023074A22
S31508000B201380054A1370012098E7FFF7CBFD0520CF
S31508000B3094E7002092E700BFFF220020E42200206D
S31508000B406412002066120020014B1868704700BF27
S31508000B50601200200023062073B1704754B224B9EE
S31508000B60013353B15DF8044B70470228F8D0086882
S31508000B700A4908601046F3E710B4094A52F82310E8
S31508000B800A7A022AEAD9032AEAD1441EE4B2012CD7
S31508000B90E6D90868014908601046E1E7C41600204E
S31508000BA07C23002010B5A2B0202200211AA809F043
S31508000BB0D3FE2B4B1A934FF4E1331C9302238DF883
S31508000BC07530284A1E9201248DF87D408DF87E40A6
S31508000BD08DF87F408DF88030002115911691179178
S31508000BE0189119914FF4801315931F4B199310916F
S31508000BF011911291139114911C4B10931C4B149341
S31508000C003C2201A809F0A8FE0DF1040E0DF1540CC2
S31508000C10BCE80F00AEE80F00DCF80030CEF8003074
S31508000C200DF1180E0DF1400CBCE80F00AEE80F00F0
S31508000C30DCF80030CEF800300E4B0B934FF480638F
S31508000C400C938DF835408DF836400B4B0F930B4BB4
S31508000C501AAA01A90A4802F0EBFB22B010BD00BF90
S31508000C60D8BF0008C8BF00083C00015B010010009F
S31508000C704400015BC816002090230020C81A0020F3
S31508000C807C1B002008B5024809F061F808BD00BFC2
S31508000C907C1B002008B5024809F059F808BD00BFBA
S31508000CA07C1B002010B58EB02422002105A809F06F
S31508000CB053FE334B0593334B1B88ADF82430324B28
S31508000CC01B88ADF82630314B1B680B93304B1B68DD
S31508000CD00C93304A05A9304803F0A8F800B1FEE79E
S31508000CE02E4B1C682E4A21462B4B186803F054F9E4
S31508000CF000B1FEE74CB12146274B186809F0C9FA3E
S31508000D0001464FF6FF73984206D10021224B186818
S31508000D1008F06EFF38B1FEE71F4B186803F080FA3B
S31508000D200028F2D0FEE71F491B4B186803F0BCFAEF
S31508000D3000B1FEE76FF0C00240F2FF33CDE90023B1
S31508000D404FF0FF324FF0FF331349086809F0EAFA0B
S31508000D5000B1FEE7144B1B88ADF81030ADF80C3027
S31508000D6004A90D4B186809F0C5FA00B1FEE703A9F6
S31508000D70094B186809F0D4FA00B1FEE70EB010BDA9
S31508000D802196000832C0000830C0000838C00008A4
S31508000D9034C0000803960008A82300206C2300200E
S31508000DA00D9600080700110020BE000808B5044883
S31508000DB0044A121A9210044908F03BFC08BD00BF09
S31508000DC080010008A00100084023002008B5154B43
S31508000DD083F30A8800F030F8FFF7E8FF124A0AE0C2
S31508000DE01068516850F8230041F8230001339168D0
S31508000DF08B42F5D30C320D4B9A4201D20023F6E70B
S31508000E000B4A08E01168002041F8230001335168B5
S31508000E108B42F7D30832074B9A4201D20023F6E7F2
S31508000E20FFF70AFA000000203CF3000848F3000820
S31508000E3048F3000848F3000870B5134B134A9A6044
S31508000E40D3F8882042F47002C3F88820104A4FF479
S31508000E50804191660F4D05F500544FF0FF3222662A
S31508000E600D4A62660222C3F8D020BFF34F8FBFF344
S31508000E706F8F002002F09AFA4FF44036E6600020A1
S31508000E8008F0D0FE2E6170BD00ED00E000000008FD
S31508000E9000900050008000447FFF7F01014B1860DE
S31508000EA0704700BFB023002008B5064B1860064BF4
S31508000EB01B6F03F00703032B00D008BD09F09AFE49
S31508000EC0FBE700BFB82300200080005010B5044699
S31508000ED00FE00123834024EA03040F2814D800EB0B
S31508000EE040020E4B03EB82035A6812B19968C0B2EE
S31508000EF0904794B1234600201F28EAD813F0010F23
S31508000F00E7D101305B08F7E7103800EB40039B0098
S31508000F10B033024A13440433E6E710BD981B002099
S31508000F2008B50D480AF07DF91A2002F02FFA28B9FB
S31508000F301B2002F02BFA40B9002008BD1A2002F047
S31508000F4035FA1A2008F06EFEF2E71B2002F02EFA98
S31508000F501B2008F067FEEFE7C4BF00082DE9F04143
S31508000F6070B30C46174605460F292BD803784BB1A4
S31508000F70022B20D0032B21D0012B01D0002303E024
S31508000F800F2301E040F2FF736A78D34013F0010F94
S31508000F901AD00F4BD3F81063C6B90AF035F9804654
S31508000FA03A462146284601F033FE40460AF027F91C
S31508000FB03046BDE8F08140F2FF33E5E73F23E3E73B
S31508000FC02226F5E72126F3E72126F1E70226EFE7B1
S31508000FD000C0035040B310B5044603784BB1022B4A
S31508000FE01DD0032B1ED0012B01D0002303E00F23B5
S31508000FF001E040F2FF736278D34013F0010F15D079
S315080010000AF002F9237862780121914003EB430341
S315080010101B01074AD1500AF0F2F8002010BD40F231
S31508001020FF33E8E73F23E6E7222070472120F5E76C
S3150800103040D0035040B310B5044603784BB1022B99
S315080010401DD0032B1ED0012B01D0002303E00F2354
S3150800105001E040F2FF736278D34013F0010F15D018
S315080010600AF0D2F8237862780121914003EB430312
S315080010701B01074AD1500AF0C2F8002010BD40F201
S31508001080FF33E8E73F23E6E7222070472120F5E70C
S3150800109040E0035008B5084BD3F82404D3F82024BD
S315080010A0104000F0553020F0502003F50053C3F8E7
S315080010B02004FFF70BFF08BD00C0035008B5084B16
S315080010C0D3F82404D3F82024104000F0AA3020F0E6
S315080010D0A02003F50053C3F82004FFF7F7FE08BD68
S315080010E000C00350F0B585B00C4694469DF8341000
S315080010F0664A1278002A00F0BD800546BCF1070F43
S3150800110000F2BA800A9A002A00F0B8800B9A002AE0
S3150800111000F0B6800E9AB2F5006F00F3B38001288E
S315080011205BD05B4A02EB0C12127B002A00F0AC8003
S3150800113000220092019202920392564A02EB4C1E3A
S31508001140002C4FD14FEA4C1600209051CEF80400DF
S31508001150CEF80800CEF80C009EF8020040F0100009
S315080011608EF802009EF8030040F030008EF8030067
S3150800117021B9C1B241F003018EF8031000930E9B0A
S31508001180013B444A4FEA4C1002EB4C11165A63F3E2
S315080011900E1616520A9B8B600B9B4B60CB789DF8FC
S315080011A03C2062F38303CB70012D36D0109B002BB5
S315080011B056D0374A4FEA0C1102EB0C1310985050D0
S315080011C0119A5A6000249C605D73724669466046AF
S315080011D001F07AFC204605B0F0BD0C9A002AA0D191
S315080011E02D48F8E72B4F4FEA4C1607EB4C12002018
S315080011F0B85150609060D060907840F010009070C0
S31508001200D07840F00300D0700029B7D107EB4C1214
S31508001210C1B241F03001D170B0E70E460A7B42F008
S3150800122001020A73D2B242F002020A73CA680421A2
S3150800123061F39F02F26006F1100796E80F0087E84F
S315080012400F00F2696FF0030161F39F02F2610C9BD4
S315080012507361012CAAD10B9AB2610C9A7260A5E748
S31508001260002DA6D10B4B03EB4C139A786FF304129F
S315080012709A709EE70948AEE70748ACE70648AAE72A
S315080012800548A8E70448A6E70548A4E70023002080
S31508001290001E0020001D0020018000F0028000F0E2
S315080012A0078000F0134B1B78FBB110B50446F0B16C
S315080012B009F0AAFF0023072B13D80F4A02EB0312E3
S315080012C0127B0AB10133F6E723600B4A190102EBD8
S315080012D0031301241C730024545009F090FF204680
S315080012E002E009F08CFF054810BD0548704705481F
S315080012F0FAE700BF00230020001E0020048000F04B
S31508001300028000F0018000F038B509F07DFF044640
S315080013100023072B06DC0C4A02EB0312127B12B9D8
S315080013200133F6E7002222B1204609F068FF074894
S3150800133038BD01F075FB0025054B1D70204609F0E8
S315080013405EFF2846F4E700BF001E0020058000F077
S31508001350002300200F4B1B78BBB110B504460728A5
S3150800136015D809F051FF0C4B03EB04131B7B1BB973
S3150800137009F045FF09480BE0074B03EB041300246B
S315080013801C7309F03CFF204602E0054870470548F3
S3150800139010BD00BF00230020001E0020068000F0BC
S315080013A0028000F0018000F000B583B0134B1B6883
S315080013B0019300238DF8043009F026FF104B1B78A3
S315080013C033B90F4B01221A7009F019FF002309E0FF
S315080013D009F015FF0B480EE00B4A02EB0312002139
S315080013E011730133072BF7DD08238DF8073001A8A1
S315080013F001F03AFB002003B05DF804FB24BE0008A8
S3150800140000230020038000F0001E002010B5104CB9
S315080014102478BCB1072817DC0E4C04EB0014247B97
S31508001420A4B10C4C4FEA001E04EB001C44F80E3025
S31508001430029BCCF804300024CCF8084001F044FBA9
S31508001440204610BD0448FCE70448FAE70448F8E7D4
S3150800145000230020001E0020028000F0018000F01A
S31508001460078000F008B50A4B1B785BB107280BD834
S31508001470084B03EB00131B7B43B1002101F0E6FA8E
S31508001480002008BD0448FCE70448FAE70448F8E7E2
S3150800149000230020001E0020028000F0018000F0DA
S315080014A0078000F008B50A4B1B785BB107280BD8F4
S315080014B0084B03EB00131B7B43B1012101F0C6FA6D
S315080014C0002008BD0448FCE70448FAE70448F8E7A2
S315080014D000230020001E0020028000F0018000F09A
S315080014E0078000F0F8B5194B1F6D5B6D1F4002D4DD
S315080014F00125002402E0FEE701346D00072C24D8FC
S315080015003D42F9D0124B1D652301124AD358002BD0
S31508001510F2D002EB0416B1680131B1607268204658
S31508001520984780F00100C0B2737B012BE4D10028F4
S31508001530E2D0094B03EB44131A7B6FF341021A738B
S315080015401A7F6FF341021A77D6E7F8BD00000450F8
S3150800155000200450001E0020001D002038B5054656
S315080015600C46164BD3F8283103F00703013B052B2D
S3150800157020D8DFE803F003131B0F0B1709F014FB41
S31508001580052305B1286004B1236038BD09F00CFBBA
S315080015900623F6E709F052FB0723F2E709F044FBB6
S315080015A00323EEE709F040FB0423EAE709F038FBDA
S315080015B00223E6E700231846E3E700BF0080005051
S315080015C030B583B005460C4600230193154BD3F876
S315080015D0203203F00703042B21D8DFE803F0030BBE
S315080015E011161B0001230DB1019A2A6004B123606C
S315080015F003B030BD002101A8FFF7B0FF1123F2E7C1
S3150800160009F01CFB01900723EDE709F0E9FD0190BD
S315080016100A23E8E709F05CFB01900923E3E70023C6
S31508001620E1E700BF0080005038B505460C460F4B71
S31508001630D3F8503203F00303022B12D0032B08D041
S31508001640012B0AD00023184605B1286004B123608F
S3150800165038BD09F0C8FD0B23F6E709F0C1FD0A23DA
S31508001660F2E709F035FB0923EEE700BF00800050DA
S3150800167038B505460C460C4BD3F8903203F00303F5
S31508001680012B05D0022B07D109F0D8FA072305E06C
S3150800169009F0C6FA022301E00023184605B12860BE
S315080016A004B1236038BD00BF00800050024B4FF4E0
S315080016B080321A67704700BF00900050204B98424E
S315080016C036D009D91F4B984236D01F4B984222D1A3
S315080016D01E4BD3F8D0007047A3F5B703A3F558639C
S315080016E0984221D006D91A4B984212D1174BD3F8F3
S315080016F0BC007047174B984202D0174B984203D14B
S31508001700124BD3F8A0007047144B9842F8D000202B
S31508001710704700207047124B984203D10B4BD3F801
S31508001720C800704700207047084BD3F8B8007047C8
S31508001730064BD3F8C0007047044BD3F8CC0070476B
S31508001740C0EA21010048E801005A62020080E00F61
S315080017500024F40080841E0000093D0040420F006A
S3150800176080BA8C0138B505460C46104BD3F80001F3
S3150800177000F00300032815D8DFE800F002080C1073
S31508001780012305B1286004B1236038BD09F04CFA7D
S315080017900323F6E709F09CFA0923F2E709F04AFA67
S315080017A00823EEE700231846EBE700BF0080005049
S315080017B038B505460C46174BD3F8200100F007004C
S315080017C0062823D8DFE800F0040A0E16121A1E00AF
S315080017D0012305B1286004B1236038BD09F0E4F996
S315080017E00523F6E709F020FA0323F2E709F026FABB
S315080017F00723EEE709F014FA0223EAE709F0D4F919
S315080018000623E6E709F010FA0423E2E70023184660
S31508001810DFE700BF0080005038B505460C46104B80
S31508001820D3F8400100F00300032815D8DFE800F0DC
S3150800183002080C10012305B1286004B1236038BDE5
S3150800184009F0CEFC0A23F6E709F042FA0923F2E783
S3150800185009F0C9FC0B23EEE700231846EBE700BFA7
S315080018600080005030B583B005460C46002301932E
S31508001870144BD3F8603203F00703013B032B1FD840
S31508001880DFE803F0020E1914002101A8FFF790FF04
S315080018900F230DB1019A2A6004B1236003B030BD4D
S315080018A0002101A8FFF7B8FF1023F2E709F0C6F9EF
S315080018B001900723EDE709F0B3F901900223E8E761
S315080018C00023E6E70080005030B583B005460C4695
S315080018D0002301930C4BD3F8703203F00303012B5A
S315080018E009D0022B0DD114230DB1019A2A6004B137
S315080018F0236003B030BD002101A8FFF78DFF102338
S31508001900F2E70023F0E700BF0080005038B505462F
S315080019100C46104BD3F8600100F00300032815D8D5
S31508001920DFE800F002080C10012305B1286004B1B5
S31508001930236038BD09F054FC0A23F6E709F0C8F914
S315080019400923F2E709F04FFC0B23EEE700231846BC
S31508001950EBE700BF00800050324B984252D029D89E
S31508001960314B984248D009D9304B984247D0304B32
S3150800197098421DD12F4BD3F8800070472E4B9842C2
S3150800198037D005D92D4B984210D12A4B186F70477E
S315080019902B4B984202D02B4B984202D1254B986D7F
S315080019A07047294B9842F9D00020704700207047AD
S315080019B000207047254B98422CD00CD9244B9842CE
S315080019C02CD003F5740303F5105398420FD1194B25
S315080019D0D3F8980070471F4B984217D01E4B984271
S315080019E003D1144BD3F88C007047002070470020B1
S315080019F07047104B586E70470E4B586F70470D4B1B
S31508001A00986F70470B4BD3F884007047094BD3F88F
S31508001A1088007047074BD3F890007047054BD3F8FA
S31508001A20940070470048E8010024F400C0EA210148
S31508001A3080BA8C010080E00FC0CF6A00405DC60006
S31508001A4080841E0000093D0040420F00007E5603B8
S31508001A500090D00380D54302006CDC0270B582B0DA
S31508001A6006460D4600230193104BD3F8804104F037
S31508001A700304022C16D0032C0FD0012C07D0002407
S31508001A800EB1019B336005B12C6002B070BD002118
S31508001A9001A8FFF78DFE0F24F2E709F0CFF80190B1
S31508001AA00724EDE709F0BCF80190E9E7008000504B
S31508001AB038B505460C46104BD3F8400200F0030033
S31508001AC0032815D8DFE800F002080C10012305B139
S31508001AD0286004B1236038BD09F082FB0A23F6E7C3
S31508001AE009F0F6F80923F2E709F07DFB0B23EEE788
S31508001AF000231846EBE700BF0080005038B50546BE
S31508001B000C46134BD3F8000200F0070004281BD834
S31508001B10DFE800F003090D111500012305B128605F
S31508001B2004B1236038BD09F05BFB0A23F6E709F028
S31508001B30CFF80923F2E709F056FB0B23EEE709F085
S31508001B4059F8800A0E23E9E700231846E6E700BF9E
S31508001B500080005038B505460C46134BD3F80802EA
S31508001B6000F0070004281BD8DFE800F003090D1170
S31508001B701500012305B1286004B1236038BD09F0BA
S31508001B802FFB0A23F6E709F0A3F80923F2E709F081
S31508001B902AFB0B23EEE709F02DF8800A0E23E9E766
S31508001BA000231846E6E700BF00800050B0F5207F06
S31508001BB020D00ED8B0F5007F16D020D810B1B0F5D9
S31508001BC0C07F04D10F4B186FC0F3033018E0002014
S31508001BD016E0B0F5607F05D10A4BD3F88000C0F354
S31508001BE001100DE000200BE0064BD3F89000C0F37F
S31508001BF0046005E0034B186FC0F3802000E0002066
S31508001C00013070470080005038B505460C46174B22
S31508001C104FF480329A660020FFF7C8FF05FB00F0F4
S31508001C20134BDA6902F4803241F67131D9635B6885
S31508001C3023F440136CB90F49884207D800210B4397
S31508001C400B494B600AB10022CA6338BD4FF48011B4
S31508001C50F5E7002C07DD0849884201D80021EEE7A0
S31508001C604FF48011EBE74FF44011E8E7009000507D
S31508001C7000000350005A6202002D3101430905D0C5
S31508001C80012B0DD0022B0DD0002200E0002200F01F
S31508001C901F0049B102F58052012383401360704743
S31508001CA0034AF4E7034AF2E702F50052F4E700BFF5
S31508001CB0648000506880005008B5802007F030FD29
S31508001CC0034B984203D8034B4FF480321A6708BD7A
S31508001CD0005A620200A0005000B583B000230193A9
S31508001CE0B0F5807F00F0AF8011D9B0F5086F00F02D
S31508001CF0B48044D9B0F5286F00F0C38069D9B0F52F
S31508001D00306F79D101A90020FFF7B2FC75E0802871
S31508001D1073D8242871D324385C286ED8DFE800F0FD
S31508001D204C4C4C4C4C6D446D98546D6D6D6D6D6D91
S31508001D306D6D6D6D6D986D6D6D39A76D6D6D6D6D94
S31508001D406D6D6D6D6D6D6D6DAC4C6D6D6D676D6D9D
S31508001D505FB1A277776D6D6D6D6D6D6D6D6D6D6D26
S31508001D606D6D6D6D6D6D6D6D6D6D6D6D6D6D6D6D95
S31508001D706D6D6D6D6D6D6D6D6D6D6D6D7C00B0F518
S31508001D80C06F65D00AD9B0F5E06F70D0B0F5F06FC6
S31508001D9017D101A90020FFF7B9FD2EE0B0F5A06F15
S31508001DA060D0B0F5B06F04D101A90020FFF756FE48
S31508001DB023E0B0F5806F20D101A90020FFF7F8FCD9
S31508001DC01BE0B0F5D06F18D101A90020FFF796FEE9
S31508001DD013E0B0F5186F4FD0B0F5206F04D101A904
S31508001DE00020FFF73FFD08E0B0F5106F05D101A907
S31508001DF00020FFF7AFFE00E003D2019803B05DF8BC
S31508001E0004FBB0F5386F23D0B0F5406FF5D101A9C2
S31508001E100020FFF7A3FBF0E71C4B1B6F03F007033B
S31508001E20013B032BE9D8DFE803F00B02050805237D
S31508001E300193E2E703230193DFE708230193DCE735
S31508001E4002230193D9E701A9002007F044FCD4E74F
S31508001E5001A90020FFF7E0FCCFE701A90020FFF762
S31508001E6081FCCAE701A90020FFF7AAFBC5E701A97B
S31508001E700020FFF71DFEC0E701A90020FFF7D4FBED
S31508001E80BBE701A90020FFF71FFDB6E70080005059
S31508001E90094B596E03F580534FF480325A66074A48
S31508001EA0536A23F00103536211F4803F03D1044BB4
S31508001EB04FF480325A6670470080005000C00750C1
S31508001EC000A0005038B504468020FFF705FF032818
S31508001ED000F0B580604B4FF480125A665F4B45F6AA
S31508001EE00E02C3F8802003F580524FF0A06191627C
S31508001EF003F500534FF480329A62584B9B6D13F4E6
S31508001F00803FFAD1554B9B6D13F0804FFAD122686A
S31508001F1063681B0543EA0263227B43EA0243627B4A
S31508001F2043EA0233A27B43EA8213E27B13434B4D17
S31508001F302B61AB6903F00043226943EA8263626955
S31508001F4043EA0263227E43EA0243627E43EA0223AD
S31508001F50A27E1343AB614FF400624FF440614048E0
S31508001F6007F0A0FB2B6A23F00F03E269002A46D18B
S31508001F7011460B43E17E43EA81031A43374B1A6243
S31508001F80E369002B3DD1354A916A364B0B4094F8EC
S31508001F90201043EA411394F8211043EA011394F8F8
S31508001FA0241043EAC10343F4803393622B4B9A6DA2
S31508001FB02D4B9343FAD1294A02F580514FF080738D
S31508001FC08B62136923F47003A06843EA0053136114
S31508001FD04FF000438B6194F822301BB9234B4FF026
S31508001FE080729A6294F8233013BB204B4FF48032E8
S31508001FF09A621A4B9B6D13F0804FFAD118E00821AC
S31508002000B7E7022B1CD0154A916A164B0B4094F879
S31508002010201043EA411394F8221043EA016394F826
S31508002020241043EAC10394F8231043EA0143936258
S3150800203094F825301BB1094B0D4AC3F8802038BDEA
S31508002040064B00221A619A614FF408524FF47F41F9
S31508002050084807F027FBD6E7009000500040005AD2
S315080020603840005AC7FFFEFE030001000060005A10
S31508002070F1A7FFFF3440005A014B93F9000070475F
S31508002080A6240020014B1880704700BF9C2400201E
S31508002090B0F5207F48D02DD8B0F5007F39D04CD880
S315080020A010B1B0F5C07F24D110B54C1E07F031FB36
S315080020B007F01CFDFFF7FAFA204A136F23F4704362
S315080020C043EA0433136708F095FD1D4BD3F88430B3
S315080020D013F0100FF9D11A4BD3F88410C1F38111FC
S315080020E0C1F1020107F0F7FC00F040F8FFF7E4FD44
S315080020F010BD7047B0F5607F0AD101390F4AD2F892
S31508002100803023F0300343EA0113C2F88030704769
S3150800211070470139094AD2F8903023F0F85343EA58
S315080021200163C2F8903070470139044A136F23F4EB
S31508002130806343EA81231367704770470080005025
S315080021400040005008B50121022000F0F3F84FF4D2
S315080021502070FFF72BFD044B187007F0DAFA07F02A
S31508002160C5FCFFF7A3FA08BD0123002008B54FF404
S31508002170C07007F0D5FA054B984205D902214FF4ED
S315080021802070FFF785FF08BD0121F8E780F0FA0205
S3150800219010B5044608F02EFD0F4BD3F8843013F023
S315080021A0100FF9D10C4BD3F88410C1F38111C1F18A
S315080021B0020107F090FC0121002000F001F924B18A
S315080021C0FFF7D4FFFFF778FD10BD044B19784FF4DD
S315080021D02070FFF75DFFF5E700400050012300205F
S315080021E070B50446FFF7B8FB0546364B4FF4C022D8
S315080021F05A6603F598335B68012B29D08020FFF7D0
S315080022006BFD05282DD025F040752F4B9C422FD00D
S315080022102E4B9C422FD008F0C7FC064684422DD888
S315080022202B4BDB6813F0060FFAD1294B9A689D6091
S315080022309B686B4013F4F81F25D0254B9A603446EB
S315080022408020FFF749FD052821D0B44235D970BD55
S31508002250204B01225A60204B5B6813F0020FFAD11B
S31508002260CCE707F056FA07F041FCFFF71FFACAE772
S3150800227045F00075CFE745F08075CCE7012120468B
S3150800228000F09EF8CCE72046FEF708FED8E708F0EF
S31508002290B1FC124BD3F8843013F0100FF9D10F4B61
S315080022A0D3F88410C1F38111C1F1020107F013FCC0
S315080022B0FFF75CFFFFF700FDC7E70121002000F0EC
S315080022C07FF8C4E70090005040420F0080841E004B
S315080022D00000015000E0015000C0015000400050CD
S315080022E010B50446FFF7EAF90A4B4FF400225A667E
S315080022F020F04070084A944206D0084A944206D014
S315080023004FF0B442906010BD40F00070F8E740F01E
S315080023108070F5E70090005040420F0080841E0050
S31508002320034AD36E23F0300301790B43D366704713
S3150800233000400050F8B50446204BD3F8843013F01B
S31508002340100FF9D11D4BD3F88430C3F381139C4287
S315080023502DD008F02FFC0646012C11D008F04BFFB3
S315080023600546164F07F500534FF000725A66204689
S3150800237007F0C3FB621E4FF4806393403B6706E099
S31508002380012107F0A8FBE9E70C4BD3F884300B4B87
S315080023905B6E13F0007F05D1084BD3F8843013F039
S315080023A0200FF1D0284608F021FF022C00D0F8BDF6
S315080023B00021304607F08FFBF9E700BF00400050C8
S315080023C010B50C46034650B1094A127812B1094AAB
S315080023D0934208D921460220FFF7ACFF10BD08F04A
S315080023E0E9FB0346F0E721460120FFF7A3FFF5E7DF
S315080023F0801E0020005A620238B52F4B4FF000426B
S315080024005A6603F50B235C6C04F001044AF6CD32D8
S315080024101A64E8B9294B5B6B13F00103FAD1274A12
S31508002420556815F0010539D002F5005201215160B1
S315080024301A462249096B11F0010F04D120498A4234
S3150800244001D80132F5E71E498A422FD81D4625E0F4
S3150800245000231A4A126B12F0080F04D0184A934246
S3150800246001D80133F5E7164A934221D8134B03F5F1
S3150800247000522021916203F5805301225A600023FD
S3150800248000E001330D4A926A12F0200F02D10C4A7D
S315080024909342F6D90A4A93420CD8002514B1074B41
S315080024A0084A1A6401F0D4FE284638BD0725F5E720
S315080024B00725F3E70725F1E700900050004009508B
S315080024C03F420F003254FFFF10B51A4B4FF000423F
S315080024D05A6603F50B235C6C04F001044AF6CD3208
S315080024E01A6443785B0043F00103134AD363134B22
S315080024F05B6B13F00B0FFAD1104A536823F4F87389
S31508002500817843EA01135360C178437943EA01238A
S3150800251093600179837943EA012313610078FFF711
S315080025206BFF14B1054B064A1A6401F091FE0120AF
S3150800253010BD00BF009000500040005000400950F8
S315080025403254FFFF10B50F2800D90F20124B5C6ECE
S3150800255003F580534FF000425A6603F50B235A6C75
S3150800256002F001024AF6CD3119640C4B5B6B13F08D
S31508002570800FFAD109490B6A23F00F0303430B6254
S315080025800AB1074A0A64002C03DB064B4FF00042E7
S315080025905A6601F05DFE10BD0080005000400950EB
S315080025A03254FFFF00A0005010B5134B5C6E03F5C4
S315080025B080534FF000425A6603F50B235A6C02F01B
S315080025C001024AF6CD3119640C4B5B6B13F0800F90
S315080025D0FAD10A490B6A23F4F85343EA00230B623B
S315080025E00AB1074A0A64002C03DB064B4FF0004287
S315080025F05A6601F02DFE10BD0080005000400950BB
S315080026003254FFFF00A00050084B98420AD0084BEE
S31508002610984209D003F58043984201D000207047BC
S315080026205820704756207047572070470000015BB6
S3150800263000000A5010B5044607F060FA042307E0C4
S3150800264004F5805304221A6104F500531A610B46F7
S31508002650591E002BF4D1202323610023E360A360D5
S3150800266041F202026261A3614FF4A0226262E36151
S315080026702362A362E3626363236504F50052024999
S31508002680D164236310BD00BFFF3F0D03F8B50446B0
S3150800269015460846E1B1A36813F0010F34D0666801
S315080026A0B0FBF5F0451E16F001062BD0636D13F04E
S315080026B0280FFBD1A36C13F0030F0FD1A36C13F0F3
S315080026C0010F1BD1A36C13F0020F19D1002706E0E6
S315080026D02046FFF799FF07F023F8DCE70527204691
S315080026E007F00CFA236923F07F4343EA0563236165
S315080026F046B33946204607F020FA23E00927EEE7D5
S315080027000627ECE70027EDE76368A36803F0E00314
S31508002710402B1DD017D9602B1ED0802B12D1012338
S31508002720400105FB03F3B0FBF3F020380B4A02EA3D
S31508002730C002636D13F0010FFBD12263636D13F0C2
S31508002740010FFBD1F8BD2BB1202BFBD10823E7E7FE
S315080027500623E5E71023E3E70423E1E7F8FF7F0014
S3150800276070B504460D461646436823B1636DC3F338
S315080027700B03002BFAD12046FFF75CFF636923F4AD
S315080027804C5323F00F036A7B1343EA8913432A8ABF
S3150800279013436361A36823F0804323F0E2032A7B93
S315080027A013432A7E13436A691343A360AB681BB9B4
S315080027B0A36843F00043A360EA69002A70D0A168C1
S315080027C0694B0B40117A43EA8153917A43EA4143B4
S315080027D0918801F4C0410B43517843EA8103517B48
S315080027E043EAC103917B43EA0113927843EA8223C1
S315080027F0A360E2685D4B1340EA6911690B435169AE
S315080028000B43917943EA8123D27943EA4223E36071
S31508002810EB691B78012B01D0032B03D1E36843F046
S315080028200403E360EB691B78023BDBB2012B51D949
S315080028304F4B9C426BD04F4B9C426AD003F580436A
S315080028409C4262D04FF0FF3303F593735B0103F1AB
S31508002850A04303F5703302225A60EB695A7A04F5ED
S3150800286080539A62EB695B7A1BB1E36843F40063B1
S31508002870E360EB69DB7A63B1E36843F40043E36042
S315080028803B4B9C4247D03B4B9C424BD03A4B9C42DD
S315080028904FD0636A23F00303EA69D27B134363626A
S315080028A03EB196F82030002B4AD004F58053012219
S315080028B01A6204F5805301225A60AA68002A4ED18A
S315080028C02978204607F039F9A36CDB4313F4405FF7
S315080028D0FAD170BD264B9C4213D0264B9C4212D08F
S315080028E003F580439C420AD04FF0FF33A6335B01C1
S315080028F003F1A04303F5703302225A60ADE70223C1
S31508002900F4E70023F2E70123F0E702239CE700231C
S315080029109AE7012398E7EB691B7B03F00F03174A35
S315080029205366B0E7EB691B7B03F00F03134A136783
S31508002930ACE7EB691B7B03F00F03104AD367A8E7E4
S31508002940E36923F0090396F82220134396F8212019
S31508002950134343F0010304F58052D361A9E769687C
S315080029602046FFF793FEABE7E39BBDFFFFF9F08731
S315080029700000015B00000A5000400A500090035016
S31508002980F8B504460D461E4617463AB1FBB1012274
S315080029908A4000EB400109011D4B5A50072D1ED8ED
S315080029A0A90004EB44031B0107FA01F20F2000FA01
S315080029B001F11848184407F0F7F83FB9FEB10122AB
S315080029C0AA4004EB44042401114B1A51F8BD012214
S315080029D08A4000EB400109010F4B5A50DEE7A5F18A
S315080029E008039B0004EB440C4FEA0C1C07FA03F29D
S315080029F00F2199400948604407F0D6F8DDE701221F
S31508002A00AA4004EB44042401034B1A51DEE700BF35
S31508002A1040D0035034C0035040E003503CC003503C
S31508002A2010B5162007F0FAF8074B00245C65FF225C
S31508002A309A625C6021462020FFF720F92146212072
S31508002A40FFF71CF910BD00BF0000045029B9044A5D
S31508002A50012303FA00F010607047024AF8E700BF46
S31508002A60401004504020045010B50446012120208F
S31508002A70FFF704F901212120FFF700F9114B012284
S31508002A805A60227812069A606178A27842EA014270
S31508002A909A61FF229A6200229A631A644FF00042F2
S31508002AA05A6503F500534FF0FF321A65162000F0F9
S31508002AB07DFCE178162007F0B9F8162007F0B2F881
S31508002AC010BD00BF0000045070B50C46C3B2012506
S31508002AD09D40214901F500531D65830003F1A0437C
S31508002AE003F5882326685E60637B00EB400C01EBE8
S31508002AF00C1CCCF8603094F80AE0E37A1B0543EA2C
S31508002B000E4394F80CE043EA4E53CCF85C3022F0BE
S31508002B100302CCF8702008F077FB104B5D65237A2A
S31508002B200BB10E4B1D64637A0BB10C4B9D63237975
S31508002B30A27942EA0342084B03F500518A6194F8E8
S31508002B4005C0E27942EA0C4203F58054A2614D635E
S31508002B509D6408F054FB70BD00000450001004503A
S31508002B6010B5C0B20124844008F04EFB044B5A6DE0
S31508002B7022EA04025A659C6208F041FB10BD00BFB8
S31508002B800000045010B5C0B20124844008F03CFB94
S31508002B90084BDB6A234205D1064B5B6B9C4306D088
S31508002BA0002400E0002408F02AFB204610BD01247A
S31508002BB0F9E700BF0000045070B50446C3B201250A
S31508002BC09D4008F021FB084B5E6B04EB440403EBC5
S31508002BD004135C6E08F013FB354203D1C4F30A10E4
S31508002BE0013070BD0020FCE700000450074B4FF48D
S31508002BF080325A6603F5E6239B69C3F38512827011
S31508002C0003F03F0242701B0B0370704700900050A0
S31508002C1070B504460D461646037841782C4AD2F814
S31508002C2010236A1E0E2A09D8DFE802F00A0A0A0AE1
S31508002C300A0A0A0A0A0A0A0A0A0A0A00002200E016
S31508002C402A463DB116B30120884003EB43031B0116
S31508002C502049C8506178072920D82378890003EBD2
S31508002C6043031B018A400F2000FA01F11A48184451
S31508002C7006F0A8FF4DB906B3237862780121914082
S31508002C8003EB43031B01134AD15070BD0120884052
S31508002C9003EB43031B011149C850DBE723780839C6
S31508002CA0890003EB43031B018A400F2000FA01F158
S31508002CB00B48184406F086FFDCE723786278012182
S31508002CC0914003EB43031B01044AD150DDE700BFE3
S31508002CD000C0035040D0035034C0035040E00350B6
S31508002CE03CC00350074B9B6813F0020FFAD1054B03
S31508002CF05B6813F0020FF5D1024BDB69002BF1D1AB
S31508002D00704700BF00800A50074B5B68064B5B683C
S31508002D1013F0010F03D0044BDB69002BF6D1024BED
S31508002D2002221A61704700BF00800A5008B5FFF7F3
S31508002D30D9FF034B03F5805101224A601A6108BD89
S31508002D4000800A5008B5054B5B68012B00D008BD0A
S31508002D50FFF7DAFF024B01225A60F8E700800A50B3
S31508002D6000A00A5010B50446FFF7BCFF084B5B6885
S31508002D70012B05D0237843B10122054BDA6010BD3B
S31508002D80FFF7E0FFFFF7AEFFF4E70022F5E700BF25
S31508002D9000800A5038B505460C4608F007F8DDB934
S31508002DA02378D3B10123626812B1127843EAC203C9
S31508002DB06278A2B102221343A26812B1127843EADA
S31508002DC08213E2786AB104221343226912B1127897
S31508002DD043EA4223044A936438BD0023E3E700220A
S31508002DE0E9E70022F0E700BF00800A5038B504463C
S31508002DF007F0C4FA864658B9064DA446BCE80F0043
S31508002E000FC5BCE80F000FC59CE8030085E8030062
S31508002E10704638BD841E002047F6FF739A427DD05F
S31508002E2009297DD870B5414B13F801E0BEF1030FAF
S31508002E3078D83F4B03EBCE0191F802C0604613F8F1
S31508002E403E30012B26D03A4B03EBCE035C68002CB0
S31508002E506AD0B4F90030934204DBB4F902309342E5
S31508002E6000DC1346A288FF2A2CD000212826C82277
S31508002E701D46D21A92FBF6F20A4412B22C4B03EB09
S31508002E80CE0393F801E0964501DD002A2FDA0EF10C
S31508002E90FF322CE0CB78A3EB0C0300249C420ED225
S31508002EA0191BA3EB5101224800EBCE00406830F90C
S31508002EB01100904201DC0C46F0E74B1EEEE7634436
S31508002EC0D8B230E0B4F90620B4F908600121CFE79A
S31508002ED05C331849A1FB03139B09013212B216464B
S31508002EE096450FDD04EBC201898899420AD304EBA3
S31508002EF0C2018B68B1F9061001FB0533002BE7DA2E
S31508002F000023E5E7013E04EBC604A2889A4200D3F3
S31508002F101A46944500D81046C0B204E0FF20704710
S31508002F2000207047002070BD0020FCE728BE00087E
S31508002F30841E0020D34D621009296FD83A4B5B5C7A
S31508002F40032B6DD8394911F8331001292AD010B44A
S31508002F50364901EBC3014C68002C63D0201D334968
S31508002F6001EBC3018978914234D2304901EBC301A0
S31508002F70C978914233D92D4901EBC30393F801C0AF
S31508002F800CF1FF3C5FFA8CFCA388FF2B2AD00023A8
S31508002F90634529D2591C30F83110914224D30133A4
S31508002FA0DBB2F5E7214901EBC301C978914200D2AA
S31508002FB00A461E4800EBC3008078121AD2B2091AD4
S31508002FC08A4200DD0022194901EBC3035B6833F925
S31508002FD012007047B4F902005DF8044B7047B4F963
S31508002FE00000F9E70123D3E74FF47A7101FB02F2F7
S31508002FF000EBC3004368D31AB0F9022002EBD27182
S3150800300003EB610393FBF2F3B4F900009842E3DBA8
S31508003010B4F902009842DFDC18B2DDE704487047CD
S31508003020034870470248D7E728BE0008841E0020D8
S315080030300080FFFF08B50348FFF7D8FE012007F018
S31508003040A1F908BD34BE000830B583B00446694608
S3150800305007F096F900B1FEE79DF80030134A12789A
S31508003060934217D00C2B06D164251049204607F049
S3150800307074F928B1FEE7204601F000F90546F4E7A1
S315080030802946204607F050F900B1FEE7074B1B78A2
S315080030900A2B01D003B030BD6946204607F070F907
S315080030A09DF80020014B1A70F4E700BFBC230020EE
S315080030B008B5024808F0B5F808BD00BFC0BF00084B
S315080030C010B58AB0EC46194C0FCCACE80F000FCC03
S315080030D0ACE80F0094E803008CE80300144BD3F81F
S315080030E04C3113F4002F05D0124B1C88FF2C05D940
S315080030F08C2403E00E4BD3F85041E4B28DF8194006
S31508003100FEF7BAFF241803D4FF2C02DDFF2400E0E3
S3150800311000248DF818400848FDF7C6FE6846FEF7F5
S31508003120D1FE3220FEF7AEFF0AB010BD8CBF0008F4
S315080031300080E00F0001E00FC017530208B50248EF
S31508003140FFF74EF808BD00BF00B4C40408B502482E
S31508003150FFF7C6F808BD00BFC0EA210110B5FEF7A3
S31508003160F1FF4E4C236F23F0070343F00303236755
S315080031700020FFF70DF8236F23F474432367484BA9
S31508003180D3F8FC3013F0807F75D1464B0022C3F884
S315080031908020424CD4F8203123F0070343F0020381
S315080031A0C4F82031D4F8283123F0070343F002038A
S315080031B0C4F82831D4F8803123F0030343F001031F
S315080031C0C4F88031D4F8903223F0030343F00103A6
S315080031D0C4F89032D4F8403123F0030343F00103D6
S315080031E0C4F84031D4F8603123F0030343F00103F7
S315080031F0C4F86031D4F8403223F0030343F00103E6
S31508003200C4F84032D4F8003223F0070343F0010330
S31508003210C4F80032D4F8083223F0070343F0010358
S31508003220C4F80832D4F8503223F0030343F00103FC
S31508003230C4F85032D4F8703223F0030343F0010384
S31508003240C4F87032D4F8203223F0070343F00103A0
S31508003250C4F82032FEF71CFE4FF0E022136943F053
S3150800326004031361D4F8603223F0070343F0010323
S31508003270C4F8603210BD0A4BD3F8FC2022F08072E5
S31508003280C3F8FC20074A0021C2F88010D3F8FC20B6
S3150800329042F08072C3F8FC207BE700BF0080005034
S315080032A000ED00E00090005008B5074807F0B9FFA8
S315080032B0FFF706FFFFF742FFFFF748FFFFF7F8FEA5
S315080032C0FFF74CFF002008BDBCBF000800B583B05F
S315080032D0094B93E803000090ADF80410090C8DF82B
S315080032E006106846FFF7F0F80920FFF72BF90020CB
S315080032F003B05DF804FB00BFB4BF000810B582B088
S31508003300074A536F43F001035367002400948DF86E
S3150800331004406846FFF704F8204602B010BD00BF17
S3150800332000400050002808DB0901C9B200F16040DE
S3150800333000F5614080F80013704700F00F0009019E
S31508003340C9B2014B1954704714ED00E0002807DB99
S3150800335000F01F02400901239340024A42F8203038
S31508003360704700BF00E100E000280CDB00F01F02F8
S315080033704009012393402030034A42F82030BFF326
S315080033804F8FBFF36F8F704700E100E04211064B85
S3150800339053F8223000F01F0023FA00F080F00100F5
S315080033A000F00100704700BF00E100E0002808DBDC
S315080033B000F01F024009012393406030014A42F899
S315080033C02030704700E100E010B507F01DFF0B4BF9
S315080033D01B783BB9094B01221A7007F010FF6FF0F2
S315080033E0040408E007F00BFF07E00521204606F075
S315080033F01DFC013464B24B2CF7DD10BD02230020FE
S3150800340010B5044607F0F7FE024B1C6007F0EEFE07
S31508003410002010BDAC1E002010B507F0ECFE034BD3
S315080034201C6807F0E3FE204610BD00BFAC1E002056
S315080034302DE9F0418EB007460E4614461D46136820
S31508003440D3F8008091F83130002B48D00DF1180CD4
S31508003450DFF830E2BEE80F00ACE80F009EE80F0088
S315080034608CE80F00002300930193029303930493BF
S315080034700593A3680893237B012B3DD0022B3ED1ED
S315080034804FF44073ADF82630607B06F0F4FBADF8D8
S315080034902800CDF834D001238DF80630A37B022B03
S315080034A004D0032B02D0012B00D000238DF8003066
S315080034B0B36B6E4A1A60B36B6D4A5A60B36B0022DF
S315080034C09A60B36B6B4ADA6032462946384600F092
S315080034D0AFFA0746A8B138460EB0BDE8F0810DF13F
S315080034E0180CDFF8A4E1BEE80F00ACE80F009EE870
S315080034F00F008CE80F00B5E74FF40073C2E700230E
S31508003500C0E72369C5F8A430237E85F8AB30E37D90
S3150800351085F8AA30A37D85F8A930637D85F8A8309B
S31508003520A37E85F8AD30637E85F8AC30237F85F8B9
S31508003530AF30E37E85F8AE302368C5F8A0304E4834
S3150800354007F06FFE01230422A17D607DFFF718FABC
S3150800355001230222217EE07DFFF712FA002385F877
S31508003560B030206907F05DFE96F83130002B5DD04B
S3150800357006A9404606F00CFB95F8B03043F0040364
S3150800358085F8B030227D3D4B263203EB42121421DA
S315080035905160617DA07D227D41EA004103EB421224
S315080035A0C2F8DC14E27D207E217D42EA004203EB6C
S315080035B04113C3F8D424A37B012B3CD0032B3AD068
S315080035C0A37B023BDBB2012B42D995F8B03013F04E
S315080035D0010F0CD0627EA17E237D42EA01425B0187
S315080035E003F1A04303F5703341F2CC415A5095F8E4
S315080035F0B03013F0010F10D0237D204AA63302EB1A
S31508003600431302215960E37E207F217D43EA00436C
S3150800361002EB411241F2D041535008F50053184AC3
S31508003620DA640521404606F088FA54E706A94046BA
S3150800363006F0B4FAA6E795F8B03043F0010385F82A
S31508003640B03000230222A17E607EFFF799F9B7E722
S3150800365095F8B03043F0020385F8B0300023042211
S31508003660217FE07EFFF78CF9AFE700BF9F9C00083B
S315080036703F9D0008B99C0008C4BF000800C003505D
S31508003680FF3F0D03E4BF000804C0000830B583B04F
S31508003690007D104B00EB400203EB0212D56E00EBE7
S315080036A0400203EB02131C6F0DF1070107F036FB0E
S315080036B09DF807304BB904F00204074B9D4201D030
S315080036C0002003E024B1002000E0012003B030BD53
S315080036D00120FBE70000045003230020037D0E4A67
S315080036E003EB430102EB0111C96E03EB430302EB43
S315080036F00312136F03F00203084A914201D0002017
S3150800370070470BB900207047036A006D984214BFD2
S3150800371000200120704700BF00000450032300204A
S3150800372030B583B003464169026902F1FF3CC568BA
S315080037304C6F01F17C020020C86750609060D06031
S31508003740B1F87C006CF30E10A1F87C0091F87E00AD
S3150800375040F0100081F87E0091F87F0040F03000BC
S3150800376081F87F00C1F88050C1F88440012081F8B3
S315080037708C0091F878000093024B6431FDF746FE01
S3150800378003B030BD9FA000082DE9F04184B004467F
S3150800379000F1380600F11808002585637560B560E4
S315080037A0F56090F83A3043F0100380F83A3090F814
S315080037B03B3043F0030380F83B30494FC763076447
S315080037C0007DFDF74FFEA5637560B560F56094F85A
S315080037D03A3043F0100384F83A3094F83B3043F01B
S315080037E0030384F83B30E7632764207D00EB40033E
S315080037F01B0103F1A04303F58023DB6EBB4219D0FE
S315080038000DF10F0107F08AFA9DF80F30ABB194F865
S3150800381044306FF3410384F844300094314B324608
S315080038202146207DFDF7F2FD207DFDF73BFE04B025
S31508003830BDE8F081FDF736FEF9E7204606F08EFA78
S31508003840054602A9207D07F08DFA029B591E2069BC
S315080038500023A361E36123626362228B61F30E1284
S315080038602283A27E42F01002A276E27E42F0030292
S31508003870E276E0612562227D1B4902EB420001EBFC
S315080038800010056FC5F3400594F8247065F34107E9
S3150800389084F82470A57E63F30415A576056FF8B23F
S315080038A065F3000084F8240002EB420201EB0211E2
S315080038B00A6F9210616A62F39F01616294F844206C
S315080038C042F0020284F84420D2B263F3000284F87C
S315080038D044204FEAA808636C68F39F0363649CE777
S315080038E003230020079F000800000450F0B589B0A4
S315080038F004460E46007DFDF7B5FD0DF11F01207D3E
S3150800390007F00CFA204606F029FA0546236D83428D
S315080039104AD2A26C934216D0238DC3F30A123244BC
S3150800392062F30E132385236D1E442665A26CE36C91
S3150800393013449E426FD0236DAB426ED0207DFDF7B7
S31508003940B1FD09B0F0BD701E276904F128030021F6
S31508003950A162E16221636163B4F828C060F30E1CBA
S31508003960A4F828C094F82A0040F0100084F82A0029
S3150800397094F82B0040F0030084F82B00E7622263DA
S3150800398094F82A2061F3041284F82A2023F003020B
S31508003990237D42F0020203EB43031B0103F1A0431C
S315080039A003F580231A67BEE79DF81F30B3B9227D59
S315080039B01D4802EB420300EB0313596EC1F30A11CB
S315080039C031445B6E23F4FF4323F0700343EA01138B
S315080039D002EB420200EB02104366A4E70494134B81
S315080039E00393002302930196012300932369024659
S315080039F02168207D05F03BFE237D0B4A03EB43013E
S31508003A0002EB0111496E21F4801103EB430302EB2B
S31508003A100312516687E722658DE7012384F854303F
S31508003A202046FFF7B1FE89E700000450079F00080B
S31508003A3070B588B006460C461546A02200212046D9
S31508003A4006F08AFFA446AE46BEE80F00ACE80F00B3
S31508003A50DEF80030CCF8003004F1640C05F1140EE1
S31508003A60BEE80F00ACE80F00DEF80030CCF80030F6
S31508003A70AB6AA364EA6AE264236595F8302084F8A1
S31508003A80952095F8332084F89620C4F898300123B9
S31508003A9084F89C3084F85430AB6B23663460374B1B
S31508003AA07360374BB360374BF360374B7361374BF3
S31508003AB0B361374B3361FDF777FC10B1354A904255
S31508003AC053D1002107A8FDF7EDFB00284FD19DF83B
S31508003AD01C302375002107A8FDF7E4FB00283FD119
S31508003AE09DF81C3084F87830207DFDF7BBFC002853
S31508003AF040D1E36C0494284A03920022029201936F
S31508003B00012300932369A26C2168207D05F0AFFD8F
S31508003B1090BB237D03EB43031B0103F1A04303F58D
S31508003B20802342F264024FF480119950AB6B93F9EB
S31508003B301000FFF73BFCAB6B93F9100006F072F828
S31508003B4004F1900005F07FFD3046FFF759FC20464A
S31508003B50FFF71AFE207DFDF7A5FC48B1102007E007
S31508003B60207DFDF7F7FB102002E0102000E0102072
S31508003B7008B070BD1020FBE71020F9E7AD9E0008DD
S31508003B80C19E000867A00008519D0008579D0008BF
S31508003B90E3A00008038000F0079F00080346064AD2
S31508003BA010680344054A934202D8034A13607047D3
S31508003BB04FF0FF30704700BFC4230020008000206C
S31508003BC0BFF34F8F0549CA6802F4E062044B1343FA
S31508003BD0CB60BFF34F8F00BFFDE700BF00ED00E0ED
S31508003BE00400FA05BFF35F8F074B5A6A22F4803246
S31508003BF05A62D3F8942022F00102C3F89420BFF346
S31508003C004F8FBFF36F8F704700ED00E070B5FFF779
S31508003C10E9FFA0220021214806F092FA204B21490B
S31508003C208B4206D021F01F02203AB2F1005F0FD373
S31508003C3000E01D4A1D4D286842F001021C4CC4F8DC
S31508003C4098001C4EC4F89C60C4F8A0200130286077
S31508003C508B4210D01F3323F01F0343F0030313488E
S31508003C6002681349C1F89820C1F89C30124BC1F874
S31508003C70A03001320260BFF35F8F0D4B0522C3F8F7
S31508003C8094205A6A42F480325A62BFF34F8FBFF3C8
S31508003C906F8FBFF34F8FBFF36F8F70BD90ED00E04E
S31508003CA0602300204023002000800020B01E002052
S31508003CB000ED00E003000020E17F002010B4194B5E
S31508003CC05A6E02F4803203F580514FF4803048660C
S31508003CD0586E4FF000434B66134B596C01F00101C7
S31508003CE04AF6CD341C64104B5B6B13F0010FFAD106
S31508003CF00E4B01245C600C4B1B6B13F0010FFAD0C2
S31508003D0011B1094B0A491964002803DB094B4FF026
S31508003D10004159661AB9074B4FF480325A665DF866
S31508003D20044B70470080005000400950006009505D
S31508003D303254FFFF00A0005010B507F065FA04469C
S31508003D40144B1B78DBB9144A1360144A1360144ADF
S31508003D50136000F02DF8012007F086FB07F0D6F96E
S31508003D600246104B186078B100230F4840F2E7313D
S31508003D7004F066FE0D4B1860064B01221A702046A9
S31508003D8007F03DFA002010BD204607F038FA232038
S31508003D90F9E700BF06230020BC1E0020B81E00203D
S31508003DA0C41E0020C01E002018FCFFFFB41E002001
S31508003DB010B586B000248DF814400094019402943E
S31508003DC00394049401238DF80030164807F029FA65
S31508003DD0BFF34F8F05A8FEF7C5FF8DF8004069466B
S31508003DE02046FEF7D7FF0F21204606F0F3FF0F21E6
S31508003DF0204606F0F5FFFEF799FF0B4B5B6813F0BC
S31508003E00010F03D0084BDB69002BF6D1064B0022C5
S31508003E109A614620FFF7CAFA462005F003FF06B066
S31508003E2010BD00BFBCBF000800800A502DE9F8434A
S31508003E30DFF860900646D9F8008008461746B8F1BC
S31508003E40000F03D00E242046BDE8F88306B3336876
S31508003E5001331DD1E1B100F067F805460028F1D01D
S31508003E60C9F8000000F086F8284606F0D7F9044697
S31508003E7040B14046C9F8008000F07CF8284606F0B4
S31508003E80C8F9E0E73560002FDDD02846B847DAE7FD
S31508003E902124D8E7C81E0020024B1868003818BF2E
S31508003EA001207047C81E002038B505460C4601F0AB
S31508003EB0A9F838B1204602F0F7FD40F26512412113
S31508003EC000F0FCF944B1236833B11B68013303D011
S31508003ED0E3680BB1A3684BB906F006FC00204FF463
S31508003EE0C172412100F0EAF9212038BD204601F0CF
S31508003EF0D9FB00230A4A85F83031C5E93743C2E9B8
S31508003F00003363694BB1074A422110684FF4D272F5
S31508003F10C31A5842584100F0D1F90020E5E700BF1E
S31508003F20602300200C210020F8B5044607F063F949
S31508003F30002607460E4B1B6893B19E68AEB196F8ED
S31508003F402420D20711D435460FCC0FC50FCC0FC588
S31508003F5023682B6096F8243043F0010386F8243052
S31508003F60384607F043F93046F8BD1B68E4E700BF5A
S31508003F70CC23002010B5044618B9054B054A136032
S31508003F8010BD00F0FDF9D4F8E830002BF6D1F4E7BF
S31508003F90FFA10008C8230020084B10B4002A14BF4C
S31508003FA014461C46064B1C6019B15DF8044B06F016
S31508003FB07CB908465DF8044B704700BFFFA10008AE
S31508003FC0C8230020D0F8E0302DE9F04105460C461C
S31508003FD013B1C38D8B424CD0D5F8DC30002B4BD0B7
S31508003FE09E68002E48D0D868002845D0013800B20F
S31508003FF000281ADB002106E0128A591CA24217D2B1
S3150800400009B2884211DB0B1803EBD3735B1003EB81
S31508004010C30206EB8202B2F80EC003F1FF3EA445C6
S31508004020EAD90FFA8EF08842EDDA2120BDE8F08150
S315080040304FF6FF7299B29142F7D09BB203EBC303D6
S3150800404006EB83062846B6F9122095F82411D5F80A
S31508004050F080FEF7E1FE0746B8F1000F04D0002312
S31508004060324628461946C047EC85C5F8E06085F80B
S315080040702D710020BDE8F0810E20BDE8F08100BF5B
S315080040802DE9F04782B004460F46164600F0AEFF0B
S3150800409000286FD1494D2B68D4F8DCA0D4F8E0800D
S315080040A00BB153456AD04FF00009AF6000F0B4FF7A
S315080040B00128074604D001210022084600F0B0F97D
S315080040C02B68DAF80010D8F8002013B1186888426F
S315080040D05FD0204606F07BFA94F82530C5E900A89B
S315080040E013F0010F0CBF32460122D4F8F05062F3E8
S315080040F0000384F825308DF80760002D50D0002283
S31508004100204611460DF10703A847204600F06CFC2F
S315080041100546B9F1000F10D07EB9D4F88C3013BB20
S31508004120012F06D0002D47D0254B002103205B68C0
S315080041309847284602B0BDE8F087B5FA85F040F200
S31508004140FA423321400900F0B9F83146204600F01A
S315080041505FFD1C4B05461B68414620469847D4F828
S315080041608C30002BDCD000224FF40073204600F080
S3150800417017F9D5E70023114D6B608CE76B68002BA8
S3150800418091D043458FD1AB689F4215D04FF00109B6
S315080041908BE7696811B1096891429DD0596898E71B
S315080041A094F82A1094F82D313246994228BF1946B8
S315080041B0204600F06BFBA8E70025BAE7602300203D
S315080041C0D4230020C8230020F8B50E46054607F07C
S315080041D012F8314607462846FFF7F4FE044620B192
S315080041E0384607F003F82046F8BD00F0DFFE224601
S315080041F031462846FFF744FF04460028F0D195F9D2
S315080042002430002BECDA284606F035FA0028E7D0E9
S315080042102246284695F82C1006F0EBF90446DFE707
S3150800422070B504460E4606F0E6FF314605462046BA
S31508004230FFF7CAFF044620B9044B01465B68032012
S315080042409847284606F0D2FF204670BDD4230020A2
S3150800425010B5FFF721FE20B9054B1A68054B9A429F
S3150800426004D1BDE81040044B1B68184710BD00BFB9
S3150800427010240020008000401424002013B50446B2
S31508004280694606F07DF8204606F005F9FF2802463D
S3150800429006D020469DF80010FEF74EFE02B010BD6F
S315080042A00048FBE70080FFFF08B50B4602491940A6
S315080042B006F06AF8002008BD0700110010B550B9CD
S315080042C00548064B0160064802601868054B1860E9
S315080042D0186805F091F910BDD0230020C81E0020EB
S315080042E0D0200020CC200020D0F8E43013B11A6882
S315080042F0032A10D8094BDB6BC3F3C20213F0380F3D
S3150800430003F0070018BF504313F4E07FC3F382128B
S3150800431003D050437047986A400E7047008001B832
S31508004320431C07D06FF0FF02034B10405A62A3F5F7
S3150800433080535862704700BF00E000B8F8B50446DD
S315080043400F46164606F057FF0546A047044620B115
S31508004350284606F04BFF2046F8BD03F0BFFC0422B2
S315080043600549D1F8003F23EA07033343C1F8003F64
S31508004370024B5A64ECE700BF003000B0002002B8D8
S3150800438038B10368044A002B08BF1346034A136072
S315080043907047014BFAE700BFD7A30008E4230020C3
S315080043A010B4D0E9544122400B4052EA030104D02C
S315080043B003495DF8044B096808475DF8044B7047E4
S315080043C0E4230020024B986F00F00F00704700BFEF
S315080043D0003F00B00F2938B505460C460ED800F048
S315080043E01BFE01280CD1074A2846936F23F00F03BA
S315080043F02343936706F027F9002038BD2120FCE700
S315080044000220FAE7003F00B0014BD86F704700BFA3
S31508004410003F00B0014B0020D9677047003F00B04D
S3150800442003282DE9F74F0C46914600F28780444B46
S3150800443013F800A0434B1E5C434B13F800B006F07C
S31508004440DAFE804603F0FCFB074640B10023002253
S31508004450CDE9003301200023002103F0CFF903F052
S31508004460F7FB48B100230022CDE9003300200023E2
S315080044704FF4004103F0C2F9002E52D0334BDD6CE5
S3150800448005F008050AEB0600314B23305844DD6475
S31508004490C0B201F09BFD3146504603F081FC5A46F6
S315080044A03146504603F020FD2A4BDD64DFB12A4B26
S315080044B01868D0F89410F83002F068F927490868A7
S315080044C0FFF72EFF4FF0FF330B60254B1A68511C80
S315080044D006D06FF07E402349C863A1F58051CA63B0
S315080044E04FF0FF321A60B9F1000F04D01E4B0021BD
S315080044F003205B689847B4B14FF480621B4B1D6F6D
S3150800450003F50053C5F380251A67404606F06EFE8C
S3150800451000F082FD012808D15DB9002003B0BDE88E
S31508004520F08F3546AEE72546EFE7002CF0D105209B
S31508004530F4E74FF480620E4B1A67EEE72120EDE7A9
S3150800454044C0000840C000083CC00008004000B84D
S31508004550006000B8005000B8C81E0020E023002004
S31508004560DC23002000E000B8D423002000C001B8F6
S3150800457000D001B870B50D46064620B91A4B1B681F
S31508004580A3B10E2011E000F047FD012829D1174BF1
S3150800459093F90040C4F12704641BC4F11C03002BE3
S315080045A0B8BF5B42232B0CDD212070BDA1F10B03A4
S315080045B0002BB8BF5B42232BF6DC0C4B197000208E
S315080045C0F3E786F8275006F016FE094AE402136A4E
S315080045D004F4FF2423F4FF231C43146206F006FEAA
S315080045E0EDE70220E1E700BFC81E002007230020F0
S315080045F000C000B80B4B08461A6D92020FD4D3F8C8
S315080046004021D1070CD4D3F83823D20708D4D3F8DD
S31508004610803013F4706F14BF01200020704701200A
S31508004620704700BF004001B8F8B50D46D0F8943081
S3150800463002EA010423EA01032343C0F894303B4A03
S3150800464001F00B0323EA0401D1642340A2F580524A
S315080046506F070646D36410D50121FFF7CBFF60B17B
S3150800466003F03CFB4FF4007314F0040F14BF304AF8
S31508004670304A13650422304B5A64E90606D514F00D
S31508004680100F14BF00221B222C4B5A652A0618D578
S31508004690230611D54FF40012254BDA6406F0ABFD5C
S315080046A00E210746032002F001F840F20122234BAF
S315080046B03846DA6206F09AFD214606F1F80002F05D
S315080046C065F8EF0503D5E0052AD501F0DDFFA90554
S315080046D003D5A20527D501F0E3FF15F0600F0AD030
S315080046E0D6F8E410304605F077FE8022144BC3F85E
S315080046F08800144B1A612B0510D503F0EFFA124AFD
S3150800470014F4006FD2F8003F14BF43F0006323F09F
S315080047100063C2F8003F0422074B5A640020F8BD24
S3150800472001F0ACFFD3E701F0B5FFD6E7006000B8AB
S31508004730005001B8006001B8002002B8004000B877
S31508004740003F00B0000002B8003000B00A78022A24
S3150800475011D0101F4242424152004B781201022BDF
S315080047600BD0191F4B424B415B000549054842EAED
S315080047708312FFF7E3BD0122EFE70123F5E700BF48
S31508004780F0FFFF00615000080B78022B10D0181FAD
S31508004790434243415B004A78022A0BD0111F4A4222
S315080047A04A4152000F21044843EA8202FFF7C6BD78
S315080047B00123F0E70122F5E78D500008F8B50D78DA
S315080047C004460A2D0E4690F8247108D10625284677
S315080047D000F080FF18B90135EDB20A2DF7D1284649
S315080047E000F078FF002848D094F82431AB4209D16C
S315080047F0B288D4F8A4309A4204D17288B4F8263123
S315080048009A4238D084F82451B3882846A4F8283127
S31508004810738804F59275A4F82631B388C4F8A430D1
S31508004820FF2384F82B3005F08AFF84F82A002846EF
S3150800483001F00CF810BB284600F042FFF0B9D4F896
S31508004840E03053B194F82411B94206D02046B3F9A2
S315080048501220FEF7E1FA84F82D01204601F016F938
S315080048600849A4F828010123074AD1F8FC1004F1E5
S31508004870F80002F09FFD0020F8BD21200C2384F8E3
S315080048802431F9E7004F00B0983F00B070B50546EF
S3150800489090F824010C460C281FD0FF2901D12120AD
S315080048A070BD1AB14FF0FF320D4B1A6005F047FF85
S315080048B0064695F8240100F04BFF844228BF0446BB
S315080048C0E4B2B44238BF3446E0B285F82B0001F0B2
S315080048D00DFAFF28E3D00020E2E70220E0E700BF58
S315080048E0E823002010B590F8243104460C2B44D058
S315080048F0D0F8E03080F82A10DBB3D0F8F020D2B92F
S3150800490090F82D318B421CD300222046FFF7BEFFBC
S3150800491048BB1B4B1B78063B032B23D8204601F0CC
S31508004920B5F818490123184AD1F8FC1004F1F80023
S3150800493002F040FD16E0B0F94220B3F912309A426F
S31508004940E2DD0022204694F82D11FFF79FFF50B9AB
S31508004950C4F8E000204605F0B5FC4FF6FF73984210
S31508004960014601D1002010BD2046BDE81040FFF7E2
S315080049702BBCFF2380F82B30F4E70220F3E700BFB7
S31508004980A0240020004F00B0983F00B0F0B51D46A7
S31508004990144B04461B780F46164685B05BB1D0F813
S315080049A0E030E3B102AAB3F912300092002205F012
S315080049B017F905B0F0BD02A905F0E2FC9DF808104C
S315080049C03A462046FEF728FA014626B92A462046E0
S315080049D0FFF75CFFEDE72046FFF784FFE9E7184697
S315080049E0E7E700BF32BE0008F0B5D0F89C3095B0B6
S315080049F0012B03D10025284615B0F0BD04467C4995
S31508004A0005F0D5FED4F8E0600146E58DC4F8E4006B
S31508004A102EB133681BB15B68002B40F0A58006F009
S31508004A20EAFB01462046FFF75FFC0746084606F004
S31508004A30DDFBD4F8E410B3898DF80E70EB1A9BB23F
S31508004A40D6E9012000FB03226A48ADF80C3003685A
S31508004A500292994208D0204605F0BEFC802266499B
S31508004A60664BC1F888001A61654D644E00F0D4FAA9
S31508004A700128FBD12B6CDA07F8D4736CDB01F5D46B
S31508004A8094F82530DF070CD5D6F878215D4BC6F8A3
S31508004A90EC23D3F8F830D6F8A0209D06C6F8F02304
S31508004AA069D494F82530D4F8E4106FF3000384F839
S31508004AB02530204612919DF80E20029908AB02F087
S31508004AC0E5F880B900F0A8FA0128FBD14B4A4C4911
S31508004AD0536CD801FCD40B6CDB07F9D408A901A8E0
S31508004AE002F01AFB18B10225284615B0F0BDE28D72
S31508004AF0454B5A6400F036FE054600287FF47BAF26
S31508004B0094F8243060F3410384F8243000F034FB31
S31508004B10D4F8E030411E5B69C9B21E68FD29024619
S31508004B2004962CD9F71C3DD938490136096818BFAF
S31508004B300126C81C42D85B68FF2A0491059344D114
S31508004B40DF1C27D8204604A905F09EFD002E7FF419
S31508004B5051AFD4F8543198052AD494F8243043F048
S31508004B60020384F8243045E71A68032A7FF657AF0C
S31508004B709F6A7F0E5FE7204600F088FF91E75B6833
S31508004B800128059304D0204604A905F07DFD31E7E8
S31508004B900126D5E701331D4B5B6818D0D91C12D8FE
S31508004BA00593CFE75B68FF280593F1D02A46EAE725
S31508004BB020464FF4803105F0F5FB1BE7FF2A5B68BA
S31508004BC00DD00593C2E7FF2AC0D10022BAE7DD1C43
S31508004BD008D8204604A9059305F056FDB9E7012231
S31508004BE00593ADE7FF2AB4D10022204604A9F3E7CE
S31508004BF0FC4F00B0D8200020003F00B0000002B8EB
S31508004C0000C002B8004F00B0008001B8F4230020AD
S31508004C10F8B504460E4619B990F824305A0647D412
S31508004C203B4B3C4A5B6A618EC3F3032313704FF612
S31508004C30FF739942D4F8E47004D0374B1B680BB164
S31508004C4020469847354D2B68BB4256D0344B1B68D7
S31508004C503BB11FB13A68002A51D0BF683946204691
S31508004C6098470727204600F011FF002E3BD0062064
S31508004C702C4B94F9272093F900302549C3F12703D3
S31508004C809B1A0A6ADB0222F4FF2203F4FF2313436A
S31508004C900B62D4F8E420244B2A60986701F0BEF82A
S31508004CA00122224B20461A7005F0CDFC0020F8BDE3
S31508004CB04FF6FF7C66F38613154A80F82430536A4C
S31508004CC0164D1449C3F30323D0F8E4700B702B6810
S31508004CD0A0F832C0BB4217D0114B1B68002BB8D1C5
S31508004CE000F0D4FE072712493B46124AD1F8FC10B9
S31508004CF004F1F80002F05EFBB9E70127B2E71746B0
S31508004D00204639469847ACE700F0C0FE0127EAE797
S31508004D1000C000B809230020E0200020D820002089
S31508004D20DC20002007230020006000B808230020AC
S31508004D30004F00B0983F00B0054A12681AB190F8C3
S31508004D401E1119B91047084601F0C2BC0148704740
S31508004D50D420002000FEFFFF404B2DE9F7431D68D5
S31508004D6001F4007900F00103174653EA09020646E2
S31508004D700C4640D04FF0000893B3002300220120D0
S31508004D800021CDE9008802F039FD41462846FFF7A3
S31508004D90D3FF012241462886104605F091FAD5F838
S31508004DA0941005F1F80001F0F1FC2D490868FFF7A9
S31508004DB0B7FA4FF0FF330B602A4B1A68511C06D01E
S31508004DC06FF07E402849C863A1F58051CA634FF049
S31508004DD0FF321A6095F8243043F0040385F824302E
S31508004DE0B9F1000F07D00121284605F0DBFA24F4B3
S31508004DF0007406430C43324623462846FFF7D0FA8A
S31508004E0022044FF0000308D5CDE900330022002321
S31508004E1000204FF4004102F0F1FCFB070FD51349BF
S31508004E20134A08680021136811600121114A11709C
S31508004E3003B19847104B002102205B68984717F08A
S31508004E400E0F08D04FF409723B21002003B0BDE8CD
S31508004E50F043FFF733BA03B0BDE8F083C81E00205D
S31508004E60E0230020DC23002000E000B8E420002036
S31508004E70E82000200A230020D423002008B5582261
S31508004E800021064805F068FD1022FF21044805F0B8
S31508004E9063FD03F09BFD002008BD00BF043F00B082
S31508004EA0483F00B073B581217A22A0F814118221F7
S31508004EB0C0F80021C0E9411264220C23C0E943224C
S31508004EC007224FF0FF35002680F824314FF6FF738E
S31508004ED00446C28700F14C0282641F4AC385A0F8C3
S31508004EE0403080F82C3043864263038780F8276079
S31508004EF0C0F8A450458502F0B3FE2046FFF7BEFF72
S31508004F000122164B2046C3F8382294F92710FFF7DA
S31508004F1031FB6023124A41F6FF71D3644FF03A42DF
S31508004F20116311670F4A2946D36440220E4B204667
S31508004F305A64D4F89420FFF777FB0E230022CDE9B4
S31508004F40003340F202231046194602F057FC00F0DF
S31508004F50D9FB304602B070BD4000FFFF005001B8D3
S31508004F60004000B8005000B8002002B838B506F076
S31508004F7042F94FF6FF710A4A13888B4203D106F0AD
S31508004F8035F90E2038BD074C074D1B046567A4F597
S31508004F9080546367118006F029F90020F2E700BF04
S31508004FA09E240020006001B80000FFFF08B50C4BE6
S31508004FB0D3F84C21531C11D012F080420ED1094B64
S31508004FC01B681BB111460320FFF72AFA4FF08062CF
S31508004FD0054B1A6501225A6102229A6208BD00BF72
S31508004FE00080E00FC81E0020001002B84FF400220F
S31508004FF0034B586C03F500535A64C0F3C04070471E
S31508005000000002B8034BDB6913F4401F0CBF0120F4
S31508005010002070470080E00F0F4BDB68C3F3036383
S31508005020013B0B2B0FD8DFE803F006060C06060635
S3150800503006080A0808080220704704207047052059
S31508005040704703207047054B5B6913F0060F0CBFCA
S3150800505001200420704700BF000002B800C001B854
S31508005060094AD368C3F303630B2B08D06FF4905037
S31508005070184100F0010080F0010040007047506CB4
S3150800508010F48030EDD17047000002B80C4AD3689E
S31508005090C3F30363062B07D8042BD8B20BD8C31E59
S315080050A05842584140007047072B06D1D2F868018C
S315080050B00028ECD17047022070470020704700BFD7
S315080050C0000002B8094BDB68C3F303639A1E012A82
S315080050D08CBF00220122012B02701EBF4FF4026210
S315080050E022FA03F303F001030B707047000002B8BD
S315080050F0FF28074B09BF0A6851F82020C3F8782211
S315080051004A6818BFC3F87822C3F87C22704700BFE4
S31508005110004001B8144BFF281870144A144B09D1E3
S315080051201821C2F8FC131022C3F8FC23114BD3F83C
S3150800513074320DE0C0431821C00000F00800C2F820
S31508005140FC13C3F8FC030028F0D10A4BD3F87832D5
S3150800515040F2FF31054AC3F30903C2F80C11A2F560
S315080051608052C2F80C3170470B230020002002B889
S31508005170001002B80080E00F014B1878704700BF96
S315080051800B2300204FF03A43D3F81421D2031ED53F
S315080051904FF480320E49C1F81421A1F58051C1F8A7
S315080051A018215A6DD1B2C2F30722C3F8A410C3F866
S315080051B0A4200422C3F8A4200022C3F8A420C3F81C
S315080051C0A420C3F8A420C3F8A420C3F8A4207047D9
S315080051D0002000BAF0220B4B01219A64A022A3F505
S315080051E080539A644FF03A43826CC3F8F410FC215A
S315080051F0C3F8CC10C3F8D0204FF40052C3F8F020FF
S31508005200704700BF006000B8F8B50D464FF03A4445
S315080052101746064605F0EFFF01230421074A636394
S31508005220E76026616561C2F81411054AC2F884313F
S3150800523005F0DCFF0DB102236363F8BD002000BA58
S3150800524000E100E02DE9F04105460124006800F080
S315080052500700063004FA00F3A868EC685E1EA04250
S3150800526062D000EA060E6C6810441E430640A3EBA3
S315080052700E000EEB040C8242644618D9D31A0EEBC4
S31508005280030298B1431E052B04D94B1CACEB030350
S31508005290022B59D80B460844ACEB010E03EB0E0162
S315080052A013F8014B83420C70F8D101466C688AB139
S315080052B0531E052B01F1010302D9E01A022812D860
S315080052C00A44611E00E0013313F8010C934201F809
S315080052D0010FF8D105F08FFF0223AE60AB62BDE87F
S315080052E0F04105F083BF0B46204622F0030E8E449C
S315080052F053F804CB734540F804CBF9D122F00303E5
S31508005300D01A920701EB030C04EB0307E2D0CA5C40
S315080053100128E254DED09CF8013002287B70D9D0EF
S315080053209CF80230BB70D5E7042A35D90878043AC8
S31508005330A86148780431A86111F8020CA86111F82F
S31508005340010CA861A8688CE70B4620F003070F44F8
S31508005350ACEB010E1C684EF803400433BB42F9D18E
S3150800536020F0030310F0030F01EB030EA0EB030478
S315080053700CEB030728D011F80380012C0CF80380E6
S3150800538022D09EF80130022C7B7018BF9EF802309E
S31508005390084418BFBB7088E7013A032A12D8DFE829
S315080053A002F00F1507020B4613F8012B1946AA61DE
S315080053B00A4612F8013BAB61114611F8013BAB6195
S315080053C00B78AB61BDE8F08108446EE70A46F3E75F
S315080053D038B50B46154601464FF03A4468B10122E6
S315080053E01048C4F8F4201A46FFF72CFF25B14FF0F1
S315080053F03A430422C3F8F42038BD73B1D4F8D82050
S315080054009A4284BF0122C4F8F4204FF03A42C2F807
S31508005410D4300223C2F8F430E8E70123C4F8F430A4
S31508005420E4E700BFCC0000BA38B5044605F0E3FE51
S315080054304FF03A420121638F054651674BB3B3FAE1
S3150800544083F3C3F11903DBB2A069C2F8B410C2F83A
S315080054508C300723C2F89000C2F8B0304FF4A0236E
S3150800546002F50052C2F81431A2F58052C2F818317A
S3150800547000220C4B1A600C4B5B6C5B0209D54FF48F
S3150800548080020A4B04F1F8005A64D4F8941001F02B
S315080054907DF94FF4E0232846E363BDE8384005F07C
S315080054A0A5BE00BFEC200020000002B8002002B80C
S315080054B02DE9F84305460C46B1B1D0F81880478F58
S315080054C005F099FEB5F83CC0791E01EA0C0323F0F5
S315080054D00702032C0646DFF8F8E042445ED1DEF800
S315080054E0004024B905F082FE0E20BDE8F88324F0BA
S315080054F00104DEF8000020F00100A04253D1002389
S31508005500CEF80030238894426FEA43436FEA534348
S3150800551023803ED1EB8F08EB07091846083880B27E
S3150800552002F108044C4528BF4446082804D9B4F8B3
S3150800553000E0BEF5804F40D263440F431B1A3B4040
S315080055409BB2AB87E887947811884FF03A42C1F34B
S315080055500C019165C2F89830C2F8B0004FF4802269
S31508005560174B04F00704C3F814210122154BC3F89E
S315080055708421FFF707FE042C0BD14FF48002124B4F
S3150800558005F1F8005B6C114B5A64D5F8941001F0DC
S31508005590FDF8304605F02AFE0020A6E7601E012821
S315080055A098BF1446A5E7E88F4344E31A48BFDB19BA
S315080055B008389842A6DC304694E72246AEE700BF94
S315080055C0002000BA00E100E0000002B8002002B89E
S315080055D0EC200020154B10B51968CA8F8B8F488FA1
S315080055E013440138073B8C69034023F007031C4426
S315080055F002F108034FF03A429BB2CB87C2F8B030AB
S315080056004FF480220A4BC3F814210122094BC3F830
S315080056108421A07800F00700042803D1064AD3683D
S315080056201B03FCD4054B1C6010BD00BFC81E002020
S31508005630002000BA00E100E0000002B8EC200020DB
S3150800564010B5064C216839B1CB0703D4044B18684A
S31508005650FFF72EFF0023236010BD00BFEC200020BB
S31508005660C81E00204FF480320C4B0D49C3F8182190
S315080056704FF03A43C1F81421D3F8AC10D3F88C2074
S31508005680012302F0070206329340C1F30C01083BDE
S31508005690994201D8FFF776BD704700BF002000BACF
S315080056A0001000BA054BA822D3F84C013121431C3F
S315080056B00CBF0120C0F38070FEF700BE0080E00F2B
S315080056C0034B1A6802609B8883800020704700BFDE
S315080056D0A024002010B50446084B063C9B68984752
S315080056E0074B032CD3F8F80706D800F4C020B0F50A
S315080056F0C02018BF012010BD0020FCE7142400209C
S31508005700000002B80E4BD3F8FC37FF2B0ED0C3F3BC
S31508005710421103F01F03013303EB4112FE2A88BF2F
S31508005720FE23084A98BF03EB4113137041F66A0239
S31508005730054B1B68B3FBF2F3044A1360704700BFBE
S31508005740000002B8AB2400200C210020F020002025
S31508005750063803289ABF024B18780020704700BF06
S31508005760AB240020334BD3F8F827D3F8FC17324B79
S315080057701B68D3F8E43013B11A68032A2BD82F4BC9
S31508005780DB6BC3F3C20013F0380F03F0070218BF30
S31508005790424313F4E07FC3F3821000D04243C1F3BF
S315080057A04213022B234919D9062A37D9D1F8FC33D3
S315080057B013F0010335D14FF0E0702149092AC1F8E9
S315080057C02C012048C0F82C316FF0FF03C1F82831AE
S315080057D01DD91D4B1DE09A6A520EE0E70023D1F849
S315080057E0FC13C907E7D5032A1CD84FF47C71144A61
S315080057F043F44C73C2F82C114FF0E071C2F82C1127
S315080058001049C1F82C316FF0FF03C2F828314FF464
S3150800581008530C4A0020C2F8283170474FF4000399
S31508005820DDE700234FF47C70054943F43873C1F86B
S315080058302C01C0E7000002B8C81E0020008001B88D
S31508005840002002B8001002B8002DB00BF8B5834D41
S3150800585004462978002950D12C22814805F07CF885
S315080058602378804FFF223B70638800247B807E4B21
S315080058704FF48150C3F8DC407C4B1A7007227C4BEE
S31508005880D3F8F817D3F8FC6703F50053C3F8FC23DD
S315080058904FF47072C3F82C21764A4903C3F83021B5
S315080058A04FF00102C3F83421C3F86C014FF40060CD
S315080058B0A3F58053C3F86C0126D4C3F8FC234FF430
S315080058C0307216F0E00FC3F82C2108BF4FF480524F
S315080058D04FF0080008BFC3F86C21FCF765FE4FF4CB
S315080058E0780420226449C1F86C213A78063A032ADA
S315080058F02BD8DFE802F0156B6E7300235F4AC2F8F7
S31508005900FC305F4A1370ABE70421C3F8FC1380210F
S315080059100920C3F82C11C3F83421FCF745FEE0E74B
S3150800592016F0E00FC6F3421204D144F40C3444F4E2
S3150800593040740AE0012A1BBF2020524A44F4C134AD
S31508005940C2F86C0118BF44F48024C1F83041FFF74F
S3150800595009FF002839D14C4B1A68B2F1406F474A03
S315080059605BD3D3F87C1201313BD0D3F87C12C9B291
S31508005970C2F8DC10D3F88032404ADBB24249C2F89A
S31508005980E430D1F88432013343F63F7332D0D1F88C
S3150800599084421C40C2F8D840D1F888120B40C2F89D
S315080059A0E030394BD3F88C1201312CD0D3F88C1255
S315080059B001F0FC01C2F8F010D3F8903203F0FC03B2
S315080059C02E4AC2F8F43001232B70F8BD44F408348B
S315080059D0ADE744F4A73444F48074B6E744F4FE44CF
S315080059E0B3E72349D1F82831DBB2C2F8DC30D1F865
S315080059F02831C1E71E4CD4F824111940C2F8D81032
S31508005A00D4F82411CAE71A49D1F8343103F0FC0353
S31508005A10C2F8F030D1F83431D0E71549D1F8F84753
S31508005A20D3F83012C9B2C2F8DC10D3F83432DBB27C
S31508005A30C2F8E430630357BF43F62B3341F61B33F2
S31508005A40C2F8D830C2F8E03049BFC2F8D830FC23D3
S31508005A50C2F8E030DC23C2F8F030B1E70D230020AD
S31508005A60D43F00B0A0240020004001B8AA2400209A
S31508005A70000002B800FFFF00001002B8003F00B0A7
S31508005A800C230020002002B80080E00FD0F8A410F4
S31508005A904C22022938BF02212DE9F04F804690F8A2
S31508005AA024A181480139C36CD0F8DC507F48C3F380
S31508005AB08213DA40036898F82B708B42DFF828B215
S31508005AC07B4B87B002F0010219D11C78944216D19B
S31508005AD0784C2478544512D1D8F8A8407CB1AC4209
S31508005AE00DD1754CD4F8F840A60608D4734C247822
S31508005AF0BC4204D1BBF8040007B0BDE8F08F0160D2
S31508005B009BF800001A70FFF723FEFF2F81466A48AC
S31508005B1040D1AAF10603032BD0F8F800684B09D93F
S31508005B2085064DD540F2FF30C3F88800FB0843F4DC
S31508005B30407309E0840642D540F2FF300127C3F8D6
S31508005B408800BB0843F438735E48C0F888305C4B5D
S31508005B500120C3F8E0005C4B1E6840F27123B6FBD7
S31508005B60F3F619234E43B6FBF3F65AB3D8F8E450C6
S31508005B702DB12B68082B40F2948095F838502946A9
S31508005B8005A8059604F0B7FD0602059C46F0110621
S31508005B902D043CE009F1FF33BB4228BF3B46012BED
S31508005BA038BF0123D0F8F800DFB2800608D540F2E6
S31508005BB0FF3443481B06C0F88840B7D4C1E701271D
S31508005BC0404BC5E7414B9821A3FB062303A8039343
S31508005BD004F091FD039C3E4A361BA2FB0612019077
S31508005BE0342104A8049204F086FD049D0090761BD7
S31508005BF0302105A8059604F07EFD019B009A1E0239
S31508005C00059B2C4446EA0216324D06431C44324B89
S31508005C1040F6970218682B21003818BF0120FEF7B6
S31508005C204DFBFA222C4B02FB04F01B6840F6FF7270
S31508005C30B0FBF3F00A235843214B00F57A74C3F8F6
S31508005C40D820A3F58053C3F8D860A3F58053C3F8CA
S31508005C50DC50224B224E1B78C6F8D4700BB9C6F816
S31508005C60FC7086F8FB9000F58C50C8F8A8501D4DBE
S31508005C7014302C6001F028FB4FF47A72C6F89800AD
S31508005C80C6F8EC002B680D49B3FBF2F3ABF8043009
S31508005C90084BB4FBF2F083F800A098F82B300B7091
S31508005CA02AE700256BE700BF004001B8E82300207B
S31508005CB00E230020A9240020004F00B0A8240020AD
S31508005CC0006001B8005001B80C21002069C2F568CF
S31508005CD0B97A146E3064FC00F02000200C230020F2
S31508005CE0003F00B0F4200020A024002010B5104B7F
S31508005CF0024618780F4C0C2802D1FF20207010BDE0
S31508005D00831F042B34BF0121FF21FFF721FD904299
S31508005D1028BF1046C0B2884238BF08462378834257
S31508005D20EDD0054B20701868FFF7B0FE2078E6E73F
S31508005D30A0240020AA240020C81E002008B50E4B67
S31508005D40024618780C2812D0FF2A13D0FFF700FD58
S31508005D50904228BF1046C2B2012A38BF0122074B1B
S31508005D60C3F8FC200123064910460B7008BD002322
S31508005D70FF22F8E70023F6E7A0240020003F00B042
S31508005D800C2300200020044B1870044BD3F8D420B1
S31508005D90C3F8FC20704700BF0C230020003F00B06A
S31508005DA010B50446FEF778F878B1154B1B786BB931
S31508005DB064B1144B1B784BB1134B1B78013B012B79
S31508005DC004D84FF40042114B1A6510BD104B1B6DD9
S31508005DD01B04FAD405F00FFA044601F07FFF4FF4CE
S31508005DE000420C4B2046BDE810401A6502220A4BB9
S31508005DF0C3F824250422054B5A6405F0F7B900BFF9
S31508005E000F23002010230020F8200020002002B8CD
S31508005E10000002B8001002B800D00350054BD3F8B2
S31508005E20843013F0030F4FF4802314BF024A034A49
S31508005E3093647047004000B8005000B8006000B88E
S31508005E40594B2DE9F34193F82E800646B8F1000F19
S31508005E5040F0A8809B68554C984701213A20FBF7EB
S31508005E600DFF534B2578534F1E7085BB2846FFF709
S31508005E7097FF2378013B012B19D8E37B01A88DF8FE
S31508005E800430237C8DF80530FBF7D4F8C7F8245581
S31508005E904FF6FF72484BC3F88420F822A3F58053C7
S31508005EA0C3F884200022434BC3F824250DE04FF69F
S31508005EB0FF72414BC7F82455C3F88420F822A3F58E
S31508005EC08053C3F88420C7F824553C4B5BE0404612
S31508005ED0FFF766FF2378013B012B08D8E37B01A86F
S31508005EE08DF80430237C8DF80530FBF7A3F80023E2
S31508005EF0C7F82435002ECBD062685AB3304B1B68DE
S31508005F0003EB5203B3FBF2F3013B1B0243F0F80326
S31508005F1026782949022E2B4A1ED0032E4FF6FF75E6
S31508005F20244826D0012E37D143F00203C1F8845005
S31508005F30C2F884300723C0F82435E37B01A88DF81E
S31508005F400430237C8DF80530FBF744F80120FFF771
S31508005F5027FF17E0F823DBE74FF6FF7043F001034E
S31508005F60C1F88400C2F884300622124BC3F82425EF
S31508005F70E3E743F00503C1F88450C2F884300423EC
S31508005F80C0F82435104B4FF080421A65FFF746FFDC
S31508005F90002002B0BDE8F081C1F88450C2F8843010
S31508005FA00023EDE70E20F4E714240020F820002053
S31508005FB01023002000C00350006000B8002002B87B
S31508005FC00C210020005000B8001002B8034B1B6DCE
S31508005FD0002BBCBF024BC3F888007047000002B80C
S31508005FE0004000B8304B2DE9F047DB6898474FF47E
S31508005FF07A762E4BB0FBF6F618604FF4FA737343B5
S3150800600007462B48190E1B0218182A4A4FF0000398
S3150800601041F1000102F014FD274BA0F580720546F8
S315080060201A6320B948222B21FEF748F901254FF4B7
S315080060307A724FF0000A6A4353465008310202F05A
S31508006040FFFC1D4B1D4AB7F57A7F9A601C4B4FEA39
S31508006050056819601B4B8946044618604FEA1525E2
S3150800606005D29B222B215046FEF728F901264FF42C
S315080060707A73A8FB030103FB05117308C01841F1E5
S3150800608000010023324602F0DBFC0F4B0234196094
S315080060900E4B49F10009A408186044EA8974064BB6
S315080060A0013C9C63BDE8F087142400200C210020E5
S315080060B020A1070040420F0000C001B802110100EC
S315080060C01C21002018210020142100201021002066
S315080060D01022044BC3F884215A600122024BDA606D
S315080060E0704700BF00E100E000C001B838B50125DF
S315080060F00A4B02019D504FF480730446084A8340B8
S31508006100536605F078F8074AA540137823EA05038D
S315080061101370BDE8384005F069B800BF00E101B862
S3150800612000E001B81923002038B505F06DF8084BD2
S31508006130084A1D6A92F8CD405A6EE4B2520744BF27
S315080061401D6A013405F05BF8284604F0030138BDE2
S3150800615000C001B8003E00B0064B1B68434303EB82
S315080061608171054B1B68A3FB003013F1004341EB1B
S315080061700000704714210020102100200C4A20F04E
S315080061804043014610B5002014684FF00042E4FB76
S315080061900320084A890F126802FB0300064B9B6B13
S315080061A0984204D901330131C01A01F0030110BD28
S315080061B0182100201C21002000C001B8044B01F062
S315080061C0F071103041F0030100011950704700BF0B
S315080061D000C001B808B52220FFF7F8FE4FF4802268
S315080061E0014BDA6008BD00BF00C001B8836833B14F
S315080061F00549C268096803F13043032A00D8704785
S3150800620043F8041B043AF8E74824002070B51646FC
S31508006210054600B3F9B1F2B14268104B0068033283
S315080062201B68920800F130409847044688B9EA6826
S31508006230A86803323146920800F1304004F09BFA10
S31508006240044630B9D5E90402214600F1304004F08D
S3150800625083FB204670BD2124FBE700BFF023002006
S3150800626070B50C68651C15D0C4F302669E42C4F36B
S31508006270074530D1A4B294422DD804EB8506B24224
S3150800628029D2141BA50824F003040E59340F04D090
S31508006290012C08D00022212402E06B1C51F823208F
S315080062A0C0E9002470BD0E4C34F8133042EA0343AB
S315080062B01A686B1C51F8234001EB83014B68224096
S315080062C05E4036F0704404D11B0F032B04BF8B6865
S315080062D01A430024E4E7013501EB8501C1E700BF55
S315080062E078C0000807B501A8FCF780FC42F2010255
S315080062F00C4B0D49C3F870224FF4FC72C3F8E0202A
S315080063005822A3F58053C3F8E020084AA3F61C7365
S3150800631052F8040B43F8040B8B42F9D103B05DF82D
S3150800632004FB00BF006001B8104101B84CC000086A
S3150800633070B50324134E144DB3689847134A144B8B
S315080063401A6500F09BFFFFF7CDFF124BC3F810410B
S3150800635001232B65336898474FF460736B614FF4DC
S3150800636000732B65FEF708FF0021FEF7D3FE802297
S31508006370094B1C64A3F580535C64084BC3F884215D
S315080063805A6070BD14240020001002B80048F000BE
S31508006390000002B8005001B800A0095000E100E072
S315080063A02DE9F04705460E461446DFF88480DFF8E7
S315080063B084901E4F88B01CB9204608B0BDE8F08707
S315080063C0B4F5006F4FF010024FF000016846A24680
S315080063D028BF4FF4006A04F0BFFA08238DF800308E
S315080063E00AF1FF339BB2009A1B0143F0036302EAEA
S315080063F0090203EA08031343102200210DEB0200E9
S31508006400CDE90036029504F0A7FA6A46387804A959
S31508006410FCF75AFBA4EB0A0406EB8A0605EB8A0589
S315080064203878FCF7AFFB0028FAD0C4E7AC24002084
S31508006430F07F300C0F80CFF3002210B5274B284C85
S315080064405A649A64DA6494F82D2003F5805312B1DD
S315080064504FF000721A6594F82E20002A39D04FF4AE
S3150800646000421A6594F830302BB14FF480521D4B18
S315080064701A65A36A984794F831201A4B12B14FF45B
S3150800648000521A6501225A6102229A62134AD36897
S31508006490C3F303630D2B01D0002BF8D11123124946
S315080064A0D3631248124AFFF7B1FE01F03FF81148CC
S315080064B0FFF79CFE1048FFF799FE1048FFF796FE77
S315080064C04FF08062074B5A61012203F580535A61E7
S315080064D010BD01213A20FBF7D1FBC3E7000002B843
S315080064E014240020001002B8ECC00008D0C0000830
S315080064F0E8C00008A0C00008B8C0000888C00008A6
S315080065000F4B10491A68012302F58052C2F88032EF
S3150800651091660D4A53600D4A53600D4A5360A2F5C1
S3150800652080425360A2F54042536002F5C032536080
S3150800653002F580425360A2F500425360704700BFDF
S3150800654010240020FF0B001600D000B8001000BA77
S31508006550005001B808B504F02DFB044B1B681B6FEF
S31508006560C3F300430133B0FBF3F008BD1024002049
S3150800657070B5044698B1B1B13A4A52F8043B834221
S3150800658013D10023384A116CC907FCD4374800EBED
S31508006590830004F0F9F8364B106001221A6470BDC6
S315080065A001330C2B02D1334D2CE0012352F8041B86
S315080065B0A142F5D1304A32F81330E3E7C2F301635A
S315080065C035F81300110C93B211F0FE0F43EA00439D
S315080065D0606820D00434CAB2022A216808D9D4E9EE
S315080065E00160033AC3E9001698600C340C33F3E7EC
S315080065F004D16268C3E90012083403E0012A01D114
S31508006600043419602268531CD8D10022164B1A602C
S3150800661003F58053C1E7120F072AEDD8DFE802F029
S315080066200704090D1013181DC04303F5005318601D
S31508006630E2E71A6842401A60DEE703F58053F6E798
S3150800664004F08EF8D8E7012203F580538240F2E77A
S31508006650012203F500538240EDE71A6830EA020288
S31508006660FBD1C9E72021002000C002B8404000B095
S3150800667000D002B878C00008E42200200122014BAD
S315080066801A657047001002B80122014B1A65704757
S31508006690002002B84022014B1A657047002002B854
S315080066A04022014B1A657047001002B8064BDB689A
S315080066B0C3F30363984206D1044A936F23F0F003A9
S315080066C043EA011191677047000002B8003F00B025
S315080066D02DE9F743064604F03CF800248046DFF827
S315080066E0909004F088FD0DF1070105460DF10600AE
S315080066F0FEF7E8FC9DF806308BB9721C29D004F029
S3150800670028F8A0EB0804284604F070FD9DF806302A
S3150800671013B99DF807303BB3A642E2D824E0D9F86E
S315080067200C3013F4603FE8D0D9F8180004F07FF86D
S31508006730731C074603D004F00CF8A0EB080428469F
S3150800674004F054FD17F5007FE0D0384603B0BDE8E5
S31508006750F083284604F04AFD9DF80630002BC0D188
S315080067609DF80730002BBCD1004FEEE700FEFFFF77
S3150800677000C000B8044BD3F8B03010B1C3F30332ED
S31508006780027003F00F007047000002B8064B01F0D4
S3150800679080015B6C03F480030B4302BF4FF40012C5
S315080067A0024BDA64704700BF000002B8006001B807
S315080067B04FF0B052024B1B6803F580539A66704738
S315080067C010240020044B1B68986E00F0B05000F1AE
S315080067D06A43584258417047102400200F4B1B78D3
S315080067E08BB1012B11D10E4A012102F580528B4241
S315080067F091600FD80A4A0B49002B08BF0A469368CE
S315080068009B07FCD47047074AEEE700224FF48053F3
S315080068109A60FFDE00239B68FBE700BF1A2300206F
S31508006820004003B8000003B838B50B4B0B4C0028E2
S3150800683018BF1C46A569E3691D4007D0084B1B68AD
S315080068402BB12846984704F50054A56138BD6B0559
S31508006850F9D5FFF7C3FFF6E7004003B8000003B811
S31508006860502100204FF604014FF60502044B012083
S315080068701B6C9BB28B4208BF1346024A13667047CD
S315080068800080E00F00C001B8034B1A6E596E03F57D
S3150800689000530A401A66704700800A5030B54FF018
S315080068A04044114B1A68D2F8883002F50055C5F8ED
S315080068B0A040C3F38803C5F8A44091B1B3F5D17FCE
S315080068C028BF4FF4D173D52B38BFD52303F146051E
S315080068D0A3F1460141EA0541D16702F58052C2F8A3
S315080068E0A4400380002030BD0C2400204FF48022F1
S315080068F0034B00201B6803F581539A61704700BF5C
S315080069000424002073B50446234B244D9B689847FE
S3150800691001213A20FBF7B2F9E1782279286841EAA1
S315080069200243C0F8F435E679A37943EA0643C0F88A
S31508006930F83523784BB18DF8041004218DF805201D
S315080069400DEB01000022FAF709FB63785BB104211D
S31508006950A37900228DF80430E3790DEB01008DF858
S315080069600530FAF7FBFA2B682178012203F5BE6396
S3150800697059B103F580510A606178022241B103F5E5
S31508006980805300201A6002B070BD03F50051F2E78B
S3150800699003F50053F5E700BF14240020082400205F
S315080069A04FF08042034BC3F88020BFF34F8FBFF3ED
S315080069B06F8F704700E100E04FF08042014B1A608C
S315080069C0704700BF00E100E0124A10B5D2F84C311A
S315080069D05468D269104912F4401F0FD15A1C0DD1C0
S315080069E024F0404424F44004240C24040B4803F007
S315080069F038FF2146BDE8104003F033BF084A194066
S31508006A009442F3D103F4FE43B3F5807F08BF41F403
S31508006A10A061EBE70080E00FE0FFF01FCF13468B85
S31508006A20140015012DE9F0470C4681B1B1F1006F4C
S31508006A300DD31C4BCA1C9A4209D84FF0000844F6DD
S31508006A40FC7654F828104FEA88094B1C01D1BDE89A
S31508006A50F08703F006FFC1F30263032B844608F1AF
S31508006A600107C1F3074514D18BB2F31AB5EB930F9F
S31508006A704FEA930A0DD909F104015246214403F05D
S31508006A800BFF844608F10208013D08EB0A07A5EB4F
S31508006A900A052A46604604EB870103F0FDFE07EB6C
S31508006AA00508CEE7FFFF07082DE9F041044668B15F
S31508006AB0B0F1006F0AD3254B00F117029A4205D8A8
S31508006AC0234B244A19780023994224D800252427E1
S31508006AD0FFF77AFF2168FFF7A5FF6168FFF7A2FFB6
S31508006AE0E668AE4221D12269111A4B424B41B4F1F4
S31508006AF0006F15D3154904F117058D4210D8824247
S31508006B0022D1134A1378052B09D8124941F8234094
S31508006B100133137003E052F8040BA04203D101239A
S31508006B201846BDE8F0810133CEE707FB05F3A268F6
S31508006B300135D15802EB0308FFF774FF042208EB6E
S31508006B40020103F0A9FECCE70023E9E7FFFF0708E7
S31508006B501C2300205421002070B52C4B0C461A78B3
S31508006B601AB92B4AD2F86C221A702A4A126D5205A3
S31508006B704AD51D78284B05F00F06B0FBF3F04043C5
S31508006B804FEA151505D140F27C622B21FDF796FBDD
S31508006B900120224A0A217243B2FBF0F34843B3FBB1
S31508006BA0F1F602EB5002B2FBF0F201FB1633042BAE
S31508006BB0D2B207D8C3EB8310C3EB80035BB283B9A9
S31508006BC06DB217E0C3F10B0303EB8303DBB2B3FB30
S31508006BD0F1F32B44DDB20F2DF2D9013AD2B2053DBD
S31508006BE0EEE7053B5BB293FBF1F31D44EBB26DB2E6
S31508006BF0002D04DB002042EA0512226070BD013236
S31508006C000533D2B25DB2F5E70220F7E71D2300206F
S31508006C100080E00F000002B8403B250080969800EF
S31508006C20F8B50B46002213F8044B944225D91D6883
S31508006C30854224D106245A791D79124B88181E6874
S31508006C4004FB0503104F33F8063C7B43B3420ED9C9
S31508006C5000238A5A7A43964202D804FB0300F8BDF9
S31508006C609D42FAD9013304FB03F2825AF2E740F255
S31508006C7044423D210020FDF721FB0020EFE70833C1
S31508006C800132D2E76C21002040420F0000202DE996
S31508006C90F04FA2FB016AB94FDFF824C3F7191D4666
S31508006CA06AF10003BC4570EB030383B008D240F2D7
S31508006CB03E220E21FDF702FB022003B0BDE8F08F4D
S31508006CC0D5F828908B461446B9F1000F04D0D9F8A8
S31508006CD00030032B00F29381A94BAA4A9B6BD2F88A
S31508006CE0FC90C3F31408A84B1B6F59074EBF4FF40B
S31508006CF040039B0503F0E07348EA0308A34BD3F867
S31508006D00EC305A0048BF48F0807848EA446803F0F7
S31508006D108BFF0746002CCFD00028CDD09C4B6E6247
S31508006D20C3F800B09B4B984200F0B18103F51223DB
S31508006D3003F5F863984200F07381974B984200F088
S31508006D40B1810246002300204FF0007101F078FE61
S31508006D500023013006FB03F300FB0A33A6FB0002FF
S31508006D601344203389499B092B60D1F8ECB3D1F839
S31508006D70F033D1F878A1D1F8A0100093084658400E
S31508006D8030F47F630CBF012000204FF42872019174
S31508006D901021FDF793FA8BEA0A0232F47F634FF06B
S31508006DA0100140F2A6220CBF01200020FDF786FA4A
S31508006DB07A4A009BD2F86012C9B2FF291CBF2AF48E
S31508006DC07F6242EA0112764908BF5A468E4207D9BF
S31508006DD0211F012940F2278172498E4200F2238140
S31508006DE0B7FBF4F7C8F31301A1FB0717AB61684BB0
S31508006DF0C90C41EA473118F4801F1F686A4B08BF5F
S31508006E0049421960694B0F44C5E907B21F60B9F1D9
S31508006E10000F00F0328100236B60AB60D9F81C606C
S31508006E20D9F800A0002E49D0BAF10F0F97BF574BDB
S31508006E30B9F818B0D3F88C31C3F3832B524B98BFEB
S31508006E400BF1080BD3F83C31B7FBFBF2DB0216D586
S31508006E50002381EAE17EAEEBE17E5549C8F381580D
S31508006E6011F808C0194650084FEACC5CCCFB0E0155
S31508006E70009201F0E5FD009AC0F3130068605F45D3
S31508006E8004D3B2FA82F10D2940F304813346910303
S31508006E90B1FBF3F14B004FEAC23E0133520C01E05D
S31508006EA002330131A3FB06C0E64572EB0000F7D2B8
S31508006EB0C1F30E01090341F00061A960BAF1050F9B
S31508006EC040F2DF80D9F82C60002E00F0B6803078CA
S31508006ED004FB07F7A0F10400B0FA80F040F20B5269
S31508006EE03D214009FDF7EAF9324B9F4240F2018104
S31508006EF0314B9F4240F20181304A974294BF0222A9
S31508006F00032244F21421FF0B07EBC70307EB4303E5
S31508006F109B0B013B5B0232446B61567801FB07F21F
S31508006F20B6EBD25F4FEAD25380F0E5802644B342EF
S31508006F3040F2D7802644B34240F2E1802644B34269
S31508006F4040F2DF802644B34240F2DD802644B34255
S31508006F5098BF052040F2C680002040F226523D2107
S31508006F60FDF7ACF944F6776307FB03F3DB0D013B4A
S31508006F70B34280F0BC80002026E000BF006CCA88BF
S31508006F80008001B8004F00B0004001B8000002B808
S31508006F907421002000F04902005A62020080E00FC6
S31508006FA000BBEEA000AE5EA7702100206C21002079
S31508006FB080C0000820D4CB8F00DAF89AE0DF25A637
S31508006FC0807C814A042804D8361BB34200F10100AC
S31508006FD0F8D303288CBF0020012040F232523D210D
S31508006FE0FDF76CF901216B69A6F1140242EA8642A3
S31508006FF01343D9F800A06B6185F82C101FE0042B09
S31508007000D9F828807FF483AE18F0807F14BF4FF438
S31508007010400308F0E07328F0E07848EA030876E6CB
S3150800702000233A4896E6019B2AF47F6A23F47F6395
S3150800703043F42A634AF4CC6BD2E685F82C60002325
S31508007040BAF1060FEB6018D9D9F83030ABB103F0B6
S31508007050EBFDD9F83010FFF7E3FD044608B1837855
S315080070601BBB03F0A1FDD9F83010FFF7D9FD20B1FD
S31508007070837813B1C3781B042B61002003B0BDE8E5
S31508007080F08F0023002085F82C30EB60F6E700230C
S315080070901F485FE6C1F10E0326FA03F302FA01F16F
S315080070A00133F5E600231B4854E6407940F2555271
S315080070B0003818BF01203D21FDF700F9207940F27C
S315080070C05652003818BF01203D21FDF7F7F82379FD
S315080070D062791B0243EA0213EB60E3781B042B6117
S315080070E0BFE7012003288CBF0020012035E70120D7
S315080070F073E7002205E701202FE7012201E70220B6
S31508007100F0E70320EEE70420ECE700BF313641DC68
S315080071100A3BB2DFD694BFD630B505460C468DB0CD
S3150800712059B9334B827AD3F8FC30416831480A930F
S3150800713000686B46FFF7AAFD6C462F4B22685A6318
S315080071402B4BD3F8FC30002B3CD0636843B12B4B58
S315080071502B4AC3F83C216268A3F58053C3F83C2147
S31508007160A36843B1254B274AC3F81C21A268A3F597
S315080071708053C3F81C21244AE168D2F8983194F860
S315080071802C0023F4EE630B43C2F898316FF0784273
S315080071901E4B1F499A606269A3F580539A604FF4A3
S315080071A04033C1F88C3122691A4BC3F88C214FF44D
S315080071B00012D8B10A65184B1B6898471749606AC8
S315080071C0FFF7CAFC0020A2690F4BC3F8A020E269AA
S315080071D0C3F87821226AC3F8F8232A89A3F5E0338D
S315080071E09A6203F5A03318640DB030BD1A65E2E75C
S315080071F0004F00B0C81E0020008001B8006001B82A
S31508007200FFFF0F0000F0FF0F000002B800600C50EF
S31508007210002002B8001002B814240020588001B8D3
S315080072204FF40022014B00201A657047002002B86F
S315080072300E4B1B68D3F88022D2070ED55B6E002B47
S315080072400DDA0B4B4FF480029B6813F00C0F094BB9
S3150800725009D11A654FF480421A65002070474FF429
S315080072608002054BF5E704490A65F3E71024002078
S3150800727000400950002002B8001002B84FF480629E
S31508007280014B1A65704700BF001002B810B590B1DF
S315080072900468012C0FD902696AB11168094B102CD0
S315080072A0196051685960916888BFD268996094BF1F
S315080072B0D960DA6010BD10220021024803F04CFBA9
S315080072C0F8E700BF7C210020084BC1171A68A2FB0B
S315080072D0000302FB013310F1807043F10003400EF6
S315080072E040EAC310803820EAE07070478C210020FD
S315080072F00722194B70B51A64184B194A1D68194BA1
S31508007300EC08E005C0184FEA153141F100010023E9
S3150800731001F096FB144B154E18601548FFF7D4FF7D
S315080073204042C6F8D00049F65800FFF7CDFFC6F828
S315080073309C001048FEF722FF024660B1E3015008A0
S3150800734018184FEA15714FF0000341F1000101F0DA
S3150800735077FBC6F8A80070BD000002B80C21002013
S3150800736065CD1D00B2E60E008C210020003F00B05E
S315080073707011010040420F0010B5044698B10B4B3E
S31508007380D3F8FC00FFF782FF4FF47A7303FB04F08F
S31508007390074BA0F57A60DA689B681044C01ABDE806
S315080073A01040FFF791BF4CF25030F8E7004F00B09D
S315080073B07C2100202DE9F8430546084614461E465A
S315080073C0FFF764FF05B306F0020716F004061DD1A1
S315080073D0D7B14FF47A706B685843002B40F08C8015
S315080073E0FFF772FF20636B69002B00F08C804A4A16
S315080073F0D0684FF47A7202FB0300A0F5FA50FFF743
S3150800740063FFE062002E58D1BDE8F883286900289A
S3150800741069D04FF47A7358433F4BA0F57A609B685E
S31508007420C01AFFF751FFA062A88B00285ED04FF460
S315080074307A735843384BA0F57A609B68C01AFFF7F1
S3150800744043FFE061354BE968D3F80080002950D046
S315080074504FF47A735943304BA1F57A619A685B68A1
S31508007460891AC91A2E4BC8171A68DFF8BC90A2FBEE
S31508007470011302FB003311F1807143F10003490E39
S3150800748041EAC3118039274B2162D3F8B8306362C9
S31508007490D9F8003053B1404603F0D2F830B122464D
S315080074A0D9F800301C49D8F8D80098470021A869AF
S315080074B0FFF762FF6063002F8BD1A86830BB47F2E5
S315080074C03050FFF701FF60614FF47A702B6858431C
S315080074D02BB1114B1B6803F51C5310331844FFF7E7
S315080074E0F3FEA06190E74CF250309AE74CF2503028
S315080074F0A5E74CF25031B5E7074B1B6803F51C535B
S31508007500103318446CE747F2305078E74FF47A7333
S315080075105843A0F5FA50D4E77C210020C81E002065
S315080075208C210020003F00B07821002070B5154C52
S315080075308CB001AD0FCC0FC50FCC0FC594E8070072
S3150800754085E80700AC2200210F4803F005FA9C22C3
S3150800755000210E4803F000FA202200210C4803F00F
S31508007560FBF903F0A4F90B4B1B784BB1054E01ADA3
S315080075700FCD0FC60FCD0FC695E8070084E80700A4
S315080075800CB070BDD43F00B0B83E00B0643F00B048
S31508007590E04F00B00D23002008B503F02CFE0E4B7B
S315080075A01A78A2B90D4A126812F4843F0FD10C4A10
S315080075B0102111651B7863B9084B1B68DB0508D4D5
S315080075C0074B20221A65BDE8084003F00FBE054A9E
S315080075D0EEE7044BF5E700BF23230020380A002016
S315080075E0002002B8001002B810B5104B104AD3F8A4
S315080075F0B8001478596A9A6A00F00F0021F470618D
S3150800760022F0E052844241EA042142EA84624FF0C1
S315080076101F04084835BF9A6259625962C0F8B840D3
S3150800762034BFC0F8B8409A6210BD00BF00C000B8A9
S315080076300923002000E000B80A4B197801F0FF0280
S3150800764029B10021197008499202C1F80821597810
S3150800765001F0FF0229B1002159709302024AC2F8CB
S315080076600C3170471E230020005000B8084BD3F891
S31508007670000F084B9A6C110107D4074A926E9207BD
S3150800768005D5D3F8F4339B0701D500F5807070470C
S31508007690003000B0000002B8004000B810B503F092
S315080076A0AAFD0E2104460320FFF700F840F2012246
S315080076B0034B2046BDE81040DA6203F097BD00BFD1
S315080076C0004000B838B503F096FD4FF00043244C4F
S315080076D00546C4F88030BFF34F8FBFF36F8F012381
S315080076E0C4F88430BFF34F8FBFF36F8F0223C4F8FB
S315080076F08430BFF34F8FBFF36F8F0423C4F88430F1
S31508007700BFF34F8FBFF36F8F0823C4F88430BFF3DE
S315080077104F8FBFF36F8F134B1B6A98471023C4F81C
S315080077208430BFF34F8FBFF36F8F2023C4F88430A4
S31508007730BFF34F8FBFF36F8F4023C4F88430BFF376
S315080077404F8FBFF36F8F4FF48073C4F88430BFF345
S315080077504F8FBFF36F8F2846BDE8384003F046BD0C
S3150800776000E100E01424002038B503F044FD054686
S315080077704FF000430C4C23600123636004236360CD
S3150800778008236360094BDB6998471023636020234D
S315080077906360402363604FF4807363602846BDE8E6
S315080077A0384003F023BD00BF00E100E014240020A8
S315080077B0012370B5074C2370074B1E68074B3240F0
S315080077C0D3E9005319402840FDF7C6FA0023237071
S315080077D070BD00BF2123002094210020380A002014
S315080077E00022044B1A70044B197811B11A70FFF76E
S315080077F0D3BE704722230020232300202DE9F0471B
S31508007800DDF8209003EA0108099B06460D4602EAC0
S31508007810000703EA090AB9F1000F40F0F280031FD6
S315080078200B4300F0A180052871F100036FD250EADE
S31508007830010300F0D481431E0B4300F0B880FFF724
S3150800784041FF814AD2E9004323EA050324EA0604F4
S315080078503C4343EA08077D4BC2E900471E6826EA0F
S31508007860090646EA0A061E60FFF796FE16F0020F9C
S3150800787042F2020308BF0223754A7648D26E2503F0
S3150800788083EA020122EA0302C266734A03EA010393
S315080078908166D366C4F380424FEA023248BF42F497
S315080078A08072E00648BF42F40052A10648BF42F47F
S315080078B000726306694B48BF42F48062DB6825069E
S315080078C048BF42F40062664882EA030123EA0203DB
S315080078D0C360644B0A4017F4007F8160DA6007F4DE
S315080078E00071614B00F0D2800121604A83F8941040
S315080078F092F82D004FF00073002800F0A1805C4834
S31508007900036593695B4898474FF48025D1E04FF4A7
S315080079100043994208BF48454B4C61D081458B418D
S315080079208DD3A0F580630B4305D020F48063A3F5BF
S3150800793000730B4383D103F05EFCD4E9003223EADB
S31508007940060322EA050242EA08023B43C4E900327A
S31508007950494A126892F8F610484A09B313F4C06FF8
S315080079601ED04FF4807311E003F045FC364AD2E985
S31508007970003123F004033B4341EA080157EA0807AC
S31508007980C2E900314FF480633C4A0BD0C2F8143187
S31508007990A2F58052C2F81831BDE8F04703F026BCBC
S315080079A04FF48073C2F81831C2F81431F4E703F0C3
S315080079B022FC254AD2E9003123F001033B4341EA80
S315080079C00801C2E9003101232D4A57EA08071BBFFF
S315080079D09364A2F58052D364D36408BF9364DBE74B
S315080079E003F009FCD4E9002323F400433A4343EAAD
S315080079F00803C4E9002357EA08074FF48063204ABE
S31508007A00E5E750EA01037FF41AAFB9F1010F7FF4F5
S31508007A1016AF03F0F0FB0D4A136823F0010343EA9F
S31508007A200A0313604FF48063164ABAF1000F04D0B4
S31508007A305366A2F580521367AEE713675366ABE742
S31508007A40114A136560E700BF380A00209421002018
S31508007A50004000B8006000B8005000B8004001B807
S31508007A60006001B8005001B8003F00B0142400209F
S31508007A70001002B8843F00B0C81E0020002000BADB
S31508007A8000E000B800E001B8002002B893F894209E
S31508007A9072B1544883F8941090F82D304FF0007264
S31508007AA0002B00F08C80504B1A6583694F48984725
S31508007AB00025E00448BF45F48035A10348BF45F4D6
S31508007AC08015A20748BF45F4800514F4001FDFF8A7
S31508007AD05C8106D0D8F8000002F0D0FD08B945F45C
S31508007AE00025E302424B48BF45F40035F8061A6AFA
S31508007AF048BF45F40005610248BF45F4001585EA0C
S31508007B00020323F001033B491A400A621D40CB6178
S31508007B10394A354B16F0010F1D62384B18BF13460C
S31508007B207A07374A48BF43F00063126F354883EA3D
S31508007B30020122EA03020267334A0B4041661367D1
S31508007B40324A04F00103D26C3D0448BF43F4806313
S31508007B502F4883EA020122EA0302C2642D4A0B4037
S31508007B608164D364D8F80020200248BF2A4B92F8D3
S31508007B70F62058BF294B610748BF43F4806322B1FA
S31508007B8014F4C06F18BF43F4807332074FF03A42BB
S31508007B90BDE8F047D2F8181148BF43F0004383EA1E
S31508007BA0010222F4A0221E481140C0F81811134001
S31508007BB0C0F814211B4AC2F81831FFF7D5BD0D4984
S31508007BC00A65194AD2F8A41002F50052C2F8A410A0
S31508007BD0C2F8A0104FF05022C2F8A43068E7BDE8FA
S31508007BE0F08700BF14240020001002B8843F00B0BC
S31508007BF0000002B8002002B8041C000304180003A1
S31508007C0000C001B800E001B800D001B800C000B853
S31508007C1000E000B800D000B80D0A0A09090A0A09E6
S31508007C20002000BA001000BA00400050C81E00200C
S31508007C30024B5868C0F3C000704700BF380A0020DE
S31508007C40024B186800F00100704700BF380A002090
S31508007C50024B5868C0F3C030704700BF380A00208E
S31508007C6010B50446FEF764FBFFF72CFD2046FDF72A
S31508007C70B1FAFEF7E1FBFEF7B5F9FEF729FAFFF7C9
S31508007C8037FB13490723134AD1F8FC1004F1F8000F
S31508007C90FFF790FB4FF080710020FEF78FFA4FF048
S31508007CA000720D4B4FF400110120C3F80021FEF7B6
S31508007CB085FAFEF7D7FD20B940F292321421FCF777
S31508007CC0FDFAFFF7ADFABDE810400120FEF7B8B897
S31508007CD0004F00B0983F00B000D001B8F8B5084C86
S31508007CE0084D636C0423084F6B64636C5B0300D414
S31508007CF0F8BD042602207E6402F032FD6E64F4E7C5
S31508007D00000002B8001002B8002002B8A82238B550
S31508007D101B4B5D6C03F500535A6410229A60A3F559
S31508007D20804302F100521A675A66FFF785FC154B25
S31508007D301B7813B90320FEF7D9F90024124B9C6768
S31508007D40FFF7CCFF114A124BD2F8001F0B40C2F8BE
S31508007D50003F04220F4B5A640F4BC3F8D840FFF775
S31508007D6043FCAB0608D50D4BD3F88830B3F5817FB5
S31508007D7022BF8022024B1A61BDE83840FDF7F6B8EB
S31508007D80000002B82023002000C001B8003000B06F
S31508007D90DF0000FF002002B8003E00B0003F00B040
S31508007DA010B551B920B3154BDB681B0E13F00E0F37
S31508007DB01ED1134B1B6CD9071AD4FFF76FFC0F4C57
S31508007DC00020FEF7D7FC032801D0092805D1A36AAD
S31508007DD0DA07F5D4A36CDB03F2D4FFF77FFF0122A1
S31508007DE0084B5A6102229A62042203F580535A64A8
S31508007DF04FF4C062044B9A6510BD00BF000002B87C
S31508007E0000C002B8001002B8006001B808B5032126
S31508007E100920FEF74BFC2022014B1A6108BD00BF62
S31508007E20000002B8144B10B51B78CBB9134AD2F828
S31508007E30A030D2F8A4100B40B3F1804F0CD34FF00A
S31508007E4040400F490F4CC1F8A400D467C1F8A00000
S31508007E504FF480210C4AD161094AC2F8A03010BDFE
S31508007E600A4A0B4B92F894109B690A4898474FF4B4
S31508007E708022054BDA61F2E71B2300200040005000
S31508007E80006000500000FF01001002B8003F00B07B
S31508007E9014240020843F00B038B5054603F0ABF93A
S31508007EA00E4B04461868FDF7BFFA35B1FFF798FC84
S31508007EB02046BDE8384003F099B9094B1B78002BDA
S31508007EC0F6D0084B1D78002DF2D1FFF789FC2A461B
S31508007ED04FF480400021FFF76BFCE9E7C81E00203D
S31508007EE022230020212300202DE9F84F5B4B06466C
S31508007EF00D4614465B6C002A40F0AC8013F0A00FC8
S31508007F0014BF4FF001094FF00009FDF72FF8FFF7EE
S31508007F106BFBA0234FF0000ADFF85C810320C8F84A
S31508007F204430FEF7E3F80420FEF7E0F84C4FFFF77D
S31508007F3057FC4C4B4FF0040B7B67C7F878A0FFF74C
S31508007F40CDFE494B4FF48071D3F8D02E42F0200273
S31508007F50C3F8D02EFF22C8F80820404A1161D3F88A
S31508007F60002F42491140C3F8001FC8F844B0C3F8AF
S31508007F70D8AE7B6913F0060F04D0FEF72BF95846E6
S31508007F80FEF7B4F8B9F1000F09D04FF40063384A88
S31508007F9053640223C2F8F433A2F5E032936666B15D
S31508007FA0344BDB6C180701D4FFF778FBFFF72EFF7D
S31508007FB00420FEF79BF8FFF73FFB284B5A69D107C9
S31508007FC046D5DA6812F0706FFBD12B4B2B4A5A64F0
S31508007FD02B4A936F23F0F003936715B12046FFF7FA
S31508007FE05BFF284BD3F84C315A1C01D05B0002D5F5
S31508007FF00122214B5A615CB31E4BDA6E03F500531E
S315080080009A6603F5D0331B6A1B4A23F00103D36132
S315080080101D4BD96803F50053996003F50053D3F84F
S31508008020841003F5005399674FF03A43D3F81811B3
S3150800803003F50053C3F81411144BD96C03F5005318
S315080080409964134903F5803359664FF60843536418
S31508008050BDE8F88F4FF0000957E700BF000002B8E7
S3150800806000C001B800000101003000B0DF0000FFC9
S31508008070001002B8004000B8002002B81000300016
S31508008080003F00B00080E00F004001B800C000B813
S315080080905000002FA74B2DE9F04F9A6EDB6E87B084
S315080080A002EA0308A44BC3F868804FF03A43D3F8B2
S315080080B01461D3F818311E40A04BC3F81461A04BC5
S315080080C09A68DB6802EA030A9E4BC3F808A003F520
S315080080D02043DA691B6A02EA03099B4B09F4770213
S315080080E0DA619A4BD3F80422D70606D4D3F80431BA
S315080080F0DD06C3F3001740F1F88003F07CF8944BD3
S315080081005A695F6E12F0060F14BF012200221B6F18
S3150800811000921F408F4A27F0007323F400637C0700
S31508008120536606D58C4A92F8CD300133DBB282F815
S31508008130CD3003F05BF8B8F1000F00F0F78018F0C7
S31508008140020400F0F180854B0025D3F8F4B303F55B
S3150800815000530BF00702CBF380041BF0020FC3F8A1
S31508008160F4234FEA44542ED003F045F80190FFF764
S315080081707DFA03467A4A1268106811688842FCD06C
S3150800818010688842FCD0CDE90223FFF76FFA039BFB
S31508008190029A984240F0AB800198029303F026F8C1
S315080081A0704A029B13606D4A526C12F4E05140F01B
S315080081B0A08023F07F4323F0DF030BB9FFF7A6FD6A
S315080081C04FF080731C431BF0010F13D0634B5E49BD
S315080081D05B6C03F460424A64002A00F09F801A042C
S315080081E000F19F8013F4005F0CBF4FF000534FF06F
S315080081F000631C43C8F340384FEA48085A4B3340DB
S31508008200002B4BD016F4206F0AD040F6A312062195
S315080082100020FCF753F80020FFF73EFE26F48026E0
S31508008220F00506D5FF22484B44F4C0649A60FFF770
S3150800823035FA16F0090F0BD040F6B81208210020BF
S31508008240FCF73CF8FFF7E2FD4FF03A4301225A6388
S3150800825016F0106F0CD040F6C11209210020FCF769
S315080082602DF8FFF7D3FD002211461046FDF7B0F8AA
S3150800827016F4202F0AD040F6C91207210020FCF771
S315080082801DF80020FFF708FE26F48026F10301D525
S31508008290FDF7E8F9002EB8BF48F0080872070ED5B2
S315080082A04FF03A431B6B13F4005F4FF4005317BFAC
S315080082B0224A2E4A136344F4000408BF1363730565
S315080082C048BF44F0040416F4802B00F0B880FDF78C
S315080082D081F9013806284BD8DFE810F0330136015A
S315080082E0330139013C013F013F01009723E703466B
S315080082F042E7CDE90121FFF709FD0299124B019AE0
S315080083005964D10407D412F4806F0CBF4FF0805320
S315080083104FF0806356E74FF0804353E74FF0007302
S3150800832067E74FF0004364E7254663E7444645465A
S3150800833064E700BF004000B8006000B8002000BA3B
S31508008340004001B8006001B8002002B800E100E072
S3150800835000C001B800E001B8003E00B0000002B855
S3150800836048C0000890210020090B0B89001000BAAC
S3150800837040F6FA1203210020FBF7A0FF4FF03A421D
S315080083800121D2F88C30D2F8AC0003F0070306338B
S3150800839001FA03F3C0F30C001B1A9BB2072B12D980
S315080083A0784B5B6C58020ED47748D36CD26E406D0E
S315080083B058B103F0070306339940C2F30C03C91AF0
S315080083C089B2072901D844F40074704B1B78002B36
S315080083D035D04FF03A43D3F8143113F4A02F2ED1E9
S315080083E06B4B6C4A1B7893B9FB0410D4137873B1A2
S315080083F0E308694943EA457383F00103D1F8001F8E
S3150800840003F001035B0021FA03F3980717D1042050
S31508008410FDF76CFE614B62495967FFF7E1F95D4A62
S31508008420137843B95F4B1B782BB15F4B5F4A1B68C8
S315080084302340134201D144F4804427F48057BAF10B
S31508008440000F1DD01AF4805F18BF44F480241AF474
S31508008450807F18BF44F400241AF4005F18BF44F064
S3150800846010041AF4007F18BF44F020041AF4806F31
S3150800847018BF44F040041AF4006F18BF44F0800493
S31508008480B9F1000F3FD019F4802F18BF45F40075D5
S3150800849019F4803F18BF44F4805419F4801F18BF9C
S315080084A044F4003419F4800F18BF44F0020419F498
S315080084B0003F18BF44F4801419F4000F18BF45F0A4
S315080084C0100519F4002F19D0334BD3F8D03E13F00A
S315080084D0C00F13D02B4AD368C3F30363032B01D011
S315080084E0072B05D1936CD90602D4D36C1A0737D556
S315080084F04FF400222E4B29F40029DA6119F4001FE3
S3150800850018BF44F48004002F00F019813B0540F1A0
S3150800851089802849DFF884A0CB78274A002B51D0D8
S315080085204FF40060013BDBB25066CB7033B9234B86
S315080085301B78C3B140F60142214B5A67002300223B
S315080085406EE044F4803419E744F4006416E744F412
S31508008550806413E744F4807410E744F008040DE7D8
S3150800856044F40014CAE7DAF8783013F4A05F15BFAC
S315080085704FF4807340F60143CAF85830CAF8783089
S31508008580DCE700BF000002B8004000B82323002043
S315080085902223002025230020003000B000C001B8A7
S315080085A00000010124230020380A0020088D01005C
S315080085B0002002B81123002000E001B82023002083
S315080085C000D001B80320FDF791FDDAF81430A2486F
S315080085D013F0060F04BF41F61F73A04AA04908BF4F
S315080085E053674FF400629D4B5A66DAF8143013F05D
S315080085F0060308BFCAF87830B0F8CA3013F4006228
S315080086005CD023F40063A0F8CA300B7803F0FF0AA5
S31508008610002B57D1FDF7DEFDFFF778FB53462022E6
S315080086201C431543B80009D52E20FDF7CFFC4FF0A3
S3150800863000528A4B45F008051A675A66F90606D5A8
S315080086402B20FDF7C3FC1022844B1A675A6617F0D5
S31508008650306F05D1FA045FD5009B002B00F0AA8085
S315080086603B0111D52920FDF7B1FCFFF7E1FA48B126
S315080086707C4B7D49794A53660B6701F54051C968B9
S31508008680480422D445F0040517F0007328D00420C6
S31508008690FDF72CFD2720FDF799FCFFF737FB4FF078
S315080086A000726E4B5A66714BD3F8002F52067BD474
S315080086B06F4B02229A6045F002052AE00B784FF4C8
S315080086C00053ADE74FF4004339E71367202053669C
S315080086D0FDF77CFC2D2045F00C05FDF777FCD3E76C
S315080086E017F0807FDFF88CA149D004200093FDF7AE
S315080086F0FDFC2820FDF76AFCDAF87820009B002AA2
S315080087003AD1FFF703FB554B564A45F001051A6760
S315080087105A660022574B9A653A0404D5564B1B688D
S31508008720984704430D437B0509D5544A9378002B93
S3150800873000F08C80013B9370002348EA0308424608
S3150800874020462946FFF734F8BBF1000F01D0FCF7A5
S3150800875077FF01224A4B06F00436C3F81461494BE9
S3150800876019F4002FC3F884211EBF4FF40022404B92
S31508008770DA6107B0BDE8F08FCAF87830C3E7F904C4
S31508008780C7D50420FDF7B2FC3F4BCAF87430FDF795
S3150800879021FDDAF8643013F0407FBAD12A20FDF7BC
S315080087A015FCFFF7B3FA7EE7D3F8D03E9B0682D4D2
S315080087B0364B7EE7314A13794BB1013BDBB2137175
S315080087C013B9294B324A5A6700231C43A4E70420ED
S315080087D0FDF78CFC0320FDF789FC264B2A4A5A67CD
S315080087E002F009FD82460DF11700FDF7C3FF294B7C
S315080087F01B781BB10090FEF751FF009803280BD198
S315080088000020FDF7B7FF032806D1234B9A6AD00745
S31508008810F6D49A6CD103F3D49DF81730032B06D1FE
S3150800882001221E4B50461A7002F0E0FCCCE74FF0CE
S315080088303A43D3F8143113F4A02FF1D1FEF7D0FF41
S31508008840504602F0D3FC4FF48043BEE70220FDF702
S315080088504DFC012371E700BF003E00B000E001B8FF
S31508008860202300201000002000D001B8003000B0FE
S31508008870002002B800C001B8EC2300201123002014
S31508008880002000BA00E100E000000101001002B873
S315080088900000010D26230020000002B82223002034
S315080088A00122024B1A62DA61704700BF002002B843
S315080088B0094A08B5D369116A0B40084923F47F00B1
S315080088C0DB07C86106D5D1684FF0FF30C1F30361F5
S315080088D001F0F6FF08BD00BF000002B8002002B88C
S315080088E0154B10B59C6CDB6C1C40144BE2079C6462
S315080088F00DD5134B40F663421878122100F001009B
S31508008900FBF7DCFC002201200021FEF751FF63057E
S3150800891010D50B4B40F66A4258684D21C0F3C0305B
S31508008920FBF7CCFCBDE81040002200204FF40041C4
S31508008930FEF73EBF10BD00BF00C000B800E000B89B
S31508008940380A002038B50B4D2C6C6B6C1C400A4B52
S3150800895024F002021A64E20705D540F6CA4200204E
S315080089602968FBF7ABFCA30741BF0222024B1A6436
S315080089706B6838BD0080095000A0095038B50B4C0B
S315080089800B4DD4F88430DB0706D4A36FD4F88420C3
S315080089901340084A936738BDD5F804311A06F0D54E
S315080089A0FFF7D0FF8023C5F88431EAE7008001B8D5
S315080089B000E100E000A001B8034BD3F8D03E99438C
S315080089C00CBF012000207047003000B0184BD3F8C8
S315080089D0D02E12F0010312D0164B93F85C30164ACB
S315080089E043F08073C2F8D0304FF4801302F500527A
S315080089F0C2F8B430A2F58052C2F8B830704712F007
S31508008A00C00FECD10B4B93F85B1021B1D20602D5FF
S31508008A1093F85830E3E74FF480120020074B0649D5
S31508008A20C3F8B820C1F8D000C3F8B420704700BF17
S31508008A30003000B0003F00B0004000B8006000B849
S31508008A4053B94AB9002908BF00281CBF4FF0FF31A7
S31508008A504FF0FF3000F082B9ADF1080C6DE904CE95
S31508008A6000F006F8DDF804E0DDE9022304B07047FB
S31508008A702DE9F04F099D0C46002B4DD18A420F4631
S31508008A8084469646B2FA82F360D94BB102FA03FEDF
S31508008A90C3F120029F4000FA03FC20FA02F21743B2
S31508008AA04FEA1E461FFA8EF44FEA1C42B7FBF6F150
S31508008AB006FB117701FB04F042EA0742904208D907
S31508008AC01EEB020201F1FF3702D2904200F2318119
S31508008AD03946121A1FFA8CFCB2FBF6F006FB102276
S31508008AE000FB04F44CEA024C644508D91EEB0C0C56
S31508008AF000F1FF3202D2644500F21E81104640EAB8
S31508008B000140ACEB040C002125B12CFA03F300223A
S31508008B10C5E90032BDE8F08F8B4205D90DB1C5E92C
S31508008B20000100210846F5E7B3FA83F100294DD183
S31508008B30A342C0F0F380904280F0F08006462346B8
S31508008B400846002DE6D0C5E90063E3E7002B40F0B0
S31508008B50A3808A1A4FEA1E471FFA8EF60121B2FB36
S31508008B60F7F407FB14204FEA1C4242EA004206FBD0
S31508008B7004F090420FD91EEB020204F1FF382CBF15
S31508008B804FF001094FF00009904203D9B9F1000FDF
S31508008B9000F0CC804446121A1FFA8CFCB2FBF7F0A0
S31508008BA007FB102200FB06F64CEA024C664508D97C
S31508008BB01EEB0C0C00F1FF3202D2664500F2B380C0
S31508008BC01046ACEB060C40EA04409DE7C1F12006CE
S31508008BD08B4004FA01FE22FA06F720FA06FCF44056
S31508008BE08A401F434EEA0C0300FA01FE4FEA174873
S31508008BF04FEA13491FFA87FCB4FBF8F008FB104448
S31508008C0049EA044400FB0CF9A1450ED93C1900F1C8
S31508008C10FF3A2CBF4FF0010B4FF0000BA14503D9CB
S31508008C20BBF1000F00F08B805046A4EB09041FFA35
S31508008C3083F9B4FBF8F308FB134403FB0CFC49EA7D
S31508008C400444A44506D93C1903F1FF3801D2A445CA
S31508008C507BD8434643EA0040A4EB0C04A0FB0298E9
S31508008C604445CC46434602D306D1CE4504D2013804
S31508008C70B9EB020C68EB0703002D6CD0BEEB0C02B7
S31508008C8064EB030422FA01F304FA06F6CC40002149
S31508008C901E43C5E900643DE702FA03FEC3F120015D
S31508008CA004FA03F200FA03FCCC404FEA1E4720FA06
S31508008CB001F11FFA8EF6B4FBF7F00A4307FB1044DE
S31508008CC0110C41EA044100FB06F48C420ED91EEB56
S31508008CD0010100F1FF382CBF4FF001094FF00009E0
S31508008CE08C4202D9B9F1000F2CD04046091B92B22A
S31508008CF0B1FBF7F407FB141142EA014204FB06F143
S31508008D00914207D91EEB020204F1FF3801D29142C3
S31508008D101ED84446521A44EA004120E7861A64EBF4
S31508008D20030301200DE7F44402384AE7023C724483
S31508008D3031E702397244CCE6F4440238DFE60238F9
S31508008D403C4472E702387144D0E7023B3C4481E771
S31508008D50023C7244DEE72946DCE600BF704700BFE6
S31508008D6008B5064B044613B10021AFF30080044B47
S31508008D701B6803B19847204600F078FC0000000005
S31508008D80D022002007B5009313460A460146034839
S31508008D90006801F09CFD03B05DF804FB4C2400203C
S31508008DA070B50D4D00260D4C641BA410A64209D1C2
S31508008DB00B4D00260B4C02F093FB641BA410A64235
S31508008DC005D170BD55F8043B01369847EEE755F8CE
S31508008DD0043B01369847F2E7B0240020B02400206F
S31508008DE0B0240020B82400202DE9F04F98468B893E
S31508008DF09DB007461B060D46144610D50B6973B978
S31508008E00402100F00FF92860286130B90C233B6037
S31508008E104FF0FF301DB0BDE8F08F40236B61002393
S31508008E20CDF80C804FF00109DFF8A08109932023C3
S31508008E308DF8293030238DF82A3023469A4613F8C0
S31508008E40012B0AB1252AF9D1BAEB040B0BD05B46E4
S31508008E5022462946384601F096FD013000F0A780E3
S31508008E60099A5A4409929AF80030002B00F09F801C
S31508008E7000234FF0FF320AF1010A049307938DF895
S31508008E8053301A93CDE90523544605224F4814F862
S31508008E90011B01F073FE049AD8B9D00644BF2023FB
S31508008EA08DF85330110744BF2B238DF853309AF8A9
S31508008EB000302A2B15D0079A544600204FF00A0C8A
S31508008EC0214611F8013B303B092B4BD9B0B107922B
S31508008ED014E0A0EB0803A24609FA03F3134304932C
S31508008EE0D2E7039B191D1B68002B0391BBBF5B428E
S31508008EF042F0020207930793B8BF049223782E2BF9
S31508008F000AD163782A2B32D1039B02341A1D1B68B7
S31508008F1043EAE37303920593DFF8C0A0032221789E
S31508008F20504601F02BFE38B1A0EB0A004022049B04
S31508008F30013482401343049314F8011B0622244883
S31508008F408DF8281001F01AFE002836D0214B1BBBDD
S31508008F50039B073323F0070308330393099B334422
S31508008F6009936AE70CFB02320C460120A8E70023A6
S31508008F7001344FF00A0C19460593204610F8012BC8
S31508008F80303A092A03D9002BC6D00591C4E70CFB51
S31508008F90012104460123F0E703AB2A4604A9384613
S31508008FA000930D4BAFF30080421C0646D6D1AB8921
S31508008FB05B063FF52DAF09982CE703AB2A4604A9B3
S31508008FC038460093044B00F0A5F8EDE700F30008D7
S31508008FD00AF300080000000087A9000806F3000845
S31508008FE070B50F4E0C460546316811B900F0CAF93E
S31508008FF030602146284600F0C5F9431C03D14FF0DE
S31508009000FF34204670BDC41C24F00304A042F8D0E7
S31508009010211A284600F0B6F90130F2D1EFE700BF71
S31508009020D42200202DE9F041CD1C064625F0030583
S3150800903008350C2D38BF0C25002D01DBA94204D9B3
S315080090400C2333600020BDE8F081314F00F08EF923
S315080090503B681C4644BB29463046FFF7C1FF431C04
S31508009060044650D13C682146002941D1002C44D001
S315080090702368304604EB030800F084F980453CD1A8
S31508009080216830466D1A2946FFF7AAFF013034D009
S3150800909023682B4423603B68002B36D05A68A242CB
S315080090A029D100225A600EE02268521B1DD40B2AD1
S315080090B016D96119A342256018BF5960636808BFAD
S315080090C0396062514B60304600F056F904F10B00E6
S315080090D0231D20F00700C21AB5D01B1AA350B2E709
S315080090E0A3426268DED13A60EDE723466468B1E7D9
S315080090F00C464968B8E71346CEE70C23304633607A
S3150800910000F03AF99EE70560DDE75B60FFDE00BF29
S31508009110D82200202DE9FF470F7E914680460C464F
S31508009120782F9A460C9E01F1430207D8622F0AD877
S31508009130002F00F0DD80582F00F0C38004F14206AE
S3150800914084F842703AE0A7F16303152BF6D801A11B
S3150800915051F823F0AD910008C19100083D9100082F
S315080091603D9100083D9100083D910008C191000815
S315080091703D9100083D9100083D9100083D91000889
S31508009180D79200084F9200088F9200083D91000878
S315080091903D910008F99200083D9100084F92000899
S315080091A03D9100083D9100089792000833681A1D02
S315080091B01B68326004F1420684F842300123A8E0B5
S315080091C031682368081D30601E0601D50D6803E066
S315080091D05D06FBD5B1F90050002D616878DA2D20BF
S315080091E00029A16084F843002DDA6D425D480A2300
S315080091F01646B5FBF3F103FB1157C75D06F8017D6B
S315080092002F460D46BB42F4D9082B0BD12368DF073E
S3150800921008D5236961689942DEBF302306F8013C08
S3150800922006F1FF36921B22614B4603AA21464046A9
S31508009230CDF800A001F002FC01306FD14FF0FF30ED
S3150800924004B0BDE8F08723F004032360CDE7216866
S315080092503368080653F8045B02D4490648BFADB222
S315080092606F2F33603F4814BF0A230823002184F870
S3150800927043106668002EA660BADB216821F0040157
S315080092802160002DB4D1002EB2D11646BCE7236862
S3150800929043F02003236078273348236884F8457011
S315080092A01F06316851F8045B02D45F0648BFADB2A9
S315080092B03160D90744BF43F0200323601DB1102352
S315080092C0D4E72848E9E7236823F020032360F6E774
S315080092D024480A23CDE733682568181D616930607C
S315080092E02E061B6801D5196002E06806FBD51980B1
S315080092F000231646236197E7336800211A1D32605A
S315080093001E686268304601F039FC08B1801B60604F
S3150800931063682361002384F8433085E7236932466E
S3150800932049464046D047013088D023689B0714D465
S31508009330E068039B9842B8BF184681E70123324686
S3150800934049464046D04701303FF478AF0135E368D7
S3150800935003995B1AAB42F1DCEAE7002504F119062A
S31508009360F5E700BF11F3000822F30008014801F0F1
S31508009370FBBA00BF27230020014801F0F6BA00BF58
S315080093802723002038B50023054D044608462B60E0
S31508009390FAF704FC431C02D12B6803B1236038BDDD
S315080093A0DC22002038B50546002941D051F8043C96
S315080093B00C1F002BB8BFE418FFF7D8FF1D4A136827
S315080093C033B9636014602846BDE83840FFF7D4BF58
S315080093D0A34208D9206821188B4201BF19685B6827
S315080093E009182160EDE71A465B680BB1A342FAD962
S315080093F011685018A0420BD120680144501811601A
S315080094008342E0D118685B68084453601060DAE765
S3150800941002D90C232B60D6E7206821188B4202BF9D
S3150800942019685B680918636008BF21605460CAE759
S3150800943038BD00BFD822002008B5F6F753FF08BD8F
S315080094400FB400B5B3B034AB53F8042B0193C02165
S3150800945002A8FFF797FC011E05DDBF2928BFBF211B
S3150800946002A8F7F747F833B05DF804EB04B0704785
S3150800947008B500F093FEFFF7DFFF00F0B6FEF7F73A
S31508009480C9F8FAE70023934215D210B4CC5C24B18C
S3150800949000F8014B01339342F8D3934204D22021BA
S315080094A000F8011B0133F8E75DF8044B70472021EB
S315080094B000F8011B01339342F9D3704700B5002227
S315080094C096460DE0A3F1410C5FFA8CFCBCF1050F42
S315080094D013D8373B9BB243EA0E131FFA83FE0132B9
S315080094E0032A14DC835CA3F1300C5FFA8CFCBCF114
S315080094F0090FE7D8303B9BB2EDE7A3F1610C5FFAA1
S315080095008CFCBCF1050F07D8573B9BB2E3E7A1F8E3
S3150800951000E001205DF804FB0020FBE70378532BED
S315080095201BD14378542B1AD10222042A06DC835C09
S31508009530303BDBB2092B14D80132F6E74379522BBC
S3150800954007D0432B07D0412B01D0002070470120BC
S31508009550704701207047012070470020704700209F
S31508009560704700207047844600224FF6FF700FE0D0
S31508009570400080B20133072B09DC10F4004FF7D006
S31508009580400080B280F4815080F00100F2E7013299
S315080095908A4205D21CF8023080EA03200023EAE753
S315080095A07047704770477047704708B500F027FB4B
S315080095B008BD704708B5F7F7B3FC08BD08B5F9F755
S315080095C039FD00F031F808BD70477047704770479D
S315080095D0704708B500F00BF808BD08B5F7F7BAFAF2
S315080095E008BD08B5FFF7F5FFFFF7F7FF08BD08B593
S315080095F0F7F7D8FA08BDFEE708B5FFF7FCFF08BD80
S31508009600704708B5FFF7FCFF08BD704738B5044634
S315080096100D46F9F719FD29462046FFF7F6FF38BD2E
S3150800962008B501F069FF08BD08B5F7F73BFB08BDAB
S31508009630FEE704E050F8042B41F8042B1A46531EA3
S31508009640002AF7D1704700230360704700E01846E8
S315080096500368002BFBD10B60016070470346006866
S3150800966018B102681A60002303607047FEE700B568
S3150800967089B084460E9807900D9806909DF830009C
S3150800968005900B9804909DF82800039000200290FE
S31508009690019300920B4662460121F7F723FD09B0B4
S315080096A05DF804FB70B505460E46144601F0A3FDA9
S315080096B02B685C4034405C402C6001F097FD70BD1F
S315080096C038B505460C4601F075FA05B128600CB1A7
S315080096D00D23236038BD30B583B005460C460023FC
S315080096E001934FF0E0231B6913F0040F0CD001F02F
S315080096F081FA01900C2300930DB1019B2B600CB1EC
S31508009700009B236003B030BD694601A8F8F784F8CA
S31508009710F2E708B501F080FA0021F8F775FA08BDF6
S3150800972010B582B0002301930093B0F5807F00F254
S315080097300781B0F5807F00F28B81DFE810F05401D5
S3150800974089018901890189018901890189018901BB
S3150800975089018901890189018901890189018901AB
S31508009760890189018901890189018901890189019B
S3150800977089018901890189018901890189015401C0
S315080097808C0154018C01A401A401A401A401A40123
S315080097908C01A90145016601B30145018C018C01C3
S315080097A08C01890189018901890189018901890158
S315080097B066018C018C018C01C7012B018C01890182
S315080097C0890189018901890189018901890189013B
S315080097D08901890189017101A401540154015401C7
S315080097E0B80145014501BD0181015E011601160159
S315080097F0890189018901890189018901890189010B
S3150800980089018901890189018901890189018901FA
S3150800981089018901890189018901890189018901EA
S3150800982089018901890189018901890189018901DA
S3150800983089018901890189018901890189018601CD
S3150800984089018901890189018901890189018901BA
S3150800985089018901890189018901890189018901AA
S31508009860890189018901890189018901890189019A
S31508009870890189018901890189018901890189018A
S31508009880890189018901890189018901890189017A
S31508009890890189018901890189018901890189016A
S315080098A0890189018901890189018901890189015A
S315080098B0890189018901890189018901890189014A
S315080098C0890189018901890189018901890189013A
S315080098D0890189018901890189018901890189012A
S315080098E0890189018901890189018901890189011A
S315080098F0890189018901890189018901890189010A
S3150800990089018901890189018901890189018901F9
S3150800991089018901890189018901890189018901E9
S3150800992089018901890189018901890189018901D9
S315080099308901890189018901890189018901AE01A4
S31508009940B0F5F06F00F0C28014D9B0F5206F00F0C2
S31508009950B3805FD9B0F5306F00F0B3806DD9B0F53C
S31508009960386F52D0B0F5406F72D1002101A8F7F7D1
S31508009970F5FD6DE0B0F5607F78D010D9B0F5B06F21
S3150800998000F0868033D9B0F5D06F00F08B80B0F543
S31508009990E06F37D1002101A8F8F78AF858E0B0F54A
S315080099A0007F0AD101F006F904464FF40070F8F773
S315080099B0FDF8B4FBF0F401944AE011D9B0F5207F24
S315080099C049D0B0F5407F43D101F014F904464FF46D
S315080099D02070F8F7EBF8B4FBF0F46408019437E06C
S315080099E0B0F5C07F34D101F005F9019030E0B0F54B
S315080099F0806F48D0B0F5A06F2AD1002101A8F7F7EB
S31508009A00DFFD25E0B0F5C06F22D1002101A8F7F7E8
S31508009A1003FF1DE0B0F5106F49D0B0F5186F04D1FB
S31508009A20002101A8F7F700FE12E0B0F5086F0FD184
S31508009A30002101A8F7F796FE0AE0B0F5286F07D1CE
S31508009A40002101A8F7F740FF02E001F0B3F8019002
S31508009A50019802B010BD01F0CDF804464FF420700D
S31508009A60F8F7A4F8B4FBF0F40194F1E7002168468E
S31508009A70FFF726FE009C4FF46070F8F797F8B4FBE2
S31508009A80F0F40194E4E7002101A8F7F791FEDFE777
S31508009A90002101A8F7F7E2FFDAE7002101A8FFF79E
S31508009AA01AFED5E7002101A8F8F728F8D0E7002123
S31508009AB001A8F8F74FF8CBE7002101A8F7F7D2FE7F
S31508009AC0C6E7002101A8F7F7D3FDC1E7002101A8E1
S31508009AD0F7F71CFFBCE708B5002903DD0121F8F7F5
S31508009AE093F808BD0021F8F78FF8FAE708B50221C0
S31508009AF04FF42070F8F7CCFA08BD7047436813F0A6
S31508009B00010F19D0836813F0010F03D0036913F00E
S31508009B10010F09D00A238363436D13F0500FFBD15D
S31508009B20836C13F0030FFBD100F5005301225A6032
S31508009B30436813F0020FFBD1704708B5F9B10A461E
S31508009B4000F580530121596002F00F01436DC3F3FC
S31508009B500B03002BFAD18163436D13F07803FBD115
S31508009B6012F0010F00D0012312F0040F01D043F0C8
S31508009B700203826C02F003029A42FAD108BDFFF78B
S31508009B80BDFFFBE7836C13F0400FFBD041647047C1
S31508009B9008B500231A46F8F7E3FD08BD08B5002303
S31508009BA01A46F8F7DDFD08BD70B505460E4614469B
S31508009BB001F021FB2B685C4034405C402C6001F0CE
S31508009BC015FB70BD70B505460E46144601F013FB2D
S31508009BD02B685C4034405C402C6001F007FB70BD8C
S31508009BE00020704708B5002100F068FB002008BD7A
S31508009BF009B12120704708B5FFF7F4FF08BD08B57D
S31508009C0000F001F808BD0020704708B5F9F74CFBCD
S31508009C1008BD08B540B2F9F785FB08BD08B5F9F7E0
S31508009C20A3FB08BD08B5F9F791FB08BD08B5FFF712
S31508009C30F0FF08BD2DE9F04182B00E4617461C46D6
S31508009C40054670B18CB195B1D5F80C80B8F1000F06
S31508009C500FD023463A4631462868C04702B0BDE8C9
S31508009C60F081F9F7D9FB0546ECE701ACEBE72320D1
S31508009C70F4E72320F2E703280BD8DFE800F0020D0B
S31508009C800407002070474FF4805070474FF4405047
S31508009C9070474FF4805070474FF400507047D0F823
S31508009CA0A0301B689A6C12F0800F03D0DB6B0B7028
S31508009CB0002070471B20704738B50446D0F8A030FE
S31508009CC01D68AB6C13F0400FFBD000231A4694F8BE
S31508009CD0A91094F8A800F8F753FE00231A4694F83A
S31508009CE0AB1094F8AA00F8F74BFE94F8B03013F0CE
S31508009CF0010F12D194F8B03013F0020F16D105F502
S31508009D00005304221A6500212846FFF716FFD4F8E7
S31508009D10A40001F08BFA002038BD00231A4694F8F7
S31508009D20AD1094F8AC00F8F72BFEE3E700231A46CB
S31508009D3094F8AF1094F8AE00F8F722FEDFE708B5FE
S31508009D40D0F8A0301868FFF71DFF002008BD70473F
S31508009D5080F89510704790F89500704710B582B056
S31508009D6004460DF10701007D00F0D8FF9DF8073085
S31508009D703BB1206DA26CE36C134483420BD002B056
S31508009D8010BD237D03EB43031B0103F1A04303F539
S31508009D908023D86EEEE71046F1E710B50446FFF7C4
S31508009DA0DDFF236D834201D2C01A10BDA26CE16C9F
S31508009DB00A44D01AF9E738B50446007DF7F752FB8E
S31508009DC02046F9F78BFC0546207DF7F76BFB2846FE
S31508009DD038BDF8B50446FFF7EEFF00B1F8BD01F04F
S31508009DE013FA0646207DF7F73DFB2046FFF7B6FF38
S31508009DF0451EA36CAB4202D9E56C013D1D4494F89F
S31508009E005470207DF7F74EFBCFB92B46D4F898202F
S31508009E109A4212D01A78112A09D0132A07D0013B80
S31508009E20A26C9A42F2D9E36C013B1344EEE7112A7D
S31508009E3014BF0022012284F89C20C4F898503046AA
S31508009E4001F0DDF9CAE72DE9F84304460F46154641
S31508009E5090F8959000264FF0010802E094F89C309F
S31508009E604BB9AE421FD294F89630002BF6D0204656
S31508009E70FFF7AFFFF2E7B9F1000F02D03B780A2BE4
S31508009E8009D0236E5B68397820469847804650B9D2
S31508009E9001370136E5E7236E5B680D2120469847B2
S31508009EA080460028EDD04046BDE8F88308B590F80E
S31508009EB094301BB9FFF7C7FF002008BD0E20FCE74A
S31508009EC090F89430DBB170B504460D460B69B3F5CE
S31508009ED0006F16D801F098F906466C6194F88C3034
S31508009EE04BB1294604F19000FFF7B0FB304601F06C
S31508009EF086F9002070BD2846F9F712FCF6E70E2011
S31508009F0070472120F6E730B583B0144692F85430EE
S31508009F1033B1936D0BB1D06D9847002384F8543054
S31508009F2094F8963023B9002084F8540003B030BD65
S31508009F302046F9F7ABFB0028F5D0236E5B681321A2
S31508009F4020469847002507E0112B14BF002301235C
S31508009F5084F89C300135EDB20F2D0DD8236E1B68A1
S31508009F600DF107012046984730B99DF80730112BA7
S31508009F70EAD0132BEED1E7E72046F9F705FCD2E73E
S31508009F802DE9F04F83B090464AB104460D460029A4
S31508009F9066D0FFF710FF814628B14FF0000840460B
S31508009FA003B0BDE8F08F2046FFF7F7FE4746804529
S31508009FB028BF074694F896A0BAF1000F48D001F0DA
S31508009FC023F90190266D2046F9F760FB8346B846CB
S31508009FD0002211E00133C4F89830D14612E008F1A6
S31508009FE0FF38B9F1000F05D0112B14BF0023012348
S31508009FF084F89C3001320136BA420BD2D4F8983034
S3150800A000B342E7D03378112BE9D0132BE7D005F804
S3150800A010013BEFE7D4F89810A26CE36C134499421D
S3150800A02013D0019801F0EBF839462046F9F75EFCA3
S3150800A03094F89630002BB2D0BBF1000FAFD0236E48
S3150800A0405B68112120469847A9E7C4F89820E8E7F5
S3150800A0503A46216D284600F089FCB846D346E3E720
S3150800A0604FF000089BE72DE9F04180460F4616465B
S3150800A0701D4600232B602968721A39444046FFF7AB
S3150800A0807FFF034620B12C681C442C60B442F2D3EF
S3150800A0902B6813B10020BDE8F0811B20FBE710B543
S3150800A0A014465069002380F88C309030FFF7D6FAB2
S3150800A0B008B1F9F735FB63681BB1A2680021204691
S3150800A0C09847002010BD50B138B5056801F09CF8D6
S3150800A0D00024AC65EC6501F092F8204638BD2220D4
S3150800A0E0704738B5056895F894303BBB0446FFF7CA
S3150800A0F0EAFFF9F791F984421CD02B6E93F9100008
S3150800A100F9F754F92B6E93F91000FFF787FD287DB0
S3150800A11000F0E4FD287DF7F71DF9F7F7F5F80023B9
S3150800A12023606360E3606361A3612B6EDB68284686
S3150800A130984738BD0020F9F763F9DEE70F20F8E7FE
S3150800A14001F00303DB004FF0FF0C0CFA03FC0729B0
S3150800A1500ED810B54FEA910E0EF10C0150F82140B9
S3150800A1609A40624002EA0C02624040F8212010BD83
S3150800A170704708B5F9F724FD08B5FFF7FAFF08BDDB
S3150800A1807047704708B5FFF710FAFFF713FAFFF79D
S3150800A19028FAFFF713FAFFF717FA08BD08B5F9F713
S3150800A1A08DFDFFF7EDFFF9F70FF9F9F78FF8FFF7D0
S3150800A1B02CFDF9F7A3F8F9F7BFFDF9F727FDFFF727
S3150800A1C0E0FF00F006F8FFF7F4F9FFF7DBFF08BD3C
S3150800A1D0704708B5FFF7E5F9FFF7E4F9FFF7E3F984
S3150800A1E0FFF7E2F9FFF7F4FF08BD08B5FFF7EDF949
S3150800A1F0FFF7ECF9FFF7EBF9FFF7EAF908BD704747
S3150800A200431E012B03D9031F5842584170470120AA
S3150800A21070474FF4D872002100F09EBB70B5044613
S3150800A220FAF740FE0546A8B9A169F1B1238AD3B168
S3150800A230204604F1100200F0A2F938BBE16919B30F
S3150800A240638AA3B1204604F1120200F06DF978B1D1
S3150800A250054603E00023A3612361E3610023284642
S3150800A2606361236270BDA061E8E72082E6E7E361E7
S3150800A270216A0029F2D0A28A002AEFD02046E38A72
S3150800A280BDE8704000F00FB96182F1E76582E561CB
S3150800A290DEE711B9D0F8DC1021B1CB6813B18B68B1
S3150800A2A0D88970474FF6FF70704710B5F9F7FCFD6F
S3150800A2B0044608B900F01EFA204610BDFAF78AB817
S3150800A2C0FAF7AEB8C08D70470A7838B50546104615
S3150800A2D0FFF796FF60B14C782046FFF791FF38B13B
S3150800A2E02243530704D42846BDE83840FAF72EBA65
S3150800A2F0212038BDFFF7E8BF10B504460878FFF7F8
S3150800A3007FFF58B14A781046FFF77AFF30B1042A22
S3150800A31004D02046BDE81040FAF736BA212010BD11
S3150800A320FFF7EABF00F071B870B5044600200E4684
S3150800A33000F0DCF9D4F8F0503DB100233146204650
S3150800A340AC46BDE870401A4660472B4601223146A6
S3150800A3502046FAF71BFB284670BD38B504464888E0
S3150800A3600D4600F0C3F9D4F8F0302BB9294620463B
S3150800A370BDE83840FAF722BA022038BD00F0B8B96D
S3150800A38000F080B800F0E1B938B504460D4600F093
S3150800A39032FF0023C4F89050C4F88C30BDE838402A
S3150800A3A000F024BF38B505460C4600F024FFD5F862
S3150800A3B090301C40D5F88C302343C5F88C3000F01B
S3150800A3C015FF211E18BF01210020490238BD0020B3
S3150800A3D07047002070477047D0F8943003F0600348
S3150800A3E0402B0DD0602B03D0203B58425841704774
S3150800A3F049B10B68012B06D9486940F0010070473E
S3150800A40040F20110704700207047F7B50446104621
S3150800A410D4E954C7DDE908268CEA020587EA06016D
S3150800A4200540194085EA0C057940C4E954510025D0
S3150800A43023F4004106EA010320F0010043F4007307
S3150800A440024043F00203CDE90055FDF7D7F994F829
S3150800A45024309A0713D5D4F854319B050FD54FF4F9
S3150800A46088112046FFF79EFF94F82430024665F3CC
S3150800A470410384F8243020460B46F9F791FF002063
S3150800A48003B0F0BD0346D0F824010860B3F82831BC
S3150800A49000208B80704790F824310C2B14BF90F85D
S3150800A4A02B00FF2070472DE9F041884618F0030776
S3150800A4B006461546194633D1B2F5805F30D89A421A
S3150800A4C02ED33F2A28D9B2FA82F401220120C4F1F8
S3150800A4D01F03DBB29A4092B2AA422CBFC4F11904F8
S3150800A4E0C4F11A04E2B2931DDBB2984080B2A842C6
S3150800A4F014D096F8F530ABB9012096F8253060F3FC
S3150800A500410386F825304046FAF77EFEC6F82080D5
S3150800A510B5823846BDE8F0813A46EAE70020ECE71E
S3150800A5202127F6E70E27F4E7F8B511F003060746E4
S3150800A5300D46144621D102B313883F2B1DD9B3FA11
S3150800A54083F3C3F11901C9B2062901D8192B12D010
S3150800A550062928BF062101238A1DD2B29340284620
S3150800A560238000F0B7F823883846FD617B82FAF726
S3150800A5705BFF3046F8BD3146EDE72126F9E738B5E9
S3150800A580148811F003054FEAC4041ED13F2C1CD9C8
S3150800A590B4FA84F4C4F11903DBB2052B01D8192CDB
S3150800A5A011D0052B28BF052301240633DBB204FA94
S3150800A5B003F3C3F3CF041480816104824387FAF757
S3150800A5C033FF284638BD2B46EEE72125F9E738B58F
S3150800A5D01546044608460121FBF7CAFF012128460D
S3150800A5E0FBF7C6FF94F8253043F0010384F82530BD
S3150800A5F038BD38B50446154680F82C105AB100F017
S3150800A6003AF808B900201AE094F8243043F0800399
S3150800A61084F82430F6E70846FBF790FBFF2884F811
S3150800A6202C0009D0204600F026F80028EAD094F835
S3150800A630243065F3C713EBE7FBF7A4FB212038BDED
S3150800A6408021FEF7B9B938B50546F9F7DDFE0446A7
S3150800A6502846F9F7B7FE072804BF24F47F4121F0FE
S3150800A6600801284614BF24F0800141F08001BDE8A6
S3150800A6703840F9F7CFBE4021FEF79EB990F8F400AE
S3150800A680431E58425841704738B5054610460C4691
S3150800A690FAF72EFDD5B1D5F8E030BBB15B69ABB1A1
S3150800A6A0421ED2B2FD2A13D90A68013204BF6FF0DE
S3150800A6B001020A600A68FF281A6007D16268013237
S3150800A6C002D16FF00102626062685A60002038BDEC
S3150800A6D00128F2E74FF03A4301225A6741F6FF7222
S3150800A6E0D96418651A677047FAF760BC0020704786
S3150800A6F000207047704710B504680246090494B9EB
S3150800A700D9B1B1FA81F3C3F12003C3F10F000128CF
S3150800A71038BF012003F01F03D9408C4201D201380B
S3150800A7204908116010BDB4FA84F331B1B1FA81F069
S3150800A7301B1A002BE9DC0F20EFE70F20F1E706389C
S3150800A740042834BF0120FF207047704700200021ED
S3150800A750704708B5FBF7E8FCBDE80840FBF7FCBC0A
S3150800A76038B50446FFF7F5FF0546FFF7F2FF431B2A
S3150800A770A342FAD338BD08B521B1920000F0F6F825
S3150800A780002008BD2120FCE700F06F43B3F1804F9D
S3150800A79002D0B3F1204F02D120F07040704700F08C
S3150800A7A06043B3F1204F08BF20F0805070470B0C70
S3150800A7B023F48053B3F5284FF7B50D468FB20646F6
S3150800A7C099B216D04AF60103994214D04AF6020302
S3150800A7D0994212D0B1F5204F14BF04240324D6F8A9
S3150800A7E0E0300BB1196851B9D6F8DC3093B928684E
S3150800A7F00EE00024F3E70124F1E70224EFE72346FD
S3150800A80068463A46FBF72CFDDDE90003002BEBD141
S3150800A81003B0F0BD19680029E9D0234668463A46D0
S3150800A820FBF71EFDDDE90003002BE0D1F0E702048B
S3150800A830C0F3891307D56FEA83536FEA935313F569
S3150800A840007F18B206D0A3F1C8006FF4FF739842D0
S3150800A850B8BF184670470020FBF7E6BF0120FBF794
S3150800A860E3BF00EB8023C0EB831353FA81F303EBBA
S3150800A8708322C3EB8213C1F30722134403EB83221B
S3150800A880C3EB8213C1F30742134403EB8322C3EBE2
S3150800A890821303EB1160704738B50D46144604B9A8
S3150800A8A038BD55F8041BFFF7DCFF013CF7E7704796
S3150800A8B0FDF7F0BBFDF7EEBBFDF7ECBBFDF7EABB1A
S3150800A8C008B50846FDF7ECFF08BDFDF7E3BB30B554
S3150800A8D014469BB005461A46002C05DA8B230360FE
S3150800A8E04FF0FF301BB030BD4FF402730091049156
S3150800A8F06946ADF80C3014BF04F1FF3323460293C2
S3150800A90005934FF6FF73ADF80E301E9BFEF76CFAF3
S3150800A910431CBCBF8B232B60002CE3D0009B00227A
S3150800A9201A70DFE7884210B501EB020402D98442A7
S3150800A930234607D8431EA14208D011F8012B03F875
S3150800A940012FF8E7024401468A4200D110BD13F8E8
S3150800A950014D02F8014DF7E702440346934200D140
S3150800A960704703F8011BF9E7704770470A44431E0E
S3150800A970914200D1704710B511F8014B914203F886
S3150800A980014FF9D110BD2DE9F0471F468E68824662
S3150800A9900C46BE4290460B682DD8B1F90C2012F42D
S3150800A9A0906F26D06569096905EB4505A3EB010992
S3150800A9B07B1C05EBD5754B446D109D4238BF1D4673
S3150800A9C0530527D52946FEF72DFB064660B34A46AA
S3150800A9D02169FFF7CBFFA38923F4906343F0800333
S3150800A9E0A38126614E446561A5EB090526603E46AE
S3150800A9F0A560BE4200D93E46324641462068FFF76A
S3150800AA0091FFA36800209B1BA3602368334423603F
S3150800AA10BDE8F0872A4600F083F806460028E0D10C
S3150800AA2021695046FEF7BEFC0C234FF0FF30CAF8EA
S3150800AA300030A38943F04003A381E9E72DE9F047F5
S3150800AA40164698468A6807460B690C46DDF8209034
S3150800AA509342B8BF1346336091F843200AB10133D5
S3150800AA6033602368990642BF33680233336025682A
S3150800AA7015F0060506D104F1190AE36832689B1A2F
S3150800AA80AB422BDC94F843302268003B18BF012305
S3150800AA90920630D404F1430241463846C84701308D
S3150800AAA023D023681A3454F80A2C03F00603042B1F
S3150800AAB00ABF54F80E5C002533684FF0000608BF3D
S3150800AAC0ED1A54F8123C08BF25EAE5759342C4BF4F
S3150800AAD09B1AED18B5421AD1002008E00123524608
S3150800AAE041463846C847013003D14FF0FF30BDE82C
S3150800AAF0F0870135C1E7E1185A1C30200233224499
S3150800AB0081F8430094F8451082F84310C2E7012300
S3150800AB10224641463846C8470130E6D00136D9E7CD
S3150800AB202DE9F041804615460C4621B91146BDE887
S3150800AB30F041FEF777BA2AB9FEF734FC002420461E
S3150800AB40BDE8F08100F028F88542064602D8B5EB44
S3150800AB50500FF4D829464046FEF764FA07460028FF
S3150800AB60ECD0B5422A46214628BF3246FFF7FEFEFC
S3150800AB70214640463C46FEF715FCE0E7C9B20346C7
S3150800AB80024410B59342184601D1002003E0047828
S3150800AB9001338C42F6D110BD51F8043C181F002B26
S3150800ABA0BCBF0B58C0187047014B1868704700BFE8
S3150800ABB0B023002008B50B4B1B6F03F00703013BBE
S3150800ABC0032B09D8DFE803F00B020509FFF7ECFFB2
S3150800ABD004E0054B186801E0FEE7044808BD044890
S3150800ABE0FCE700BF00800050B823002080D5430250
S3150800ABF0002D310108B5FFF7DDFF054B1B6FC3F3C9
S3150800AC0003330133B0FBF3F0024B186008BD00BFF5
S3150800AC1000800050AC2300200048704700B4C404EC
S3150800AC2000487047002D3101014B1868704700BF76
S3150800AC30B82300200048704780D543021A4B4FF4CA
S3150800AC4000225A664FF0B4439868C0F304400C28B3
S3150800AC5008D8DFE800F009070707070722181A07C8
S3150800AC601C1E2000002070474FF0B4439B6803F079
S3150800AC704073B3F1807F12D0B3F1007F11D003B1D6
S3150800AC8070470A4870470A4870470A4870470A4892
S3150800AC9070470A4870470A4870470A4870470A4882
S3150800ACA070470A48ECE700BF0090005000093D00D5
S3150800ACB00024F400C0EA210180BA8C010048E801AA
S3150800ACC0005A6202405DC60080841E0040420F00A2
S3150800ACD0014B1868704700BFB423002008B50A4B1B
S3150800ACE01B7853B107280AD8084B03EB00131B7BC4
S3150800ACF03BB1F7F735FF002008BD0548FCE70548D6
S3150800AD00FAE70548F8E700BF00230020001E0020E8
S3150800AD10028000F0018000F0078000F00C4B1B78E1
S3150800AD2073B110B50C4607280CD869B1094B03EB6B
S3150800AD3000131B7B53B1F7F725FF2070002010BDC9
S3150800AD40054870470548FAE70448F8E70448F6E76F
S3150800AD5000230020001E0020028000F0018000F081
S3150800AD60078000F00C4B1B7873B110B50C4607280A
S3150800AD700CD869B1094B03EB00131B7B53B1F7F7EA
S3150800AD801BFF2060002010BD054870470548FAE7FC
S3150800AD900448F8E70448F6E700230020001E0020D0
S3150800ADA0028000F0018000F0078000F040B9054BF2
S3150800ADB05B6813F0010F03D0024B9B6D002BF6D195
S3150800ADC0704700BF00800A5008B9014B59647047A4
S3150800ADD000900A5008B9014B5964704700A00A5000
S3150800ADE008B9014B1964704700A00A5010B9024B04
S3150800ADF0186C70470020704700800A5038B5054621
S3150800AE000C46FFF7D3FF55B91CB1012C04D000201E
S3150800AE1006E0044BD86C03E0024B186D00E00020F6
S3150800AE2038BD00BF00800A5070B505460C46164668
S3150800AE30FFF7BCFF15B914B1012C03D070BD034B45
S3150800AE40DE64FBE7014B1E65F8E700BF00800A5089
S3150800AE50B8B1036803F03F00C3F3821213F4E07F2E
S3150800AE6003D0012A0FD1094A00E0094A31B102F597
S3150800AE7080520123834013600020704702F5005278
S3150800AE80F7E70E2070470E20704700BF6880005015
S3150800AE90648000504161114B1B68CBB110B400248B
S3150800AEA003E0891A41611C469B6823B15A698A42A4
S3150800AEB0F7D9002AF5D044B1A060836013B15A6966
S3150800AEC0521A5A615DF8044B7047044A1060F4E759
S3150800AED0024B186000238360704700BFBC1E002029
S3150800AEE0104B1B680246B8B1002101E019469B6861
S3150800AEF00BB19342FAD1934210D149B193688B6052
S3150800AF0093686BB1596952691144596100207047B9
S3150800AF109168044B1960F3E72220704702207047B6
S3150800AF2000207047BC1E002008B500F0E1F80B4B66
S3150800AF301B680B4A1268821A03E0521A00215961EB
S3150800AF409B683BB132B159699142F6D3891A596166
S3150800AF500022F5E7024B186008BD00BFBC1E0020A2
S3150800AF60B81E00200B4B1B6800220B490A70012AE9
S3150800AF700ED86BB1D98811F0020F05D19B68002B4A
S3150800AF80F5D059690A44F2E7034B01221A70704753
S3150800AF90704700BFBC1E0020052300200D4B1B6810
S3150800AFA0B3B110B55B6963B10B4A14681C4402203F
S3150800AFB000F05AFA204600F0B7F8FFF7D3FF002052
S3150800AFC010BD022000F050FA022000F0FFF8F4E766
S3150800AFD022207047BC1E0020B81E002070B500F065
S3150800AFE013F9054600F084F80446084B1E6801204C
S3150800AFF000F023FA28B9284600F001F92046314620
S3150800B00070BD00F075F804460136F4E7C41E00204A
S3150800B010014B1868704700BFC01E002008B5084BD2
S3150800B0201968A1FB000140F2E733C0184FF47A72A1
S3150800B0304FF0000341F10001FDF702FD08BD00BF16
S3150800B040C01E0020F8B5044610F0010F03D114F015
S3150800B050020F09D1F8BD234A136801331360FFF7BD
S3150800B06063FFFFF79BFFF2E700F0CEF80546FFF710
S3150800B0705BFF00273E4616E09B683BB15A692AB932
S3150800B08021791A799142F7D91C46F5E7284600F046
S3150800B090B6F8204600F083F9E788013600F0B4F8E0
S3150800B0A00546FFF741FF104B1C681CB163690BB9D5
S3150800B0B02346E2E70D4B00221A70012E07D0FFF750
S3150800B0C06DFF222809D0284600F099F8C2E717F044
S3150800B0D0020FF4D001221A70F1E7022000F05CF8A2
S3150800B0E0F1E700BFC41E0020BC1E00200423002078
S3150800B0F0054B5B6813F0010F03D0034BDB69002B8C
S3150800B100F6D1014B9869704700800A5000B583B0A4
S3150800B11001A9044B187900F07DF8019803B05DF891
S3150800B12004FB00BFCCBF0008F8B5044600F063F87E
S3150800B1300646FFF7DDFF054600F090F907460020B2
S3150800B140FFF754FE10F0020F04D17B1B032B01D826
S3150800B150BD420FD1631B022B00D8EC1CB4F1FF3F94
S3150800B1602CBF2246621E00210846FFF75DFE02201C
S3150800B17000F07AF9304600F039F8054B1B782BB108
S3150800B180044B01229A64024B00221A70F8BD00BFD4
S3150800B190A724002000900A5008B510F0010F0ED120
S3150800B1A0002110F0020F06D041F002010123054AE2
S3150800B1B01370054A93640020FFF70CFE08BD0121B1
S3150800B1C0EFE700BFA724002000A00A5010F0020FE6
S3150800B1D002D0024B02221A64704700BF00900A5040
S3150800B1E04FF4004070474FF47A70704710B962B652
S3150800B1F0BFF36F8F7047EFF3108072B6704780F316
S3150800B2001188BFF36F8F7047EFF31180302383F3F4
S3150800B2101188704719B108B500F00DF808BD22204D
S3150800B220704708B50121FFF713FE08BD08B50021D0
S3150800B230FFF70EFE08BD70B504460E46FFF7E4FF9D
S3150800B24005461F2C00F2A780DFE804F01019A52098
S3150800B250272EA5353CA543A54A51A5585F66A56D79
S3150800B260A574A59EA57BA582A5899097FFF7A2FC44
S3150800B270306000242846FFF7C2FF204670BD4FF411
S3150800B280C070FEF74DFA30600024F3E74FF42070E3
S3150800B290FEF746FA30600024ECE74FF44070FEF7FC
S3150800B2A03FFA30600024E5E74FF46070FEF738FA9D
S3150800B2B030600024DEE74FF40070FEF731FA3060A4
S3150800B2C00024D7E74FF48060FEF72AFA306000249E
S3150800B2D0D0E74FF44060FEF723FA30600024C9E750
S3150800B2E04FF4C060FEF71CFA30600024C2E74FF442
S3150800B2F0F060FEF715FA30600024BBE74FF4B06043
S3150800B300FEF70EFA30600024B4E74FF4D060FEF77B
S3150800B31007FA30600024ADE74FF41060FEF700FA34
S3150800B32030600024A6E74FF4E060FEF7F9F93060D4
S3150800B33000249FE74FF4A060FEF7F2F9306000247E
S3150800B34098E74FF41860FEF7EBF93060002491E7B0
S3150800B3504FF42860FEF7E4F9306000248AE74FF4DA
S3150800B3608070FEF7DDF93060002483E74FF4306023
S3150800B370FEF7D6F9306000247CE74FF42060FEF72C
S3150800B380CFF93060002475E74FF40860FEF7C8F976
S3150800B390306000246EE70023336021246AE72DE934
S3150800B3A0F041044605696DBB00252F462E46002D43
S3150800B3B039D02369FBB1F5B9BE1BA38B6BB1E28B00
S3150800B3C013449BB2E383B3F57A7F06D3A3F57A7366
S3150800B3D0E383013EA369013BA361FFF715FF054619
S3150800B3E031462046FFF756FDA36922691344A36137
S3150800B3F02846FFF704FFE36813B1216820469847FB
S3150800B400BDE8F0812F46FFF773FEA369C61AF21747
S3150800B410AE4272F1000204DB22691344A3610125DE
S3150800B420C5E70025C3E7FFF7EFFE80462046FFF78E
S3150800B43057FD4046FFF7E3FEBBE710B5044600207C
S3150800B440FFF7D4FC012C04D0022C05D1C0F3400030
S3150800B45003E000F0010000E0002010BD08B500215F
S3150800B4600846FFF7CBFC08BD08B510F0010F09D157
S3150800B470002110F0020F01D041F002010020FFF771
S3150800B480A3FC08BD0121F4E738B5FFF7BDFE044665
S3150800B4900020FFF7ABFC10F0010F11D1002510F0CA
S3150800B4A0020F01D045F0020500F003010020FFF766
S3150800B4B097FC2846FFF7C6FD2046FFF7A0FE38BDD5
S3150800B4C00125ECE700000000000000000000000075
S3150800B4D0000000000000000000000000000000005E
S3150800B4E0F8B500BFF8BC08BC9E467047F8B500BF63
S3150800B4F0F8BC08BC9E4670475FF800F04123002060
S3150800B50050415353000000004641494C00000000DA
S3150800B5100D0A3D3D3D204E6574416E616C797A6534
S3150800B520725F464732335F563031202846535F4EA6
S3150800B5303D256429203D3D3D0D0A55415254203193
S3150800B540313532303020382D4E2D31202F205042C3
S3150800B55030313D545820504230323D52580D0A0081
S3150800B5605B53325D2043524331362F43434954548B
S3150800B5702D46414C53452025730D0A0020202020D6
S3150800B580202231323334353637383922203D2025CA
S3150800B59030345820286578702025303458290D0A0B
S3150800B5A000000000202020202022414243222020A3
S3150800B5B020202020203D202530345820286578700A
S3150800B5C02025303458290D0A000000005B533361EA
S3150800B5D05D206672616D65206275696C64202573ED
S3150800B5E020206C656E3D25752028657870202575A8
S3150800B5F029202043484B3D2530345820286578704B
S3150800B6002025303458290D0A000000005B533361A9
S3150800B6105D206672616D653E3E0D0A000D0A5B533C
S3150800B62033615D203C3C656E640D0A0052494E4705
S3150800B6302B504F4C4C0000005B5333625D207478EE
S3150800B6405F6D6F64653D2573202063616C6C5F7266
S3150800B650657475726E3D256C75207469636B202858
S3150800B660256C752075732920206C696D69743C31C9
S3150800B67030303075730D0A005B5333625D20746990
S3150800B680636B5F667265713D256C7520487A20206C
S3150800B69070656E64696E673D2575202064726F70EB
S3150800B6A07065643D256C750D0A0000005B533461B6
S3150800B6B05D207278204F4B202020747970653D25D7
S3150800B6C063206C656E3D253033752043484B3D2518
S3150800B6D030345820726573796E633D256C750D0A92
S3150800B6E0000000005B5334615D20727820435243AA
S3150800B6F0204641494C2063616C633D25303458200F
S3150800B700726563763D2530345820726573796E63A9
S3150800B7103D256C750D0A00005B5334615D20727817
S3150800B720204241445F484452202866616C73652074
S3150800B73073796E632C2072656A6563746564206923
S3150800B7406E2036422920726573796E633D256C75C5
S3150800B7500D0A00005B5334615D2072782042414433
S3150800B7605F454420287461696C206973206E6F7484
S3150800B77020274544272920726573796E633D256C19
S3150800B780750D0A005B5334615D207278204241448E
S3150800B7905F4C454E20726573796E633D256C750D59
S3150800B7A00A0000005B53315D207469636B3D256CAC
S3150800B7B0750D0A004F4B0000010203040506070831
S3150800B7C041424300313233343536373839000000C8
S3150800B7D030313233343536373839414243444546B9
S3150800B7E00000000076F501000300B9FFD20102014E
S3150800B7F00501230104000000B8B70008080000008E
S3150800B800C0B800080000000018B8000802000000D0
S3150800B81000000000C017530290B80008ECAFA81A41
S3150800B820D4300000000000001800FF7F74230020B9
S3150800B83000000000B8BD00080000000060B800085D
S3150800B840ECAFA81AD4300000640064007C00FF7FC7
S3150800B8507423002000000000B8BD000800000000A6
S3150800B860FC4F010364BD0008744004011200701700
S3150800B870B42B00000000000059FF0000244201011B
S3150800B880F82E0000F84F010300000000FFFFFFFF3D
S3150800B890FC4F010364BD000874400401120028002F
S3150800B8A0B42B000000000000590F000024420101DB
S3150800B8B068000000F84F010300000000FFFFFFFFCB
S3150800B8C00C40020001800000FF40000020400200FA
S3150800B8D000000000000000003040070000000000E3
S3150800B8E0000000000000000000000000000000004A
S3150800B8F000400000A00700005040010000000000C2
S3150800B9005C4002000000000000000000A8400100A2
S3150800B91007000000BC400400000000000000000012
S3150800B9200000000000000000084104000048000074
S3150800B930FF4C000000490000FF4D000020C0011028
S3150800B94000F8070020C00130FE01280024C00110BD
S3150800B950FF00000024C001300013000028C00800C2
S3150800B960EC80B30343754051A00F00F83040000047
S3150800B970A8AA070000000000000000000000000060
S3150800B98054C0140087213000F400E3E6DC0200000E
S3150800B99086B7CFDCE300000088C6020080040000FA
S3150800B9A0BA14000000000F002C004D007500AC0012
S3150800B9B0EF00D401D502E603BD05BF07F709A30DBD
S3150800B9C0AD11D916C71DB626CE31FF3FD039FF3F78
S3150800B9D0FF3F0000A8C00500BD4B721511A318054E
S3150800B9E010325476980A000000000000CCC004000B
S3150800B9F0FE0100000000000001000A000100280006
S3150800BA0008000101C40700001800010100FF00003A
S3150800BA10200001010884000040400D01000030307C
S3150800BA200000000010000000000000040FC08200A3
S3150800BA3000000020000000000000000300000020B5
S3150800BA4000000000F47E1400400C0000880100008D
S3150800BA50844015010000000030030900000006625A
S3150800BA6000000000040A142232414A4F0000000078
S3150800BA7000000000000000000000000000000000B8
S3150800BA8000000000000000000000000000000000A8
S3150800BA900000000000000000000000000000000098
S3150800BAA00000000000000000E0400111F80100005D
S3150800BAB0E04001310102000010410201331E050079
S3150800BAC0000000001C410E0100E0388F0000000055
S3150800BAD0FF0483078813C83AFF06660CFF0483072A
S3150800BAE08813FF03BC200AF0A3C95000D756A0400C
S3150800BAF0D42D55559F826943893B4000C003008079
S3150800BB005841020100000000FFFD000064410101E8
S3150800BB100C0100006C410B01000000400000000011
S3150800BB200000000000000000000000000000000007
S3150800BB3001010000000000000000000000000000F5
S3150800BB4000000000A44102010000000000000000FF
S3150800BB50B0410C010000000058963FC000000000EC
S3150800BB600000000000003C00AAAA06000000000031
S3150800BB700000000055555555E70268800600C200CA
S3150800BB8000000000E4411001E6E7FF0BCDA10A0022
S3150800BB90BD066A005EB04D007D02420EA5B62202C1
S3150800BBA0FF25B234EA6B8F00B3000E00773A0E0019
S3150800BBB02FBFBB0015BA4C0F2206A704981DF92102
S3150800BBC00000008000000000284204010000000078
S3150800BBD06018004000000000000000003C4201011F
S3150800BBE000000000444203011400000000000000A9
S3150800BBF00800050430430F010000000000000000A3
S3150800BC000000000000000000000000000000000026
S3150800BC100000000000000000000000000000000016
S3150800BC2000000000000000380000000000000000CE
S3150800BC300000FF581080010103000000388002014F
S3150800BC4001151000050000009C800301000000009B
S3150800BC5070B8030070B80300A8800111F60100004F
S3150800BC60A880013101420101AC800111F6010000F2
S3150800BC70AC80013101420101B080020100030002DB
S3150800BC80000300029800030200000000000C0004F4
S3150800BC904C040000D8000202050040AA88010000F2
S3150800BCA0EC000112E00F0000EC0001320D205111EA
S3150800BCB0F000010223330000000101021001000018
S3150800BCC00401011200000000040101321001000005
S3150800BCD01001011200FF0F0010010132020000429C
S3150800BCE02C01011200FC1F002C010132AA00800061
S3150800BCF0400101023F0000005001011200C000008F
S3150800BD00500101326200510068010202100006006B
S3150800BD1000200600740101026901100C7801011265
S3150800BD2000001C00780101324004E0CF80010112B6
S3150800BD30790700008001013206000000880102022E
S3150800BD409000000000000000AC010112F80100009C
S3150800BD50AC01013204000100B0010102000200003A
S3150800BD60FFFFFFFF1400000022222200000000004F
S3150800BD7000BE0008E8BD000800000000080000003A
S3150800BD8000000000B80B00000101EE000115100AC2
S3150800BD90F8BD0008BCBD0008000000000000000057
S3150800BDA000000000B80B00000000000000000000C2
S3150800BDB00000000010000000000000000100000064
S3150800BDC0C0175302050C00009E0100000000CC01BC
S3150800BDD001010505FA010101060528020101060609
S3150800BDE056020101070600009859090098590900EA
S3150800BDF0151605000000000004A5B4C3CD00000018
S3150800BE00142902000031110000000100026400013B
S3150800BE10012F00000700000056636F6D0000000048
S3150800BE20010100001E0000030404040404040001C8
S3150800BE3002030000000901F040BF0008000901F0F4
S3150800BE40F4BE0008000901F0A8BE0008000901F0C8
S3150800BE505CBE00080000000000000000CEFF84FE63
S3150800BE60FF00CEFF0A000000F00094077D240500BD
S3150800BE70D300C8084A720500BA00DB07482C05003B
S3150800BE80A6004F07B4FD040094007506A9AC04008B
S3150800BE908500F405017804007600C004A6EE0300C8
S3150800BEA04F00A5015B2702001E0084FEFF001E004E
S3150800BEB00A000000F0001F0845CA0200D400220A42
S3150800BEC0B0AD0200BA00380925B20200A5009607EF
S3150800BED003AA020090009F06609B02008100E1050C
S3150800BEE01E89020073004305987402004B005A012C
S3150800BEF01E7B01006E00A2FEFF006E001E00000001
S3150800BF00F000C40B7391FEFF8800460681360000D8
S3150800BF105B00C30357AF00003C0070022CC500004D
S3150800BF202A00B6012DBC00001D001F0151A2000009
S3150800BF301400B800838400000C003A0096480000FC
S3150800BF4096001AFFFF0096001E000000F000671416
S3150800BF5027ADF7FF530087041126FFFF2E001902AD
S3150800BF60C2FBFFFF1E005001A92800001400D000E4
S3150800BF708C3600000D0085003C35000009005A008B
S3150800BF804D2F0000050022006F1E00000B00000068
S3150800BF900C00000003000000000020200000000044
S3150800BFA0020000003C3C3C000000000000000000CD
S3150800BFB00000000001031001010903001E00000033
S3150800BFC0160000001A0000005600000000800A5003
S3150800BFD013000000BCBF00080000015B150000004C
S3150800BFE0C8BF0008050000000000000000C20100EC
S3150800BFF00002000000100000000000000000000021
S3150800C0000000000005000000000000008025000078
S3150800C0108002000000100000000000400000000040
S3150800C0200000000000000000B00100000808002021
S3150800C03000021000CC1E0020B809002000000001F4
S3150800C040000001010001010120C001B86090A31A97
S3150800C050F26EEF03410821066310420AA518630E23
S3150800C060E720941249A9B518AC39F72251CA3929DB
S3150800C070D55EAC39BDFB0F0000B801B802B800B0F8
S3150800C0800304040808050000C43B0000C8000000BB
S3150800C0908C3C00000C000000703E00000000000010
S3150800C0A0CC360000F80400009C3C000004000000A8
S3150800C0B0783E00000300000014320000B8040000B7
S3150800C0C0983C000004000000703E000008000000D4
S3150800C0D000000000143200007C3E00000000000052
S3150800C0E07C3E00003C00000000000000703E00009E
S3150800C0F0CD2C0000E52C0000E52C0000E52C000006
S3150800C100E52C0000E52C00000000000000000000FF
S3150800C1100000000000000000E52C0000E52C0000EF
S3150800C120E52C00001D310000E52C0000FB25000071
S3150800C1300B260000B32600002B270000B5270000B9
S3150800C14049290000D5270000DD290000292800001C
S3150800C15089280000FD280000412B00000D2C000056
S3150800C160C92500005B2E000019220000792E000068
S3150800C170FD2E0000E52C0000F52F0000C12F000061
S3150800C180E52C0000E52C000045300000E52C0000F9
S3150800C190E52C0000E52C0000E52C0000E52C00004D
S3150800C1A0E52C00001D130000131300005648806894
S3150800C1B0000200D4704780B5802080025349086089
S3150800C1C0CF2000F0C9FA102051490968014003D070
S3150800C1D0B849C8630220086001BDF8B54D48816BAF
S3150800C1E04D4F802292033A604C4E336840241D0519
S3150800C1F00BD41C402AD0012003F085F8002825D04E
S3150800C2008020C0058E49086020E0130BA0250D404C
S3150800C21002D10068C00601D53B6017E00A403FD14D
S3150800C2208020884A1060884A1060194038D0364DF8
S3150800C230287A400705D50120844908600002844908
S3150800C24008602878002801D0062801DB0020F2BD06
S3150800C25000F094FB716889684E682978052907D12A
S3150800C260E105B9606E60B668CC218901784A11602B
S3150800C27000F08DFB012E00DA0226BC2080058E49CF
S3150800C2800860942080058D4908606E480021C943DE
S3150800C2900164714241648021894A11600460D5E7CE
S3150800C2A0A3480360FFF782FF0120F2BD1848016822
S3150800C2B0890504D5C06E0004000F022801D00020AD
S3150800C2C070470120704738B580245E48046000F046
S3150800C2D055FB05009748006800F0C2F9280000F0F1
S3150800C2E056FBFFF763FF0848007A000705D5A0004C
S3150800C2F00949086000F022FC31BD60038C490860DA
S3150800C3008D48046031BD00007C3E00001C1002A868
S3150800C310440002A80C0002A8442002A8D03E00004F
S3150800C320FEB50400854D8C2080016860012684488E
S3150800C3300660FFF7BBFF002826D082480078002851
S3150800C3407DD031020194052802D022460A4076D1D2
S3150800C350CC2292012A607C4A126881231B02134070
S3150800C36001D0032301E053075B0F0C01022804D117
S3150800C370022B62D3364804605CE04D01032804D1E1
S3150800C380022B5AD932480560F7BD042802D111405C
S3150800C39053D0F7BD052850D1019800284DD0C005C7
S3150800C3A0C10F684641700198C004C10F6846017004
S3150800C3B000F0E4FA02906348406869464978002923
S3150800C3C003D006688021204A1160670495496A46A9
S3150800C3D01278002A0CD0C2680B68D21A924B1B68D6
S3150800C3E03B4001D0066800E04668964200DD16002C
S3150800C3F0684640786A461278024308D0086842427E
S3150800C400B01E824202DA7042886000E00026029876
S3150800C41000F0BDFA0198800501D598480760019893
S3150800C420054001D096480760002E06D0CC20800132
S3150800C43007490860B6480460F7BDFFF744FFF7BD33
S3150800C4404C6201A80CC001A890E001A8C4D000A8BD
S3150800C450145001A838B580248A4804600120384958
S3150800C4600860384D2878052802D06000A949086078
S3150800C470FFF71CFF002812D02E480068000A80210A
S3150800C4804140A868000EC9B2814208D22E48006809
S3150800C4904007400F022802D2FFF715FF31BD9E481C
S3150800C4A00168C0220A4002D1C06F204001D004486A
S3150800C4B0046031BD082002A808E001A808D001A838
S3150800C4C094D001A80A0000D1704780B518225143BC
S3150800C4D040180C304069002803D08021090300F079
S3150800C4E0DDF901BD38B500F049FA04008B48056846
S3150800C4F0A86881782800FFF7E5FF688801210143CD
S3150800C500698002208649086086490860200000F094
S3150800C5103EFA31BD10B500F031FA04007F480068D4
S3150800C5208168C978FFF7CEFF200000F030FA10BD09
S3150800C530441002A818C000A8100002A8106001A89C
S3150800C540C4E000A87C3E0000184001A8F1B582B0FE
S3150800C5500F00A020384003D173480068C00603D5F1
S3150800C56080208000714959E000F008FA00906B4875
S3150800C5700468F80204D5A0680069029000F07CFB04
S3150800C58000F0D5FB80210903606800F087F926785A
S3150800C5900020761C6178B14200D20026182171432A
S3150800C5A065180C3529780829F3DA2670A5606049DC
S3150800C5B02A780A70BA0507D5584800688068C0689E
S3150800C5C0FA0201D4032290438860012738400DD12E
S3150800C5D058480299426B89180068081A5649401843
S3150800C5E0012803DB00F09CFC01F01DF8F9046869DA
S3150800C5F000F054F93C2000F0AFF8F0B200F0ACF8C7
S3150800C60060884E4901406180009800F0C0F93805FD
S3150800C610464908604A48076038024A49086002984D
S3150800C620FEBD000048C001A84C0002A810B5464847
S3150800C6300068800501D4FE2010BDC0208003434950
S3150800C640086000F09BF9354909688A78D20702D54F
S3150800C65089688C7800E00C7800F099F9200010BD04
S3150800C6602E4909688A688B78DB0704D592781823DF
S3150800C6705A438A180C329060704700004C1002A882
S3150800C6804C2002A894E001A8F1B582B0304F3C686E
S3150800C6900026200F000702D1E00102902AE000F0F0
S3150800C6A0C2FF00F06BF9019080210903606800F071
S3150800C6B0F5F825786D1C6078A84200D20025E800B8
S3150800C6C020180C3000900068029080210903009819
S3150800C6D0406800F0E3F83D2000F03EF8E8B200F0CC
S3150800C6E03BF825700098A060019800F050F902A860
S3150800C6F001F035F817480068800407D5F86901F095
S3150800C700A4FC02990818029000D502960298FEBD6C
S3150800C710B03E0000146001A814C001A8D43E000071
S3150800C720284000A8448001A80C0002A8442002A8BA
S3150800C7307C3E00009C3F00000010FFFFFEFF00004B
S3150800C740C0E000A8106001A8440002A8441002A88E
S3150800C750D83E0000FC0302A845490968002901D50E
S3150800C760444908607047F2B582B0434CA168434D0E
S3150800C7704A004ED50126090100D521260100404A66
S3150800C7801068526800922A689206920E23689B00E7
S3150800C79080273B4013437A001A430192394F0A0017
S3150800C7A026D0890601D5012008E0F021014007D1ED
S3150800C7B06946097A0C220A4002D0022000F042F8A3
S3150800C7C0396EBC22920091420DD12F490968C903DE
S3150800C7D009D52168490306D52168090701D402212C
S3150800C7E000E0032100914836019A3968890002E081
S3150800C7F0019AB96B09094023194011439A00009B15
S3150800C800002B02D013432B660836296602432A6694
S3150800C8102E66E86D45076D0F00F09AF8A8070BD04D
S3150800C820052D09D0A068000406D400F0A7F8022157
S3150800C830164A116000F0ABF800F093F8002000F0FB
S3150800C84001F8F7BD0E490A68F0239A430001104320
S3150800C8500860C0B270478020C0020D490968890780
S3150800C86001D10C4900E00C4908607047000000003F
S3150800C870500002A8884000A8480002A8284000A83E
S3150800C880783F0000184001A8D03E000024D5035088
S3150800C890844000A8486000A8485000A880B5494AC6
S3150800C8A0116001F0FDFBFFF7D6FF01BD70B500F082
S3150800C8B065F8454A454BD1688C0819002140D124B2
S3150800C8C06400D52901D2D52102E0A14200D9210070
S3150800C8D00D0046352D041E042E400D00463D2B4006
S3150800C8E033431360C0221206394B1A60394A137C47
S3150800C8F0002B0AD0384BD52902D98025ED051D60B5
S3150800C900A14202D2802424061C600023334C2360F3
S3150800C9105388002B00D1118000F039F870BD80B51E
S3150800C9202F48304908603048C1680902090A1922A7
S3150800C9305143416005210160FFF7B8FF01BD2A4850
S3150800C9400068C00300D4704780B5FFF7AFFF01BD8C
S3150800C9508020C0021B490860244800684007FBD4B1
S3150800C96070478020C00222490860704701E02149CB
S3150800C9700860214909680140F9D170471F480068D5
S3150800C98020211F4A116010211E4A1160704730216C
S3150800C990014002D110201A490860704717480068FC
S3150800C9A030210140102901D101207047002070472D
S3150800C9B0154801210160C1607047012013490860CC
S3150800C9C070470000441002A87C400050FF01000098
S3150800C9D0A0600050843F0000A450005018E000E01A
S3150800C9E07F1A0601540002A810E000E0440002A8DD
S3150800C9F0442002A8282002A8280002A8600002A84D
S3150800CA00602002A8601002A8789001A884A001A856
S3150800CA10F8B54C4880214902C16102214A4A516051
S3150800CA2000214A4A11604A4A11800321464A116088
S3150800CA300221016000204749086020204649086015
S3150800CA40802046490860CC208001454908600124B9
S3150800CA50444804603D48806F00900F26070B374016
S3150800CA6041480068C505ED0D103DC0202843C0B2F9
S3150800CA70FFF772FE35480069800303D5092F01D0F8
S3150800CA8001F060F900980640009638480668009854
S3150800CA90032803D0022806D1032F32D000F0B0FABB
S3150800CAA00098032803D0062F2BD1062D29D030480D
S3150800CAB00068C00B204001D001F024FCFC20800156
S3150800CAC00068000108D5052D06D10125294804600E
S3150800CAD06005FFF74BFF00E000253100380000F045
S3150800CAE0E9FA0600002D06D000F098FC22480460FA
S3150800CAF002202249086060051F49486580092049C7
S3150800CB000860114821040162002F08D10221416002
S3150800CB1000200E490861C020C00011494864300051
S3150800CB20F2BD80B5FFF714FF16480078800602D4D8
S3150800CB30022015490860FFF714FF01BD02201349BA
S3150800CB40086070472C1002A8282002A8380002A8FE
S3150800CB50B43E0000B03E000094E001A80CC001A855
S3150800CB60146001A8C4E000A804ED00E0B44000A8E1
S3150800CB7000E200E0645000A8646000A82C4000A809
S3150800CB8080E200E0D03E0000081002A8082002A8B3
S3150800CB9070B5794C794D8026760179480068304021
S3150800CBA005D06660062001F07BFC6E6004E06E60CE
S3150800CBB0062001F075FC66603D20A06070212960A2
S3150800CBC00F222A602160A86070BDF8B56C4C8025DC
S3150800CBD0ED028D4E6F097068384002D16068800595
S3150800CBE029D58A480068C00405D4FFF7C7FE8849D6
S3150800CBF00D60FFF7CCFE7068864901409020400121
S3150800CC000843706084488549086000206060706841
S3150800CC10384002D1F02080006060706807402AD052
S3150800CC207A480068C00726D57D480078800722D450
S3150800CC3001F03EFC1DE03068C0071CD5AE097348FC
S3150800CC400068304005D1FFF799FE71490D60FFF77E
S3150800CC509EFE7448FF21FE314160F12149026F4A68
S3150800CC60116021680E4001D0822100E0C3214902EB
S3150800CC700160FFF78DFFF1BD80B568480121624A62
S3150800CC8012680A4006D0684A1268920501D4CA0298
S3150800CC9002608160C02141605C480068C00407D416
S3150800CCA0FFF76CFE8021C902BB4A1160FFF76FFED1
S3150800CCB001BDF8B5554804685C4D80270226344204
S3150800CCC00AD092480068E021C900014004D02F60CC
S3150800CCD00420686101206861FFF750FED021C9036E
S3150800CCE0214007D18A490968314003D1894901227F
S3150800CCF04A600E60210507D52F6004216961C24983
S3150800CD000D220A600F220A60FFF741FEF1BD80B5C9
S3150800CD10FFF734FE0121804A1160804A022313601E
S3150800CD2051600021B94A1160FFF731FE01BD9048F4
S3150800CD300068C007FBD4B648042141618021016020
S3150800CD4070478C4908680122104200D1704710B517
S3150800CD50E023DB000340FF24A41CA34207D3AD4B0A
S3150800CD609C6BA40602D41B68DB0600D54868024003
S3150800CD7001D000F001F910BDA82102A8A81102A847
S3150800CD80AC0102A8F8B5C821844A11600621844A74
S3150800CD90116080214903834A1160834C8909216007
S3150800CDA082490A684B691C251D40102D01D10123B3
S3150800CDB000E0002305000720824313430B60286820
S3150800CDC08E490F68874200D30700C01B28600121DF
S3150800CDD0280000F08AFB06002868C0192860FFF7BB
S3150800CDE068FF8D480168C90603D584208000E06184
S3150800CDF007E0954908220068104001D00A6000E063
S3150800CE004A603000F2BD0000EC0002A8500002A8FB
S3150800CE103850005AFFE3FFFF00FEFFFFAC2102A8CF
S3150800CE20843E0000AC1102A8B00102A8841102A831
S3150800CE30F1B58648864908608020C00185490860A2
S3150800CE40854C0827A7650420A06501258348056049
S3150800CE501D20A062824EE930B061072001F020FB58
S3150800CE600220A06210216C4A13680B4003D02200EE
S3150800CE707C4B23600AE00D2312683A4003D0320047
S3150800CE801032A56502E032001432A0651360764AB6
S3150800CE901268002A00D4B761744A3260C022D200F0
S3150800CEA0734B1B68F824E4011C4001D1F26201E0CF
S3150800CEB06A4B5A616F4A12682A4007D075666E49EE
S3150800CEC00968890503D48102F16500E07163614947
S3150800CED00A6C2A4008D0496BC90705D4674909680E
S3150800CEE0084001D101F01CFB0020C04364490860DA
S3150800CEF0584C606B054001D1FFF7DBFE009801F046
S3150800CF00BDFA606B8001FCD4F1BD0000980102A84F
S3150800CF1000400C5000500C50982102A800600C509C
S3150800CF20F8B54C4F786BC00701D4FFF7F0FE4B4CB1
S3150800CF30B72040002060534D03262E634B48A86651
S3150800CF400020E061504908600D2033490968090747
S3150800CF5001D5A86700E0E867FFF78EFE1020E061BC
S3150800CF602E600C202863802000023860F1BD000086
S3150800CF709C0102A8883F0000F0210901434A11607C
S3150800CF800140434801602020424908604249096837
S3150800CF9008404249086070473860005A548001A822
S3150800CFA00C9001A8982002A8A41002A8740102A84F
S3150800CFB080B53B483B4982680A4002D1C2681140A5
S3150800CFC001D02249016026480821374A13680B40D8
S3150800CFD000D081611178C90602D586210901016050
S3150800CFE0FFF7AFFE1420FE2189010860BA480168E0
S3150800CFF0490701D0FF21416101BD00009C3F0000A7
S3150800D000124813490860704700100C5000000C5075
S3150800D010842102A80C0002A8FC0302A82348006881
S3150800D02023490968890F89070CD0AC490968C907DB
S3150800D03008D5AB49802292030A60B64B1A601040A5
S3150800D04000D00A6070470000601102A801200000A5
S3150800D050706201A8100002A8C01002A8682102A8E0
S3150800D060501102A8FF03000028C000A8043E0000D3
S3150800D070A88001A8EC0002A8B00102A8843E00001E
S3150800D080B46000A8E82002A8C00002A8586001A859
S3150800D090585001A8482002A8184001A8481002A81C
S3150800D0A0704201A800800080F84F00004C4001A89B
S3150800D0B04C4201A8F0B587B005000C0096480068F8
S3150800D0C0400102D520004024044394480068059096
S3150800D0D09348C66AFFF752FC0690B00503D59148F7
S3150800D0E00068FFF7BDFA0020019001237006C00F03
S3150800D0F002908D4A916800209060B82040008B4EBF
S3150800D10030606608B82030401278F0261640402E67
S3150800D11002D10200402010430D2D02D10A0004213D
S3150800D12011434A0704D502001420104310229443E1
S3150800D1307F4A12686D462B70D20506D580225200AA
S3150800D1407C4B1A60020001201043029A002A11D172
S3150800D1500C220240082A0DD00200714B9B6BDD069B
S3150800D16001D41025AA439B0601D420239A43B12350
S3150800D17013404FD06A461278002A4ED0A54A956BBE
S3150800D180966D01236D076D0FAD1DAB40F504ED0CD3
S3150800D1905B1B9BB2082B09D280200623604D2B60AF
S3150800D1A043029D4D2B6000236D462B70812303405F
S3150800D1B036D00823029D002D00D113620D000821E8
S3150800D1C0294310239C4304231D05984E3560DD042E
S3150800D1D0434E35606D462D78002D1ED0062B24D380
S3150800D1E04D4DEE6CF60620D5914E3668360E0196F4
S3150800D1F06D69ADB28E4EF66B360603D02E008025CD
S3150800D2006D01354315612D121561494A1268D50518
S3150800D21092D40AE008227F4B1A620491009031E00A
S3150800D22030A34506ED0E5B5DD4E7049100903C48BB
S3150800D230026B7F490968774D2E686F463E8128261E
S3150800D24016401E43930CDB0133431600120E324080
S3150800D250102632401A43890040231940114302AA76
S3150800D2609170406B000A02A9C870FFF7DFF902A99E
S3150800D2700871019848716F480068C8800298E86686
S3150800D2800398E8660698FFF782FB600602D5082031
S3150800D290664988600498C1B20098C0B2FFF763FA7D
S3150800D2A0FFF7BCFEBC20800061490A6E824207D1A6
S3150800D2B0059AD20301D4086E0BE05F4A5F4B1A60E9
S3150800D2C0096E814205D10598C00302D55C480068FD
S3150800D2D08047200007B0F0BD0C4000A8384301A8DD
S3150800D2E04C5001A8030107060301070605010606B7
S3150800D2F005010606030207060302070605020606D7
S3150800D30005020606081A03D24E4909684018401C49
S3150800D310704700004C6001A8084000A8D03E0000F5
S3150800D320180002A81CC000A8783F0000B46000A836
S3150800D3301C0100AA1C2100AAF8B5434E0F2401259A
S3150800D34042491027B06B38401BD00120087040486E
S3150800D350006840490968FFF7D5FF3F490968401842
S3150800D36001284BDB01F09EF93C490968090B0C4082
S3150800D370022C41D1A9053A4A11603A490F64356031
S3150800D3803AE0306CC0001ED537480068E0218905B0
S3150800D390014033D0314D286821030140780281428B
S3150800D3A02CD1FFF7EBFA314A31490968C90502D58C
S3150800D3B03049096811602968090B21400229F3D010
S3150800D3C0FFF7E5FAF1BD2C4E3068002816D00D702F
S3150800D3D001F054F8002811D101F064F91F490968D1
S3150800D3E0090B0C40022C07D129041D4A11600221A1
S3150800D3F01C4A11600021316001F058F9F1BD802006
S3150800D40080041E4908607047802040041B49086054
S3150800D41070470000540000AA141100AA18480168B1
S3150800D420490701D0FF21416170470000441002A856
S3150800D430184001A8448001A808000400482002A852
S3150800D4408C3C000038C001A8100002A8B63E0000B7
S3150800D4501CC101A820C001A8F03E0000B00002A827
S3150800D4601C1002A8082002A84C4001A8800000AAA7
S3150800D470084000A8904000A89C3E00003C2002A856
S3150800D4800C4000A8F0B58020000208217B4A1160F4
S3150800D4900A227B4B01210124944004438AA5AD5CF2
S3150800D4A025431D60F025774E3560744D89A6B65C18
S3150800D4B0022737432F6004262E60734D2D680D40D2
S3150800D4C001D00220F0BD1D6C2D03FCD41D6C5E6CD2
S3150800D4D06D036D0BAE4200D22000521EDBD508222A
S3150800D4E0684C226018600020F0BDF3B581B00600D4
S3150800D4F0FFF70DFC654800680090654800686349B9
S3150800D5000860644D3068296847180024012F12DB2B
S3150800D51000F04FFDC001381A01280CDBFFF707FCA5
S3150800D52000F081F830682968401800F0A7FF050068
S3150800D53001D0346072E0584F8026B6003E605748E6
S3150800D540006F07282CD005210840052806D0534827
S3150800D55001670C2000F0A4FF05005FD1504DFF20A5
S3150800D5607A3068620420A862FFF7E1FB022028608F
S3150800D570E020C0044B4948603004786002203860D7
S3150800D580012000F08DFF6E62022000F089FF700016
S3150800D59068620820A862022000F082FF0220A862C2
S3150800D5A06846007A002805D03C480068C00701D5BF
S3150800D5B0FFF70BFB3C4EE02040003060042000F0F3
S3150800D5C06FFF050024D10220364908608002B06248
S3150800D5D0C001B062354F102038600120F065402642
S3150800D5E033480068304003D1FFF74CFF05000FD1E0
S3150800D5F001203860FC67022000F052FF2D4C26609F
S3150800D600B0002060022000F04BFF8120C002A0621B
S3150800D61027480068800101D4FFF791F900981B4953
S3150800D62008602800FEBD70B5FFF771FBFFF77FFBAA
S3150800D63002241E480460204E0820B062C0017062B1
S3150800D640012000F02DFF2502756234600620B062C5
S3150800D6501A487062E020400016490860114E34608E
S3150800D660FFF776F916480078002800D005201549F6
S3150800D6700860FFF776F9356070BD0000889001A84C
S3150800D6804C8001A888A001A8140002A8780102A865
S3150800D690F80302A8D03F0000981002A8EC0002A8E0
S3150800D6A05C1102A8982002A82C9001A80C8001A859
S3150800D6B0500002A82CA001A85C2102A8F96100006C
S3150800D6C0703F00005C0102A800000001010202028E
S3150800D6D008081000505050404030303030202000AC
S3150800D6E0F8B504000F00444DA878FF2801D12E880C
S3150800D6F00FE042480068800108D4FFF73FF9404927
S3150800D70009684905CE0DFFF742F901E03D4806884C
S3150800D7102E80E92E01D2E92604E0CC20400086427C
S3150800D72000D9060020003978814200DA0800012174
S3150800D7307A56010051430222BA5E891841430420F1
S3150800D740385E08183049711848438015001901D504
S3150800D7500020F2BDE978814200DA0800F2BD38B54A
S3150800D7600400102029490860FFF7E1FAC020C0002C
S3150800D77027490968F822D2010A4001D1254900E063
S3150800D780254908602548C82181640A210160244882
S3150800D7908021490301608909C160224801684269FC
S3150800D7A0E0231340802B01D1012200E00022072349
S3150800D7B099430A4302601C480068C821C9014518F4
S3150800D7C02068854200D30500401B20600021200008
S3150800D7D0FFF78BFE21684919216032BD80200001C0
S3150800D7E012490860000312490860022011490860BE
S3150800D7F01149086070470000F83F0000500002A871
S3150800D80088400050843F0000D6FEFFFF984101A8DB
S3150800D810AC8001A87C1102A87C2102A80C8001A872
S3150800D820981002A8740102A8983F0000441002A8A4
S3150800D830442002A8F41302A8685000A8F1B584B0E1
S3150800D840BD4800680190BD48C068C821C901401894
S3150800D8500499884204D2081A00F010FE002803D161
S3150800D8600124C94D6868204000D0BAE10420C749A0
S3150800D870C8628003C6498862C6480668A86B8007DE
S3150800D880800F00906704032803D01020BF49C862A0
S3150800D89022E008468762E96B890601D5012041E046
S3150800D8A0310610D5E96B89070DD4CF4905220A60E0
S3150800D8B0EA6B10231A40022313430B6000220A6006
S3150800D8C0AA6B120A0A600421C162E86B002803D514
S3150800D8D0AE48876200200090A86B400704D5A86B65
S3150800D8E0C0002102084003E094480068204201D0A5
S3150800D8F0FFF742FB264009D0BC4800998901401829
S3150800D900006AC004C00C401EB9490860C0208000E7
S3150800D910B849486500990902B74A1160B54B986538
S3150800D92051600020296C942292050A40160000D006
S3150800D93001263043000635D096483021405CC02188
S3150800D9400140402902D1FFF7ECF801E0FFF7F6F8AD
S3150800D95020202860360600D143E1B54FA74EA86BB4
S3150800D96040070CD5A0038A49886240028749886225
S3150800D97034600220386000F03BFA00280BD00420FF
S3150800D9808249C86240028249886200037F498862E8
S3150800D9900220306038607F480078000600D420E115
S3150800D9A0E0041CE16868204000D01AE17848C762A4
S3150800D9B0FEF7CEFF8E48406E296C090408D4C006CF
S3150800D9C006D5FEF7DBFF02219A4A1160FEF7DFFF54
S3150800D9D0FEF7C7FF20032860974EC0200006306375
S3150800D9E0200496490860A86B4007C10F6846017075
S3150800D9F0FEF7C4FF92490C60FEF7C9FF914F9248A3
S3150800DA00B861686B000206D59048801C0068E1057D
S3150800DA105E4A916201E04948806C296CC90208D5C2
S3150800DA20202806D976A1019A520700D4891DFFF746
S3150800DA3057FE0100854A1070002809D041091F22A7
S3150800DA401040062904D940002043202800D31F206F
S3150800DA504A01024348021043306001217C48C26FE4
S3150800DA607C4B1343C36774668022F2620822734BA9
S3150800DA701A66019AD20603D5AA6B920603D403E066
S3150800DA80019A120700D40021AB4A3A60FC223A6197
S3150800DA9000290BD039003C310291284A116DD36C0C
S3150800DAA0664DEB66526E2B46DA6709E0390040315F
S3150800DAB00291224B996D614A5D6DD5669B6ED3675F
S3150800DAC00268FF239A4311430160A020C000306317
S3150800DAD0052000F0E5FC04250198284001D08020A7
S3150800DAE000E040200299086002203063062000F01A
S3150800DAF0D7FC08203063052000F0D2FC34632002EE
S3150800DB00B864042000F0CCFC64027460022000F0C3
S3150800DB10C7FC842080003063022000F0C1FCFC6151
S3150800DB20062000F0BDFC02988449401801990D4072
S3150800DB3006D0202105E000BFFC0302A88C3F0000A8
S3150800DB4010210160062000F0ABFCB4640020C0433D
S3150800DB502849086000F02DFA7949401DC001CA68B5
S3150800DB6086189E4F60017C6F04409D4A10609D4D4B
S3150800DB700498864211D2C968401A00F07FFC002832
S3150800DB800AD02C602DE000BF100002A81C2002A8B5
S3150800DB901C1002A8D03E0000049E012000F080FC64
S3150800DBA08020400025490860300000F067FC8E4E52
S3150800DBB068460078002805D138687062802000041D
S3150800DBC08A4908602C6068460078002809D0012038
S3150800DBD000F066FC3078000603D5802000039B49D8
S3150800DBE0086005B0F0BD00BFE40000AA0C0000AA5A
S3150800DBF0204000A8B46000A8085100A8F41302A8A1
S3150800DC00C0350C109E8DAF1B3813460D80B5FEF738
S3150800DC10B5FE8F4900220A600A22CA61FEF7B7FEDE
S3150800DC208C488321090401608B49416001BD0000CD
S3150800DC30685000A824E503503C1102A8B81002A8B1
S3150800DC4000500C50242102A8FF0E0000FA3F0000E5
S3150800DC50280102A8FF3FFF3F8048806B800300D45D
S3150800DC607047F8B57E4804687E4D0826E00629D533
S3150800DC707A48806B800627D4280048300090012017
S3150800DC8000F00EFC00277848076078480660784858
S3150800DC900068C00403D4774800683040FBD00220EF
S3150800DCA000F0FEFB842080006865022000F0F8FB87
S3150800DCB0700171490860042000F0F2FB600706D580
S3150800DCC0202005E03442D7D128004C30D6E7102072
S3150800DCD000990860FEF752FE0121684A1160FEF7B6
S3150800DCE056FE0220686500F0DBFB09206865C02047
S3150800DCF000066865022000F0D3FB00980F4940181B
S3150800DD00610701D5802100E040210160A020C00004
S3150800DD106865082000F0C4FBB001E8662E60E020C4
S3150800DD202865574807604760B0024C4908600001FB
S3150800DD3054490860F1BD00003F3F000000F0FFFFB6
S3150800DD408C3F0000F8B5504800680D2707400424AA
S3150800DD50002F00D104274D480225102608214C4AD9
S3150800DD604C4B1B682340126818D04260394005D0D6
S3150800DD700220FEF767FD6003474908603C4007D06C
S3150800DD804648006806434548066028034249086035
S3150800DD900120434908604348056018E0026039409D
S3150800DDA005D00220FEF74EFDA0023B4908603C4024
S3150800DDB006D03A4801680E4306606802364908608C
S3150800DDC03748056037480560A8062E490860FFF7FA
S3150800DDD043FF00210020FEF7C6FCF1BD20C001A8C4
S3150800DDE094E001A894D001A8D03E00001C1002A817
S3150800DDF010B580202C490A6802400AD02B4B1A68B5
S3150800DE000624144005D15C6E294A22401B6D9C01EC
S3150800DE1001D5002010BD096808400DD0254882426A
S3150800DE2003D1180501D5012010BD23480068C10794
S3150800DE30C90F481E8041C00F10BD20480321016448
S3150800DE40A821C16310210160704700001C2002A8A8
S3150800DE50D80000AA442002A804000080100002A8E6
S3150800DE60FC0302A8182102A8B80002A8106001A89D
S3150800DE70D84001A8104001A86C1102A800600C50F7
S3150800DE80A00102A8482002A8B44000A8F83E000055
S3150800DE901CC101A8480002A8441002A8783F000047
S3150800DEA0F41302A8685000A8440002A814C001A8E8
S3150800DEB01F1F0000010C000030C101A8082002A89D
S3150800DEC06C4800680121084209D16B4A12686B4BFD
S3150800DED0000C1840F03291400B40984201D00220C5
S3150800DEE0704700207047F8B507000F386A4610805B
S3150800DEF0604CE0680A0004D16B461B8882B29A42DD
S3150800DF003AD200226B461A80012502263A0013D01F
S3150800DF102268324007D000292ED059480088401C74
S3150800DF205749088000203900216156490E6080B2A1
S3150800DF30B84201D369460D805348456000E030BFBA
S3150800DF402068304003D1FFF7BBFF0028F7D04D48C3
S3150800DF504560390010D02168314005D048490A8803
S3150800DF606B461B88D2180A80066000202061E0688C
S3150800DF70B84201D244480660FFF7A2FFF2BD38B5A1
S3150800DF80050000F08FFB0400012199204543A809EC
S3150800DF903E4A12688018123880B2FFF7A4FF0500BF
S3150800DFA08020C0013A490860200000F07FFB280065
S3150800DFB032BD334803883549096802889342F9D146
S3150800DFC0100408187047FEB51238070C6946088011
S3150800DFD000F068FB0190274C294D2888B8421ADAC8
S3150800DFE001202C490860274E30BF022021680140D5
S3150800DFF006D030604003264908602888401C2880DF
S3150800E000FFF75EFF002802D12988B942ECDB01211F
S3150800E010716000280DD12888B8420AD1E06869469F
S3150800E0200988884205D2002168460088FFF75BFF09
S3150800E03001E0FFF745FF04008020C001144908608D
S3150800E040019800F033FB2000FEBD10B512490A689E
S3150800E0500E4B1B680C689442FAD0DB014033141A45
S3150800E06002D288692418641C0C4800684443181BAB
S3150800E07010BD0000280002A804ED00E0FF3F0000E4
S3150800E080B43E0000282002A8281002A8340002A8DE
S3150800E09080E200E02C1002A820C001A8A83F0000DA
S3150800E0A0F0B502E00A601C602E607EC84F1C07D0DF
S3150800E0B05F1C04D06F1CF5D10A601C60F0BD0A60B5
S3150800E0C0F0BD000080B5FEF7BDFB0120824908605F
S3150800E0D001BD38B581490C68082581490D60FFF7EF
S3150800E0E0F1FF2C4001D07F48056031BD80B5EB209B
S3150800E0F000F001F801BD30B5FE2189010B68184012
S3150800E1001022134210D0784B784C2468224008D04D
S3150800E110774A14682402FF252D0225401D63002432
S3150800E1201460802252031A60086030BDF3B50100FE
S3150800E13016001C00002500956E48019A330000273A
S3150800E1400BE0BC464F5D4743AE009E597E40575D87
S3150800E15047433740664637436D1CA542F1D3390914
S3150800E16039438A080A43510811430840C109014343
S3150800E1700F208A0B0A4302405040F6BDF1B582B023
S3150800E1800E0000205A4908605B4DEF7AA87A019084
S3150800E1900F21394000910ED00B46584A584902982B
S3150800E1A0FFF7C4FF0199014051480160994841436E
S3150800E1B09948084001D1012400E04401380915D0E6
S3150800E1C032003B0929000298009E6D7A751940199C
S3150800E1D0FFF7ACFF019909110140454802680B0198
S3150800E1E013430360002901D0480044438B48006864
S3150800E1F0204001D10420FEBD0020FEBD80B50A00E6
S3150800E20000211180864952888018FFF7B7FF02BDA2
S3150800E210F0B50F22834B5C7905780F202040C54066
S3150800E2202009284001259C79C4402C4001D10320AF
S3150800E230F0BD2E4C2468254008D07B4D9E684700CB
S3150800E240F65B761E2E608026B601EE60DD78DE79F6
S3150800E250C640F00711D5E0060FD5002D0DD073483E
S3150800E26048600888488008881C7800192A40801861
S3150800E2705A7880182A09801800E0002008800020B3
S3150800E280F0BD80B56A4801686A4A0820014200D094
S3150800E2909061C90602D58621090111606649674A57
S3150800E2A01368034005D0664B1B689B0F9B0700D07D
S3150800E2B008600E480078C023034002D1802040053C
S3150800E2C0086010682022104008605E480068C00197
S3150800E2D001D4FFF70BFF01BD2C4000A84C4000A855
S3150800E2E04C6000A84C5000A81C1002A8D03E0000A4
S3150800E2F0A03E000001010101503F0000083F000058
S3150800E300483F0000F8B5504B586F9E6F06404F487F
S3150800E31030404F4908604F4F022000210122340443
S3150800E3201FD500923C7E002C07D13C695C60FC68D6
S3150800E3307D6964191C603A7606E0FC685C603C6995
S3150800E3407D6964191C6039767B7E002B00D00091AC
S3150800E3507976009B002B04D004233F4C23603F4B67
S3150800E360186004053E4DF3022BD53B681F0605D5FC
S3150800E3703C490968A9602A70A88016E0134203D0B0
S3150800E3803948A860AA8010E0D80610D52748A860A2
S3150800E390364A907803071B0F12789A180009101846
S3150800E3A0A880E980A888002809D0264309E05806ED
S3150800E3B004D5281D2E4909688847F3E7A980FFF781
S3150800E3C095FE264024D0224E74603460294FA888D2
S3150800E3D000280BD03968814208D3291D2648AA6827
S3150800E3E090470100F3D0FFF76DFEF1BD01000CD098
S3150800E3F0FC218902F161194902038A6634600C65B9
S3150800E4003A68824204D3CC64F1BDEB20FFF773FE71
S3150800E410F1BD00001111000021840000043F000036
S3150800E420283F0000583F0000204000A811210000A6
S3150800E430F84F0000502102A8481002A8184001A869
S3150800E4404C4201A8D04000A8404000A8FFFFDFFFCB
S3150800E450B46000A8D03E0000F41302A8685000A8D3
S3150800E460A43E00009C3C000025210000593F000006
S3150800E470983C0000D44000A8D84000A810B5C409AC
S3150800E480FFF797FD201A312806DAC000183801D49C
S3150800E490C01EFDD5002010BD2000FFF794FD10BD5D
S3150800E4A0C32148436F3801D41E38FDD50020704774
S3150800E4B052480121017052490A68426049688160E0
S3150800E4C05049E02252010A60802292004E4B1A609F
S3150800E4D0FD224A604D49096801614D494D4A11605E
S3150800E4E08121C9004C4A11604C490968C16007205E
S3150800E4F04B49086002204B49086070473F4801783D
S3150800E50000290CD00169414A116000210170C168D7
S3150800E510424A11603A4982684A6040680860704712
S3150800E520FEB5C020C00440490860404C40486065BC
S3150800E5304048A0651020FFF7B3FF00285CD1FF20F4
S3150800E54000053D4908603D483D4908603D48206052
S3150800E55080256D03384805603B4807680820FFF7A3
S3150800E5609FFF002848D10826384806600120FFF793
S3150800E57097FF354880680190354806603548206021
S3150800E5802D4805600820FFF78BFF002834D12F4857
S3150800E59006600120FFF784FF2B4DA86800902C48E1
S3150800E5A006602D4820600199009800F05FF8000485
S3150800E5B0FC26B60306400198C10B0098C00B00F074
S3150800E5C055F80106FC208005084030432349020C13
S3150800E5D04A40FF239B1CD2181140014321602F603B
S3150800E5E080200003144908601D481E4901601E4921
S3150800E5F04160FFF783FF0020FEBD0000883E000053
S3150800E600AC0102A8AC1102A8B02102A8F00002A829
S3150800E610083E0000F02002A8F01002A8704001A8E9
S3150800E620706001A8705001A820E000A84C0102A85B
S3150800E63057140000FF3FFF3FB42002A80000380E21
S3150800E640B41002A810103030104101A8105101A8CA
S3150800E650106101A830301010202020203F3F000014
S3150800E660A02102A8F703F000FF3F000010B54904F7
S3150800E670CA104004C310991A00209A18D30F9A1882
S3150800E680521052188B115B0E5B18DB11D21820231F
S3150800E690541A01D422001843CC0F611849105B089C
S3150800E6A0F6D110BDEFF3108072B67047002800D17E
S3150800E6B062B6704780B5FEF7ABF9A5480068000357
S3150800E6C00CD4FEF79DFCFFF7C7FAFEF729FC0120DC
S3150800E6D0FFF79CFAFEF7A7FFFFF710FF80208005DB
S3150800E6E0FEF744F901BD80B5FEF792F98020400295
S3150800E6F0FEF73CF901BDF8B5FEF72AF9844D052069
S3150800E7006865FEF72EF9934806680124264201D16A
S3150800E710FEF7FDFA6003C02189018F4A1268D20507
S3150800E720D20D012A00D108008C4A11602860E00544
S3150800E7308B490860FEF76CF98A48016800914068C1
S3150800E74089490860B005C70F884D00202860380041
S3150800E75004D031000098FDF7F9FE009028682040A3
S3150800E76005D16846FEF70EFB00280BD107E0002FFF
S3150800E77005D07F480068204001D0FEF726FA0098A9
S3150800E780FEF756FB76480460022096490860C820C2
S3150800E790C0049F4908606004FEF7E8F8F1BDF8B5C3
S3150800E7A09C4F9B4C01259C489C4909680140814225
S3150800E7B00FD19B48006828400BD09A4801689A48B0
S3150800E7C005606805E063B863014000D1E0639748D7
S3150800E7D00560974E306CC00506D58020000630606F
S3150800E7E000BF00BF40083060FEF7E2FBFEF710F9F5
S3150800E7F0280320603860FDF7F0FC0400A848A94902
S3150800E8000860A804FEF7B2F8002C01D0802030601A
S3150800E810A5480570F1BDF8B5FEF7FAF8FC27BF0163
S3150800E82038780521014002D0FEF77BF901E0FEF7B2
S3150800E83085F97F4C012502263868304000D02560CE
S3150800E8401020C043994908600020E0639849086091
S3150800E850FEF77EF897480068216C090407D400077C
S3150800E86005D5FEF78BF894490E60FEF790F8FEF78B
S3150800E87078F8FFF706FD9148006805400CD080201F
S3150800E88000068F490968014006D08E490968084084
S3150800E89002D10D20FFF71DFCB004FEF767F8F1BDA5
S3150800E8A080B5FEF7B5F82A480068000303D4FEF7DA
S3150800E8B037FBFEF7B8FE80204003FEF757F801BD88
S3150800E8C038B5FEF7A5F85A4C2025FFF791FA002827
S3150800E8D006D0606B000704D5FFF7AFFAFEF77EFF98
S3150800E8E02560FEF71DFBFEF79EFEFC2080010078E2
S3150800E8F00C210140042902D1FEF713F901E0FEF7C5
S3150800E9001DF96804FEF732F84020206031BD00008A
S3150800E910081102A880B5FEF71BF80520BE49086055
S3150800E920FEF71FF8FEF774F8FFF787FAFF20800155
S3150800E930006800906846FEF712FF002802D100988A
S3150800E940FEF77CFF80204004FEF710F801BD0000AA
S3150800E9500C0002A8440002A83C8001A8082102A8CD
S3150800E960442002A8AC3F00009C3E0000843E000004
S3150800E970EC0002A8F8B5FEF74BF8A84CA56A50209B
S3150800E980284002D0FEF7CDF801E0FEF7D7F8284F69
S3150800E990FFF72EFA00281BD1B86B40071DD4786BF9
S3150800E9A0E0214901014018D1A80611D4FDF7D0FF8E
S3150800E9B0A56A9B4E354207D0FF20C0432D18A56295
S3150800E9C08020000597490860FDF7CBFF2E4002D04E
S3150800E9D00120386001E00020206080208004FDF7D7
S3150800E9E0C5FFF1BD305201A880B5FEF711F8BE4843
S3150800E9F00068C00501D5FEF793FA0120FFF706F96E
S3150800EA00FEF711FE8020C004FDF7B0FF01BD00002F
S3150800EA10106001A8145001A840000800D03E00006C
S3150800EA20884101A84C4001A8405101A8406101A8AD
S3150800EA30100002A810B5FC2080010468FDF7E8FF65
S3150800EA4079490968090326D40321C00601D521405E
S3150800EA5001E0A0080140012902D1FEF762F80BE0A7
S3150800EA60200107D50E20FFF72DFBA04804210160E1
S3150800EA7008210160FEF762F89D4801699D4A116008
S3150800EA800068002807D04000122802D2FFF708FDC8
S3150800EA9001E0FFF774FA80208003FDF767FF10BDD9
S3150800EAA070012000B46000A8B63E0000482002A805
S3150800EAB0A03E0000844000A824E50350404101A878
S3150800EAC0D44101A8304001A8F0B585B001276846B1
S3150800EAD0077000240394FDF79BFF0490524D2868A5
S3150800EAE000036FD40320A5490864A548006802906E
S3150800EAF0A44EA5490007000F032804D00298000475
S3150800EB00000F06283AD1A14800684A6803922A6C81
S3150800EB10920701D589680391FFF797FA0399401878
S3150800EB2001D5019400E00190A86B0107C80F0321E5
S3150800EB30326B0A40022A1BD1049AD20618D53268CB
S3150800EB40D30513D5EF6B924B1F409F4203D110217B
S3150800EB508A4A11640CE092050AD42A6C28231340C9
S3150800EB6006D16B461C702F4A116001E06A46147084
S3150800EB70039068460778002F02D10EE008680190D6
S3150800EB80FFF736F9002808D0FFF757F90398002849
S3150800EB9002D0FEF723FE00E000270220774908602E
S3150800EBA0002F10D03020305C0C210140042902D0FF
S3150800EBB0E86BC00602D5FDF7B4FF01E0FDF7BEFF1E
S3150800EBC02020686021E0FEF7ABF980200006154991
S3150800EBD008600020C0436F49086001A8FEF7BFFD22
S3150800EBE0002812D102980007000F03280AD1A86B43
S3150800EBF0800507D5A020400031680140814201D137
S3150800EC00FDF788FC0198FEF719FE80200004FDF741
S3150800EC10ADFE05B0F0BD00005C1102A8D83E0000AC
S3150800EC2000FFFF00481002A80C0002A8FEB5002449
S3150800EC300194FDF7EDFE584EF06E584D0007000F93
S3150800EC40072807D17068002804D40020FEF7DEFFE5
S3150800EC50286841E0012103204A4A73685B070BD400
S3150800EC604F4B1B680B4007D01368DF050BD55B05B8
S3150800EC7002D43368DB0503D40191116B890904E0DA
S3150800EC801021484B1960116B0909084000900020B3
S3150800EC90FEF7BCFF0098002805D17068C00602D4AC
S3150800ECA0FDF74CFF01E0FDF73CFF00200199002924
S3150800ECB003D13D480068FFF7C8F96969401801D5CE
S3150800ECC0009400E000906846FEF75CF8002805D13D
S3150800ECD00098FEF7ADF8A869064908608020000587
S3150800ECE0FDF744FEF7BD0000680102A880E200E0D7
S3150800ECF0A03F00009C3E0000F8B5FDF789FE002401
S3150800ED0000252A48466B80277F05300606D530073A
S3150800ED1009D5FFF792F8FEF761FD2AE0012520489C
S3150800ED200068284019D00020FEF770FF0220064030
S3150800ED3002D01F490C60C8611E480468002D03D024
S3150800ED402000FDF7A1FC0400FFF777F82000FEF786
S3150800ED5075FD3800FDF70AFEF1BDFC20800100783C
S3150800ED60C0210140402902D1FDF7DBFE01E0FDF795
S3150800ED70E5FE20200D490860EBE70000082002A800
S3150800ED80B00002A8D03E0000B43F00000CC101A8A4
S3150800ED9010000010B46000A8440002A8B03F0000AC
S3150800EDA0B44000A8481002A81CC101A8100002A877
S3150800EDB0180000AACC3F000000F03CF802480349BE
S3150800EDC0486000F053F800BF812D000000000000E5
S3150800EDD080B5EFF305800B2801D23A2100E02921FE
S3150800EDE0FF221632002000F039FAFEE710B5C200FD
S3150800EDF018231340FF249C40E2438907090E9940D3
S3150800EE00030004D46E489B089B00C01806E0A14B7B
S3150800EE100007000F083880088000181803681A4091
S3150800EE201143016010BD80B573225421002000F003
S3150800EE3015FA01BD10B5FFF735FC624901220A60D3
S3150800EE40614B624C2360624C23600323614C236050
S3150800EE50614C2360614B1A60614B1A60614A9F4B93
S3150800EE601A6011228A63FFF721FC10BDFFF71AFC0E
S3150800EE7005000024012160B2FFF7B8FF641C0E2CC0
S3150800EE80F8D301210F20FFF7B1FF01211120FFF769
S3150800EE90ADFF01211320FFF7A9FF01211720FFF776
S3150800EEA0A5FF03210120C043FFF7A0FF01211E2073
S3150800EEB0FFF79CFF7848794908600220784908607E
S3150800EEC00120904908604704764C20693840FCD0F8
S3150800EED02068800101D4FDF722FD2800FFF7E6FB34
S3150800EEE0714D0AE000281BD0FDF748FD18E020699F
S3150800EEF03840FCD03000FFF7D9FB206E0004000F25
S3150800EF00022801D1FEF718FAFFF7CCFB0600FDF739
S3150800EF1045FD00286878E5D0002801D1FDF737FDC2
S3150800EF2001202978002906D177490968890601D47C
S3150800EF305B49086030BF002129700221584A1160D8
S3150800EF4070490860D3E77148016842680A4070480A
S3150800EF5010401E490860800703D5A9480188491C46
S3150800EF6001807047F8B56B48016840680840070E8D
S3150800EF703F066948046880256D02F8010DD5674883
S3150800EF800068BC218900884204D12C4202D064481A
S3150800EF9000688047022063490860634E680207429A
S3150800EFA00BD070605D480068BC218900884204D196
S3150800EFB0254002D0A548006880473760F1BD0000AB
S3150800EFC000E400E0040002A80000FF3F282002A891
S3150800EFD02C1002A840E002A844C002A804C001A858
S3150800EFE0044001A820006006F8B5864C20686568CC
S3150800EFF00540974805608026F6054C4AB00C9549A9
S3150800F0000B68002B10D105420ED0934B5F68FF07A3
S3150800F0100AD51B68DB0007D580231B06136000BFD3
S3150800F02000BF16608A4B18609B4F3B78062B0FDA99
S3150800F03008688C218901014329401BD0FFF732FB60
S3150800F04000902800FDF76CF90098FFF72FFB11E0F8
S3150800F0500B68526B92050DD5C822D2041A432A4072
S3150800F06005D0FDF7DBFF2800FDF75AF902E0AA02F2
S3150800F07000D5086089480068064009D0A80607D563
S3150800F080A068000704D53878072801D1FDF72AFAC1
S3150800F090F1BD00001CED00E0FFFF9B4000E100E031
S3150800F0A0602002A8500002A8B63E000010B57C48B1
S3150800F0B0016844680C407B48046080210C4205D0F6
S3150800F0C04160794801600020FDF72AF9600403D5FC
S3150800F0D0802040057549086010BD0000145001A83D
S3150800F0E038B57348016844680C40E00707D5FFF750
S3150800F0F0D9FA0500FDF7AEF92800FFF7D7FA6D48EB
S3150800F100046031BD601002A8F40302A8280002A812
S3150800F110FFFF00C0B44000A8D03E0000784001A818
S3150800F120903C00002C4000A8B46000A8100002A87B
S3150800F130FEB5614C206C676C074001252F4216D03E
S3150800F1402E065E48066020685D490D60002802D0DC
S3150800F1500021FDF7A3FB5B480068A021C90188428E
S3150800F1608041C043C00F5849487058480660FDF7AB
S3150800F17005FC0190022007403ED06168CEB20F0A16
S3150800F18053490822474B4403012E24D0022E31D17D
S3150800F190012F22D14F4EF67800964E4E377801262B
S3150800F1A0BE404D4F3E604B4E3678760590277F041D
S3150800F1B0F71903263E43494F3E601C60484B1C60C6
S3150800F1C00B68009C1B194B65424909788D404549D7
S3150800F1D00D6045490DE00090DFE7002F0AD1434E48
S3150800F1E0356000254D655C601C60C104404B1960A4
S3150800F1F040490A60324908600198FDF7C8FBF7BD27
S3150800F200B43E0000104001A870B5FDF7B7FB040036
S3150800F210FFF748FA31490A68D20710D52C4A566DC5
S3150800F2201368FB25AD012E60CE686E604968E981DA
S3150800F2308021C904214E3160297B59185165FFF791
S3150800F24035FA2000FDF7A3FB70BD0000943C0000D2
S3150800F250106001A8B03E0000344301A8002800D081
S3150800F260704770B50C00FDF789FB0500FFF71AFA21
S3150800F2700600FDF79DFB2048046001211F4A116026
S3150800F280026C0A40FCD1FDF798FB3000FFF70EFA36
S3150800F2902800FDF77CFB70BD7C3E00004C4201A8AF
S3150800F2A090C001A890E001A80CC001A804ED00E0F8
S3150800F2B0C0C000A8C0E000A800C002A8441002A868
S3150800F2C040E002A8404000A8B63E0000442002A83C
S3150800F2D018800A50C93E000068A00A5060C101A8FB
S3150800F2E094D001A868900A50F42302A860E101A806
S3150800F2F080E200E0F41302A800800950409009500B
S3150800F300232D302B2000686C4C0065666745464700
S3150800F3100030313233343536373839414243444583
S3150800F32046003031323334353637383961626364F2
S3090800F3306566000000
S30D0800F334FC0EFF7F010000003A
S3110800F33C48F3000860230020570000007A
S3150800F3480000000000000000FFFF000000B80008E9
S3150800F35800000000FFFFFFFFFFFFFFFF80230020DC
S3150800F3687C1B002018BE000802000000A50B000838
S3150800F3780000000000000000000000000000000077
S3150800F3880B0000007C1B0020FFFFFFFFC0EA2101DD
S3150800F398C0EA210100800000C01753020A00E40CE5
S3150800F3A80A000000C0240020FFA1000824C00008A5
S3150800F3B8FFFFFFFFD3A30008CFA30008FFFFFFFF47
S3150800F3C8FFFFFFFFD7A30008FFFFFFFF4DA70008B1
S3150800F3D877A70008FFFFFFFFFFFFFFFFFFFFFFFFFD
S3150800F3E8FFFFFFFF0040005A00C0035000400050CE
S3150800F3F80080005031720008056900080165000898
S3150800F40855650008B1670008C56700089D680008C3
S3150800F418B9690008A1690008A1630008ED68000831
S3150800F42800000000000000003B2D000050240020CA
S3150800F43800000000982100200022002068220020F1
S3150800F44800000000000000000000000000000000A6
S3150800F4580000000000000000000000000000000096
S3150800F4680000000000000000000000000000000086
S3150800F478000000000000000000000000FFFFFFFF7A
S3150800F4880C00000000002801FF0CFFF0FF00000038
S3110800F4980D020008AD020008E50100089E
S70508000DCD18
