S01B00004E6574416E616C797A65725F464732335F5630312E73333705
S3150800000000080020591000086B9900086B99000831
S31508000010B3A400086B9900086B9900086B9900084F
S315080000206B9900086B9900086B9900086B99000892
S315080000306B9900086B9900086B9900086B99000882
S315080000406B9900086B9900086B9900086B99000872
S315080000506B9900086B9900086B9900086B99000862
S315080000606B9900086B9900086B990008210F000826
S31508000070110F00086B9900086B9900086B99000826
S315080000806B9900086B9900086B9900086B99000832
S315080000906B9900086B990008711700086B9900089E
S315080000A06B9900086B99000849130008211300088A
S315080000B06B9900086B990008B18000086D8B0008E1
S315080000C0EFAB0008EBAB00082183000805AC00087D
S315080000D0F3AB00083D8B0008F7AB0008D18B00088E
S315080000E0098C00086B9900086B9900086B99000841
S315080000F06B9900086B9900086B9900086B990008C2
S315080001006B9900086B9900086B9900086B990008B1
S315080001106B9900086B9900086B9900086B990008A1
S315080001206B9900086B9900086B9900086B99000891
S315080001306B9900086B9900086B9900086B99000881
S315080001406B9900086B9900086B9900086B99000871
S315080001506B9900086B990008E9B70008156B000849
S315080001606B9900086B99000891AB000897AB0008DB
S3150800018070470000000000000000000000000000AA
S315080001900000000000000000000000000000000051
S315080001A00348044B834202D0034B03B118477047F8
S315080001B0FC260020FC26002000000000064B07490C
S315080001C0C91A891048BF0131491003D0044B0BB135
S315080001D001481847704700BFFC260020FC2600206F
S315080001E00000000010B5064C237843B9FFF7D8FF86
S315080001F0044B13B10448AFF300800123237010BDEC
S315080002003A250020000000006CF7000808B5054BE9
S315080002101BB105490548AFF30080BDE80840FFF764
S31508000220CDBF00BF00000000400A00206CF70008A0
S31508000230A3F5803A704700BF174B002B08BF134B36
S315080002409D46FFF7F5FF00218B460F461348144AD3
S31508000250121A0AF01EFD0E4B002B00D098470D4BC4
S31508000260002B00D098470020002104000D000D48FF
S31508000270002802D00C48AFF3008008F00BFF2000DE
S31508000280290009F092FA08F0B1FE00BF0000080044
S315080002900000000000000000000800200008002000
S315080002A080250020000000000000000000B583B093
S315080002B00B4B4FF080625A66012304220921022063
S315080002C002F0A4FC0023019302E0019B0133019391
S315080002D0019A49F63F439A42F7D903B05DF804FB01
S315080002E00090005030B587B000F0D2F8042143489A
S315080002F009F020FA0023ADF81030ADF8143005A93E
S3150800030004A800F0EFFA002830D03D493D4809F02E
S3150800031011FA42F6B112BDF810103B4809F00AFA74
S315080003204FF20852BDF81410384809F003FA0023B2
S31508000330ADF80E300493059305AA04A90DF10E0035
S3150800034000F0D0FBA0B12E494EF67D330193BDF8DF
S315080003500E3000934FF40C73049A2D4809F0EAF90D
S31508000360059B0BB1049B2BB907B030BD2949CDE7D6
S315080003702849E9E7284809F0DDF90AF0DFFF0546CC
S315080003800499059800F0B6F80AF0D8FF0446234801
S3150800039009F0D0F90AF0ECFF641B054660B3E20EDB
S315080003A063011B1B62F10002520242EAD3525B024E
S315080003B01B1942F10002910141EA93619801C01AA2
S315080003C061EB020100192A464FF0000341F10001D2
S315080003D008F07CFC034622461149124809F0AAF99E
S315080003E000F0A0F8044600F097F80346224629468E
S315080003F00D4809F09FF9B7E70346ECE770B800081F
S3150800040060B80008C0B80008DCB8000804B90008DD
S315080004102CB9000868B800086CB900087CB900084F
S315080004208CB9000898B90008D8B9000831B300B5E6
S315080004308E46144B1B889BB2134A128892B29B1A9B
S31508000440C3F30A03C3F5FF6307338B4218D30D4B77
S315080004501B889BB2002208E010F802C00B4901F87D
S3150800046003C00133C3F30A0301327245F4D3BFF361
S315080004705F8F044A138001205DF804FB0120704752
S315080004800020F9E71E2500201C2500205C0A002014
S315080004900023034A1380034A1380034A13607047F4
S315080004A01E2500201C250020580A00200CE00D4AB5
S315080004B013889BB20C49C95C0C4B596413889BB2D0
S315080004C00133C3F30A031380064B1A8892B2084B0A
S315080004D01B889BB29A4204D0044B9B6C13F0400FC6
S315080004E0E5D170471C2500205C0A00200000015B4E
S315080004F01E25002060B110B50C4601B910BDFFF7E6
S3150800050095FF0028FAD1034A136823441360F5E7D8
S31508000510704700BF580A0020014B1868704700BF93
S31508000520580A0020044B188880B2044B1B889BB2DB
S31508000530C01AC0F30A0070471E2500201C2500209B
S31508000540F0B597B00023059305AB402206A93048BD
S31508000550006809F00CFD10B90446059B3BBB17B0B3
S31508000560F0BD9DF80850BDF80A60BDF8107000F09F
S31508000570B7FB00903B4632462946264809F0DAF88A
S315080005809DF80830432B11D1BDF80A10039800F0E6
S315080005908DF80BE0BDF81050BDF8126000F0A0FB16
S315080005A00346324629461C4809F0C4F80134059B1F
S315080005B0A342D4D902A904F158036B4413F8400C9A
S315080005C000F0D6FA01380428F0D801A353F820F031
S315080005D063050008E5050008F30500089505000809
S315080005E00106000800F07CFB01460C4809F0A2F859
S315080005F0DCE700F075FB0146094809F09BF8D5E7EA
S3150800060000F06EFB0146074809F094F8CEE700BFF4
S31508000610E42500200CBA000844BA000878BA000895
S31508000620B4BA0008E4BA000838B5FFF73FFF0AF085
S3150800063085FE0F4B1A685B68904271EB030302D282
S31508000640FFF77EFF38BD05460C460A4B196801318F
S315080006501960094809F06EF84FF47A700AF08EFEB0
S31508000660401944F10004024B18605C60E8E700BFDB
S31508000670000800205C12002004BB000800B583B007
S315080006800B46009202464FF40C71074800F02EFB09
S31508000690B0F50C7F02D003B05DF804FB01460248B2
S315080006A0FFF728FFF7E700BF6012002000B5A3B0E8
S315080006B000283BD08446002938D0B1F5077F01D9F8
S315080006C04FF4077111231DAA604609F04BF800285C
S315080006D034D038491DA80AF0FBFA002834D0364928
S315080006E01DA80AF0F5FA002834D034491DA80AF0E6
S315080006F0EFFA002851D032491DA80AF0E9FA78B174
S3150800070030491DA80AF0E4FA50B12F491DA80AF08D
S31508000710DFFA28B12D491DA80AF0DAFA002842D1D5
S315080007202B4A00211DA8FFF7A9FF04E0294A00214A
S315080007302948FFF7A3FF23B05DF804FB254A0021EB
S315080007402548FFF79BFFF6E7244A01211DA8FFF776
S3150800075095FFF0E7224A13889278B2B1214A2049D8
S31508000760C978A1B120491E48007A029001910092E9
S315080007701E4A602105A808F04BFC002809DB05AADB
S3150800078001211DA8FFF77AFFD5E7194AE7E71949B6
S31508000790E9E700238DF81430F1E7174A00211DA870
S315080007A0FFF76CFFC7E7154A00211DA8FFF766FF8C
S315080007B0C1E700BF40BB000860BB00088CBB00084F
S315080007C0B4BB0008B8BB0008BCBB0008C4BB000823
S315080007D0CCBB000834BB00083CBB000844BB00087F
S315080007E09014002014BB000824BB000868BB00084E
S315080007F01CBB00082CBB000890BB0008DCBB00082B
S3150800080010B414460CE0094BA3FB01C3DB089C4655
S3150800081003EB8303A1EB4303013C303303556146E5
S31508000820002CF0D110445DF8044B7047CDCCCCCCED
S3150800083013467AB110B401F00F0C013B064C14F8BC
S315080008400CC000F803C00909002BF4D110445DF868
S31508000850044B70471044704708BC000838B51D4A59
S31508000860136801331360012408E0012B18D9631CAF
S31508000870194AD35C542B13D00134A4B2174B1D88E4
S31508000880A5420DD9144B1B5D532BF5D12B1B9BB2DF
S31508000890052BEAD91048204408F0DDFF0028EBD0E4
S315080008A0A54205D800230D4A13800D4A137038BD9A
S315080008B02D1BADB208482A4601190AF0D0F9074B94
S315080008C01D80012D03D90222054B1A70EFE701227C
S315080008D0FAE700BF9C140020A01400202025002061
S315080008E03B25002070B506460D4609210C4808F040
S315080008F0D7FF044603210B4808F0D2FF06B134801F
S3150800090005B1288042F6B1139C4201D0002070BD83
S315080009104FF20853984201D00020F8E70120F6E785
S31508000920FCBB0008F8BB0008002800F0CC802DE9C5
S31508000930F04715460746002A00F0C780B1F50C7F38
S31508000940C0F0C580B2F818A05369002B6AD0BAF176
S31508000950F30F6AD8B846532308F8023B54237B7032
S31508000960BE1D52237B710A2229683046FFF748FFCD
S315080009702C2400F8014B0322A988FFF741FF0470D5
S31508000980B5F90610002953DB2B2343700029B8BF9D
S315080009904942032289B20230FFF732FF2C2400F8BD
S315080009A0014B0322297AFFF72BFF00F8014B6B7ADC
S315080009B0002B3FD04849042208F001FF2C2400F8F8
S315080009C0014B0222A97AFFF733FF00F8014B0222F6
S315080009D0E97AFFF72DFF00F8014B0222297BFFF782
S315080009E027FF00F8014B0222697BFFF721FF00F879
S315080009F0014B0422E989FFF71BFF00F8014B02228D
S31508000A00297CFFF715FF00F8014BD1460322514612
S31508000A10FFF7F6FE00F8014B831B352B5AD1044627
S31508000A2000231DE04FF0000A94E74FF0F30A91E720
S31508000A302D23AAE72949BEE76A69D25C1209DFF8BD
S31508000A40A0C01CF80210224602F8021B6969C95C9C
S31508000A5001F00F011CF80110617001339BB21446B6
S31508000A609A45E9D802E0202304F8013B231AB3F596
S31508000A70F37FF8D34FEA4901032235314046FFF7A1
S31508000A80BFFE02E0202304F8013BA31BB3F5077F52
S31508000A90F8D3002303E0202204F8012B0133072BA7
S31508000AA0F9D94FF40A71404608F0FAFE01460422C5
S31508000AB02046FFF7BDFE0346452203F8022B4422D3
S31508000AC04270D81B04E000207047002000E0002098
S31508000AD0BDE8F0870020FBE7E8BB000868B8000817
S31508000AE008BC0008F0B589B007460E4615460DF154
S31508000AF0040C1C4C0FCCACE80F0094E807008CE8FB
S31508000B00070001AA4FF40C711748FFF70DFFB0F55F
S31508000B100C7F1CD0002207B13A8006B130600DB1B7
S31508000B20114B2B60B0F50C7F14D0002009B0F0BD36
S31508000B30303B9BB243EA021292B201310329EADC46
S31508000B400A4B5B5C402BF3D9373B9BB2F2E700219B
S31508000B500A46F3E74EF67D339A4201D00020E5E7D0
S31508000B600120E3E71CBC0008D0160020FA18002074
S31508000B700346574A107848B370B582B00C46012828
S31508000B802FD054490A88551CADB20D8052498B5452
S31508000B90062D41D0B5F50C7FC0F0978044B14E4B79
S31508000BA05A79227006336360002363802381638148
S31508000BB0494B93F82E32452B04D1474B93F82F32E5
S31508000BC0442B3BD0FFF74AFE032013E0532B00D0FB
S31508000BD07047414A137001233E4A13803C4A1370FA
S31508000BE07047542B08D0532B0FD00020394B188050
S31508000BF0374B187002B070BD374A53700223354A16
S31508000C001380334A13700020F4E7334A1370314BCC
S31508000C1001221A800020EDE7084608F01CFE00288D
S31508000C20B8D13CB12C4B5B79237000236380636099
S31508000C3023816381FFF712FE0220DBE7274E4FF47C
S31508000C400A71304608F02CFE05460023ADF806303A
S31508000C500DF1060106F50A7008F0CDFD1CB12581D7
S31508000C60BDF80630638130B1BDF80630AB4202D11B
S31508000C70022200230CE0FFF7F1FD0420BAE703EB9C
S31508000C8083035B009BB203449BB2303B9BB20132A9
S31508000C90042A0ADC1049885CA0F13001C9B2092986
S31508000CA0EDD9FFF7DBFD0520A4E7B3F5077F08D8E4
S31508000CB004B163800023074A1380054A1370012094
S31508000CC098E7FFF7CBFD052094E7002092E700BFE1
S31508000CD03B25002020250020A0140020A214002077
S31508000CE0014B1868704700BF9C1400202DE9F04797
S31508000CF0DDF82090002866D014469A460546002A54
S31508000D0063D0B1F50C7F62D3B9F1000F26D04846FF
S31508000D1009F0D6FF804640F20623984200D9984645
S31508000D202E46532306F8023B54236B70AF1D41230E
S31508000D306B7110222146384608F041FD2C2300F835
S31508000D40013BBAF1000F0CD02249042208F037FD06
S31508000D5004462C2304F8013B002309E0DFF87C90C5
S31508000D60D5E71D49F1E719F8032004F8012B0133EB
S31508000D709845F8D8032208F116013046FFF740FDDA
S31508000D8002E0202304F8013BE31BB3F5077FF8D301
S31508000D90002303E0202204F8012B0133072BF9D99D
S31508000DA04FF40A71304608F07BFD014604222046BE
S31508000DB0FFF73EFD0346452203F8022B4422427004
S31508000DC0581BBDE8F0870020FBE70020F9E7002064
S31508000DD0F7E700BFE8BB0008ECBB000828B9000825
S31508000DE00023062073B1704754B224B9013353B1B6
S31508000DF05DF8044B70470228F8D008680A4908606D
S31508000E001046F3E710B4094A52F823100A7A022A60
S31508000E10EAD9032AEAD1441EE4B2012CE6D90868C5
S31508000E20014908601046E1E700190020BC250020AA
S31508000E3010B5A2B0202200211AA809F02AFF2B4BD0
S31508000E401A934FF4E1331C9302238DF87530284A20
S31508000E501E9201248DF87D408DF87E408DF87F40E6
S31508000E608DF88030002115911691179118911991D6
S31508000E704FF4801315931F4B1993109111911291EA
S31508000E80139114911C4B10931C4B14933C2201A8EC
S31508000E9009F0FFFE0DF1040E0DF1540CBCE80F002D
S31508000EA0AEE80F00DCF80030CEF800300DF1180E71
S31508000EB00DF1400CBCE80F00AEE80F00DCF800307E
S31508000EC0CEF800300E4B0B934FF480630C938DF8DD
S31508000ED035408DF836400B4B0F930B4B1AAA01A9D8
S31508000EE00A4802F0EBFB22B010BD00BF10C4000890
S31508000EF000C400083C00015B010010004400015BCF
S31508000F0004190020D0250020041D0020B81D00204B
S31508000F1008B5024809F0B8F808BD00BFB81D00209A
S31508000F2008B5024809F0B0F808BD00BFB81D002092
S31508000F3010B58EB02422002105A809F0AAFE334B6D
S31508000F400593334B1B88ADF82430324B1B88ADF81C
S31508000F502630314B1B680B93304B1B680C93304A79
S31508000F6005A9304803F0A8F800B1FEE72E4B1C6827
S31508000F702E4A21462B4B186803F054F900B1FEE7B8
S31508000F804CB12146274B186809F020FB01464FF65D
S31508000F90FF73984206D10021224B186808F0C5FF56
S31508000FA038B1FEE71F4B186803F080FA0028F2D024
S31508000FB0FEE71F491B4B186803F0BCFA00B1FEE7B1
S31508000FC06FF0C00240F2FF33CDE900234FF0FF3245
S31508000FD04FF0FF331349086809F041FB00B1FEE7FB
S31508000FE0144B1B88ADF81030ADF80C3004A90D4B26
S31508000FF0186809F01CFB00B1FEE703A9094B18683D
S3150800100009F02BFB00B1FEE70EB010BD5B99000896
S315080010106AC4000868C4000870C400086CC40008E4
S315080010203D990008E8250020AC25002047990008CE
S315080010300700110058C2000808B50448044A121AE5
S315080010409210044908F092FC08BD00BF8001000810
S31508001050A00100088025002008B5154B83F30A88EF
S3150800106000F030F8FFF7E8FF124A0AE01068516806
S3150800107050F8230041F82300013391688B42F5D3D9
S315080010800C320D4B9A4201D20023F6E70B4A08E0D0
S315080010901168002041F82300013351688B42F7D3C9
S315080010A00832074B9A4201D20023F6E7FFF7C4F845
S315080010B00000002074F7000880F7000880F7000891
S315080010C080F7000870B5134B134A9A60D3F8882046
S315080010D042F47002C3F88820104A4FF480419166A2
S315080010E00F4D05F500544FF0FF3222660D4A626631
S315080010F00222C3F8D020BFF34F8FBFF36F8F0020B3
S3150800110002F09AFA4FF44036E660002008F027FF0E
S315080011102E6170BD00ED00E0000000080090005050
S31508001120008000447FFF7F01014B1860704700BFB5
S31508001130F025002008B5064B1860064B1B6F03F018
S315080011400703032B00D008BD09F004FFFBE700BF27
S31508001150F82500200080005010B504460FE0012352
S31508001160834024EA03040F2814D800EB40020E4BF0
S3150800117003EB82035A6812B19968C0B2904794B1DA
S31508001180234600201F28EAD813F0010FE7D10130C3
S315080011905B08F7E7103800EB40039B00B033024AC0
S315080011A013440433E6E710BDD41D002008B50D48E6
S315080011B00AF0E7F91A2002F02FFA28B91B2002F0E4
S315080011C02BFA40B9002008BD1A2002F035FA1A2079
S315080011D008F0C5FEF2E71B2002F02EFA1B2008F0E5
S315080011E0BEFEEFE7FCC300082DE9F04170B30C46DC
S315080011F0174605460F292BD803784BB1022B20D06A
S31508001200032B21D0012B01D0002303E00F2301E09B
S3150800121040F2FF736A78D34013F0010F1AD00F4BD0
S31508001220D3F81063C6B90AF09FF980463A462146B4
S31508001230284601F033FE40460AF091F93046BDE8EB
S31508001240F08140F2FF33E5E73F23E3E72226F5E79F
S315080012502126F3E72126F1E70226EFE700C003502F
S3150800126040B310B5044603784BB1022B1DD0032BAF
S315080012701ED0012B01D0002303E00F2301E040F22A
S31508001280FF736278D34013F0010F15D00AF06CF99A
S31508001290237862780121914003EB43031B01074A37
S315080012A0D1500AF05CF9002010BD40F2FF33E8E7A0
S315080012B03F23E6E7222070472120F5E740D0035078
S315080012C040B310B5044603784BB1022B1DD0032B4F
S315080012D01ED0012B01D0002303E00F2301E040F2CA
S315080012E0FF736278D34013F0010F15D00AF03CF96A
S315080012F0237862780121914003EB43031B01074AD7
S31508001300D1500AF02CF9002010BD40F2FF33E8E76F
S315080013103F23E6E7222070472120F5E740E0035007
S3150800132008B5084BD3F82404D3F82024104000F05D
S31508001330553020F0502003F50053C3F82004FFF77A
S315080013400BFF08BD00C0035008B5084BD3F82404AA
S31508001350D3F82024104000F0AA3020F0A02003F58E
S315080013600053C3F82004FFF7F7FE08BD00C003507A
S31508001370F0B585B00C4694469DF83410664A127846
S31508001380002A00F0BD800546BCF1070F00F2BA80BE
S315080013900A9A002A00F0B8800B9A002A00F0B68054
S315080013A00E9AB2F5006F00F3B38001285BD05B4A52
S315080013B002EB0C12127B002A00F0AC80002200928D
S315080013C0019202920392564A02EB4C1E002C4FD110
S315080013D04FEA4C1600209051CEF80400CEF80800CB
S315080013E0CEF80C009EF8020040F010008EF80200BD
S315080013F09EF8030040F030008EF8030021B9C1B210
S3150800140041F003018EF8031000930E9B013B444AFA
S315080014104FEA4C1002EB4C11165A63F30E1616528D
S315080014200A9B8B600B9B4B60CB789DF83C2062F344
S315080014308303CB70012D36D0109B002B56D0374A2C
S315080014404FEA0C1102EB0C1310985050119A5A607F
S3150800145000249C605D7372466946604601F07AFC1A
S31508001460204605B0F0BD0C9A002AA0D12D48F8E711
S315080014702B4F4FEA4C1607EB4C120020B851506020
S315080014809060D060907840F010009070D07840F06E
S315080014900300D0700029B7D107EB4C12C1B241F056
S315080014A03001D170B0E70E460A7B42F001020A739A
S315080014B0D2B242F002020A73CA68042161F39F029B
S315080014C0F26006F1100796E80F0087E80F00F26948
S315080014D06FF0030161F39F02F2610C9B7361012CAB
S315080014E0AAD10B9AB2610C9A7260A5E7002DA6D113
S315080014F00B4B03EB4C139A786FF304129A709EE722
S315080015000948AEE70748ACE70648AAE70548A8E74A
S315080015100448A6E70548A4E73C2500203C2000200F
S315080015203C1F0020018000F0028000F0078000F0D8
S31508001530134B1B78FBB110B50446F0B10AF014F84A
S315080015400023072B13D80F4A02EB0312127B0AB1AA
S315080015500133F6E723600B4A190102EB0313012452
S315080015601C730024545009F0FAFF204602E009F0E3
S31508001570F6FF054810BD054870470548FAE700BF5D
S315080015803C2500203C200020048000F0028000F06A
S31508001590018000F038B509F0E7FF04460023072B61
S315080015A006DC0C4A02EB0312127B12B90133F6E78A
S315080015B0002222B1204609F0D2FF074838BD01F0C3
S315080015C075FB0025054B1D70204609F0C8FF284607
S315080015D0F4E700BF3C200020058000F03C250020F1
S315080015E00F4B1B78BBB110B50446072815D809F070
S315080015F0BBFF0C4B03EB04131B7B1BB909F0AFFFB6
S3150800160009480BE0074B03EB041300241C7309F08D
S31508001610A6FF204602E005487047054810BD00BFF2
S315080016203C2500203C200020068000F0028000F0C7
S31508001630018000F000B583B0134B1B6801930023AB
S315080016408DF8043009F090FF104B1B7833B90F4B17
S3150800165001221A7009F083FF002309E009F07FFFD1
S315080016600B480EE00B4A02EB0312002111730133FB
S31508001670072BF7DD08238DF8073001A801F03AFBA0
S31508001680002003B05DF804FB5CC200083C2500207E
S31508001690038000F03C20002010B5104C2478BCB123
S315080016A0072817DC0E4C04EB0014247BA4B10C4C61
S315080016B04FEA001E04EB001C44F80E30029BCCF8DF
S315080016C004300024CCF8084001F044FB204610BD45
S315080016D00448FCE70448FAE70448F8E73C250020F4
S315080016E03C200020028000F0018000F0078000F016
S315080016F008B50A4B1B785BB107280BD8084B03EBD8
S3150800170000131B7B43B1002101F0E6FA002008BD57
S315080017100448FCE70448FAE70448F8E73C250020B3
S315080017203C200020028000F0018000F0078000F0D5
S3150800173008B50A4B1B785BB107280BD8084B03EB97
S3150800174000131B7B43B1012101F0C6FA002008BD36
S315080017500448FCE70448FAE70448F8E73C25002073
S315080017603C200020028000F0018000F0078000F095
S31508001770F8B5194B1F6D5B6D1F4002D40125002477
S3150800178002E0FEE701346D00072C24D83D42F9D06B
S31508001790124B1D652301124AD358002BF2D002EBD7
S315080017A00416B1680131B16072682046984780F026
S315080017B00100C0B2737B012BE4D10028E2D0094BAB
S315080017C003EB44131A7B6FF341021A731A7F6FF304
S315080017D041021A77D6E7F8BD0000045000200450ED
S315080017E03C2000203C1F002038B505460C46164B09
S315080017F0D3F8283103F00703013B052B20D8DFE88F
S3150800180003F003131B0F0B1709F07EFB052305B125
S31508001810286004B1236038BD09F076FB0623F6E795
S3150800182009F0BCFB0723F2E709F0AEFB0323EEE75A
S3150800183009F0AAFB0423EAE709F0A2FB0223E6E77C
S3150800184000231846E3E700BF0080005030B583B098
S3150800185005460C4600230193154BD3F8203203F0B6
S315080018600703042B21D8DFE803F0030B11161B002E
S3150800187001230DB1019A2A6004B1236003B030BD7B
S31508001880002101A8FFF7B0FF1123F2E709F086FB54
S3150800189001900723EDE709F053FE01900A23E8E7D4
S315080018A009F0C6FB01900923E3E70023E1E700BF3F
S315080018B00080005038B505460C460F4BD3F8503219
S315080018C003F00303022B12D0032B08D0012B0AD0F6
S315080018D00023184605B1286004B1236038BD09F015
S315080018E032FE0B23F6E709F02BFE0A23F2E709F08E
S315080018F09FFB0923EEE700BF0080005038B5054678
S315080019000C460C4BD3F8903203F00303012B05D099
S31508001910022B07D109F042FB072305E009F030FB4B
S31508001920022301E00023184605B1286004B12360AC
S3150800193038BD00BF00800050024B4FF480321A6752
S31508001940704700BF00900050204B984236D009D906
S315080019501F4B984236D01F4B984222D11E4BD3F8C4
S31508001960D0007047A3F5B703A3F55863984221D072
S3150800197006D91A4B984212D1174BD3F8BC007047B8
S31508001980174B984202D0174B984203D1124BD3F803
S31508001990A0007047144B9842F8D0002070470020EA
S315080019A07047124B984203D10B4BD3F8C8007047C7
S315080019B000207047084BD3F8B8007047064BD3F899
S315080019C0C0007047044BD3F8CC007047C0EA210129
S315080019D00048E801005A62020080E00F0024F40083
S315080019E080841E0000093D0040420F0080BA8C0129
S315080019F038B505460C46104BD3F8000100F0030035
S31508001A00032815D8DFE800F002080C10012305B1F9
S31508001A10286004B1236038BD09F0B6FA0323F6E757
S31508001A2009F006FB0923F2E709F0B4FA0823EEE702
S31508001A3000231846EBE700BF0080005038B505467E
S31508001A400C46174BD3F8200100F00700062823D8C8
S31508001A50DFE800F0040A0E16121A1E00012305B16B
S31508001A60286004B1236038BD09F04EFA0523F6E76D
S31508001A7009F08AFA0323F2E709F090FA0723EEE75A
S31508001A8009F07EFA0223EAE709F03EFA0623E6E7BA
S31508001A9009F07AFA0423E2E700231846DFE700BFD5
S31508001AA00080005038B505460C46104BD3F8400167
S31508001AB000F00300032815D8DFE800F002080C1030
S31508001AC0012305B1286004B1236038BD09F038FD4B
S31508001AD00A23F6E709F0ACFA0923F2E709F033FD21
S31508001AE00B23EEE700231846EBE700BF0080005003
S31508001AF030B583B005460C4600230193144BD3F842
S31508001B00603203F00703013B032B1FD8DFE803F01D
S31508001B10020E1914002101A8FFF790FF0F230DB13B
S31508001B20019A2A6004B1236003B030BD002101A8E0
S31508001B30FFF7B8FF1023F2E709F030FA0190072300
S31508001B40EDE709F01DFA01900223E8E70023E6E72E
S31508001B500080005030B583B005460C46002301933B
S31508001B600C4BD3F8703203F00303012B09D0022B78
S31508001B700DD114230DB1019A2A6004B1236003B074
S31508001B8030BD002101A8FFF78DFF1023F2E70023DF
S31508001B90F0E700BF0080005038B505460C46104BEC
S31508001BA0D3F8600100F00300032815D8DFE800F039
S31508001BB002080C10012305B1286004B1236038BD62
S31508001BC009F0BEFC0A23F6E709F032FA0923F2E720
S31508001BD009F0B9FC0B23EEE700231846EBE700BF34
S31508001BE000800050324B984252D029D8314B984247
S31508001BF048D009D9304B984247D0304B98421DD12E
S31508001C002F4BD3F8800070472E4B984237D005D912
S31508001C102D4B984210D12A4B186F70472B4B984280
S31508001C2002D02B4B984202D1254B986D7047294B11
S31508001C309842F9D00020704700207047002070476E
S31508001C40254B98422CD00CD9244B98422CD003F51E
S31508001C50740303F5105398420FD1194BD3F8980023
S31508001C6070471F4B984217D01E4B984203D1144B0E
S31508001C70D3F88C0070470020704700207047104B3F
S31508001C80586E70470E4B586F70470D4B986F7047DC
S31508001C900B4BD3F884007047094BD3F8880070477C
S31508001CA0074BD3F890007047054BD3F8940070475C
S31508001CB00048E8010024F400C0EA210180BA8C013A
S31508001CC00080E00FC0CF6A00405DC60080841E0019
S31508001CD000093D0040420F00007E56030090D003E5
S31508001CE080D54302006CDC0270B582B006460D460C
S31508001CF000230193104BD3F8804104F00304022C0F
S31508001D0016D0032C0FD0012C07D000240EB1019B4E
S31508001D10336005B12C6002B070BD002101A8FFF741
S31508001D208DFE0F24F2E709F039F901900724EDE753
S31508001D3009F026F90190E9E70080005038B5054614
S31508001D400C46104BD3F8400200F00300032815D8C0
S31508001D50DFE800F002080C10012305B1286004B181
S31508001D60236038BD09F0ECFB0A23F6E709F060F9B1
S31508001D700923F2E709F0E7FB0B23EEE700231846F1
S31508001D80EBE700BF0080005038B505460C46134BFC
S31508001D90D3F8000200F0070004281BD8DFE800F09B
S31508001DA003090D111500012305B1286004B123604C
S31508001DB038BD09F0C5FB0A23F6E709F039F9092306
S31508001DC0F2E709F0C0FB0B23EEE709F0C3F8800A37
S31508001DD00E23E9E700231846E6E700BF0080005017
S31508001DE038B505460C46134BD3F8080200F0070031
S31508001DF004281BD8DFE800F003090D11150001239C
S31508001E0005B1286004B1236038BD09F099FB0A239F
S31508001E10F6E709F00DF90923F2E709F094FB0B231D
S31508001E20EEE709F097F8800A0E23E9E7002318463B
S31508001E30E6E700BF00800050B0F5207F20D00ED81E
S31508001E40B0F5007F16D020D810B1B0F5C07F04D108
S31508001E500F4B186FC0F3033018E0002016E0B0F5FA
S31508001E60607F05D10A4BD3F88000C0F301100DE05E
S31508001E7000200BE0064BD3F89000C0F3046005E0A1
S31508001E80034B186FC0F3802000E000200130704734
S31508001E900080005038B505460C46174B4FF4803283
S31508001EA09A660020FFF7C8FF05FB00F0134BDA69B6
S31508001EB002F4803241F67131D9635B6823F440132A
S31508001EC06CB90F49884207D800210B430B494B6070
S31508001ED00AB10022CA6338BD4FF48011F5E7002C19
S31508001EE007DD0849884201D80021EEE74FF4801142
S31508001EF0EBE74FF44011E8E700900050000003506C
S31508001F00005A6202002D3101430905D0012B0DD07C
S31508001F10022B0DD0002200E0002200F01F0049B17C
S31508001F2002F580520123834013607047034AF4E7A1
S31508001F30034AF2E702F50052F4E700BF6480005056
S31508001F406880005008B5802007F087FD034B98424B
S31508001F5003D8034B4FF480321A6708BD005A620251
S31508001F6000A0005000B583B000230193B0F5807F30
S31508001F7000F0AF8011D9B0F5086F00F0B48044D9ED
S31508001F80B0F5286F00F0C38069D9B0F5306F79D104
S31508001F9001A90020FFF7B2FC75E0802873D8242831
S31508001FA071D324385C286ED8DFE800F04C4C4C4CD2
S31508001FB04C6D446D98546D6D6D6D6D6D6D6D6D6D7B
S31508001FC06D986D6D6D39A76D6D6D6D6D6D6D6D6D02
S31508001FD06D6D6D6DAC4C6D6D6D676D6D5FB1A27796
S31508001FE0776D6D6D6D6D6D6D6D6D6D6D6D6D6D6D09
S31508001FF06D6D6D6D6D6D6D6D6D6D6D6D6D6D6D6D03
S315080020006D6D6D6D6D6D6D6D7C00B0F5C06F65D0D5
S315080020100AD9B0F5E06F70D0B0F5F06F17D101A905
S315080020200020FFF7B9FD2EE0B0F5A06F60D0B0F53F
S31508002030B06F04D101A90020FFF756FE23E0B0F5E2
S31508002040806F20D101A90020FFF7F8FC1BE0B0F54E
S31508002050D06F18D101A90020FFF796FE13E0B0F55E
S31508002060186F4FD0B0F5206F04D101A90020FFF7F3
S315080020703FFD08E0B0F5106F05D101A90020FFF774
S31508002080AFFE00E003D2019803B05DF804FBB0F59B
S31508002090386F23D0B0F5406FF5D101A90020FFF7BE
S315080020A0A3FBF0E71C4B1B6F03F00703013B032B55
S315080020B0E9D8DFE803F00B02050805230193E2E7F8
S315080020C003230193DFE708230193DCE70223019347
S315080020D0D9E701A9002007F09BFCD4E701A9002055
S315080020E0FFF7E0FCCFE701A90020FFF781FCCAE76C
S315080020F001A90020FFF7AAFBC5E701A90020FFF701
S315080021001DFEC0E701A90020FFF7D4FBBBE701A924
S315080021100020FFF71FFDB6E700800050094B596EF7
S3150800212003F580534FF480325A66074A536A23F000
S315080021300103536211F4803F03D1044B4FF48032FC
S315080021405A6670470080005000C0075000A0005033
S3150800215038B504468020FFF705FF032800F0B58050
S31508002160604B4FF480125A665F4B45F60E02C3F871
S31508002170802003F580524FF0A061916203F5005369
S315080021804FF480329A62584B9B6D13F4803FFAD114
S31508002190554B9B6D13F0804FFAD1226863681B0577
S315080021A043EA0263227B43EA0243627B43EA023341
S315080021B0A27B43EA8213E27B13434B4D2B61AB6947
S315080021C003F00043226943EA8263626943EA0263D1
S315080021D0227E43EA0243627E43EA0223A27E134337
S315080021E0AB614FF400624FF44061404807F0F7FBDB
S315080021F02B6A23F00F03E269002A46D111460B43E6
S31508002200E17E43EA81031A43374B1A62E369002BDE
S315080022103DD1354A916A364B0B4094F8201043EA73
S31508002220411394F8211043EA011394F8241043EA61
S31508002230C10343F4803393622B4B9A6D2D4B934322
S31508002240FAD1294A02F580514FF080738B621369DF
S3150800225023F47003A06843EA005313614FF0004368
S315080022608B6194F822301BB9234B4FF080729A6227
S3150800227094F8233013BB204B4FF480329A621A4BE2
S315080022809B6D13F0804FFAD118E00821B7E7022BAF
S315080022901CD0154A916A164B0B4094F8201043EA55
S315080022A0411394F8221043EA016394F8241043EA90
S315080022B0C10394F8231043EA0143936294F8253046
S315080022C01BB1094B0D4AC3F8802038BD064B0022C6
S315080022D01A619A614FF408524FF47F41084807F093
S315080022E07EFBD6E7009000500040005A3840005A5E
S315080022F0C7FFFEFE030001000060005AF1A7FFFFBA
S315080023003440005A014B93F900007047E626002036
S31508002310014B1880704700BFDC260020B0F5207FEF
S3150800232048D02DD8B0F5007F39D04CD810B1B0F5CB
S31508002330C07F24D110B54C1E07F088FB07F073FD4B
S31508002340FFF7FAFA204A136F23F4704343EA04337B
S31508002350136708F0FFFD1D4BD3F8843013F0100FF8
S31508002360F9D11A4BD3F88410C1F38111C1F10201D6
S3150800237007F04EFD00F040F8FFF7E4FD10BD70478A
S31508002380B0F5607F0AD101390F4AD2F8803023F0C0
S31508002390300343EA0113C2F88030704770470139A9
S315080023A0094AD2F8903023F0F85343EA0163C2F899
S315080023B0903070470139044A136F23F4806343EA67
S315080023C08123136770477047008000500040005013
S315080023D008B50121022000F0F3F84FF42070FFF74A
S315080023E02BFD044B187007F031FB07F01CFDFFF7B7
S315080023F0A3FA08BD3D25002008B54FF4C07007F0C4
S315080024002CFB054B984205D902214FF42070FFF7A3
S3150800241085FF08BD0121F8E780F0FA0210B50446E9
S3150800242008F098FD0F4BD3F8843013F0100FF9D14C
S315080024300C4BD3F88410C1F38111C1F1020107F0E6
S31508002440E7FC0121002000F001F924B1FFF7D4FFD1
S31508002450FFF778FD10BD044B19784FF42070FFF78D
S315080024605DFFF5E7004000503D25002070B50446A5
S31508002470FFF7B8FB0546364B4FF4C0225A6603F5FC
S3150800248098335B68012B29D08020FFF76BFD052860
S315080024902DD025F040752F4B9C422FD02E4B9C42B9
S315080024A02FD008F031FD064684422DD82B4BDB6829
S315080024B013F0060FFAD1294B9A689D609B686B400A
S315080024C013F4F81F25D0254B9A6034468020FFF771
S315080024D049FD052821D0B44235D970BD204B0122CB
S315080024E05A60204B5B6813F0020FFAD1CCE707F06D
S315080024F0ADFA07F098FCFFF71FFACAE745F0007532
S31508002500CFE745F08075CCE70121204600F09EF81C
S31508002510CCE72046FEF708FED8E708F01BFD124B6D
S31508002520D3F8843013F0100FF9D10F4BD3F8841079
S31508002530C1F38111C1F1020107F06AFCFFF75CFFE4
S31508002540FFF700FDC7E70121002000F07FF8C4E788
S315080025500090005040420F0080841E000000015089
S3150800256000E0015000C001500040005010B504467C
S31508002570FFF7EAF90A4B4FF400225A6620F040703A
S31508002580084A944206D0084A944206D04FF0B4420C
S31508002590906010BD40F00070F8E740F08070F5E7F5
S315080025A00090005040420F0080841E00034AD36EFC
S315080025B023F0300301790B43D3667047004000507F
S315080025C0F8B50446204BD3F8843013F0100FF9D130
S315080025D01D4BD3F88430C3F381139C422DD008F0E9
S315080025E099FC0646012C11D008F0B5FF0546164F92
S315080025F007F500534FF000725A66204607F01AFC9A
S31508002600621E4FF4806393403B6706E0012107F0A2
S31508002610FFFBE9E70C4BD3F884300B4B5B6E13F0EA
S31508002620007F05D1084BD3F8843013F0200FF1D082
S31508002630284608F08BFF022C00D0F8BD0021304652
S3150800264007F0E6FBF9E700BF0040005010B50C465E
S31508002650034650B1094A127812B1094A934208D979
S3150800266021460220FFF7ACFF10BD08F053FC0346D5
S31508002670F0E721460120FFF7A3FFF5E7BC2000207D
S31508002680005A620238B52F4B4FF000425A6603F5DE
S315080026900B235C6C04F001044AF6CD321A64E8B9DF
S315080026A0294B5B6B13F00103FAD1274A556815F0DD
S315080026B0010539D002F50052012151601A46224916
S315080026C0096B11F0010F04D120498A4201D8013261
S315080026D0F5E71E498A422FD81D4625E000231A4AE7
S315080026E0126B12F0080F04D0184A934201D801332E
S315080026F0F5E7164A934221D8134B03F500522021D9
S31508002700916203F5805301225A60002300E00133E9
S315080027100D4A926A12F0200F02D10C4A9342F6D95A
S315080027200A4A93420CD8002514B1074B084A1A6482
S3150800273001F0D4FE284638BD0725F5E70725F3E757
S315080027400725F1E700900050004009503F420F006E
S315080027503254FFFF10B51A4B4FF000425A6603F584
S315080027600B235C6C04F001044AF6CD321A644378F4
S315080027705B0043F00103134AD363134B5B6B13F0FF
S315080027800B0FFAD1104A536823F4F873817843EA99
S3150800279001135360C178437943EA012393600179B1
S315080027A0837943EA012313610078FFF76BFF14B1BD
S315080027B0054B064A1A6401F091FE012010BD00BFC0
S315080027C00090005000400050004009503254FFFF6E
S315080027D010B50F2800D90F20124B5C6E03F58053F5
S315080027E04FF000425A6603F50B235A6C02F00102B9
S315080027F04AF6CD3119640C4B5B6B13F0800FFAD196
S3150800280009490B6A23F00F0303430B620AB1074A0F
S315080028100A64002C03DB064B4FF000425A6601F0AF
S315080028205DFE10BD00800050004009503254FFFF85
S3150800283000A0005010B5134B5C6E03F580534FF0A3
S3150800284000425A6603F50B235A6C02F001024AF657
S31508002850CD3119640C4B5B6B13F0800FFAD10A4922
S315080028600B6A23F4F85343EA00230B620AB1074ABA
S315080028700A64002C03DB064B4FF000425A6601F04F
S315080028802DFE10BD00800050004009503254FFFF55
S3150800289000A00050084B98420AD0084B984209D02D
S315080028A003F58043984201D00020704758207047AE
S315080028B056207047572070470000015B00000A50F9
S315080028C010B5044607F0B7FA042307E004F5805369
S315080028D004221A6104F500531A610B46591E002B8F
S315080028E0F4D1202323610023E360A36041F20202AE
S315080028F06261A3614FF4A0226262E3612362A3626C
S31508002900E3626363236504F500520249D1642363D5
S3150800291010BD00BFFF3F0D03F8B50446154608462F
S31508002920E1B1A36813F0010F34D06668B0FBF5F087
S31508002930451E16F001062BD0636D13F0280FFBD148
S31508002940A36C13F0030F0FD1A36C13F0010F1BD167
S31508002950A36C13F0020F19D1002706E02046FFF7F3
S3150800296099FF07F07AF8DCE70527204607F063FAAF
S31508002970236923F07F4343EA0563236146B3394657
S31508002980204607F077FA23E00927EEE70627ECE763
S315080029900027EDE76368A36803F0E003402B1DD02A
S315080029A017D9602B1ED0802B12D10123400105FBBD
S315080029B003F3B0FBF3F020380B4A02EAC002636D5A
S315080029C013F0010FFBD12263636D13F0010FFBD1E6
S315080029D0F8BD2BB1202BFBD10823E7E70623E5E753
S315080029E01023E3E70423E1E7F8FF7F0070B5044608
S315080029F00D461646436823B1636DC3F30B03002BDC
S31508002A00FAD12046FFF75CFF636923F44C5323F0A1
S31508002A100F036A7B1343EA8913432A8A13436361C4
S31508002A20A36823F0804323F0E2032A7B13432A7E1C
S31508002A3013436A691343A360AB681BB9A36843F0E1
S31508002A400043A360EA69002A70D0A168694B0B406D
S31508002A50117A43EA8153917A43EA4143918801F412
S31508002A60C0410B43517843EA8103517B43EAC103D2
S31508002A70917B43EA0113927843EA8223A360E268D2
S31508002A805D4B1340EA6911690B4351690B43917910
S31508002A9043EA8123D27943EA4223E360EB691B7850
S31508002AA0012B01D0032B03D1E36843F00403E36051
S31508002AB0EB691B78023BDBB2012B51D94F4B9C4289
S31508002AC06BD04F4B9C426AD003F580439C4262D040
S31508002AD04FF0FF3303F593735B0103F1A04303F54E
S31508002AE0703302225A60EB695A7A04F580539A6267
S31508002AF0EB695B7A1BB1E36843F40063E360EB6957
S31508002B00DB7A63B1E36843F40043E3603B4B9C42E2
S31508002B1047D03B4B9C424BD03A4B9C424FD0636AC2
S31508002B2023F00303EA69D27B134363623EB196F846
S31508002B302030002B4AD004F5805301221A6204F58E
S31508002B40805301225A60AA68002A4ED12978204665
S31508002B5007F090F9A36CDB4313F4405FFAD170BD1C
S31508002B60264B9C4213D0264B9C4212D003F5804339
S31508002B709C420AD04FF0FF33A6335B0103F1A04312
S31508002B8003F5703302225A60ADE70223F4E7002307
S31508002B90F2E70123F0E702239CE700239AE70123E3
S31508002BA098E7EB691B7B03F00F03174A5366B0E7F8
S31508002BB0EB691B7B03F00F03134A1367ACE7EB695A
S31508002BC01B7B03F00F03104AD367A8E7E36923F0DA
S31508002BD0090396F82220134396F82120134343F05D
S31508002BE0010304F58052D361A9E769682046FFF717
S31508002BF093FEABE7E39BBDFFFFF9F0870000015B9F
S31508002C0000000A5000400A5000900350F8B50446E8
S31508002C100D461E4617463AB1FBB101228A4000EB23
S31508002C20400109011D4B5A50072D1ED8A90004EB77
S31508002C3044031B0107FA01F20F2000FA01F11848B4
S31508002C40184407F04EF93FB9FEB10122AA4004EB39
S31508002C5044042401114B1A51F8BD01228A4000EBA5
S31508002C60400109010F4B5A50DEE7A5F108039B0006
S31508002C7004EB440C4FEA0C1C07FA03F20F219940A7
S31508002C800948604407F02DF9DDE70122AA4004EB64
S31508002C9044042401034B1A51DEE700BF40D0035019
S31508002CA034C0035040E003503CC0035010B5162012
S31508002CB007F051F9074B00245C65FF229A625C60B5
S31508002CC021462020FFF720F921462120FFF71CF98D
S31508002CD010BD00BF0000045029B9044A012303FAB5
S31508002CE000F010607047024AF8E700BF4010045031
S31508002CF04020045010B5044601212020FFF704F9AE
S31508002D0001212120FFF700F9114B01225A60227890
S31508002D1012069A606178A27842EA01429A61FF2215
S31508002D209A6200229A631A644FF000425A6503F5C4
S31508002D3000534FF0FF321A65162000F07DFCE1784B
S31508002D40162007F010F9162007F009F910BD00BF84
S31508002D500000045070B50C46C3B201259D402149B8
S31508002D6001F500531D65830003F1A04303F588238D
S31508002D7026685E60637B00EB400C01EB0C1CCCF80C
S31508002D80603094F80AE0E37A1B0543EA0E4394F8A8
S31508002D900CE043EA4E53CCF85C3022F00302CCF840
S31508002DA0702008F0E1FB104B5D65237A0BB10E4BE2
S31508002DB01D64637A0BB10C4B9D632379A27942EAB1
S31508002DC00342084B03F500518A6194F805C0E2797D
S31508002DD042EA0C4203F58054A2614D639D6408F0F3
S31508002DE0BEFB70BD000004500010045010B5C0B200
S31508002DF00124844008F0B8FB044B5A6D22EA040209
S31508002E005A659C6208F0ABFB10BD00BF0000045079
S31508002E1010B5C0B20124844008F0A6FB084BDB6A53
S31508002E20234205D1064B5B6B9C4306D0002400E089
S31508002E30002408F094FB204610BD0124F9E700BFE2
S31508002E400000045070B50446C3B201259D4008F041
S31508002E508BFB084B5E6B04EB440403EB04135C6EBC
S31508002E6008F07DFB354203D1C4F30A10013070BD6A
S31508002E700020FCE700000450074B4FF480325A66E6
S31508002E8003F5E6239B69C3F38512827003F03F02BC
S31508002E9042701B0B037070470090005070B50446D3
S31508002EA00D461646037841782C4AD2F810236A1E36
S31508002EB00E2A09D8DFE802F00A0A0A0A0A0A0A0AE2
S31508002EC00A0A0A0A0A0A0A00002200E02A463DB14E
S31508002ED016B30120884003EB43031B012049C85061
S31508002EE06178072920D82378890003EB43031B015F
S31508002EF08A400F2000FA01F11A48184406F0FFFF2D
S31508002F004DB906B3237862780121914003EB430358
S31508002F101B01134AD15070BD0120884003EB4303BF
S31508002F201B011149C850DBE723780839890003EBF0
S31508002F3043031B018A400F2000FA01F10B4818448D
S31508002F4006F0DDFFDCE7237862780121914003EB88
S31508002F5043031B01044AD150DDE700BF00C00350FC
S31508002F6040D0035034C0035040E003503CC00350E7
S31508002F70074B9B6813F0020FFAD1054B5B6813F0F9
S31508002F80020FF5D1024BDB69002BF1D1704700BF68
S31508002F9000800A50074B5B68064B5B6813F0010F0D
S31508002FA003D0044BDB69002BF6D1024B02221A61CF
S31508002FB0704700BF00800A5008B5FFF7D9FF034BDA
S31508002FC003F5805101224A601A6108BD00800A5043
S31508002FD008B5054B5B68012B00D008BDFFF7DAFF83
S31508002FE0024B01225A60F8E700800A5000A00A50F6
S31508002FF010B50446FFF7BCFF084B5B68012B05D0EC
S31508003000237843B10122054BDA6010BDFFF7E0FFD4
S31508003010FFF7AEFFF4E70022F5E700BF00800A508D
S3150800302038B505460C4608F071F8DDB92378D3B1F2
S315080030300123626812B1127843EAC2036278A2B128
S3150800304002221343A26812B1127843EA8213E27885
S315080030506AB104221343226912B1127843EA422361
S31508003060044A936438BD0023E3E70022E9E7002217
S31508003070F0E700BF00800A5038B5044607F01BFB8E
S31508003080864658B9064DA446BCE80F000FC5BCE8ED
S315080030900F000FC59CE8030085E80300704638BD9D
S315080030A0C020002047F6FF739A427DD009297DD8B3
S315080030B070B5414B13F801E0BEF1030F78D83F4BCA
S315080030C003EBCE0191F802C0604613F83E30012B9F
S315080030D026D03A4B03EBCE035C68002C6AD0B4F9D1
S315080030E00030934204DBB4F90230934200DC134605
S315080030F0A288FF2A2CD000212826C8221D46D21ACB
S3150800310092FBF6F20A4412B22C4B03EBCE0393F869
S3150800311001E0964501DD002A2FDA0EF1FF322CE098
S31508003120CB78A3EB0C0300249C420ED2191BA3EB0D
S315080031305101224800EBCE00406830F91100904258
S3150800314001DC0C46F0E74B1EEEE76344D8B230E0EC
S31508003150B4F90620B4F908600121CFE75C331849B1
S31508003160A1FB03139B09013212B2164696450FDDE1
S3150800317004EBC201898899420AD304EBC2018B6821
S31508003180B1F9061001FB0533002BE7DA0023E5E762
S31508003190013E04EBC604A2889A4200D31A46944517
S315080031A000D81046C0B204E0FF20704700207047E0
S315080031B0002070BD0020FCE760C20008C020002087
S315080031C0D34D621009296FD83A4B5B5C032B6DD837
S315080031D0394911F8331001292AD010B4364901EBC0
S315080031E0C3014C68002C63D0201D334901EBC30191
S315080031F08978914234D2304901EBC301C9789142AA
S3150800320033D92D4901EBC30393F801C00CF1FF3CF8
S315080032105FFA8CFCA388FF2B2AD00023634529D2AA
S31508003220591C30F83110914224D30133DBB2F5E74B
S31508003230214901EBC301C978914200D20A461E48CA
S3150800324000EBC3008078121AD2B2091A8A4200DD4E
S315080032500022194901EBC3035B6833F91200704772
S31508003260B4F902005DF8044B7047B4F90000F9E7B9
S315080032700123D3E74FF47A7101FB02F200EBC30096
S315080032804368D31AB0F9022002EBD27103EB61034B
S3150800329093FBF2F3B4F900009842E3DBB4F90200B9
S315080032A09842DFDC18B2DDE70448704703487047E8
S315080032B00248D7E760C20008C02000200080FFFF50
S315080032C008B50348FFF7D8FE012007F0F8F908BD4E
S315080032D06CC2000830B583B00446694607F0EDF9BC
S315080032E000B1FEE79DF80030134A1278934217D0D2
S315080032F00C2B06D164251049204607F0CBF928B1D6
S31508003300FEE7204601F000F90546F4E7294620467F
S3150800331007F0A7F900B1FEE7074B1B780A2B01D087
S3150800332003B030BD6946204607F0C7F99DF800206E
S31508003330014B1A70F4E700BFFC25002008B50248C7
S3150800334008F01FF908BD00BFF8C3000810B58AB019
S31508003350EC46194C0FCCACE80F000FCCACE80F00CC
S3150800336094E803008CE80300144BD3F84C3113F4AB
S31508003370002F05D0124B1C88FF2C05D98C2403E09E
S315080033800E4BD3F85041E4B28DF81940FEF7BAFF58
S31508003390241803D4FF2C02DDFF2400E000248DF856
S315080033A018400848FDF7C6FE6846FEF7D1FE3220EB
S315080033B0FEF7AEFF0AB010BDC4C300080080E00FD8
S315080033C00001E00FC017530208B50248FFF74EF890
S315080033D008BD00BF00B4C40408B50248FFF7C6F824
S315080033E008BD00BFC0EA210110B5FEF7F1FF4E4C3B
S315080033F0236F23F0070343F0030323670020FFF737
S315080034000DF8236F23F474432367484BD3F8FC3035
S3150800341013F0807F75D1464B0022C3F88020424CBA
S31508003420D4F8203123F0070343F00203C4F820310F
S31508003430D4F8283123F0070343F00203C4F82831EF
S31508003440D4F8803123F0030343F00103C4F8803134
S31508003450D4F8903223F0030343F00103C4F8903202
S31508003460D4F8403123F0030343F00103C4F8403194
S31508003470D4F8603123F0030343F00103C4F8603144
S31508003480D4F8403223F0030343F00103C4F8403272
S31508003490D4F8003223F0070343F00103C4F80032DE
S315080034A0D4F8083223F0070343F00103C4F80832BE
S315080034B0D4F8503223F0030343F00103C4F8503222
S315080034C0D4F8703223F0030343F00103C4F87032D2
S315080034D0D4F8203223F0070343F00103C4F820325E
S315080034E0FEF71CFE4FF0E022136943F00403136154
S315080034F0D4F8603223F0070343F00103C4F86032BE
S3150800350010BD0A4BD3F8FC2022F08072C3F8FC20C9
S31508003510074A0021C2F88010D3F8FC2042F08072D6
S31508003520C3F8FC207BE700BF0080005000ED00E0F8
S315080035300090005008B5074808F023F8FFF706FF83
S31508003540FFF742FFFFF748FFFFF7F8FEFFF74CFFCC
S31508003550002008BDF4C3000800B583B0094B93E802
S3150800356003000090ADF80410090C8DF806106846A3
S31508003570FFF7F0F80920FFF72BF9002003B05DF8F4
S3150800358004FB00BFECC3000810B582B0074A536FAE
S3150800359043F001035367002400948DF804406846FD
S315080035A0FFF704F8204602B010BD00BF00400050E7
S315080035B0002808DB0901C9B200F1604000F5614046
S315080035C080F80013704700F00F000901C9B2014BDB
S315080035D01954704714ED00E0002807DB00F01F02BD
S315080035E0400901239340024A42F82030704700BF41
S315080035F000E100E000280CDB00F01F02400901236F
S3150800360093402030034A42F82030BFF34F8FBFF370
S315080036106F8F704700E100E04211064B53F82230E5
S3150800362000F01F0023FA00F080F0010000F001000E
S31508003630704700BF00E100E0002808DB00F01F0229
S315080036404009012393406030014A42F82030704710
S3150800365000E100E010B507F087FF0B4B1B783BB97C
S31508003660094B01221A7007F07AFF6FF0040408E08C
S3150800367007F075FF07E00521204606F074FC0134C3
S3150800368064B24B2CF7DD10BD3E25002010B504466C
S3150800369007F061FF024B1C6007F058FF002010BDC1
S315080036A0E820002010B507F056FF034B1C6807F00A
S315080036B04DFF204610BD00BFE82000202DE9F0414F
S315080036C08EB007460E4614461D461368D3F800808A
S315080036D091F83130002B48D00DF1180CDFF830E2A4
S315080036E0BEE80F00ACE80F009EE80F008CE80F005C
S315080036F00023009301930293039304930593A3680D
S315080037000893237B012B3DD0022B3ED14FF4407307
S31508003710ADF82630607B06F04BFCADF82800CDF8F6
S3150800372034D001238DF80630A37B022B04D0032B5B
S3150800373002D0012B00D000238DF80030B36B6E4AFF
S315080037401A60B36B6D4A5A60B36B00229A60B36B0A
S315080037506B4ADA6032462946384600F0AFFA074621
S31508003760A8B138460EB0BDE8F0810DF1180CDFF8A7
S31508003770A4E1BEE80F00ACE80F009EE80F008CE855
S315080037800F00B5E74FF40073C2E70023C0E72369CB
S31508003790C5F8A430237E85F8AB30E37D85F8AA30DA
S315080037A0A37D85F8A930637D85F8A830A37E85F8C2
S315080037B0AD30637E85F8AC30237F85F8AF30E37E85
S315080037C085F8AE302368C5F8A0304E4807F0D9FE14
S315080037D001230422A17D607DFFF718FA0123022246
S315080037E0217EE07DFFF712FA002385F8B0302069C4
S315080037F007F0C7FE96F83130002B5DD006A9404683
S3150800380006F063FB95F8B03043F0040385F8B03052
S31508003810227D3D4B263203EB421214215160617D15
S31508003820A07D227D41EA004103EB4212C2F8DC1476
S31508003830E27D207E217D42EA004203EB4113C3F874
S31508003840D424A37B012B3CD0032B3AD0A37B023B89
S31508003850DBB2012B42D995F8B03013F0010F0CD02A
S31508003860627EA17E237D42EA01425B0103F1A04309
S3150800387003F5703341F2CC415A5095F8B03013F045
S31508003880010F10D0237D204AA63302EB43130221F1
S315080038905960E37E207F217D43EA004302EB411213
S315080038A041F2D041535008F50053184ADA6405210D
S315080038B0404606F0DFFA54E706A9404606F00BFB39
S315080038C0A6E795F8B03043F0010385F8B030002339
S315080038D00222A17E607EFFF799F9B7E795F8B03026
S315080038E043F0020385F8B03000230422217FE07EEE
S315080038F0FFF78CF9AFE700BFD99F000879A0000849
S31508003900F39F0008FCC3000800C00350FF3F0D03E7
S315080039101CC400083CC4000830B583B0007D104BB9
S3150800392000EB400203EB0212D56E00EB400203EBFC
S3150800393002131C6F0DF1070107F0A0FB9DF8073075
S315080039404BB904F00204074B9D4201D0002003E066
S3150800395024B1002000E0012003B030BD0120FBE7C0
S31508003960000004503F250020037D0E4A03EB430167
S3150800397002EB0111C96E03EB430302EB0312136F4B
S3150800398003F00203084A914201D0002070470BB9A0
S3150800399000207047036A006D984214BF002001207A
S315080039A0704700BF000004503F25002030B583B0A3
S315080039B003464169026902F1FF3CC5684C6F01F193
S315080039C07C020020C86750609060D060B1F87C0027
S315080039D06CF30E10A1F87C0091F87E0040F0100000
S315080039E081F87E0091F87F0040F0300081F87F0072
S315080039F0C1F88050C1F88440012081F88C0091F804
S31508003A0078000093024B6431FDF746FE03B030BDE3
S31508003A10D9A300082DE9F04184B0044600F1380620
S31508003A2000F11808002585637560B560F56090F8A3
S31508003A303A3043F0100380F83A3090F83B3043F0C0
S31508003A40030380F83B30494FC7630764007DFDF7E1
S31508003A504FFEA5637560B560F56094F83A3043F09B
S31508003A60100384F83A3094F83B3043F0030384F8A3
S31508003A703B30E7632764207D00EB40031B0103F11D
S31508003A80A04303F58023DB6EBB4219D00DF10F016D
S31508003A9007F0F4FA9DF80F30ABB194F844306FF3A1
S31508003AA0410384F844300094314B32462146207D48
S31508003AB0FDF7F2FD207DFDF73BFE04B0BDE8F08181
S31508003AC0FDF736FEF9E7204606F0E5FA054602A9AF
S31508003AD0207D07F0F7FA029B591E20690023A3618F
S31508003AE0E36123626362228B61F30E122283A27E54
S31508003AF042F01002A276E27E42F00302E276E0612C
S31508003B002562227D1B4902EB420001EB0010056F7E
S31508003B10C5F3400594F8247065F3410784F82470CA
S31508003B20A57E63F30415A576056FF8B265F3000064
S31508003B3084F8240002EB420201EB02110A6F92108C
S31508003B40616A62F39F01616294F8442042F00202BE
S31508003B5084F84420D2B263F3000284F844204FEA82
S31508003B60A808636C68F39F0363649CE73F250020FD
S31508003B7041A2000800000450F0B589B004460E467C
S31508003B80007DFDF7B5FD0DF11F01207D07F076FAE2
S31508003B90204606F080FA0546236D83424AD2A26C77
S31508003BA0934216D0238DC3F30A12324462F30E13DE
S31508003BB02385236D1E442665A26CE36C13449E423E
S31508003BC06FD0236DAB426ED0207DFDF7B1FD09B0F5
S31508003BD0F0BD701E276904F128030021A162E16285
S31508003BE021636163B4F828C060F30E1CA4F828C0EA
S31508003BF094F82A0040F0100084F82A0094F82B0064
S31508003C0040F0030084F82B00E762226394F82A2028
S31508003C1061F3041284F82A2023F00302237D42F07C
S31508003C20020203EB43031B0103F1A04303F58023C0
S31508003C301A67BEE79DF81F30B3B9227D1D4802EB0F
S31508003C40420300EB0313596EC1F30A1131445B6E4C
S31508003C5023F4FF4323F0700343EA011302EB420205
S31508003C6000EB02104366A4E70494134B0393002366
S31508003C700293019601230093236902462168207D59
S31508003C8005F092FE237D0B4A03EB430102EB01117B
S31508003C90496E21F4801103EB430302EB03125166CC
S31508003CA087E722658DE7012384F854302046FFF71D
S31508003CB0B1FE89E70000045041A2000870B588B03B
S31508003CC006460C461546A0220021204606F0E1FFCE
S31508003CD0A446AE46BEE80F00ACE80F00DEF800309A
S31508003CE0CCF8003004F1640C05F1140EBEE80F00A0
S31508003CF0ACE80F00DEF80030CCF80030AB6AA364FD
S31508003D00EA6AE264236595F8302084F8952095F8E8
S31508003D10332084F89620C4F89830012384F89C3020
S31508003D2084F85430AB6B23663460374B7360374B7B
S31508003D30B360374BF360374B7361374BB361374B1F
S31508003D403361FDF777FC10B1354A904253D1002113
S31508003D5007A8FDF7EDFB00284FD19DF81C30237509
S31508003D60002107A8FDF7E4FB00283FD19DF81C3089
S31508003D7084F87830207DFDF7BBFC002840D1E36C41
S31508003D800494284A03920022029201930123009385
S31508003D902369A26C2168207D05F006FE90BB237D71
S31508003DA003EB43031B0103F1A04303F5802342F20F
S31508003DB064024FF480119950AB6B93F91000FFF72A
S31508003DC03BFCAB6B93F9100006F0C9F804F19000C0
S31508003DD005F0D6FD3046FFF759FC2046FFF71AFED8
S31508003DE0207DFDF7A5FC48B1102007E0207DFDF7F2
S31508003DF0F7FB102002E0102000E0102008B070BD8C
S31508003E001020FBE71020F9E7E7A10008FBA100084E
S31508003E10A1A300088BA0000891A000081DA4000813
S31508003E20038000F041A200080346064A10680344CE
S31508003E30054A934202D8034A136070474FF0FF3091
S31508003E40704700BF0426002000800020BFF34F8F74
S31508003E500549CA6802F4E062044B1343CB60BFF31A
S31508003E604F8F00BFFDE700BF00ED00E00400FA0534
S31508003E70BFF35F8F074B5A6A22F480325A62D3F82F
S31508003E80942022F00102C3F89420BFF34F8FBFF3AA
S31508003E906F8F704700ED00E070B5FFF7E9FFA022CD
S31508003EA00021214806F0E9FA204B21498B4206D029
S31508003EB021F01F02203AB2F1005F0FD300E01D4A3D
S31508003EC01D4D286842F001021C4CC4F898001C4E8F
S31508003ED0C4F89C60C4F8A020013028608B4210D03A
S31508003EE01F3323F01F0343F00303134802681349E3
S31508003EF0C1F89820C1F89C30124BC1F8A0300132A5
S31508003F000260BFF35F8F0D4B0522C3F894205A6AEF
S31508003F1042F480325A62BFF34F8FBFF36F8FBFF3FD
S31508003F204F8FBFF36F8F70BD90ED00E0A025002086
S31508003F308025002000800020EC20002000ED00E015
S31508003F4003000020E17F002010B4194B5A6E02F4DA
S31508003F50803203F580514FF480304866586E4FF032
S31508003F6000434B66134B596C01F001014AF6CD34F8
S31508003F701C64104B5B6B13F0010FFAD10E4B012436
S31508003F805C600C4B1B6B13F0010FFAD011B1094B97
S31508003F900A491964002803DB094B4FF000415966AA
S31508003FA01AB9074B4FF480325A665DF8044B7047CE
S31508003FB00080005000400950006009503254FFFF4D
S31508003FC000A0005010B507F0CFFA0446144B1B7832
S31508003FD0DBB9144A1360144A1360144A136000F0DC
S31508003FE02DF8012007F0F0FB07F040FA0246104BC7
S31508003FF0186078B100230F4840F2E73104F066FEF6
S315080040000D4B1860064B01221A70204607F0A7FAD6
S31508004010002010BD204607F0A2FA2320F9E700BFCA
S3150800402042250020F8200020F4200020002100204E
S31508004030FC20002018FCFFFFF020002010B586B0F9
S3150800404000248DF814400094019402940394049477
S3150800405001238DF80030164807F093FABFF34F8F07
S3150800406005A8FEF7C5FF8DF8004069462046FEF70D
S31508004070D7FF0F21204607F05DF80F21204607F0ED
S315080040805FF8FEF799FF0B4B5B6813F0010F03D03F
S31508004090084BDB69002BF6D1064B00229A614620B5
S315080040A0FFF7CAFA462005F05AFF06B010BD00BF52
S315080040B0F4C3000800800A502DE9F843DFF8609041
S315080040C00646D9F8008008461746B8F1000F03D00F
S315080040D00E242046BDE8F88306B3336801331DD1A4
S315080040E0E1B100F067F805460028F1D0C9F80000EC
S315080040F000F086F8284606F02EFA044640B14046F7
S31508004100C9F8008000F07CF8284606F01FFAE0E7B8
S315080041103560002FDDD02846B847DAE72124D8E7EE
S3150800412004210020024B1868003818BF0120704788
S315080041300421002038B505460C4601F0A9F838B127
S31508004140204602F0F7FD40F26512412100F0FCF925
S3150800415044B1236833B11B68013303D0E3680BB15C
S31508004160A3684BB906F05DFC00204FF4C1724121EB
S3150800417000F0EAF9212038BD204601F0D9FB0023DA
S315080041800A4A85F83031C5E93743C2E9003363691D
S315080041904BB1074A422110684FF4D272C31A5842EB
S315080041A0584100F0D1F90020E5E700BFA02500201E
S315080041B048230020F8B5044607F0CDF9002607463F
S315080041C00E4B1B6893B19E68AEB196F82420D207B1
S315080041D011D435460FCC0FC50FCC0FC523682B60FD
S315080041E096F8243043F0010386F82430384607F061
S315080041F0ADF93046F8BD1B68E4E700BF0C26002081
S3150800420010B5044618B9054B054A136010BD00F0F1
S31508004210FDF9D4F8E830002BF6D1F4E739A5000803
S3150800422008260020084B10B4002A14BF14461C4662
S31508004230064B1C6019B15DF8044B06F0D3B9084665
S315080042405DF8044B704700BF39A500080826002012
S31508004250D0F8E0302DE9F04105460C4613B1C38D80
S315080042608B424CD0D5F8DC30002B4BD09E68002E04
S3150800427048D0D868002845D0013800B200281ADB93
S31508004280002106E0128A591CA24217D209B28842B6
S3150800429011DB0B1803EBD3735B1003EBC30206EBBE
S315080042A08202B2F80EC003F1FF3EA445EAD90FFA1E
S315080042B08EF08842EDDA2120BDE8F0814FF6FF72D4
S315080042C099B29142F7D09BB203EBC30306EB830680
S315080042D02846B6F9122095F82411D5F8F080FEF78D
S315080042E0E1FE0746B8F1000F04D0002332462846FF
S315080042F01946C047EC85C5F8E06085F82D710020A1
S31508004300BDE8F0810E20BDE8F08100BF2DE9F04739
S3150800431082B004460F46164600F0AEFF00286FD15D
S31508004320494D2B68D4F8DCA0D4F8E0800BB153458E
S315080043306AD04FF00009AF6000F0B4FF01280746C5
S3150800434004D001210022084600F0B0F92B68DAF8FB
S315080043500010D8F8002013B1186888425FD02046AC
S3150800436006F0D2FA94F82530C5E900A813F0010F33
S315080043700CBF32460122D4F8F05062F3000384F8E9
S3150800438025308DF80760002D50D0002220461146B2
S315080043900DF10703A847204600F06CFC0546B9F165
S315080043A0000F10D07EB9D4F88C3013BB012F06D07D
S315080043B0002D47D0254B002103205B6898472846E7
S315080043C002B0BDE8F087B5FA85F040F2FA4233212B
S315080043D0400900F0B9F83146204600F05FFD1C4B55
S315080043E005461B68414620469847D4F88C30002B72
S315080043F0DCD000224FF40073204600F017F9D5E709
S315080044000023114D6B608CE76B68002B91D04345F8
S315080044108FD1AB689F4215D04FF001098BE76968C9
S3150800442011B1096891429DD0596898E794F82A1005
S3150800443094F82D313246994228BF1946204600F095
S315080044406BFBA8E70025BAE7A02500201426002064
S3150800445008260020F8B50E46054607F07CF83146D2
S3150800446007462846FFF7F4FE044620B1384607F00B
S315080044706DF82046F8BD00F0DFFE22463146284694
S31508004480FFF744FF04460028F0D195F92430002BA5
S31508004490ECDA284606F08CFA0028E7D022462846A9
S315080044A095F82C1006F042FA0446DFE770B5044684
S315080044B00E4607F050F8314605462046FFF7CAFF74
S315080044C0044620B9044B01465B68032098472846F2
S315080044D007F03CF8204670BD1426002010B5FFF7FB
S315080044E021FE20B9054B1A68054B9A4204D1BDE84E
S315080044F01040044B1B68184710BD00BF502600200B
S31508004500008000405426002013B50446694606F08C
S31508004510D4F8204606F05CF9FF28024606D0204665
S315080045209DF80010FEF74EFE02B010BD0048FBE7EE
S315080045300080FFFF08B50B460249194006F0C1F88E
S31508004540002008BD0700110010B550B90548064BF4
S315080045500160064802601868054B1860186805F07F
S31508004560E8F910BD10260020042100200C230020A5
S3150800457008230020D0F8E43013B11A68032A10D8AB
S31508004580094BDB6BC3F3C20213F0380F03F00700C5
S3150800459018BF504313F4E07FC3F3821203D050438D
S315080045A07047986A400E7047008001B8431C07D0D0
S315080045B06FF0FF02034B10405A62A3F5805358620E
S315080045C0704700BF00E000B8F8B504460F46164627
S315080045D006F0C1FF0546A047044620B1284606F066
S315080045E0B5FF2046F8BD03F0BFFC04220549D1F803
S315080045F0003F23EA07033343C1F8003F024B5A64DE
S31508004600ECE700BF003000B0002002B838B10368FC
S31508004610044A002B08BF1346034A13607047014B30
S31508004620FAE700BF11A700082426002010B4D0E935
S31508004630544122400B4052EA030104D003495DF875
S31508004640044B096808475DF8044B70472426002088
S31508004650024B986F00F00F00704700BF003F00B094
S315080046600F2938B505460C460ED800F01BFE012862
S315080046700CD1074A2846936F23F00F032343936709
S3150800468006F07EF9002038BD2120FCE70220FAE773
S31508004690003F00B0014BD86F704700BF003F00B025
S315080046A0014B0020D9677047003F00B003282DE969
S315080046B0F74F0C46914600F28780444B13F800A04A
S315080046C0434B1E5C434B13F800B006F044FF80468C
S315080046D003F0FCFB074640B100230022CDE9003376
S315080046E001200023002103F0CFF903F0F7FB48B1BE
S315080046F000230022CDE90033002000234FF40041B7
S3150800470003F0C2F9002E52D0334BDD6C05F00805D4
S315080047100AEB0600314B23305844DD64C0B201F081
S315080047209BFD3146504603F081FC5A4631465046B9
S3150800473003F020FD2A4BDD64DFB12A4B1868D0F858
S315080047409410F83002F068F927490868FFF72EFF39
S315080047504FF0FF330B60254B1A68511C06D06FF0DB
S315080047607E402349C863A1F58051CA634FF0FF32E2
S315080047701A60B9F1000F04D01E4B002103205B68B4
S315080047809847B4B14FF480621B4B1D6F03F5005375
S31508004790C5F380251A67404606F0D8FE00F082FD6C
S315080047A0012808D15DB9002003B0BDE8F08F354671
S315080047B0AEE72546EFE7002CF0D10520F4E74FF4E5
S315080047C080620E4B1A67EEE72120EDE77CC40008ED
S315080047D078C4000874C40008004000B8006000B837
S315080047E0005000B804210020202600201C260020A6
S315080047F000E000B81426002000C001B800D001B8B7
S3150800480070B50D46064620B91A4B1B68A3B10E2093
S3150800481011E000F047FD012829D1174B93F9004014
S31508004820C4F12704641BC4F11C03002BB8BF5B4208
S31508004830232B0CDD212070BDA1F10B03002BB8BF83
S315080048405B42232BF6DC0C4B19700020F3E786F845
S31508004850275006F080FE094AE402136A04F4FF248E
S3150800486023F4FF231C43146206F070FEEDE70220D2
S31508004870E1E700BF042100204325002000C000B85E
S315080048800B4B08461A6D92020FD4D3F84021D10774
S315080048900CD4D3F83823D20708D4D3F8803013F4CD
S315080048A0706F14BF0120002070470120704700BFB9
S315080048B0004001B8F8B50D46D0F8943002EA010474
S315080048C023EA01032343C0F894303B4A01F00B0363
S315080048D023EA0401D1642340A2F580526F070646F5
S315080048E0D36410D50121FFF7CBFF60B103F03CFB81
S315080048F04FF4007314F0040F14BF304A304A13659E
S315080049000422304B5A64E90606D514F0100F14BF7A
S3150800491000221B222C4B5A652A0618D5230611D5C8
S315080049204FF40012254BDA6406F015FE0E210746F1
S31508004930032002F001F840F20122234B3846DA62DE
S3150800494006F004FE214606F1F80002F065F8EF05C8
S3150800495003D5E0052AD501F0DDFFA90503D5A20593
S3150800496027D501F0E3FF15F0600F0AD0D6F8E4105A
S31508004970304605F0CEFE8022144BC3F88800144B4F
S315080049801A612B0510D503F0EFFA124A14F4006FDA
S31508004990D2F8003F14BF43F0006323F00063C2F867
S315080049A0003F0422074B5A640020F8BD01F0ACFF13
S315080049B0D3E701F0B5FFD6E7006000B8005001B8AC
S315080049C0006001B8002002B8004000B8003F00B0FF
S315080049D0000002B8003000B00A78022A11D0101F71
S315080049E04242424152004B781201022B0BD0191F4A
S315080049F04B424B415B000549054842EA8312FFF7E3
S31508004A00E3BD0122EFE70123F5E700BFF0FFFF0052
S31508004A10ED5200080B78022B10D0181F4342434171
S31508004A205B004A78022A0BD0111F4A424A415200BB
S31508004A300F21044843EA8202FFF7C6BD0123F0E7C7
S31508004A400122F5E719530008F8B50D7804460A2D32
S31508004A500E4690F8247108D10625284600F080FFF6
S31508004A6018B90135EDB20A2DF7D1284600F078FFBE
S31508004A70002848D094F82431AB4209D1B288D4F83A
S31508004A80A4309A4204D17288B4F826319A4238D0B2
S31508004A9084F82451B3882846A4F82831738804F585
S31508004AA09275A4F82631B388C4F8A430FF2384F895
S31508004AB02B3005F0E1FF84F82A00284601F00CF8AF
S31508004AC010BB284600F042FFF0B9D4F8E03053B1E5
S31508004AD094F82411B94206D02046B3F91220FEF7FD
S31508004AE0E1FA84F82D01204601F016F90849A4F8E0
S31508004AF028010123074AD1F8FC1004F1F80002F056
S31508004B009FFD0020F8BD21200C2384F82431F9E705
S31508004B10004F00B0983F00B070B5054690F82401E4
S31508004B200C460C281FD0FF2901D1212070BD1AB1CF
S31508004B304FF0FF320D4B1A6005F09EFF064695F8BA
S31508004B40240100F04BFF844228BF0446E4B2B44275
S31508004B5038BF3446E0B285F82B0001F00DFAFF287D
S31508004B60E3D00020E2E70220E0E700BF2826002085
S31508004B7010B590F8243104460C2B44D0D0F8E03018
S31508004B8080F82A10DBB3D0F8F020D2B990F82D318E
S31508004B908B421CD300222046FFF7BEFF48BB1B4BA7
S31508004BA01B78063B032B23D8204601F0B5F8184995
S31508004BB00123184AD1F8FC1004F1F80002F040FD70
S31508004BC016E0B0F94220B3F912309A42E2DD00222B
S31508004BD0204694F82D11FFF79FFF50B9C4F8E0005E
S31508004BE0204605F00CFD4FF6FF739842014601D1A9
S31508004BF0002010BD2046BDE81040FFF72BBCFF2360
S31508004C0080F82B30F4E70220F3E700BFE026002007
S31508004C10004F00B0983F00B0F0B51D46144B04464F
S31508004C201B780F46164685B05BB1D0F8E030E3B185
S31508004C3002AAB3F912300092002205F06EF905B007
S31508004C40F0BD02A905F039FD9DF808103A46204640
S31508004C50FEF728FA014626B92A462046FFF75CFFE2
S31508004C60EDE72046FFF784FFE9E71846E7E700BFC8
S31508004C706AC20008F0B5D0F89C3095B0012B03D174
S31508004C800025284615B0F0BD04467C4905F02CFFE2
S31508004C90D4F8E0600146E58DC4F8E4002EB1336827
S31508004CA01BB15B68002B40F0A58006F054FC01465A
S31508004CB02046FFF75FFC0746084606F047FCD4F88F
S31508004CC0E410B3898DF80E70EB1A9BB2D6E9012071
S31508004CD000FB03226A48ADF80C3003680292994239
S31508004CE008D0204605F015FD80226649664BC1F8B6
S31508004CF088001A61654D644E00F0D4FA0128FBD18C
S31508004D002B6CDA07F8D4736CDB01F5D494F82530EC
S31508004D10DF070CD5D6F878215D4BC6F8EC23D3F817
S31508004D20F830D6F8A0209D06C6F8F02369D494F882
S31508004D302530D4F8E4106FF3000384F825302046B4
S31508004D4012919DF80E20029908AB02F0E5F880B999
S31508004D5000F0A8FA0128FBD14B4A4C49536CD801FC
S31508004D60FCD40B6CDB07F9D408A901A802F01AFBDE
S31508004D7018B10225284615B0F0BDE28D454B5A6498
S31508004D8000F036FE054600287FF47BAF94F8243001
S31508004D9060F3410384F8243000F034FBD4F8E030A3
S31508004DA0411E5B69C9B21E68FD29024604962CD9C4
S31508004DB0F71C3DD938490136096818BF0126C81CB1
S31508004DC042D85B68FF2A0491059344D1DF1C27D893
S31508004DD0204604A905F0F5FD002E7FF451AFD4F85E
S31508004DE0543198052AD494F8243043F0020384F801
S31508004DF0243045E71A68032A7FF657AF9F6A7F0E65
S31508004E005FE7204600F088FF91E75B680128059375
S31508004E1004D0204604A905F0D4FD31E70126D5E7DC
S31508004E2001331D4B5B6818D0D91C12D80593CFE700
S31508004E305B68FF280593F1D02A46EAE720464FF437
S31508004E40803105F04CFC1BE7FF2A5B680DD0059303
S31508004E50C2E7FF2AC0D10022BAE7DD1C08D82046DF
S31508004E6004A9059305F0ADFDB9E701220593ADE761
S31508004E70FF2AB4D10022204604A9F3E7FC4F00B06C
S31508004E8014230020003F00B0000002B800C002B89A
S31508004E90004F00B0008001B834260020F8B504465B
S31508004EA00E4619B990F824305A0647D43B4B3C4A6B
S31508004EB05B6A618EC3F3032313704FF6FF7399423F
S31508004EC0D4F8E47004D0374B1B680BB120469847DA
S31508004ED0354D2B68BB4256D0344B1B683BB11FB1CE
S31508004EE03A68002A51D0BF683946204698470727AE
S31508004EF0204600F011FF002E3BD006202C4B94F9DB
S31508004F00272093F900302549C3F127039B1A0A6A1B
S31508004F10DB0222F4FF2203F4FF2313430B62D4F8C7
S31508004F20E420244B2A60986701F0BEF80122224B40
S31508004F3020461A7005F024FD0020F8BD4FF6FF7CC8
S31508004F4066F38613154A80F82430536A164D1449B9
S31508004F50C3F30323D0F8E4700B702B68A0F832C0B3
S31508004F60BB4217D0114B1B68002BB8D100F0D4FEFA
S31508004F70072712493B46124AD1F8FC1004F1F800FB
S31508004F8002F05EFBB9E70127B2E717462046394625
S31508004F909847ACE700F0C0FE0127EAE700C000B872
S31508004FA0452500201C230020142300201823002058
S31508004FB043250020006000B844250020004F00B0BB
S31508004FC0983F00B0054A12681AB190F81E1119B92F
S31508004FD01047084601F0C2BC01487047102300205C
S31508004FE000FEFFFF404B2DE9F7431D6801F40079E9
S31508004FF000F00103174653EA090206460C4640D05C
S315080050004FF0000893B30023002201200021CDE9C8
S31508005010008802F039FD41462846FFF7D3FF0122F2
S3150800502041462886104605F0E8FAD5F8941005F1A9
S31508005030F80001F0F1FC2D490868FFF7B7FA4FF0C0
S31508005040FF330B602A4B1A68511C06D06FF07E405E
S315080050502849C863A1F58051CA634FF0FF321A6028
S3150800506095F8243043F0040385F82430B9F1000F8D
S3150800507007D00121284605F032FB24F400740643C4
S315080050800C43324623462846FFF7D0FA22044FF04F
S31508005090000308D5CDE900330022002300204FF491
S315080050A0004102F0F1FCFB070FD51349134A0868C3
S315080050B00021136811600121114A117003B1984744
S315080050C0104B002102205B68984717F00E0F08D096
S315080050D04FF409723B21002003B0BDE8F043FFF707
S315080050E033BA03B0BDE8F08304210020202600204F
S315080050F01C26002000E000B82023002024230020DE
S31508005100462500201426002008B558220021064806
S3150800511005F0BFFD1022FF21044805F0BAFD03F093
S315080051209BFD002008BD00BF043F00B0483F00B00B
S3150800513073B581217A22A0F814118221C0F80021C2
S31508005140C0E9411264220C23C0E9432207224FF02A
S31508005150FF35002680F824314FF6FF730446C287D0
S3150800516000F14C0282641F4AC385A0F8403080F8DB
S315080051702C3043864263038780F82760C0F8A45022
S31508005180458502F0B3FE2046FFF7BEFF0122164B07
S315080051902046C3F8382294F92710FFF731FB60231D
S315080051A0124A41F6FF71D3644FF03A421163116710
S315080051B00F4A2946D36440220E4B20465A64D4F837
S315080051C09420FFF777FB0E230022CDE9003340F247
S315080051D002231046194602F057FC00F0D9FB304668
S315080051E002B070BD4000FFFF005001B8004000B893
S315080051F0005000B8002002B838B506F0ACF94FF6F2
S31508005200FF710A4A13888B4203D106F09FF90E20D4
S3150800521038BD074C074D1B046567A4F580546367C2
S31508005220118006F093F90020F2E700BFDE26002081
S31508005230006001B80000FFFF08B50C4BD3F84C21FD
S31508005240531C11D012F080420ED1094B1B681BB1BA
S3150800525011460320FFF72AFA4FF08062054B1A65BC
S3150800526001225A6102229A6208BD00BF0080E00F3F
S3150800527004210020001002B84FF40022034B586C9A
S3150800528003F500535A64C0F3C0407047000002B8E3
S31508005290034BDB6913F4401F0CBF01200020704745
S315080052A00080E00F0F4BDB68C3F30363013B0B2B56
S315080052B00FD8DFE803F006060C06060606080A08F5
S315080052C0080802207047042070470520704703200D
S315080052D07047054B5B6913F0060F0CBF01200420CD
S315080052E0704700BF000002B800C001B8094AD36879
S315080052F0C3F303630B2B08D06FF49050184100F0EA
S31508005300010080F0010040007047506C10F48030B6
S31508005310EDD17047000002B80C4AD368C3F30363A3
S31508005320062B07D8042BD8B20BD8C31E58425841AF
S3150800533040007047072B06D1D2F868010028ECD147
S315080053407047022070470020704700BF000002B86F
S31508005350094BDB68C3F303639A1E012A8CBF00223C
S315080053600122012B02701EBF4FF4026222FA03F3D8
S3150800537003F001030B707047000002B8FF28074BC3
S3150800538009BF0A6851F82020C3F878224A6818BF6E
S31508005390C3F87822C3F87C22704700BF004001B8E2
S315080053A0144BFF281870144A144B09D11821C2F857
S315080053B0FC131022C3F8FC23114BD3F874320DE00A
S315080053C0C0431821C00000F00800C2F8FC13C3F857
S315080053D0FC030028F0D10A4BD3F8783240F2FF31AB
S315080053E0054AC3F30903C2F80C11A2F58052C2F8A4
S315080053F00C31704747250020002002B8001002B87B
S315080054000080E00F014B1878704700BF4725002041
S315080054104FF03A43D3F81421D2031ED54FF4803205
S315080054200E49C1F81421A1F58051C1F818215A6D09
S31508005430D1B2C2F30722C3F8A410C3F8A4200422E9
S31508005440C3F8A4200022C3F8A420C3F8A420C3F8F4
S31508005450A420C3F8A420C3F8A4207047002000BAEB
S31508005460F0220B4B01219A64A022A3F580539A647B
S315080054704FF03A43826CC3F8F410FC21C3F8CC1001
S31508005480C3F8D0204FF40052C3F8F020704700BF8D
S31508005490006000B8F8B50D464FF03A441746064680
S315080054A006F059F801230421074A6363E760266179
S315080054B06561C2F81411054AC2F8843106F046F847
S315080054C00DB102236363F8BD002000BA00E100E0D5
S315080054D02DE9F04105460124006800F00700063072
S315080054E004FA00F3A868EC685E1EA04262D000EADF
S315080054F0060E6C6810441E430640A3EB0E000EEB26
S31508005500040C8242644618D9D31A0EEB030298B1EA
S31508005510431E052B04D94B1CACEB0303022B59D8AD
S315080055200B460844ACEB010E03EB0E0113F8014BD6
S3150800553083420C70F8D101466C688AB1531E052B5C
S3150800554001F1010302D9E01A022812D80A44611EA1
S3150800555000E0013313F8010C934201F8010FF8D16A
S3150800556005F0F9FF0223AE60AB62BDE8F04105F035
S31508005570EDBF0B46204622F0030E8E4453F804CBAB
S31508005580734540F804CBF9D122F00303D01A9207E9
S3150800559001EB030C04EB0307E2D0CA5C0128E254D2
S315080055A0DED09CF8013002287B70D9D09CF80230F6
S315080055B0BB70D5E7042A35D90878043AA861487833
S315080055C00431A86111F8020CA86111F8010CA86150
S315080055D0A8688CE70B4620F003070F44ACEB010ED6
S315080055E01C684EF803400433BB42F9D120F003038C
S315080055F010F0030F01EB030EA0EB03040CEB0307FB
S3150800560028D011F80380012C0CF8038022D09EF8CC
S315080056100130022C7B7018BF9EF80230084418BF70
S31508005620BB7088E7013A032A12D8DFE802F00F15A3
S3150800563007020B4613F8012B1946AA610A4612F807
S31508005640013BAB61114611F8013BAB610B78AB61CD
S31508005650BDE8F08108446EE70A46F3E738B50B461D
S31508005660154601464FF03A4468B101221048C4F87D
S31508005670F4201A46FFF72CFF25B14FF03A430422CF
S31508005680C3F8F42038BD73B1D4F8D8209A4284BF41
S315080056900122C4F8F4204FF03A42C2F8D43002236B
S315080056A0C2F8F430E8E70123C4F8F430E4E700BFB1
S315080056B0CC0000BA38B5044605F04DFF4FF03A4223
S315080056C00121638F054651674BB3B3FA83F3C3F1E0
S315080056D01903DBB2A069C2F8B410C2F88C300723EC
S315080056E0C2F89000C2F8B0304FF4A02302F5005279
S315080056F0C2F81431A2F58052C2F8183100220C4BB8
S315080057001A600C4B5B6C5B0209D54FF480020A4B9E
S3150800571004F1F8005A64D4F8941001F07DF94FF4B6
S31508005720E0232846E363BDE8384005F00FBF00BF15
S3150800573028230020000002B8002002B82DE9F8430B
S3150800574005460C46B1B1D0F81880478F05F003FF1F
S31508005750B5F83CC0791E01EA0C0323F00702032CB6
S315080057600646DFF8F8E042445ED1DEF8004024B988
S3150800577005F0ECFE0E20BDE8F88324F00104DEF8FF
S31508005780000020F00100A04253D10023CEF80030DB
S31508005790238894426FEA43436FEA534323803ED1FA
S315080057A0EB8F08EB07091846083880B202F108049F
S315080057B04C4528BF4446082804D9B4F800E0BEF58D
S315080057C0804F40D263440F431B1A3B409BB2AB87C2
S315080057D0E887947811884FF03A42C1F30C01916535
S315080057E0C2F89830C2F8B0004FF48022174B04F084
S315080057F00704C3F814210122154BC3F88421FFF7C7
S3150800580007FE042C0BD14FF48002124B05F1F80069
S315080058105B6C114B5A64D5F8941001F0FDF83046CC
S3150800582005F094FE0020A6E7601E012898BF1446DE
S31508005830A5E7E88F4344E31A48BFDB1908389842BE
S31508005840A6DC304694E72246AEE700BF002000BA41
S3150800585000E100E0000002B8002002B8282300207A
S31508005860154B10B51968CA8F8B8F488F13440138AA
S31508005870073B8C69034023F007031C4402F1080325
S315080058804FF03A429BB2CB87C2F8B0304FF4802231
S315080058900A4BC3F814210122094BC3F88421A078C6
S315080058A000F00700042803D1064AD3681B03FCD47A
S315080058B0054B1C6010BD00BF04210020002000BA63
S315080058C000E100E0000002B82823002010B5064CCD
S315080058D0216839B1CB0703D4044B1868FFF72EFFAC
S315080058E00023236010BD00BF2823002004210020C8
S315080058F04FF480320C4B0D49C3F818214FF03A4348
S31508005900C1F81421D3F8AC10D3F88C20012302F087
S31508005910070206329340C1F30C01083B994201D8AD
S31508005920FFF776BD704700BF002000BA001000BA26
S31508005930054BA822D3F84C013121431C0CBF01208A
S31508005940C0F38070FEF700BE0080E00F034B1A68B4
S3150800595002609B8883800020704700BFE0260020F5
S3150800596010B50446084B063C9B689847074B032C22
S31508005970D3F8F80706D800F4C020B0F5C02018BF41
S31508005980012010BD0020FCE754260020000002B8C4
S315080059900E4BD3F8FC37FF2B0ED0C3F3421103F09E
S315080059A01F03013303EB4112FE2A88BFFE23084A70
S315080059B098BF03EB4113137041F66A02054B1B6847
S315080059C0B3FBF2F3044A1360704700BF000002B845
S315080059D0EB260020482300202C2300200638032825
S315080059E09ABF024B18780020704700BFEB260020AC
S315080059F0334BD3F8F827D3F8FC17324B1B68D3F888
S31508005A00E43013B11A68032A2BD82F4BDB6BC3F388
S31508005A10C20013F0380F03F0070218BF424313F40D
S31508005A20E07FC3F3821000D04243C1F34213022B36
S31508005A30234919D9062A37D9D1F8FC3313F00103BB
S31508005A4035D14FF0E0702149092AC1F82C012048C8
S31508005A50C0F82C316FF0FF03C1F828311DD91D4B52
S31508005A601DE09A6A520EE0E70023D1F8FC13C90735
S31508005A70E7D5032A1CD84FF47C71144A43F44C73B7
S31508005A80C2F82C114FF0E071C2F82C111049C1F878
S31508005A902C316FF0FF03C2F828314FF408530C4A33
S31508005AA00020C2F8283170474FF40003DDE70023D1
S31508005AB04FF47C70054943F43873C1F82C01C0E7EC
S31508005AC0000002B804210020008001B8002002B8B6
S31508005AD0001002B8002DB00BF8B5834D044629789E
S31508005AE0002950D12C22814805F0D3F82378804F1D
S31508005AF0FF223B70638800247B807E4B4FF48150E5
S31508005B00C3F8DC407C4B1A7007227C4BD3F8F81795
S31508005B10D3F8FC6703F50053C3F8FC234FF47072FF
S31508005B20C3F82C21764A4903C3F830214FF0010205
S31508005B30C3F83421C3F86C014FF40060A3F5805311
S31508005B40C3F86C0126D4C3F8FC234FF4307216F060
S31508005B50E00FC3F82C2108BF4FF480524FF008001D
S31508005B6008BFC3F86C21FCF765FE4FF478042022C1
S31508005B706449C1F86C213A78063A032A2BD8DFE83B
S31508005B8002F0156B6E7300235F4AC2F8FC305F4A59
S31508005B901370ABE70421C3F8FC1380210920C3F86E
S31508005BA02C11C3F83421FCF745FEE0E716F0E00FA8
S31508005BB0C6F3421204D144F40C3444F440740AE0A7
S31508005BC0012A1BBF2020524A44F4C134C2F86C0192
S31508005BD018BF44F48024C1F83041FFF709FF0028B4
S31508005BE039D14C4B1A68B2F1406F474A5BD3D3F8A8
S31508005BF07C1201313BD0D3F87C12C9B2C2F8DC1052
S31508005C00D3F88032404ADBB24249C2F8E430D1F8D0
S31508005C108432013343F63F7332D0D1F884421C40B4
S31508005C20C2F8D840D1F888120B40C2F8E030394B98
S31508005C30D3F88C1201312CD0D3F88C1201F0FC0168
S31508005C40C2F8F010D3F8903203F0FC032E4AC2F8DB
S31508005C50F43001232B70F8BD44F40834ADE744F45E
S31508005C60A73444F48074B6E744F4FE44B3E7234902
S31508005C70D1F82831DBB2C2F8DC30D1F82831C1E7D7
S31508005C801E4CD4F824111940C2F8D810D4F824119F
S31508005C90CAE71A49D1F8343103F0FC03C2F8F030E8
S31508005CA0D1F83431D0E71549D1F8F847D3F830128E
S31508005CB0C9B2C2F8DC10D3F83432DBB2C2F8E43029
S31508005CC0630357BF43F62B3341F61B33C2F8D8306C
S31508005CD0C2F8E03049BFC2F8D830FC23C2F8E03039
S31508005CE0DC23C2F8F030B1E749250020D43F00B0E4
S31508005CF0E0260020004001B8EA260020000002B88D
S31508005D0000FFFF00001002B8003F00B04825002041
S31508005D10002002B80080E00FD0F8A4104C22022917
S31508005D2038BF02212DE9F04F804690F824A181481A
S31508005D300139C36CD0F8DC507F48C3F38213DA40CC
S31508005D40036898F82B708B42DFF828B27B4B87B034
S31508005D5002F0010219D11C78944216D1784C2478A5
S31508005D60544512D1D8F8A8407CB1AC420DD1754C37
S31508005D70D4F8F840A60608D4734C2478BC4204D15B
S31508005D80BBF8040007B0BDE8F08F01609BF800007F
S31508005D901A70FFF723FEFF2F81466A4840D1AAF101
S31508005DA00603032BD0F8F800684B09D985064DD5AC
S31508005DB040F2FF30C3F88800FB0843F4407309E05B
S31508005DC0840642D540F2FF300127C3F88800BB0895
S31508005DD043F438735E48C0F888305C4B0120C3F83A
S31508005DE0E0005C4B1E6840F27123B6FBF3F61923FC
S31508005DF04E43B6FBF3F65AB3D8F8E4502DB12B68E8
S31508005E00082B40F2948095F83850294605A805963F
S31508005E1004F00EFE0602059C46F011062D043CE031
S31508005E2009F1FF33BB4228BF3B46012B38BF01238C
S31508005E30D0F8F800DFB2800608D540F2FF344348B0
S31508005E401B06C0F88840B7D4C1E70127404BC5E711
S31508005E50414B9821A3FB062303A8039304F0E8FD0E
S31508005E60039C3E4A361BA2FB06120190342104A865
S31508005E70049204F0DDFD049D0090761B302105A8F0
S31508005E80059604F0D5FD019B009A1E02059B2C443D
S31508005E9046EA0216324D06431C44324B40F6970238
S31508005EA018682B21003818BF0120FEF74DFBFA228F
S31508005EB02C4B02FB04F01B6840F6FF72B0FBF3F0B4
S31508005EC00A235843214B00F57A74C3F8D820A3F562
S31508005ED08053C3F8D860A3F58053C3F8DC50224B2F
S31508005EE0224E1B78C6F8D4700BB9C6F8FC7086F833
S31508005EF0FB9000F58C50C8F8A8501D4D14302C6046
S31508005F0001F028FB4FF47A72C6F89800C6F8EC0040
S31508005F102B680D49B3FBF2F3ABF80430084BB4FB1E
S31508005F20F2F083F800A098F82B300B702AE70025CA
S31508005F306BE700BF004001B8282600204A2500204C
S31508005F40E9260020004F00B0E8260020006001B8CE
S31508005F50005001B84823002069C2F568B97A146E62
S31508005F603064FC002C23002048250020003F00B0A8
S31508005F7030230020E026002010B5104B0246187882
S31508005F800F4C0C2802D1FF20207010BD831F042B54
S31508005F9034BF0121FF21FFF721FD904228BF10469B
S31508005FA0C0B2884238BF084623788342EDD0054BF5
S31508005FB020701868FFF7B0FE2078E6E7E026002094
S31508005FC0EA2600200421002008B50E4B0246187860
S31508005FD00C2812D0FF2A13D0FFF700FD904228BFE5
S31508005FE01046C2B2012A38BF0122074BC3F8FC206B
S31508005FF00123064910460B7008BD0023FF22F8E767
S315080060000023F6E7E0260020003F00B048250020E0
S315080060100020044B1870044BD3F8D420C3F8FC2096
S31508006020704700BF48250020003F00B010B5044661
S31508006030FEF778F878B1154B1B786BB964B1144B39
S315080060401B784BB1134B1B78013B012B04D84FF43B
S315080060500042114B1A6510BD104B1B6D1B04FAD478
S3150800606005F079FA044601F07FFF4FF400420C4B25
S315080060702046BDE810401A6502220A4BC3F82425BB
S315080060800422054B5A6405F061BA00BF4B2500206F
S315080060904C25002034230020002002B8000002B856
S315080060A0001002B800D00350054BD3F8843013F023
S315080060B0030F4FF4802314BF024A034A93647047C0
S315080060C0004000B8005000B8006000B8594B2DE9F0
S315080060D0F34193F82E800646B8F1000F40F0A880E9
S315080060E09B68554C984701213A20FBF70DFF534B07
S315080060F02578534F1E7085BB2846FFF797FF2378F0
S31508006100013B012B19D8E37B01A88DF80430237CC9
S315080061108DF80530FBF7D4F8C7F824554FF6FF720B
S31508006120484BC3F88420F822A3F58053C3F884208B
S315080061300022434BC3F824250DE04FF6FF72414B6E
S31508006140C7F82455C3F88420F822A3F58053C3F86A
S315080061508420C7F824553C4B5BE04046FFF766FFB2
S315080061602378013B012B08D8E37B01A88DF804307E
S31508006170237C8DF80530FBF7A3F80023C7F82435F0
S31508006180002ECBD062685AB3304B1B6803EB520320
S31508006190B3FBF2F3013B1B0243F0F80326782949C7
S315080061A0022E2B4A1ED0032E4FF6FF75244826D002
S315080061B0012E37D143F00203C1F88450C2F8843067
S315080061C00723C0F82435E37B01A88DF80430237C27
S315080061D08DF80530FBF744F80120FFF727FF17E095
S315080061E0F823DBE74FF6FF7043F00103C1F884009C
S315080061F0C2F884300622124BC3F82425E3E743F09D
S315080062000503C1F88450C2F884300423C0F8243545
S31508006210104B4FF080421A65FFF746FF002002B088
S31508006220BDE8F081C1F88450C2F884300023EDE758
S315080062300E20F4E754260020342300204C250020A5
S3150800624000C00350006000B8002002B848230020B0
S31508006250005000B8001002B8034B1B6D002BBCBFE2
S31508006260024BC3F888007047000002B8004000B827
S31508006270304B2DE9F047DB6898474FF47A762E4B7A
S31508006280B0FBF6F618604FF4FA73734307462B48CB
S31508006290190E1B0218182A4A4FF0000341F1000193
S315080062A002F014FD274BA0F5807205461A6320B943
S315080062B048222B21FEF748F901254FF47A724FF050
S315080062C0000A6A4353465008310202F0FFFC1D4B90
S315080062D01D4AB7F57A7F9A601C4B4FEA0568196024
S315080062E01B4B8946044618604FEA152505D29B22A2
S315080062F02B215046FEF728F901264FF47A73A8FB9E
S31508006300030103FB05117308C01841F100010023BE
S31508006310324602F0DBFC0F4B023419600E4B49F192
S315080063200009A408186044EA8974064B013C9C637A
S31508006330BDE8F087542600204823002020A1070046
S3150800634040420F0000C001B8021101005823002086
S3150800635054230020502300204C2300201022044BF5
S31508006360C3F884215A600122024BDA60704700BFE5
S3150800637000E100E000C001B838B501250A4B02016A
S315080063809D504FF480730446084A8340536605F0CF
S31508006390E2F8074AA540137823EA05031370BDE817
S315080063A0384005F0D3B800BF00E101B800E001B8F5
S315080063B05525002038B505F0D7F8084B084A1D6A58
S315080063C092F8CD405A6EE4B2520744BF1D6A0134B2
S315080063D005F0C5F8284604F0030138BD00C001B829
S315080063E0003E00B0064B1B68434303EB8171054B27
S315080063F01B68A3FB003013F1004341EB0000704714
S31508006400502300204C2300200C4A20F0404301462C
S3150800641010B5002014684FF00042E4FB0320084A38
S31508006420890F126802FB0300064B9B6B984204D93E
S3150800643001330131C01A01F0030110BD54230020B5
S315080064405823002000C001B8044B01F0F071103049
S3150800645041F0030100011950704700BF00C001B8A0
S3150800646008B52220FFF7F8FE4FF48022014BDA60C8
S3150800647008BD00BF00C001B8836833B10549C268CA
S31508006480096803F13043032A00D8704743F8041B10
S31508006490043AF8E78826002070B51646054600B384
S315080064A0F9B1F2B14268104B006803321B689208D2
S315080064B000F130409847044688B9EA68A86803326C
S315080064C03146920800F1304004F0F2FA044630B939
S315080064D0D5E90402214600F1304004F0DAFB2046F3
S315080064E070BD2124FBE700BF3026002070B50C687C
S315080064F0651C15D0C4F302669E42C4F3074530D125
S31508006500A4B294422DD804EB8506B24229D2141BB4
S31508006510A50824F003040E59340F04D0012C08D022
S315080065200022212402E06B1C51F82320C0E9002434
S3150800653070BD0E4C34F8133042EA03431A686B1CDC
S3150800654051F8234001EB83014B6822405E4036F048
S31508006550704404D11B0F032B04BF8B681A43002415
S31508006560E4E7013501EB8501C1E700BFB0C40008C7
S3150800657007B501A8FCF780FC42F201020C4B0D4955
S31508006580C3F870224FF4FC72C3F8E0205822A3F532
S315080065908053C3F8E020084AA3F61C7352F8040B8C
S315080065A043F8040B8B42F9D103B05DF804FB00BF36
S315080065B0006001B8104101B884C4000870B503240E
S315080065C0134E144DB3689847134A144B1A6500F0D6
S315080065D09BFFFFF7CDFF124BC3F8104101232B6534
S315080065E0336898474FF460736B614FF400732B65FB
S315080065F0FEF708FF0021FEF7D3FE8022094B1C6434
S31508006600A3F580535C64084BC3F884215A6070BDB7
S3150800661054260020001002B80048F000000002B816
S31508006620005001B800A0095000E100E02DE9F0474C
S3150800663005460E461446DFF88480DFF884901E4F20
S3150800664088B01CB9204608B0BDE8F087B4F5006FDD
S315080066504FF010024FF000016846A24628BF4FF4DB
S31508006660006A04F016FB08238DF800300AF1FF33A0
S315080066709BB2009A1B0143F0036302EA090203EA8C
S3150800668008031343102200210DEB0200CDE9003662
S31508006690029504F0FEFA6A46387804A9FCF75AFB14
S315080066A0A4EB0A0406EB8A0605EB8A053878FCF79C
S315080066B0AFFB0028FAD0C4E7EC260020F07F300CA8
S315080066C00F80CFF3002210B5274B284C5A649A64E2
S315080066D0DA6494F82D2003F5805312B14FF0007256
S315080066E01A6594F82E20002A39D04FF400421A650C
S315080066F094F830302BB14FF480521D4B1A65A36ABB
S31508006700984794F831201A4B12B14FF400521A6583
S3150800671001225A6102229A62134AD368C3F30363B9
S315080067200D2B01D0002BF8D111231249D36312483F
S31508006730124AFFF7B1FE01F03FF81148FFF79CFE39
S315080067401048FFF799FE1048FFF796FE4FF0806253
S31508006750074B5A61012203F580535A6110BD012186
S315080067603A20FBF7D1FBC3E7000002B85426002005
S31508006770001002B824C5000808C5000820C500088E
S31508006780D8C40008F0C40008C0C400080F4B10495C
S315080067901A68012302F58052C2F8803291660D4AC2
S315080067A053600D4A53600D4A5360A2F58042536008
S315080067B0A2F54042536002F5C032536002F58042AA
S315080067C05360A2F500425360704700BF5026002070
S315080067D0FF0B001600D000B8001000BA005001B830
S315080067E008B504F097FB044B1B681B6FC3F3004303
S315080067F00133B0FBF3F008BD5026002070B50446FF
S3150800680098B1B1B13A4A52F8043B834213D10023F6
S31508006810384A116CC907FCD4374800EB830004F0EA
S3150800682050F9364B106001221A6470BD01330C2BE7
S3150800683002D1334D2CE0012352F8041BA142F5D1B5
S31508006840304A32F81330E3E7C2F3016335F8130030
S31508006850110C93B211F0FE0F43EA0043606820D092
S315080068600434CAB2022A216808D9D4E90160033A75
S31508006870C3E9001698600C340C33F3E704D1626858
S31508006880C3E90012083403E0012A01D1043419606F
S315080068902268531CD8D10022164B1A6003F5805380
S315080068A0C1E7120F072AEDD8DFE802F00704090D41
S315080068B01013181DC04303F500531860E2E71A6861
S315080068C042401A60DEE703F58053F6E704F0E5F880
S315080068D0D8E7012203F580538240F2E7012203F547
S315080068E000538240EDE71A6830EA0202FBD1C9E795
S315080068F05C23002000C002B8404000B000D002B8B7
S31508006900B0C40008202500200122014B1A657047F3
S31508006910001002B80122014B1A657047002002B820
S315080069204022014B1A657047002002B84022014BED
S315080069301A657047001002B8064BDB68C3F3036399
S31508006940984206D1044A936F23F0F00343EA0111F3
S3150800695091677047000002B8003F00B02DE9F74381
S31508006960064604F093F800248046DFF8909004F079
S31508006970F2FD0DF1070105460DF10600FEF7E8FCEC
S315080069809DF806308BB9721C29D004F07FF8A0EB6D
S315080069900804284604F0DAFD9DF8063013B99DF878
S315080069A007303BB3A642E2D824E0D9F80C3013F4FA
S315080069B0603FE8D0D9F8180004F0D6F8731C0746EB
S315080069C003D004F063F8A0EB0804284604F0BEFDE3
S315080069D017F5007FE0D0384603B0BDE8F0832846B7
S315080069E004F0B4FD9DF80630002BC0D19DF80730A1
S315080069F0002BBCD1004FEEE700FEFFFF00C000B839
S31508006A00044BD3F8B03010B1C3F30332027003F06D
S31508006A100F007047000002B8064B01F080015B6C5E
S31508006A2003F480030B4302BF4FF40012024BDA64EF
S31508006A30704700BF000002B8006001B84FF0B052BE
S31508006A40024B1B6803F580539A6670475026002050
S31508006A50044B1B68986E00F0B05000F16A43584228
S31508006A6058417047502600200F4B1B788BB1012BDD
S31508006A7011D10E4A012102F580528B4291600FD83E
S31508006A800A4A0B49002B08BF0A4693689B07FCD4A1
S31508006A907047074AEEE700224FF480539A60FFDEFC
S31508006AA000239B68FBE700BF56250020004003B87B
S31508006AB0000003B838B50B4B0B4C002818BF1C4612
S31508006AC0A569E3691D4007D0084B1B682BB128460A
S31508006AD0984704F50054A56138BD6B05F9D5FFF74D
S31508006AE0C3FFF6E7004003B8000003B88C23002074
S31508006AF04FF604014FF60502044B01201B6C9BB2AE
S31508006B008B4208BF1346024A136670470080E00F9F
S31508006B1000C001B8034B1A6E596E03F500530A40BC
S31508006B201A66704700800A5030B54FF04044114B42
S31508006B301A68D2F8883002F50055C5F8A040C3F3A4
S31508006B408803C5F8A44091B1B3F5D17F28BF4FF4A7
S31508006B50D173D52B38BFD52303F14605A3F14601DA
S31508006B6041EA0541D16702F58052C2F8A440038084
S31508006B70002030BD4C2600204FF48022034B002015
S31508006B801B6803F581539A61704700BF44260020AD
S31508006B9073B50446234B244D9B68984701213A2038
S31508006BA0FBF7B2F9E1782279286841EA0243C0F88E
S31508006BB0F435E679A37943EA0643C0F8F83523782D
S31508006BC04BB18DF8041004218DF805200DEB01005A
S31508006BD00022FAF709FB63785BB10421A379002246
S31508006BE08DF80430E3790DEB01008DF80530FAF7DE
S31508006BF0FBFA2B682178012203F5BE6359B103F528
S31508006C0080510A606178022241B103F58053002061
S31508006C101A6002B070BD03F50051F2E703F50053A0
S31508006C20F5E700BF54260020482600204FF0804292
S31508006C30034BC3F88020BFF34F8FBFF36F8F7047A6
S31508006C4000E100E04FF08042014B1A60704700BF38
S31508006C5000E100E0124A10B5D2F84C315468D26906
S31508006C60104912F4401F0FD15A1C0DD124F040448C
S31508006C7024F44004240C24040B4803F08FFF214617
S31508006C80BDE8104003F08ABF084A19409442F3D180
S31508006C9003F4FE43B3F5807F08BF41F4A061EBE738
S31508006CA00080E00FE0FFF01FCF13468B140015019C
S31508006CB02DE9F0470C4681B1B1F1006F0DD31C4B9D
S31508006CC0CA1C9A4209D84FF0000844F6FC7654F8D4
S31508006CD028104FEA88094B1C01D1BDE8F08703F05C
S31508006CE05DFFC1F30263032B844608F10107C1F374
S31508006CF0074514D18BB2F31AB5EB930F4FEA930AF3
S31508006D000DD909F104015246214403F062FF844675
S31508006D1008F10208013D08EB0A07A5EB0A052A4611
S31508006D20604604EB870103F054FF07EB0508CEE73E
S31508006D30FFFF07082DE9F041044668B1B0F1006F7E
S31508006D400AD3254B00F117029A4205D8234B244A49
S31508006D5019780023994224D800252427FFF77AFFBB
S31508006D602168FFF7A5FF6168FFF7A2FFE668AE4254
S31508006D7021D12269111A4B424B41B4F1006F15D348
S31508006D80154904F117058D4210D8824222D1134ABB
S31508006D901378052B09D8124941F82340013313709B
S31508006DA003E052F8040BA04203D101231846BDE8BC
S31508006DB0F0810133CEE707FB05F3A2680135D15808
S31508006DC002EB0308FFF774FF042208EB020103F045
S31508006DD000FFCCE70023E9E7FFFF07085825002056
S31508006DE09023002070B52C4B0C461A781AB92B4AFA
S31508006DF0D2F86C221A702A4A126D52054AD51D78A5
S31508006E00284B05F00F06B0FBF3F040434FEA151583
S31508006E1005D140F27C622B21FDF796FB0120224A20
S31508006E200A217243B2FBF0F34843B3FBF1F602EBD7
S31508006E305002B2FBF0F201FB1633042BD2B207D88C
S31508006E40C3EB8310C3EB80035BB283B96DB217E063
S31508006E50C3F10B0303EB8303DBB2B3FBF1F32B4460
S31508006E60DDB20F2DF2D9013AD2B2053DEEE7053B68
S31508006E705BB293FBF1F31D44EBB26DB2002D04DB5C
S31508006E80002042EA0512226070BD01320533D2B2F3
S31508006E905DB2F5E70220F7E7592500200080E00FEC
S31508006EA0000002B8403B250080969800F8B50B46CE
S31508006EB0002213F8044B944225D91D68854224D133
S31508006EC006245A791D79124B88181E6804FB050397
S31508006ED0104F33F8063C7B43B3420ED900238A5A37
S31508006EE07A43964202D804FB0300F8BD9D42FAD9BC
S31508006EF0013304FB03F2825AF2E740F244423D2191
S31508006F000020FDF721FB0020EFE708330132D2E726
S31508006F10A823002040420F0000202DE9F04FA2FBD5
S31508006F20016AB94FDFF824C3F7191D466AF1000351
S31508006F30BC4570EB030383B008D240F23E220E2113
S31508006F40FDF702FB022003B0BDE8F08FD5F82890C4
S31508006F508B461446B9F1000F04D0D9F80030032B3C
S31508006F6000F29381A94BAA4A9B6BD2F8FC90C3F313
S31508006F701408A84B1B6F59074EBF4FF440039B05D7
S31508006F8003F0E07348EA0308A34BD3F8EC305A0041
S31508006F9048BF48F0807848EA446803F0F5FF07469A
S31508006FA0002CCFD00028CDD09C4B6E62C3F800B021
S31508006FB09B4B984200F0B18103F5122303F5F86361
S31508006FC0984200F07381974B984200F0B1810246CF
S31508006FD0002300204FF0007101F078FE00230130F5
S31508006FE006FB03F300FB0A33A6FB00021344203317
S31508006FF089499B092B60D1F8ECB3D1F8F033D1F865
S3150800700078A1D1F8A01000930846584030F47F6361
S315080070100CBF012000204FF4287201911021FDF7C2
S3150800702093FA8BEA0A0232F47F634FF0100140F2BA
S31508007030A6220CBF01200020FDF786FA7A4A009B9B
S31508007040D2F86012C9B2FF291CBF2AF47F6242EA4D
S315080070500112764908BF5A468E4207D9211F0129CF
S3150800706040F2278172498E4200F22381B7FBF4F77A
S31508007070C8F31301A1FB0717AB61684BC90C41EABA
S31508007080473118F4801F1F686A4B08BF49421960C8
S31508007090694B0F44C5E907B21F60B9F1000F00F04C
S315080070A0328100236B60AB60D9F81C60D9F800A068
S315080070B0002E49D0BAF10F0F97BF574BB9F818B041
S315080070C0D3F88C31C3F3832B524B98BF0BF1080BC3
S315080070D0D3F83C31B7FBFBF2DB0216D5002381EA75
S315080070E0E17EAEEBE17E5549C8F3815811F808C038
S315080070F0194650084FEACC5CCCFB0E01009201F011
S31508007100E5FD009AC0F3130068605F4504D3B2FA40
S3150800711082F10D2940F3048133469103B1FBF3F163
S315080071204B004FEAC23E0133520C01E002330131F3
S31508007130A3FB06C0E64572EB0000F7D2C1F30E01C9
S31508007140090341F00061A960BAF1050F40F2DF803A
S31508007150D9F82C60002E00F0B680307804FB07F7CB
S31508007160A0F10400B0FA80F040F20B523D2140092C
S31508007170FDF7EAF9324B9F4240F20181314B9F42BB
S3150800718040F20181304A974294BF0222032244F218
S315080071901421FF0B07EBC70307EB43039B0B013BCC
S315080071A05B0232446B61567801FB07F2B6EBD25F9D
S315080071B04FEAD25380F0E5802644B34240F2D780A6
S315080071C02644B34240F2E1802644B34240F2DF80CF
S315080071D02644B34240F2DD802644B34298BF0520D8
S315080071E040F2C680002040F226523D21FDF7ACF958
S315080071F044F6776307FB03F3DB0D013BB34280F0EC
S31508007200BC80002026E000BF006CCA88008001B858
S31508007210004F00B0004001B8000002B8B0230020BB
S3150800722000F04902005A62020080E00F00BBEEA09F
S3150800723000AE5EA7AC230020A8230020B8C400082F
S3150800724020D4CB8F00DAF89AE0DF25A6807C814A25
S31508007250042804D8361BB34200F10100F8D30328EA
S315080072608CBF0020012040F232523D21FDF76CF917
S3150800727001216B69A6F1140242EA86421343D9F842
S3150800728000A06B6185F82C101FE0042BD9F8288024
S315080072907FF483AE18F0807F14BF4FF4400308F0E4
S315080072A0E07328F0E07848EA030876E600233A48CF
S315080072B096E6019B2AF47F6A23F47F6343F42A63E4
S315080072C04AF4CC6BD2E685F82C600023BAF1060F97
S315080072D0EB6018D9D9F83030ABB103F055FED9F8C0
S315080072E03010FFF7E3FD044608B183781BBB03F0B3
S315080072F00BFED9F83010FFF7D9FD20B1837813B10A
S31508007300C3781B042B61002003B0BDE8F08F00236F
S31508007310002085F82C30EB60F6E700231F485FE66F
S31508007320C1F10E0326FA03F302FA01F10133F5E679
S3150800733000231B4854E6407940F25552003818BFDE
S3150800734001203D21FDF700F9207940F25652003818
S3150800735018BF01203D21FDF7F7F8237962791B0252
S3150800736043EA0213EB60E3781B042B61BFE70120B5
S3150800737003288CBF0020012035E7012073E700228F
S3150800738005E701202FE7012201E70220F0E70320A5
S31508007390EEE70420ECE700BF313641DC0A3BB2DFFA
S315080073A0D694BFD630B505460C468DB059B9334B81
S315080073B0827AD3F8FC30416831480A9300686B46F4
S315080073C0FFF7AAFD6C462F4B22685A632B4BD3F85E
S315080073D0FC30002B3CD0636843B12B4B2B4AC3F8D7
S315080073E03C216268A3F58053C3F83C21A36843B1E6
S315080073F0254B274AC3F81C21A268A3F58053C3F876
S315080074001C21244AE168D2F8983194F82C0023F418
S31508007410EE630B43C2F898316FF078421E4B1F4952
S315080074209A606269A3F580539A604FF44033C1F8B5
S315080074308C3122691A4BC3F88C214FF40012D8B14B
S315080074400A65184B1B6898471749606AFFF7CAFC14
S315080074500020A2690F4BC3F8A020E269C3F878217F
S31508007460226AC3F8F8232A89A3F5E0339A6203F55A
S31508007470A03318640DB030BD1A65E2E7004F00B0BE
S3150800748004210020008001B8006001B8FFFF0F004A
S3150800749000F0FF0F000002B800600C50002002B890
S315080074A0001002B854260020588001B84FF4002274
S315080074B0014B00201A657047002002B80E4B1B6866
S315080074C0D3F88022D2070ED55B6E002B0DDA0B4B54
S315080074D04FF480029B6813F00C0F094B09D11A650B
S315080074E04FF480421A65002070474FF48002054B1E
S315080074F0F5E704490A65F3E75026002000400950DD
S31508007500002002B8001002B84FF48062014B1A65D9
S31508007510704700BF001002B810B590B10468012C7E
S315080075200FD902696AB11168094B102C19605168A4
S315080075305960916888BFD268996094BFD960DA604B
S3150800754010BD10220021024803F0A3FBF8E700BF94
S31508007550B8230020084BC1171A68A2FB000302FBD8
S31508007560013310F1807043F10003400E40EAC31066
S31508007570803820EAE0707047C82300200722194B9C
S3150800758070B51A64184B194A1D68194BEC08E005C2
S31508007590C0184FEA153141F10001002301F096FBAE
S315080075A0144B154E18601548FFF7D4FF4042C6F82D
S315080075B0D00049F65800FFF7CDFFC6F89C001048E2
S315080075C0FEF722FF024660B1E301500818184FEA99
S315080075D015714FF0000341F1000101F077FBC6F881
S315080075E0A80070BD000002B84823002065CD1D0024
S315080075F0B2E60E00C8230020003F00B0701101005B
S3150800760040420F0010B5044698B10B4BD3F8FC0066
S31508007610FFF782FF4FF47A7303FB04F0074BA0F5DC
S315080076207A60DA689B681044C01ABDE81040FFF714
S3150800763091BF4CF25030F8E7004F00B0B823002055
S315080076402DE9F8430546084614461E46FFF764FF2B
S3150800765005B306F0020716F004061DD1D7B14FF49C
S315080076607A706B685843002B40F08C80FFF772FFE6
S3150800767020636B69002B00F08C804A4AD0684FF46F
S315080076807A7202FB0300A0F5FA50FFF763FFE06287
S31508007690002E58D1BDE8F8832869002869D04FF430
S315080076A07A7358433F4BA0F57A609B68C01AFFF778
S315080076B051FFA062A88B00285ED04FF47A73584316
S315080076C0384BA0F57A609B68C01AFFF743FFE06164
S315080076D0354BE968D3F80080002950D04FF47A7307
S315080076E05943304BA1F57A619A685B68891AC91AB9
S315080076F02E4BC8171A68DFF8BC90A2FB011302FBD1
S31508007700003311F1807143F10003490E41EAC311B8
S315080077108039274B2162D3F8B8306362D9F8003034
S3150800772053B1404603F029F930B12246D9F8003062
S315080077301C49D8F8D80098470021A869FFF762FFC6
S315080077406063002F8BD1A86830BB47F23050FFF733
S3150800775001FF60614FF47A702B6858432BB1114BC7
S315080077601B6803F51C5310331844FFF7F3FEA0619A
S3150800777090E74CF250309AE74CF25030A5E74CF2BD
S315080077805031B5E7074B1B6803F51C5310331844F3
S315080077906CE747F2305078E74FF47A735843A0F510
S315080077A0FA50D4E7B823002004210020C82300207B
S315080077B0003F00B0B423002070B5154C8CB001AD65
S315080077C00FCC0FC50FCC0FC594E8070085E8070056
S315080077D0AC2200210F4803F05CFA9C2200210E48D7
S315080077E003F057FA202200210C4803F052FA03F05E
S315080077F0FBF90B4B1B784BB1054E01AD0FCD0FC6F0
S315080078000FCD0FC695E8070084E807000CB070BDD9
S31508007810D43F00B0B83E00B0643F00B0E04F00B0BF
S315080078204925002008B503F096FE0E4B1A78A2B932
S315080078300D4A126812F4843F0FD10C4A10211165C3
S315080078401B7863B9084B1B68DB0508D4074B202255
S315080078501A65BDE8084003F079BE054AEEE7044B11
S31508007860F5E700BF5F250020380A0020002002B88F
S31508007870001002B810B5104B104AD3F8B8001478A7
S31508007880596A9A6A00F00F0021F4706122F0E052FA
S31508007890844241EA042142EA84624FF01F04084800
S315080078A035BF9A6259625962C0F8B84034BFC0F809
S315080078B0B8409A6210BD00BF00C000B84525002038
S315080078C000E000B80A4B197801F0FF0229B100213F
S315080078D0197008499202C1F80821597801F0FF0287
S315080078E029B1002159709302024AC2F80C31704737
S315080078F05A250020005000B8084BD3F8000F084B53
S315080079009A6C110107D4074A926E920705D5D3F8E7
S31508007910F4339B0701D500F580707047003000B03E
S31508007920000002B8004000B810B503F014FE0E219E
S3150800793004460320FFF700F840F20122034B2046D5
S31508007940BDE81040DA6203F001BE00BF004000B88F
S3150800795038B503F000FE4FF00043244C0546C4F842
S315080079608030BFF34F8FBFF36F8F0123C4F8843085
S31508007970BFF34F8FBFF36F8F0223C4F88430BFF372
S315080079804F8FBFF36F8F0423C4F88430BFF34F8F34
S31508007990BFF36F8F0823C4F88430BFF34F8FBFF34C
S315080079A06F8F134B1B6A98471023C4F88430BFF3B4
S315080079B04F8FBFF36F8F2023C4F88430BFF34F8FE8
S315080079C0BFF36F8F4023C4F88430BFF34F8FBFF3E4
S315080079D06F8F4FF48073C4F88430BFF34F8FBFF3B3
S315080079E06F8F2846BDE8384003F0B0BD00E100E0DF
S315080079F05426002038B503F0AEFD05464FF0004387
S31508007A000C4C2360012363600423636008236360CE
S31508007A10094BDB6998471023636020236360402382
S31508007A2063604FF4807363602846BDE8384003F00E
S31508007A308DBD00BF00E100E054260020012370B58B
S31508007A40074C2370074B1E68074B3240D3E9005397
S31508007A5019402840FDF7C6FA0023237070BD00BF01
S31508007A605D250020D0230020380A00200022044B80
S31508007A701A70044B197811B11A70FFF7D3BE704704
S31508007A805E2500205F2500202DE9F047DDF82090CF
S31508007A9003EA0108099B06460D4602EA000703EABF
S31508007AA0090AB9F1000F40F0F280031F0B4300F0FA
S31508007AB0A180052871F100036FD250EA010300F096
S31508007AC0D481431E0B4300F0B880FFF741FF814A7B
S31508007AD0D2E9004323EA050324EA06043C4343EAC1
S31508007AE008077D4BC2E900471E6826EA090646EAEA
S31508007AF00A061E60FFF796FE16F0020F42F2020310
S31508007B0008BF0223754A7648D26E250383EA020126
S31508007B1022EA0302C266734A03EA01038166D36650
S31508007B20C4F380424FEA023248BF42F48072E0064C
S31508007B3048BF42F40052A10648BF42F400726306E9
S31508007B40694B48BF42F48062DB68250648BF42F4A9
S31508007B500062664882EA030123EA0203C360644BB3
S31508007B600A4017F4007F8160DA6007F40071614B00
S31508007B7000F0D2800121604A83F8941092F82D0013
S31508007B804FF00073002800F0A1805C4803659369F4
S31508007B905B4898474FF48025D1E04FF4004399425B
S31508007BA008BF48454B4C61D081458B418DD3A0F524
S31508007BB080630B4305D020F48063A3F500730B4361
S31508007BC083D103F0C8FCD4E9003223EA060322EA8B
S31508007BD0050242EA08023B43C4E90032494A1268F0
S31508007BE092F8F610484A09B313F4C06F1ED04FF442
S31508007BF0807311E003F0AFFC364AD2E9003123F076
S31508007C0004033B4341EA080157EA0807C2E9003181
S31508007C104FF480633C4A0BD0C2F81431A2F5805267
S31508007C20C2F81831BDE8F04703F090BC4FF48073F2
S31508007C30C2F81831C2F81431F4E703F08CFC254A6F
S31508007C40D2E9003123F001033B4341EA0801C2E9C6
S31508007C50003101232D4A57EA08071BBF9364A2F592
S31508007C608052D364D36408BF9364DBE703F073FCE4
S31508007C70D4E9002323F400433A4343EA0803C4E95A
S31508007C80002357EA08074FF48063204AE5E750EADD
S31508007C9001037FF41AAFB9F1010F7FF416AF03F0B1
S31508007CA05AFC0D4A136823F0010343EA0A031360DA
S31508007CB04FF48063164ABAF1000F04D05366A2F552
S31508007CC080521367AEE713675366ABE7114A13652D
S31508007CD060E700BF380A0020D0230020004000B823
S31508007CE0006000B8005000B8004001B8006001B854
S31508007CF0005001B8003F00B054260020001002B81A
S31508007D00843F00B004210020002000BA00E000B83B
S31508007D1000E001B8002002B893F8942072B15448E4
S31508007D2083F8941090F82D304FF00072002B00F075
S31508007D308C80504B1A6583694F4898470025E004A4
S31508007D4048BF45F48035A10348BF45F48015A2070E
S31508007D5048BF45F4800514F4001FDFF85C8106D09F
S31508007D60D8F8000002F027FE08B945F40025E3021A
S31508007D70424B48BF45F40035F8061A6A48BF45F431
S31508007D800005610248BF45F4001585EA020323F0A1
S31508007D9001033B491A400A621D40CB61394A354BFB
S31508007DA016F0010F1D62384B18BF13467A07374A7B
S31508007DB048BF43F00063126F354883EA020122EA9E
S31508007DC003020267334A0B4041661367324A04F0DE
S31508007DD00103D26C3D0448BF43F480632F4883EA0D
S31508007DE0020122EA0302C2642D4A0B408164D3646D
S31508007DF0D8F80020200248BF2A4B92F8F62058BF30
S31508007E00294B610748BF43F4806322B114F4C06F5D
S31508007E1018BF43F4807332074FF03A42BDE8F04783
S31508007E20D2F8181148BF43F0004383EA010222F44E
S31508007E30A0221E481140C0F818111340C0F814219A
S31508007E401B4AC2F81831FFF7D5BD0D490A65194A0C
S31508007E50D2F8A41002F50052C2F8A410C2F8A01075
S31508007E604FF05022C2F8A43068E7BDE8F08700BF9B
S31508007E7054260020001002B8843F00B0000002B863
S31508007E80002002B8041C00030418000300C001B84F
S31508007E9000E001B800D001B800C000B800E000B8A2
S31508007EA000D000B80D0A0A09090A0A09002000BA12
S31508007EB0001000BA0040005004210020024B586808
S31508007EC0C0F3C000704700BF380A0020024B18688C
S31508007ED000F00100704700BF380A0020024B5868BE
S31508007EE0C0F3C030704700BF380A002010B50446FA
S31508007EF0FEF764FBFFF72CFD2046FDF7B1FAFEF707
S31508007F00E1FBFEF7B5F9FEF729FAFFF737FB134948
S31508007F100723134AD1F8FC1004F1F800FFF790FB89
S31508007F204FF080710020FEF78FFA4FF000720D4B6C
S31508007F304FF400110120C3F80021FEF785FAFEF779
S31508007F40D7FD20B940F292321421FCF7FDFAFFF76B
S31508007F50ADFABDE810400120FEF7B8B8004F00B0F2
S31508007F60983F00B000D001B8F8B5084C084D636CCE
S31508007F700423084F6B64636C5B0300D4F8BD0426C6
S31508007F8002207E6402F089FD6E64F4E7000002B800
S31508007F90001002B8002002B8A82238B51B4B5D6C49
S31508007FA003F500535A6410229A60A3F5804302F140
S31508007FB000521A675A66FFF785FC154B1B7813B9EA
S31508007FC00320FEF7D9F90024124B9C67FFF7CCFF74
S31508007FD0114A124BD2F8001F0B40C2F8003F042288
S31508007FE00F4B5A640F4BC3F8D840FFF743FCAB0658
S31508007FF008D50D4BD3F88830B3F5817F22BF802290
S31508008000024B1A61BDE83840FDF7F6B8000002B821
S315080080105C25002000C001B8003000B0DF0000FF7A
S31508008020002002B8003E00B0003F00B010B551B9BC
S3150800803020B3154BDB681B0E13F00E0F1ED1134B26
S315080080401B6CD9071AD4FFF76FFC0F4C0020FEF7FC
S31508008050D7FC032801D0092805D1A36ADA07F5D485
S31508008060A36CDB03F2D4FFF77FFF0122084B5A61AA
S3150800807002229A62042203F580535A644FF4C062BE
S31508008080044B9A6510BD00BF000002B800C002B8D4
S31508008090001002B8006001B808B503210920FEF7F0
S315080080A04BFC2022014B1A6108BD00BF000002B834
S315080080B0144B10B51B78CBB9134AD2F8A030D2F8B6
S315080080C0A4100B40B3F1804F0CD34FF040400F493A
S315080080D00F4CC1F8A400D467C1F8A0004FF4802162
S315080080E00C4AD161094AC2F8A03010BD0A4A0B4BA6
S315080080F092F894109B690A4898474FF48022054BDA
S31508008100DA61F2E757250020004000500060005071
S315080081100000FF01001002B8003F00B054260020FE
S31508008120843F00B038B5054603F015FA0E4B0446F1
S315080081301868FDF7BFFA35B1FFF798FC2046BDE889
S31508008140384003F003BA094B1B78002BF6D0084BCE
S315080081501D78002DF2D1FFF789FC2A464FF480409E
S315080081600021FFF76BFCE9E7042100205E250020CB
S315080081705D2500202DE9F84F5B4B06460D46144653
S315080081805B6C002A40F0AC8013F0A00F14BF4FF0D0
S3150800819001094FF00009FDF72FF8FFF76BFBA02345
S315080081A04FF0000ADFF85C810320C8F84430FEF778
S315080081B0E3F80420FEF7E0F84C4FFFF757FC4C4B6A
S315080081C04FF0040B7B67C7F878A0FFF7CDFE494B45
S315080081D04FF48071D3F8D02E42F02002C3F8D02E87
S315080081E0FF22C8F80820404A1161D3F8002F4249F7
S315080081F01140C3F8001FC8F844B0C3F8D8AE7B696D
S3150800820013F0060F04D0FEF72BF95846FEF7B4F81C
S31508008210B9F1000F09D04FF40063384A53640223BA
S31508008220C2F8F433A2F5E032936666B1344BDB6CE0
S31508008230180701D4FFF778FBFFF72EFF0420FEF797
S315080082409BF8FFF73FFB284B5A69D10746D5DA68F2
S3150800825012F0706FFBD12B4B2B4A5A642B4A936F43
S3150800826023F0F003936715B12046FFF75BFF284B11
S31508008270D3F84C315A1C01D05B0002D50122214BA0
S315080082805A615CB31E4BDA6E03F500539A6603F522
S31508008290D0331B6A1B4A23F00103D3611D4BD968EF
S315080082A003F50053996003F50053D3F8841003F5DA
S315080082B0005399674FF03A43D3F8181103F5005362
S315080082C0C3F81411144BD96C03F500539964134978
S315080082D003F5803359664FF608435364BDE8F88FB3
S315080082E04FF0000957E700BF000002B800C001B808
S315080082F000000101003000B0DF0000FF001002B8E6
S31508008300004000B8002002B810003000003F00B05E
S315080083100080E00F004001B800C000B85000002FF0
S31508008320A74B2DE9F04F9A6EDB6E87B002EA030879
S31508008330A44BC3F868804FF03A43D3F81461D3F8D6
S3150800834018311E40A04BC3F81461A04B9A68DB682D
S3150800835002EA030A9E4BC3F808A003F52043DA692C
S315080083601B6A02EA03099B4B09F47702DA619A4B06
S31508008370D3F80422D70606D4D3F80431DD06C3F3AE
S31508008380001740F1F88003F0E6F8944B5A695F6EDF
S3150800839012F0060F14BF012200221B6F00921F4025
S315080083A08F4A27F0007323F400637C07536606D5CB
S315080083B08C4A92F8CD300133DBB282F8CD3003F027
S315080083C0C5F8B8F1000F00F0F78018F0020400F0C5
S315080083D0F180854B0025D3F8F4B303F500530BF071
S315080083E00702CBF380041BF0020FC3F8F4234FEA0D
S315080083F044542ED003F0AFF80190FFF77DFA0346F8
S315080084007A4A1268106811688842FCD01068884257
S31508008410FCD0CDE90223FFF76FFA039B029A984234
S3150800842040F0AB800198029303F090F8704A029BE3
S3150800843013606D4A526C12F4E05140F0A08023F0AC
S315080084407F4323F0DF030BB9FFF7A6FD4FF08073D8
S315080084501C431BF0010F13D0634B5E495B6C03F49E
S3150800846060424A64002A00F09F801A0400F19F8047
S3150800847013F4005F0CBF4FF000534FF000631C432A
S31508008480C8F340384FEA48085A4B3340002B4BD0C4
S3150800849016F4206F0AD040F6A31206210020FCF736
S315080084A053F80020FFF73EFE26F48026F00506D591
S315080084B0FF22484B44F4C0649A60FFF735FA16F079
S315080084C0090F0BD040F6B81208210020FCF73CF83B
S315080084D0FFF7E2FD4FF03A4301225A6316F0106F98
S315080084E00CD040F6C11209210020FCF72DF8FFF741
S315080084F0D3FD002211461046FDF7B0F816F4202FDA
S315080085000AD040F6C91207210020FCF71DF8002002
S31508008510FFF708FE26F48026F10301D5FDF7E8F9F2
S31508008520002EB8BF48F0080872070ED54FF03A4338
S315080085301B6B13F4005F4FF4005317BF224A2E4AF1
S31508008540136344F4000408BF1363730548BF44F07B
S31508008550040416F4802B00F0B880FDF781F9013881
S3150800856006284BD8DFE810F033013601330139010C
S315080085703C013F013F01009723E7034642E7CDE967
S315080085800121FFF709FD0299124B019A5964D1049A
S3150800859007D412F4806F0CBF4FF080534FF08063FE
S315080085A056E74FF0804353E74FF0007367E74FF005
S315080085B0004364E7254663E74446454664E700BF4B
S315080085C0004000B8006000B8002000BA004001B8BA
S315080085D0006001B8002002B800E100E000C001B860
S315080085E000E001B8003E00B0000002B880C40008F0
S315080085F0CC230020090B0B89001000BA40F6FA12AA
S3150800860003210020FBF7A0FF4FF03A420121D2F8E0
S315080086108C30D2F8AC0003F00703063301FA03F3F3
S31508008620C0F30C001B1A9BB2072B12D9784B5B6C54
S3150800863058020ED47748D36CD26E406D58B103F009
S31508008640070306339940C2F30C03C91A89B20729EE
S3150800865001D844F40074704B1B78002B35D04FF0CA
S315080086603A43D3F8143113F4A02F2ED16B4B6C4A2E
S315080086701B7893B9FB0410D4137873B1E3086949DE
S3150800868043EA457383F00103D1F8001F03F00103A1
S315080086905B0021FA03F3980717D10420FDF76CFE57
S315080086A0614B62495967FFF7E1F95D4A137843B9A7
S315080086B05F4B1B782BB15F4B5F4A1B682340134205
S315080086C001D144F4804427F48057BAF1000F1DD035
S315080086D01AF4805F18BF44F480241AF4807F18BF08
S315080086E044F400241AF4005F18BF44F010041AF486
S315080086F0007F18BF44F020041AF4806F18BF44F0B6
S3150800870040041AF4006F18BF44F08004B9F1000F52
S315080087103FD019F4802F18BF45F4007519F4803F2F
S3150800872018BF44F4805419F4801F18BF44F4003469
S3150800873019F4800F18BF44F0020419F4003F18BF5B
S3150800874044F4801419F4000F18BF45F0100519F405
S31508008750002F19D0334BD3F8D03E13F0C00F13D0E7
S315080087602B4AD368C3F30363032B01D0072B05D128
S31508008770936CD90602D4D36C1A0737D54FF4002266
S315080087802E4B29F40029DA6119F4001F18BF44F4A6
S315080087908004002F00F019813B0540F189802849A3
S315080087A0DFF884A0CB78274A002B51D04FF400601D
S315080087B0013BDBB25066CB7033B9234B1B78C3B190
S315080087C040F60142214B5A67002300226EE044F42A
S315080087D0803419E744F4006416E744F4806413E728
S315080087E044F4807410E744F008040DE744F40014D8
S315080087F0CAE7DAF8783013F4A05F15BF4FF4807330
S3150800880040F60143CAF85830CAF87830DCE700BFAA
S31508008810000002B8004000B85F2500205E25002051
S3150800882061250020003000B000C001B80000010139
S3150800883060250020380A0020088D0100002002B8B3
S315080088404D25002000E001B85C25002000D001B8C5
S315080088500320FDF791FDDAF81430A24813F0060F4D
S3150800886004BF41F61F73A04AA04908BF53674FF4D7
S3150800887000629D4B5A66DAF8143013F0060308BFF7
S31508008880CAF87830B0F8CA3013F400625CD023F422
S315080088900063A0F8CA300B7803F0FF0A002B57D103
S315080088A0FDF7DEFDFFF778FB534620221C431543F0
S315080088B0B80009D52E20FDF7CFFC4FF000528A4BA1
S315080088C045F008051A675A66F90606D52B20FDF7FE
S315080088D0C3FC1022844B1A675A6617F0306F05D10D
S315080088E0FA045FD5009B002B00F0AA803B0111D546
S315080088F02920FDF7B1FCFFF7E1FA48B17C4B7D4929
S31508008900794A53660B6701F54051C968480422D471
S3150800891045F0040517F0007328D00420FDF72CFD58
S315080089202720FDF799FCFFF737FB4FF000726E4BD7
S315080089305A66714BD3F8002F52067BD46F4B02222E
S315080089409A6045F002052AE00B784FF40053ADE72C
S315080089504FF4004339E7136720205366FDF77CFC84
S315080089602D2045F00C05FDF777FCD3E717F0807F3F
S31508008970DFF88CA149D004200093FDF7FDFC2820E0
S31508008980FDF76AFCDAF87820009B002A3AD1FFF74F
S3150800899003FB554B564A45F001051A675A660022ED
S315080089A0574B9A653A0404D5564B1B6898470443B7
S315080089B00D437B0509D5544A9378002B00F08C802B
S315080089C0013B9370002348EA03084246204629469D
S315080089D0FFF734F8BBF1000F01D0FCF777FF01224F
S315080089E04A4B06F00436C3F81461494B19F4002FB4
S315080089F0C3F884211EBF4FF40022404BDA6107B04A
S31508008A00BDE8F08FCAF87830C3E7F904C7D5042063
S31508008A10FDF7B2FC3F4BCAF87430FDF721FDDAF8D2
S31508008A20643013F0407FBAD12A20FDF715FCFFF712
S31508008A30B3FA7EE7D3F8D03E9B0682D4364B7EE760
S31508008A40314A13794BB1013BDBB2137113B9294B88
S31508008A50324A5A6700231C43A4E70420FDF78CFC1E
S31508008A600320FDF789FC264B2A4A5A6702F073FD54
S31508008A7082460DF11700FDF7C3FF294B1B781BB182
S31508008A800090FEF751FF009803280BD10020FDF750
S31508008A90B7FF032806D1234B9A6AD007F6D49A6CF7
S31508008AA0D103F3D49DF81730032B06D101221E4BB0
S31508008AB050461A7002F04AFDCCE74FF03A43D3F815
S31508008AC0143113F4A02FF1D1FEF7D0FF504602F06F
S31508008AD03DFD4FF48043BEE70220FDF74DFC012320
S31508008AE071E700BF003E00B000E001B85C25002039
S31508008AF01000002000D001B8003000B0002002B8F5
S31508008B0000C001B82C2600204D250020002000BA00
S31508008B1000E100E000000101001002B80000010DAC
S31508008B2062250020000002B85E2500200122024BC3
S31508008B301A62DA61704700BF002002B8094A08B510
S31508008B40D369116A0B40084923F47F00DB07C86123
S31508008B5006D5D1684FF0FF30C1F3036102F04DF836
S31508008B6008BD00BF000002B8002002B8154B10B5BA
S31508008B709C6CDB6C1C40144BE2079C640DD5134BB4
S31508008B8040F663421878122100F00100FBF7DCFC7E
S31508008B90002201200021FEF751FF630510D50B4B7B
S31508008BA040F66A4258684D21C0F3C030FBF7CCFC4A
S31508008BB0BDE81040002200204FF40041FEF73EBFFA
S31508008BC010BD00BF00C000B800E000B8380A002099
S31508008BD038B50B4D2C6C6B6C1C400A4B24F002020A
S31508008BE01A64E20705D540F6CA4200202968FBF751
S31508008BF0ABFCA30741BF0222024B1A646B6838BD5F
S31508008C000080095000A0095038B50B4C0B4DD4F81C
S31508008C108430DB0706D4A36FD4F884201340084AAF
S31508008C20936738BDD5F804311A06F0D5FFF7D0FF9B
S31508008C308023C5F88431EAE7008001B800E100E046
S31508008C4000A001B8034BD3F8D03E99430CBF0120CE
S31508008C5000207047003000B0184BD3F8D02E12F021
S31508008C60010312D0164B93F85C30164A43F0807312
S31508008C70C2F8D0304FF4801302F50052C2F8B4306F
S31508008C80A2F58052C2F8B830704712F0C00FECD186
S31508008C900B4B93F85B1021B1D20602D593F85830E6
S31508008CA0E3E74FF480120020074B0649C3F8B820C3
S31508008CB0C1F8D000C3F8B420704700BF003000B038
S31508008CC0003F00B0004000B8006000B853B94AB988
S31508008CD0002908BF00281CBF4FF0FF314FF0FF30B6
S31508008CE000F082B9ADF1080C6DE904CE00F006F883
S31508008CF0DDF804E0DDE9022304B070472DE9F04F02
S31508008D00099D0C46002B4DD18A420F46844696464D
S31508008D10B2FA82F360D94BB102FA03FEC3F120021C
S31508008D209F4000FA03FC20FA02F217434FEA1E4658
S31508008D301FFA8EF44FEA1C42B7FBF6F106FB1177D1
S31508008D4001FB04F042EA0742904208D91EEB0202F0
S31508008D5001F1FF3702D2904200F231813946121AE8
S31508008D601FFA8CFCB2FBF6F006FB102200FB04F49B
S31508008D704CEA024C644508D91EEB0C0C00F1FF3294
S31508008D8002D2644500F21E81104640EA0140ACEB6F
S31508008D90040C002125B12CFA03F30022C5E90032A0
S31508008DA0BDE8F08F8B4205D90DB1C5E90001002158
S31508008DB00846F5E7B3FA83F100294DD1A342C0F07E
S31508008DC0F380904280F0F080064623460846002D40
S31508008DD0E6D0C5E90063E3E7002B40F0A3808A1AD2
S31508008DE04FEA1E471FFA8EF60121B2FBF7F407FB7E
S31508008DF014204FEA1C4242EA004206FB04F0904265
S31508008E000FD91EEB020204F1FF382CBF4FF00109FF
S31508008E104FF00009904203D9B9F1000F00F0CC8059
S31508008E204446121A1FFA8CFCB2FBF7F007FB102215
S31508008E3000FB06F64CEA024C664508D91EEB0C0CFC
S31508008E4000F1FF3202D2664500F2B3801046ACEB61
S31508008E50060C40EA04409DE7C1F120068B4004FA5F
S31508008E6001FE22FA06F720FA06FCF4408A401F4360
S31508008E704EEA0C0300FA01FE4FEA17484FEA134977
S31508008E801FFA87FCB4FBF8F008FB104449EA0444CF
S31508008E9000FB0CF9A1450ED93C1900F1FF3A2CBF8D
S31508008EA04FF0010B4FF0000BA14503D9BBF1000FA2
S31508008EB000F08B805046A4EB09041FFA83F9B4FB33
S31508008EC0F8F308FB134403FB0CFC49EA0444A445E5
S31508008ED006D93C1903F1FF3801D2A4457BD843468D
S31508008EE043EA0040A4EB0C04A0FB02984445CC4698
S31508008EF0434602D306D1CE4504D20138B9EB020C5B
S31508008F0068EB0703002D6CD0BEEB0C0264EB030480
S31508008F1022FA01F304FA06F6CC4000211E43C5E9FD
S31508008F2000643DE702FA03FEC3F1200104FA03F2E6
S31508008F3000FA03FCCC404FEA1E4720FA01F11FFA5B
S31508008F408EF6B4FBF7F00A4307FB1044110C41EA0E
S31508008F50044100FB06F48C420ED91EEB010100F118
S31508008F60FF382CBF4FF001094FF000098C4202D997
S31508008F70B9F1000F2CD04046091B92B2B1FBF7F4A9
S31508008F8007FB141142EA014204FB06F1914207D994
S31508008F901EEB020204F1FF3801D291421ED8444664
S31508008FA0521A44EA004120E7861A64EB03030120BB
S31508008FB00DE7F44402384AE7023C724431E70239C5
S31508008FC07244CCE6F4440238DFE602383C4472E7E1
S31508008FD002387144D0E7023B3C4481E7023C7244C4
S31508008FE0DEE72946DCE600BF704700BF08B5064B3A
S31508008FF0044613B10021AFF30080044B1B6803B18C
S315080090009847204600F0CFFC000000000C25002001
S315080090100CB4184B30B50C1E9DB01D6808DA8B23AE
S315080090204FF0FF302B601DB0BDE8304002B07047EE
S315080090304FF402730290069002A9ADF8143014BFDB
S3150800904004F1FF332346209A2846049307934FF6E4
S31508009050FF73ADF8163021AB019300F03FF8431CBF
S31508009060BCBF8B232B60002CDDD0029B00221A701C
S31508009070D9E700BF8C26002007B5009313460A4699
S3150800908001460348006801F0BFFD03B05DF804FB24
S315080090908C26002070B50D4D00260D4C641BA410BF
S315080090A0A64209D10B4D00260B4C02F0C9FB641BE6
S315080090B0A410A64205D170BD55F8043B0136984761
S315080090C0EEE755F8043B01369847F2E7F02600200C
S315080090D0F0260020F0260020F82600202DE9F04F83
S315080090E098468B899DB007461B060D46144610D533
S315080090F00B6973B9402100F00FF92860286130B96F
S315080091000C233B604FF0FF301DB0BDE8F08F4023C5
S315080091106B610023CDF80C804FF00109DFF8A081C0
S31508009120099320238DF8293030238DF82A302346D9
S315080091309A4613F8012B0AB1252AF9D1BAEB040B82
S315080091400BD05B4622462946384601F0CBFD013056
S3150800915000F0A780099A5A4409929AF80030002B21
S3150800916000F09F8000234FF0FF320AF1010A0493B2
S3150800917007938DF853301A93CDE9052354460522F3
S315080091804F4814F8011B01F0A8FE049AD8B9D00676
S3150800919044BF20238DF85330110744BF2B238DF885
S315080091A053309AF800302A2B15D0079A54460020D7
S315080091B04FF00A0C214611F8013B303B092B4BD9DD
S315080091C0B0B1079214E0A0EB0803A24609FA03F32C
S315080091D013430493D2E7039B191D1B68002B0391C5
S315080091E0BBBF5B4242F0020207930793B8BF0492E3
S315080091F023782E2B0AD163782A2B32D1039B02348B
S315080092001A1D1B6843EAE37303920593DFF8C0A0AF
S3150800921003222178504601F060FE38B1A0EB0A001F
S315080092204022049B013482401343049314F8011B23
S31508009230062224488DF8281001F04FFE002836D063
S31508009240214B1BBB039B073323F007030833039308
S31508009250099B334409936AE70CFB02320C4601204A
S31508009260A8E7002301344FF00A0C19460593204657
S3150800927010F8012B303A092A03D9002BC6D00591DC
S31508009280C4E70CFB012104460123F0E703AB2A4699
S3150800929004A9384600930D4BAFF30080421C0646DE
S315080092A0D6D1AB895B063FF52DAF09982CE703AB02
S315080092B02A4604A938460093044B00F0A5F8EDE7C2
S315080092C038F7000842F7000800000000E5AC00087F
S315080092D03EF7000870B50F4E0C460546316811B9C1
S315080092E000F0CAF930602146284600F0C5F9431C4B
S315080092F003D14FF0FF34204670BDC41C24F003048C
S31508009300A042F8D0211A284600F0B6F90130F2D169
S31508009310EFE700BF102500202DE9F041CD1C0646D9
S3150800932025F0030508350C2D38BF0C25002D01DB6B
S31508009330A94204D90C2333600020BDE8F081314FDF
S3150800934000F08EF93B681C4644BB29463046FFF7B9
S31508009350C1FF431C044650D13C682146002941D12F
S31508009360002C44D02368304604EB030800F084F947
S3150800937080453CD1216830466D1A2946FFF7AAFF79
S31508009380013034D023682B4423603B68002B36D049
S315080093905A68A24229D100225A600EE02268521B5E
S315080093A01DD40B2A16D96119A342256018BF596026
S315080093B0636808BF396062514B60304600F056F961
S315080093C004F10B00231D20F00700C21AB5D01B1AA2
S315080093D0A350B2E7A3426268DED13A60EDE72346BE
S315080093E06468B1E70C464968B8E71346CEE70C232C
S315080093F03046336000F03AF99EE70560DDE75B60CA
S31508009400FFDE00BF142500202DE9FF470F7E914699
S3150800941080460C46782F9A460C9E01F1430207D8DF
S31508009420622F0AD8002F00F0DD80582F00F0C38085
S3150800943004F1420684F842703AE0A7F16303152B5B
S31508009440F6D801A151F823F0A1940008B5940008B4
S3150800945031940008319400083194000831940008CA
S31508009460B594000831940008319400083194000836
S3150800947031940008CB9500084395000883950008A9
S315080094803194000831940008ED95000831940008DD
S315080094904395000831940008319400088B9500081C
S315080094A033681A1D1B68326004F1420684F842309C
S315080094B00123A8E031682368081D30601E0601D51F
S315080094C00D6803E05D06FBD5B1F90050002D616813
S315080094D078DA2D200029A16084F843002DDA6D4240
S315080094E05D480A231646B5FBF3F103FB1157C75D22
S315080094F006F8017D2F460D46BB42F4D9082B0BD141
S315080095002368DF0708D5236961689942DEBF3023DF
S3150800951006F8013C06F1FF36921B22614B4603AA68
S3150800952021464046CDF800A001F037FC01306FD146
S315080095304FF0FF3004B0BDE8F08723F00403236042
S31508009540CDE721683368080653F8045B02D4490658
S3150800955048BFADB26F2F33603F4814BF0A230823B4
S31508009560002184F843106668002EA660BADB2168DD
S3150800957021F004012160002DB4D1002EB2D1164687
S31508009580BCE7236843F02003236078273348236821
S3150800959084F845701F06316851F8045B02D45F06EB
S315080095A048BFADB23160D90744BF43F020032360FA
S315080095B01DB11023D4E72848E9E7236823F02003E0
S315080095C02360F6E724480A23CDE733682568181D83
S315080095D0616930602E061B6801D5196002E06806CD
S315080095E0FBD5198000231646236197E733680021C7
S315080095F01A1D32601E686268304601F06EFC08B1BA
S31508009600801B606063682361002384F8433085E724
S315080096102369324649464046D047013088D02368F8
S315080096209B0714D4E068039B9842B8BF184681E7A5
S315080096300123324649464046D04701303FF478AFC9
S315080096400135E36803995B1AAB42F1DCEAE70025CA
S3150800965004F11906F5E700BF49F700085AF70008AC
S31508009660014801F01EBB00BF63250020014801F038
S3150800967019BB00BF6325002038B50023054D0446F5
S3150800968008462B60FAF7D0FB431C02D12B6803B1BE
S31508009690236038BD1825002038B50546002941D075
S315080096A051F8043C0C1F002BB8BFE418FFF7D8FF8D
S315080096B01D4A136833B9636014602846BDE838400C
S315080096C0FFF7D4BFA34208D9206821188B4201BFEF
S315080096D019685B6809182160EDE71A465B680BB1E3
S315080096E0A342FAD911685018A0420BD12068014448
S315080096F0501811608342E0D118685B6808445360CB
S315080097001060DAE702D90C232B60D6E72068211807
S315080097108B4202BF19685B680918636008BF21603D
S315080097205460CAE738BD00BF1425002008B5F6F70F
S31508009730D9FD08BD0FB400B5B3B034AB53F8042B4C
S315080097400193C02102A8FFF797FC011E05DDBF297A
S3150800975028BFBF2102A8F6F7CDFE33B05DF804EBAB
S3150800976004B0704730B505464FF0000C01E00CF127
S31508009770010C8C4517D215F80C002028F7D00020CC
S3150800978003E00CF1010C145470468C4508D215F808
S315080097900C40202C04D01CB100F1010E9E45F0D3DC
S315080097A00023135430BD0020EFE708B500F093FE00
S315080097B0FFF7BCFF00F0B6FEF6F736FFFAE7002320
S315080097C0934215D210B4CC5C24B100F8014B013396
S315080097D09342F8D3934204D2202100F8011B0133A7
S315080097E0F8E75DF8044B7047202100F8011B0133A8
S315080097F09342F9D3704700B5002296460DE0A3F1CF
S31508009800410C5FFA8CFCBCF1050F13D8373B9BB2B1
S3150800981043EA0E131FFA83FE0132032A14DC835C23
S31508009820A3F1300C5FFA8CFCBCF1090FE7D8303B8A
S315080098309BB2EDE7A3F1610C5FFA8CFCBCF1050F56
S3150800984007D8573B9BB2E3E7A1F800E001205DF893
S3150800985004FB0020FBE70378532B1BD14378542BDA
S315080098601AD10222042A06DC835C303BDBB2092BC0
S3150800987014D80132F6E74379522B07D0432B07D089
S31508009880412B01D000207047012070470120704706
S31508009890012070470020704700207047002070475D
S315080098A0844600224FF6FF700FE0400080B2013375
S315080098B0072B09DC10F4004FF7D0400080B280F483
S315080098C0815080F00100F2E701328A4205D21CF885
S315080098D0023080EA03200023EAE7704770477047A2
S315080098E07047704708B500F027FB08BD704708B5F4
S315080098F0F7F75CFC08BD08B5F9F7E2FC00F031F8AB
S3150800990008BD7047704770477047704708B500F044
S315080099100BF808BD08B5F7F763FA08BD08B5FFF7F1
S31508009920F5FFFFF7F7FF08BD08B5F7F781FA08BD99
S31508009930FEE708B5FFF7FCFF08BD704708B5FFF757
S31508009940FCFF08BD704738B504460D46F9F7C2FC5A
S3150800995029462046FFF7F6FF38BD08B501F07CFF1B
S3150800996008BD08B5F7F7E4FA08BDFEE704E050F8C5
S31508009970042B41F8042B1A46531E002AF7D17047C8
S3150800998000230360704700E018460368002BFBD1EC
S315080099900B60016070470346006818B102681A60D8
S315080099A0002303607047FEE700B589B084460E9829
S315080099B007900D9806909DF8300005900B98049036
S315080099C09DF82800039000200290019300920B4610
S315080099D062460121F7F7CCFC09B05DF804FB70B5C7
S315080099E005460E46144601F0B6FD2B685C40344029
S315080099F05C402C6001F0AAFD70BD38B505460C46E2
S31508009A0001F088FA05B128600CB10D23236038BD32
S31508009A1030B583B005460C46002301934FF0E0238A
S31508009A201B6913F0040F0CD001F094FA01900C2373
S31508009A3000930DB1019B2B600CB1009B236003B012
S31508009A4030BD694601A8F8F72DF8F2E708B501F028
S31508009A5093FA0021F8F71EFA08BD10B582B0002364
S31508009A6001930093B0F5807F00F20781B0F5807FFF
S31508009A7000F28B81DFE810F0540189018901890120
S31508009A808901890189018901890189018901890178
S31508009A908901890189018901890189018901890168
S31508009AA08901890189018901890189018901890158
S31508009AB0890189018901890154018C0154018C01AC
S31508009AC0A401A401A401A401A4018C01A9014501D2
S31508009AD06601B30145018C018C018C01890189015C
S31508009AE08901890189018901890166018C018C0135
S31508009AF08C01C7012B018C01890189018901890122
S31508009B0089018901890189018901890189018901F7
S31508009B107101A401540154015401B80145014501DC
S31508009B20BD0181015E0116011601890189018901BC
S31508009B3089018901890189018901890189018901C7
S31508009B4089018901890189018901890189018901B7
S31508009B5089018901890189018901890189018901A7
S31508009B608901890189018901890189018901890197
S31508009B70890189018901890186018901890189018A
S31508009B808901890189018901890189018901890177
S31508009B908901890189018901890189018901890167
S31508009BA08901890189018901890189018901890157
S31508009BB08901890189018901890189018901890147
S31508009BC08901890189018901890189018901890137
S31508009BD08901890189018901890189018901890127
S31508009BE08901890189018901890189018901890117
S31508009BF08901890189018901890189018901890107
S31508009C0089018901890189018901890189018901F6
S31508009C1089018901890189018901890189018901E6
S31508009C2089018901890189018901890189018901D6
S31508009C3089018901890189018901890189018901C6
S31508009C4089018901890189018901890189018901B6
S31508009C5089018901890189018901890189018901A6
S31508009C608901890189018901890189018901890196
S31508009C708901890189018901AE01B0F5F06F00F00B
S31508009C80C28014D9B0F5206F00F0B3805FD9B0F563
S31508009C90306F00F0B3806DD9B0F5386F52D0B0F59B
S31508009CA0406F72D1002101A8F7F79EFD6DE0B0F56F
S31508009CB0607F78D010D9B0F5B06F00F0868033D9C0
S31508009CC0B0F5D06F00F08B80B0F5E06F37D100218A
S31508009CD001A8F8F733F858E0B0F5007F0AD101F08B
S31508009CE019F904464FF40070F8F7A6F8B4FBF0F437
S31508009CF001944AE011D9B0F5207F49D0B0F5407FEC
S31508009D0043D101F027F904464FF42070F8F794F888
S31508009D10B4FBF0F46408019437E0B0F5C07F34D1A1
S31508009D2001F018F9019030E0B0F5806F48D0B0F531
S31508009D30A06F2AD1002101A8F7F788FD25E0B0F524
S31508009D40C06F22D1002101A8F7F7ACFE1DE0B0F5DF
S31508009D50106F49D0B0F5186F04D1002101A8F7F7A4
S31508009D60A9FD12E0B0F5086F0FD1002101A8F7F799
S31508009D703FFE0AE0B0F5286F07D1002101A8F7F7E2
S31508009D80E9FE02E001F0C6F80190019802B010BDA4
S31508009D9001F0E0F804464FF42070F8F74DF8B4FBEC
S31508009DA0F0F40194F1E700216846FFF726FE009CCF
S31508009DB04FF46070F8F740F8B4FBF0F40194E4E768
S31508009DC0002101A8F7F73AFEDFE7002101A8F7F717
S31508009DD08BFFDAE7002101A8FFF71AFED5E7002175
S31508009DE001A8F7F7D1FFD0E7002101A8F7F7F8FF98
S31508009DF0CBE7002101A8F7F77BFEC6E7002101A8FB
S31508009E00F7F77CFDC1E7002101A8F7F7C5FEBCE717
S31508009E1008B5002903DD0121F8F73CF808BD002143
S31508009E20F8F738F8FAE708B502214FF42070F8F782
S31508009E3075FA08BD7047436813F0010F19D0836897
S31508009E4013F0010F03D0036913F0010F09D00A2399
S31508009E508363436D13F0500FFBD1836C13F0030F2C
S31508009E60FBD100F5005301225A60436813F0020F34
S31508009E70FBD1704708B5F9B10A4600F580530121B0
S31508009E80596002F00F01436DC3F30B03002BFAD19F
S31508009E908163436D13F07803FBD112F0010F00D0F4
S31508009EA0012312F0040F01D043F00203826C02F082
S31508009EB003029A42FAD108BDFFF7BDFFFBE7836CA0
S31508009EC013F0400FFBD04164704708B500231A46CB
S31508009ED0F8F78CFD08BD08B500231A46F8F786FD85
S31508009EE008BD70B505460E46144601F034FB2B68CE
S31508009EF05C4034405C402C6001F028FB70BD70B5B6
S31508009F0005460E46144601F026FB2B685C40344095
S31508009F105C402C6001F01AFB70BD0020704708B544
S31508009F20002100F068FB002008BD09B12120704718
S31508009F3008B5FFF7F4FF08BD08B500F001F808BD3D
S31508009F400020704708B5F9F7F5FA08BD08B540B21C
S31508009F50F9F72EFB08BD08B5F9F74CFB08BD08B59F
S31508009F60F9F73AFB08BD08B5FFF7F0FF08BD2DE97C
S31508009F70F04182B00E4617461C46054670B18CB1B4
S31508009F8095B1D5F80C80B8F1000F0FD023463A46A4
S31508009F9031462868C04702B0BDE8F081F9F782FB70
S31508009FA00546ECE701ACEBE72320F4E72320F2E7CC
S31508009FB003280BD8DFE800F0020D040700207047DD
S31508009FC04FF4805070474FF4405070474FF480501C
S31508009FD070474FF400507047D0F8A0301B689A6C51
S31508009FE012F0800F03D0DB6B0B70002070471B202C
S31508009FF0704738B50446D0F8A0301D68AB6C13F02E
S3150800A000400FFBD000231A4694F8A91094F8A8002C
S3150800A010F8F7FCFD00231A4694F8AB1094F8AA004A
S3150800A020F8F7F4FD94F8B03013F0010F12D194F854
S3150800A030B03013F0020F16D105F5005304221A6545
S3150800A04000212846FFF716FFD4F8A40001F09EFA6F
S3150800A050002038BD00231A4694F8AD1094F8AC00D9
S3150800A060F8F7D4FDE3E700231A4694F8AF1094F8FE
S3150800A070AE00F8F7CBFDDFE708B5D0F8A0301868D2
S3150800A080FFF71DFF002008BD704780F89510704740
S3150800A09090F89500704710B582B004460DF1070197
S3150800A0A0007D00F0EBFF9DF807303BB1206DA26CF8
S3150800A0B0E36C134483420BD002B010BD237D03EB3F
S3150800A0C043031B0103F1A04303F58023D86EEEE793
S3150800A0D01046F1E710B50446FFF7DDFF236D83420E
S3150800A0E001D2C01A10BDA26CE16C0A44D01AF9E775
S3150800A0F038B50446007DF7F7FBFA2046F9F734FC35
S3150800A1000546207DF7F714FB284638BDF8B5044602
S3150800A110FFF7EEFF00B1F8BD01F026FA0646207DEE
S3150800A120F7F7E6FA2046FFF7B6FF451EA36CAB42E3
S3150800A13002D9E56C013D1D4494F85470207DF7F76B
S3150800A140F7FACFB92B46D4F898209A4212D01A7843
S3150800A150112A09D0132A07D0013BA26C9A42F2D9D8
S3150800A160E36C013B1344EEE7112A14BF00220122D7
S3150800A17084F89C20C4F89850304601F0F0F9CAE7F4
S3150800A1802DE9F84304460F46154690F895900026A3
S3150800A1904FF0010802E094F89C304BB9AE421FD24A
S3150800A1A094F89630002BF6D02046FFF7AFFFF2E77B
S3150800A1B0B9F1000F02D03B780A2B09D0236E5B68F1
S3150800A1C0397820469847804650B901370136E5E781
S3150800A1D0236E5B680D212046984780460028EDD0FF
S3150800A1E04046BDE8F88308B590F894301BB9FFF7E8
S3150800A1F0C7FF002008BD0E20FCE790F89430DBB1BD
S3150800A20070B504460D460B69B3F5006F16D801F014
S3150800A210ABF906466C6194F88C304BB1294604F1CB
S3150800A2209000FFF7B0FB304601F099F9002070BDA9
S3150800A2302846F9F7BBFBF6E70E2070472120F6E71C
S3150800A24030B583B0144692F8543033B1936D0BB1E0
S3150800A250D06D9847002384F8543094F8963023B983
S3150800A260002084F8540003B030BD2046F9F754FBAB
S3150800A2700028F5D0236E5B681321204698470025F1
S3150800A28007E0112B14BF0023012384F89C30013505
S3150800A290EDB20F2D0DD8236E1B680DF10701204670
S3150800A2A0984730B99DF80730112BEAD0132BEED119
S3150800A2B0E7E72046F9F7AEFBD2E72DE9F04F83B082
S3150800A2C090464AB104460D46002966D0FFF710FFAE
S3150800A2D0814628B14FF00008404603B0BDE8F08F2C
S3150800A2E02046FFF7F7FE4746804528BF074694F8FD
S3150800A2F096A0BAF1000F48D001F036F90190266D04
S3150800A3002046F9F709FB8346B846002211E00133D7
S3150800A310C4F89830D14612E008F1FF38B9F1000FB9
S3150800A32005D0112B14BF0023012384F89C30013279
S3150800A3300136BA420BD2D4F89830B342E7D0337814
S3150800A340112BE9D0132BE7D005F8013BEFE7D4F83A
S3150800A3509810A26CE36C1344994213D0019801F04B
S3150800A360FEF839462046F9F707FC94F89630002B94
S3150800A370B2D0BBF1000FAFD0236E5B681121204627
S3150800A3809847A9E7C4F89820E8E73A46216D284691
S3150800A39000F089FCB846D346E3E74FF000089BE790
S3150800A3A02DE9F04180460F4616461D4600232B60D0
S3150800A3B02968721A39444046FFF77FFF034620B1E1
S3150800A3C02C681C442C60B442F2D32B6813B10020CD
S3150800A3D0BDE8F0811B20FBE710B514465069002341
S3150800A3E080F88C309030FFF7D6FA08B1F9F7DEFA24
S3150800A3F063681BB1A268002120469847002010BD5B
S3150800A40050B138B5056801F0AFF80024AC65EC65C5
S3150800A41001F0A5F8204638BD2220704738B50568F2
S3150800A42095F894303BBB0446FFF7EAFFF9F73AF98B
S3150800A43084421CD02B6E93F91000F9F7FDF82B6EA9
S3150800A44093F91000FFF787FD287D00F0F7FD287DBA
S3150800A450F7F7C6F8F7F79EF8002323606360E36012
S3150800A4606361A3612B6EDB682846984738BD0020D8
S3150800A470F9F70CF9DEE70F20F8E701F00303DB0034
S3150800A4804FF0FF0C0CFA03FC07290ED810B54FEA5B
S3150800A490910E0EF10C0150F821409A40624002EAF2
S3150800A4A00C02624040F8212010BD704708B5F9F744
S3150800A4B0CDFC08B5FFF7FAFF08BD7047704708B529
S3150800A4C0FFF710FAFFF713FAFFF728FAFFF713FA60
S3150800A4D0FFF717FA08BD08B5F9F736FDFFF7EDFFE0
S3150800A4E0F9F7B8F8F9F738F8FFF72CFDF9F74CF84B
S3150800A4F0F9F768FDF9F7D0FCFFF7E0FF00F006F87A
S3150800A500FFF7F4F9FFF7DBFF08BD704708B5FFF75B
S3150800A510E5F9FFF7E4F9FFF7E3F9FFF7E2F9FFF7E3
S3150800A520F4FF08BD08B5FFF7EDF9FFF7ECF9FFF7FB
S3150800A530EBF9FFF7EAF908BD7047431E012B03D96B
S3150800A540031F584258417047012070474FF4D8728C
S3150800A550002100F09EBB70B50446FAF7E9FD0546F2
S3150800A560A8B9A169F1B1238AD3B1204604F1100232
S3150800A57000F0A2F938BBE16919B3638AA3B1204692
S3150800A58004F1120200F06DF978B1054603E00023E4
S3150800A590A3612361E361002328466361236270BDDA
S3150800A5A0A061E8E72082E6E7E361216A0029F2D0A4
S3150800A5B0A28A002AEFD02046E38ABDE8704000F060
S3150800A5C00FB96182F1E76582E561DEE711B9D0F876
S3150800A5D0DC1021B1CB6813B18B68D88970474FF668
S3150800A5E0FF70704710B5F9F7A5FD044608B900F0E5
S3150800A5F01EFA204610BDFAF733B8FAF757B8C08DD9
S3150800A60070470A7838B505461046FFF796FF60B1D9
S3150800A6104C782046FFF791FF38B12243530704D4FC
S3150800A6202846BDE83840FAF7D7B9212038BDFFF7E4
S3150800A630E8BF10B504460878FFF77FFF58B14A7897
S3150800A6401046FFF77AFF30B1042A04D02046BDE849
S3150800A6501040FAF7DFB9212010BDFFF7EABF00F076
S3150800A66071B870B5044600200E4600F0DCF9D4F83F
S3150800A670F0503DB1002331462046AC46BDE8704057
S3150800A6801A4660472B46012231462046FAF7C4FA95
S3150800A690284670BD38B5044648880D4600F0C3F90B
S3150800A6A0D4F8F0302BB929462046BDE83840FAF7E9
S3150800A6B0CBB9022038BD00F0B8B900F080B800F078
S3150800A6C0E1B938B504460D4600F045FF0023C4F845
S3150800A6D09050C4F88C30BDE8384000F037BF38B524
S3150800A6E005460C4600F037FFD5F890301C40D5F8E3
S3150800A6F08C302343C5F88C3000F028FF211E18BF84
S3150800A70001210020490238BD00207047002070470B
S3150800A7107047D0F8943003F06003402B0DD0602BBF
S3150800A72003D0203B58425841704749B10B68012B6A
S3150800A73006D9486940F00100704740F20110704799
S3150800A74000207047F7B504461046D4E954C7DDE93A
S3150800A75008268CEA020587EA06010540194085EABB
S3150800A7600C057940C4E95451002523F4004106EA52
S3150800A770010320F0010043F40073024043F0020392
S3150800A780CDE90055FDF780F994F824309A0713D5DA
S3150800A790D4F854319B050FD54FF488112046FFF79E
S3150800A7A09EFF94F82430024665F3410384F824306A
S3150800A7B020460B46F9F73AFF002003B0F0BD0346E2
S3150800A7C0D0F824010860B3F8283100208B80704740
S3150800A7D090F824310C2B14BF90F82B00FF207047FB
S3150800A7E02DE9F041884618F003070646154619462E
S3150800A7F033D1B2F5805F30D89A422ED33F2A28D972
S3150800A800B2FA82F401220120C4F11F03DBB29A4096
S3150800A81092B2AA422CBFC4F11904C4F11A04E2B2D6
S3150800A820931DDBB2984080B2A84214D096F8F53052
S3150800A830ABB9012096F8253060F3410386F8253038
S3150800A8404046FAF727FEC6F82080B5823846BDE8A6
S3150800A850F0813A46EAE70020ECE72127F6E70E27DB
S3150800A860F4E7F8B511F0030607460D46144621D15C
S3150800A87002B313883F2B1DD9B3FA83F3C3F1190129
S3150800A880C9B2062901D8192B12D0062928BF0621D4
S3150800A89001238A1DD2B293402846238000F0B7F8D8
S3150800A8A023883846FD617B82FAF704FF3046F8BDF7
S3150800A8B03146EDE72126F9E738B5148811F0030586
S3150800A8C04FEAC4041ED13F2C1CD9B4FA84F4C4F14F
S3150800A8D01903DBB2052B01D8192C11D0052B28BF7B
S3150800A8E0052301240633DBB204FA03F3C3F3CF04CA
S3150800A8F01480816104824387FAF7DCFE284638BD56
S3150800A9002B46EEE72125F9E738B5154604460846ED
S3150800A9100121FBF773FF01212846FBF76FFF94F827
S3150800A920253043F0010384F8253038BD38B5044690
S3150800A930154680F82C105AB100F03AF808B90020EC
S3150800A9401AE094F8243043F0800384F82430F6E7BC
S3150800A9500846FBF739FBFF2884F82C0009D0204667
S3150800A96000F026F80028EAD094F8243065F3C713D7
S3150800A970EBE7FBF74DFB212038BD8021FEF762B9D6
S3150800A98038B50546F9F786FE04462846F9F760FE07
S3150800A990072804BF24F47F4121F00801284614BF84
S3150800A9A024F0800141F08001BDE83840F9F778BE0F
S3150800A9B04021FEF747B990F8F400431E5842584123
S3150800A9C0704738B5054610460C46FAF7D7FCD5B198
S3150800A9D0D5F8E030BBB15B69ABB1421ED2B2FD2AF5
S3150800A9E013D90A68013204BF6FF001020A600A68C7
S3150800A9F0FF281A6007D16268013202D16FF001029E
S3150800AA00626062685A60002038BD0128F2E74FF09C
S3150800AA103A4301225A6741F6FF72D96418651A67E4
S3150800AA207047FAF709BC0020704700207047704746
S3150800AA3010B504680246090494B9D9B1B1FA81F38C
S3150800AA40C3F12003C3F10F00012838BF012003F02A
S3150800AA501F03D9408C4201D201384908116010BD44
S3150800AA60B4FA84F331B1B1FA81F01B1A002BE9DC90
S3150800AA700F20EFE70F20F1E70638042834BF01203E
S3150800AA80FF207047704700200021704708B5FBF784
S3150800AA9091FCBDE80840FBF7A5BC38B50446FFF7AE
S3150800AAA0F5FF0546FFF7F2FF431BA342FAD338BD6D
S3150800AAB008B521B1920000F0F6F8002008BD212063
S3150800AAC0FCE700F06F43B3F1804F02D0B3F1204F9B
S3150800AAD002D120F07040704700F06043B3F1204F78
S3150800AAE008BF20F0805070470B0C23F48053B3F551
S3150800AAF0284FF7B50D468FB2064699B216D04AF6D4
S3150800AB000103994214D04AF60203994212D0B1F5CC
S3150800AB10204F14BF04240324D6F8E0300BB119687B
S3150800AB2051B9D6F8DC3093B928680EE00024F3E76B
S3150800AB300124F1E70224EFE7234668463A46FBF785
S3150800AB40D5FCDDE90003002BEBD103B0F0BD196895
S3150800AB500029E9D0234668463A46FBF7C7FCDDE9F3
S3150800AB600003002BE0D1F0E70204C0F3891307D5F0
S3150800AB706FEA83536FEA935313F5007F18B206D032
S3150800AB80A3F1C8006FF4FF739842B8BF1846704720
S3150800AB900020FBF78FBF0120FBF78CBF00EB80235B
S3150800ABA0C0EB831353FA81F303EB8322C3EB8213BF
S3150800ABB0C1F30722134403EB8322C3EB8213C1F3C9
S3150800ABC00742134403EB8322C3EB821303EB1160A2
S3150800ABD0704738B50D46144604B938BD55F8041BF8
S3150800ABE0FFF7DCFF013CF7E77047FDF799BBFDF778
S3150800ABF097BBFDF795BBFDF793BB08B50846FDF770
S3150800AC0095FF08BDFDF78CBB30B514469BB00546CD
S3150800AC101A46002C05DA8B2303604FF0FF301BB071
S3150800AC2030BD4FF40273009104916946ADF80C30BB
S3150800AC3014BF04F1FF332346029305934FF6FF73BF
S3150800AC40ADF80E301E9BFEF749FA431CBCBF8B239A
S3150800AC502B60002CE3D0009B00221A70DFE78842A5
S3150800AC6010B501EB020402D98442234607D8431ED5
S3150800AC70A14208D011F8012B03F8012FF8E7024486
S3150800AC8001468A4200D110BD13F8014D02F8014D64
S3150800AC90F7E702440346934200D1704703F8011BC5
S3150800ACA0F9E7704770470A44431E914200D170473E
S3150800ACB010B511F8014B914203F8014FF9D110BDB7
S3150800ACC0034613F8012B002AFBD1181A01387047DE
S3150800ACD010F8012B11F8013B012A28BF9A42F7D038
S3150800ACE0D01A70472DE9F0471F468E6882460C46F3
S3150800ACF0BE4290460B682DD8B1F90C2012F4906F1D
S3150800AD0026D06569096905EB4505A3EB01097B1C96
S3150800AD1005EBD5754B446D109D4238BF1D4653054E
S3150800AD2027D52946FEF7F8FA064660B34A4621694A
S3150800AD30FFF7B9FFA38923F4906343F08003A38147
S3150800AD4026614E446561A5EB090526603E46A56069
S3150800AD50BE4200D93E46324641462068FFF77FFF8D
S3150800AD60A36800209B1BA360236833442360BDE8C7
S3150800AD70F0872A4600F083F806460028E0D12169C4
S3150800AD805046FEF789FC0C234FF0FF30CAF8003016
S3150800AD90A38943F04003A381E9E72DE9F047164666
S3150800ADA098468A6807460B690C46DDF82090934258
S3150800ADB0B8BF1346336091F843200AB101333360B4
S3150800ADC02368990642BF336802333360256815F055
S3150800ADD0060506D104F1190AE36832689B1AAB42E4
S3150800ADE02BDC94F843302268003B18BF01239206F7
S3150800ADF030D404F1430241463846C847013023D0CF
S3150800AE0023681A3454F80A2C03F00603042B0ABFE5
S3150800AE1054F80E5C002533684FF0000608BFED1A9B
S3150800AE2054F8123C08BF25EAE5759342C4BF9B1A3D
S3150800AE30ED18B5421AD1002008E0012352464146D2
S3150800AE403846C847013003D14FF0FF30BDE8F087D8
S3150800AE500135C1E7E1185A1C30200233224481F833
S3150800AE60430094F8451082F84310C2E701232246AE
S3150800AE7041463846C8470130E6D00136D9E72DE9BC
S3150800AE80F041804615460C4621B91146BDE8F04109
S3150800AE90FEF742BA2AB9FEF7FFFB00242046BDE8B2
S3150800AEA0F08100F028F88542064602D8B5EB500F27
S3150800AEB0F4D829464046FEF72FFA07460028ECD074
S3150800AEC0B5422A46214628BF3246FFF7ECFE214600
S3150800AED040463C46FEF7E0FBE0E7C9B203460244BB
S3150800AEE010B59342184601D1002003E004780133D7
S3150800AEF08C42F6D110BD51F8043C181F002BBCBF7C
S3150800AF000B58C01870470000014B1868704700BFFF
S3150800AF10F025002008B50B4B1B6F03F00703013B18
S3150800AF20032B09D8DFE803F00B020509FFF7ECFF4E
S3150800AF3004E0054B186801E0FEE7044808BD04482C
S3150800AF40FCE700BF00800050F825002080D54302AA
S3150800AF50002D310108B5FFF7DDFF054B1B6FC3F365
S3150800AF6003330133B0FBF3F0024B186008BD00BF92
S3150800AF7000800050EC2500200048704700B4C40447
S3150800AF8000487047002D3101014B1868704700BF13
S3150800AF90F82500200048704780D543021A4B4FF425
S3150800AFA000225A664FF0B4439868C0F304400C2850
S3150800AFB008D8DFE800F009070707070722181A0765
S3150800AFC01C1E2000002070474FF0B4439B6803F016
S3150800AFD04073B3F1807F12D0B3F1007F11D003B173
S3150800AFE070470A4870470A4870470A4870470A482F
S3150800AFF070470A4870470A4870470A4870470A481F
S3150800B00070470A48ECE700BF0090005000093D0071
S3150800B0100024F400C0EA210180BA8C010048E80146
S3150800B020005A6202405DC60080841E0040420F003E
S3150800B030014B1868704700BFF425002008B50A4B75
S3150800B0401B7853B107280AD8084B03EB00131B7B60
S3150800B0503BB1F7F7CBFE002008BD0548FCE70548DD
S3150800B060FAE70548F8E700BF3C2500203C20002009
S3150800B070028000F0018000F0078000F00C4B1B787E
S3150800B08073B110B50C4607280CD869B1094B03EB08
S3150800B09000131B7B53B1F7F7BBFE2070002010BDD1
S3150800B0A0054870470548FAE70448F8E70448F6E70C
S3150800B0B03C2500203C200020028000F0018000F0A2
S3150800B0C0078000F00C4B1B7873B110B50C460728A7
S3150800B0D00CD869B1094B03EB00131B7B53B1F7F787
S3150800B0E0B1FE2060002010BD054870470548FAE704
S3150800B0F00448F8E70448F6E73C2500203C200020F1
S3150800B100028000F0018000F0078000F040B9054B8E
S3150800B1105B6813F0010F03D0024B9B6D002BF6D131
S3150800B120704700BF00800A5008B9014B5964704740
S3150800B13000900A5008B9014B5964704700A00A509C
S3150800B14008B9014B1964704700A00A5010B9024BA0
S3150800B150186C70470020704700800A5038B50546BD
S3150800B1600C46FFF7D3FF55B91CB1012C04D00020BB
S3150800B17006E0044BD86C03E0024B186D00E0002093
S3150800B18038BD00BF00800A5070B505460C46164605
S3150800B190FFF7BCFF15B914B1012C03D070BD034BE2
S3150800B1A0DE64FBE7014B1E65F8E700BF00800A5026
S3150800B1B0B8B1036803F03F00C3F3821213F4E07FCB
S3150800B1C003D0012A0FD1094A00E0094A31B102F534
S3150800B1D080520123834013600020704702F5005215
S3150800B1E0F7E70E2070470E20704700BF68800050B2
S3150800B1F0648000504161114B1B68CBB110B4002428
S3150800B20003E0891A41611C469B6823B15A698A4240
S3150800B210F7D9002AF5D044B1A060836013B15A6902
S3150800B220521A5A615DF8044B7047044A1060F4E7F5
S3150800B230024B186000238360704700BFF820002087
S3150800B240104B1B680246B8B1002101E019469B68FD
S3150800B2500BB19342FAD1934210D149B193688B60EE
S3150800B26093686BB159695269114459610020704756
S3150800B2709168044B1960F3E7222070470220704753
S3150800B28000207047F820002008B500F0E1F80B4BC5
S3150800B2901B680B4A1268821A03E0521A0021596188
S3150800B2A09B683BB132B159699142F6D3891A596103
S3150800B2B00022F5E7024B186008BD00BFF820002001
S3150800B2C0F42000200B4B1B6800220B490A70012A48
S3150800B2D00ED86BB1D98811F0020F05D19B68002BE7
S3150800B2E0F5D059690A44F2E7034B01221A707047F0
S3150800B2F0704700BFF8200020412500200D4B1B6831
S3150800B300B3B110B55B6963B10B4A14681C440220DB
S3150800B31000F05AFA204600F0B7F8FFF7D3FF0020EE
S3150800B32010BD022000F050FA022000F0FFF8F4E702
S3150800B33022207047F8200020F420002070B500F085
S3150800B34013F9054600F084F80446084B1E680120E8
S3150800B35000F023FA28B9284600F001F920463146BC
S3150800B36070BD00F075F804460136F4E700210020A8
S3150800B370014B1868704700BFFC20002008B5084B31
S3150800B3801968A1FB000140F2E733C0184FF47A723E
S3150800B3904FF0000341F10001FDF798FC08BD00BF1E
S3150800B3A0FC200020F8B5044610F0010F03D114F074
S3150800B3B0020F09D1F8BD234A136801331360FFF75A
S3150800B3C063FFFFF79BFFF2E700F0CEF80546FFF7AD
S3150800B3D05BFF00273E4616E09B683BB15A692AB9CF
S3150800B3E021791A799142F7D91C46F5E7284600F0E3
S3150800B3F0B6F8204600F083F9E788013600F0B4F87D
S3150800B4000546FFF741FF104B1C681CB163690BB971
S3150800B4102346E2E70D4B00221A70012E07D0FFF7EC
S3150800B4206DFF222809D0284600F099F8C2E717F0E0
S3150800B430020FF4D001221A70F1E7022000F05CF83E
S3150800B440F1E700BF00210020F82000204025002059
S3150800B450054B5B6813F0010F03D0034BDB69002B28
S3150800B460F6D1014B9869704700800A5000B583B041
S3150800B47001A9044B187900F07DF8019803B05DF82E
S3150800B48004FB00BF04C40008F8B5044600F063F8DE
S3150800B4900646FFF7DDFF054600F090F9074600204F
S3150800B4A0FFF754FE10F0020F04D17B1B032B01D8C3
S3150800B4B0BD420FD1631B022B00D8EC1CB4F1FF3F31
S3150800B4C02CBF2246621E00210846FFF75DFE0220B9
S3150800B4D000F07AF9304600F039F8054B1B782BB1A5
S3150800B4E0044B01229A64024B00221A70F8BD00BF71
S3150800B4F0E726002000900A5008B510F0010F0ED17B
S3150800B500002110F0020F06D041F002010123054A7E
S3150800B5101370054A93640020FFF70CFE08BD01214D
S3150800B520EFE700BFE726002000A00A5010F0020F40
S3150800B53002D0024B02221A64704700BF00900A50DC
S3150800B5404FF4004070474FF47A70704710B962B6EE
S3150800B550BFF36F8F7047EFF3108072B6704780F3B2
S3150800B5601188BFF36F8F7047EFF31180302383F391
S3150800B5701188704719B108B500F00DF808BD2220EA
S3150800B580704708B50121FFF713FE08BD08B500216D
S3150800B590FFF70EFE08BD70B504460E46FFF7E4FF3A
S3150800B5A005461F2C00F2A780DFE804F01019A52035
S3150800B5B0272EA5353CA543A54A51A5585F66A56D16
S3150800B5C0A574A59EA57BA582A5899097FFF7A2FCE1
S3150800B5D0306000242846FFF7C2FF204670BD4FF4AE
S3150800B5E0C070FEF73AFA30600024F3E74FF4207093
S3150800B5F0FEF733FA30600024ECE74FF44070FEF7AC
S3150800B6002CFA30600024E5E74FF46070FEF725FA5F
S3150800B61030600024DEE74FF40070FEF71EFA306053
S3150800B6200024D7E74FF48060FEF717FA306000244D
S3150800B630D0E74FF44060FEF710FA30600024C9E7FF
S3150800B6404FF4C060FEF709FA30600024C2E74FF4F1
S3150800B650F060FEF702FA30600024BBE74FF4B060F2
S3150800B660FEF7FBF930600024B4E74FF4D060FEF72C
S3150800B670F4F930600024ADE74FF41060FEF7EDF9F9
S3150800B68030600024A6E74FF4E060FEF7E6F9306084
S3150800B69000249FE74FF4A060FEF7DFF9306000242E
S3150800B6A098E74FF41860FEF7D8F93060002491E760
S3150800B6B04FF42860FEF7D1F9306000248AE74FF48A
S3150800B6C08070FEF7CAF93060002483E74FF43060D3
S3150800B6D0FEF7C3F9306000247CE74FF42060FEF7DC
S3150800B6E0BCF93060002475E74FF40860FEF7B5F939
S3150800B6F0306000246EE70023336021246AE72DE9D1
S3150800B700F041044605696DBB00252F462E46002DDF
S3150800B71039D02369FBB1F5B9BE1BA38B6BB1E28B9C
S3150800B72013449BB2E383B3F57A7F06D3A3F57A7302
S3150800B730E383013EA369013BA361FFF715FF0546B5
S3150800B74031462046FFF756FDA36922691344A361D3
S3150800B7502846FFF704FFE36813B121682046984797
S3150800B760BDE8F0812F46FFF773FEA369C61AF217E4
S3150800B770AE4272F1000204DB22691344A36101257B
S3150800B780C5E70025C3E7FFF7EFFE80462046FFF72B
S3150800B79057FD4046FFF7E3FEBBE710B50446002019
S3150800B7A0FFF7D4FC012C04D0022C05D1C0F34000CD
S3150800B7B003E000F0010000E0002010BD08B50021FC
S3150800B7C00846FFF7CBFC08BD08B510F0010F09D1F4
S3150800B7D0002110F0020F01D041F002010020FFF70E
S3150800B7E0A3FC08BD0121F4E738B5FFF7BDFE044602
S3150800B7F00020FFF7ABFC10F0010F11D1002510F067
S3150800B800020F01D045F0020500F003010020FFF702
S3150800B81097FC2846FFF7C6FD2046FFF7A0FE38BD71
S3150800B8200125ECE700000000000000000000000011
S3150800B83000000000000000000000000000000000FA
S3150800B840F8B500BFF8BC08BC9E467047F8B500BFFF
S3150800B850F8BC08BC9E4670475FF800F081250020BA
S3150800B86050415353000000004641494C0000000077
S3150800B8700D0A3D3D3D204E6574416E616C797A65D1
S3150800B880725F464732335F563031202846535F4E43
S3150800B8903D256429203D3D3D0D0A55415254203130
S3150800B8A0313532303020382D4E2D31202F20504260
S3150800B8B030313D545820504230323D52580D0A001E
S3150800B8C05B53325D2043524331362F434349545428
S3150800B8D02D46414C53452025730D0A002020202073
S3150800B8E0202231323334353637383922203D202567
S3150800B8F030345820286578702025303458290D0AA8
S3150800B900000000002020202020224142432220203F
S3150800B91020202020203D20253034582028657870A6
S3150800B9202025303458290D0A000000005B53336186
S3150800B9305D206672616D65206275696C6420257389
S3150800B94020206C656E3D2575202865787020257544
S3150800B95029202043484B3D253034582028657870E7
S3150800B9602025303458290D0A000000005B53336146
S3150800B9705D206672616D653E3E0D0A000D0A5B53D9
S3150800B98033615D203C3C656E640D0A0052494E47A2
S3150800B9902B504F4C4C0000005B5333625D2074788B
S3150800B9A05F6D6F64653D2573202063616C6C5F7203
S3150800B9B0657475726E3D256C75207469636B2028F5
S3150800B9C0256C752075732920206C696D69743C3166
S3150800B9D030303075730D0A005B5333625D2074692D
S3150800B9E0636B5F667265713D256C7520487A202009
S3150800B9F070656E64696E673D2575202064726F7088
S3150800BA007065643D256C750D0A0000005B53346152
S3150800BA105D207278204F4B202020747970653D2573
S3150800BA2063206C656E3D253033752043484B3D25B4
S3150800BA3030345820726573796E633D256C750D0A2E
S3150800BA40000000005B5334615D2072782043524346
S3150800BA50204641494C2063616C633D2530345820AB
S3150800BA60726563763D2530345820726573796E6346
S3150800BA703D256C750D0A00005B5334615D207278B4
S3150800BA80204241445F484452202866616C73652011
S3150800BA9073796E632C2072656A65637465642069C0
S3150800BAA06E2036422920726573796E633D256C7562
S3150800BAB00D0A00005B5334615D20727820424144D0
S3150800BAC05F454420287461696C206973206E6F7421
S3150800BAD020274544272920726573796E633D256CB6
S3150800BAE0750D0A005B5334615D207278204241442B
S3150800BAF05F4C454E20726573796E633D256C750DF6
S3150800BB000A0000005B53315D207469636B3D256C48
S3150800BB10750D0A006C6F6E670000000073686F721F
S3150800BB207400000061637469766500007061737360
S3150800BB3069766500656D7074790000003F00000045
S3150800BB40564552004E6574416E616C797A65725F2E
S3150800BB50464732335F563031204653346200000080
S3150800BB60535441540000000063683D253033752066
S3150800BB707068793D2573206D6F64653D2573207364
S3150800BB8063616E5F6E3D2575000000005458000025
S3150800BB906E6F745F737570706F7274656420285465
S3150800BBA05820656E61626C65642066726F6D2053FD
S3150800BBB03929000043480000504859004D4F444574
S3150800BBC0000000005343414E000000006E6F745F92
S3150800BBD0796574202853346329000000756E6B6EEE
S3150800BBE06F776E5F636D64004F4B000045525200DD
S3150800BBF00102030405060708414243003132333483
S3150800BC003536373839000000303132333435363777
S3150800BC1038394142434445460000000076F50100A4
S3150800BC200300B9FFD2010201050123010400000047
S3150800BC30F0BB000808000000F8BC0008000000007F
S3150800BC4050BC00080200000000000000C0175302A4
S3150800BC50C8BC0008ECAFA81AD430000000000000E9
S3150800BC601800FF7FB425002000000000F0C100087E
S3150800BC700000000098BC0008ECAFA81AD4300000F9
S3150800BC80640064007C00FF7FB425002000000000EB
S3150800BC90F0C1000800000000FC4F01039CC1000829
S3150800BCA07440040112007017B42B00000000000055
S3150800BCB059FF000024420101F82E0000F84F010345
S3150800BCC000000000FFFFFFFFFC4F01039CC10008B6
S3150800BCD07440040112002800B42B00000000000084
S3150800BCE0590F00002442010168000000F84F0103C3
S3150800BCF000000000FFFFFFFF0C400200018000006B
S3150800BD00FF40000020400200000000000000000084
S3150800BD10304007000000000000000000000000009E
S3150800BD20000000000000000000400000A00700001E
S3150800BD3050400100000000005C40020000000000C6
S3150800BD4000000000A840010007000000BC400400F5
S3150800BD5000000000000000000000000000000000D5
S3150800BD600841040000480000FF4C0000004900009C
S3150800BD70FF4D000020C0011000F8070020C0013068
S3150800BD80FE01280024C00110FF00000024C0013075
S3150800BD900013000028C00800EC80B3034375405127
S3150800BDA0A00F00F830400000A8AA07000000000015
S3150800BDB0000000000000000054C014008721300075
S3150800BDC0F400E3E6DC02000086B7CFDCE3000000FF
S3150800BDD088C6020080040000BA14000000000F00A4
S3150800BDE02C004D007500AC00EF00D401D502E60327
S3150800BDF0BD05BF07F709A30DAD11D916C71DB62690
S3150800BE00CE31FF3FD039FF3FFF3F0000A8C00500F5
S3150800BE10BD4B721511A3180510325476980A000006
S3150800BE2000000000CCC00400FE0100000000000075
S3150800BE3001000A000100280008000101C4070000EB
S3150800BE401800010100FF000020000101088400001D
S3150800BE5040400D01000030300000000010000000D6
S3150800BE60000000040FC0820000000020000000004F
S3150800BE70000000030000002000000000F47E14000B
S3150800BE80400C0000880100008440150100000000F5
S3150800BE90300309000000066200000000040A1422AC
S3150800BEA032414A4F00000000000000000000000078
S3150800BEB00000000000000000000000000000000074
S3150800BEC00000000000000000000000000000000064
S3150800BED00000000000000000000000000000000054
S3150800BEE0E0400111F8010000E040013101020000C4
S3150800BEF010410201331E0500000000001C410E011E
S3150800BF0000E0388F00000000FF0483078813C83A52
S3150800BF10FF06660CFF0483078813FF03BC200AF09C
S3150800BF20A3C95000D756A040D42D55559F826943C2
S3150800BF30893B4000C0030080584102010000000010
S3150800BF40FFFD0000644101010C0100006C410B017A
S3150800BF500000004000000000000000000000000093
S3150800BF6000000000000000000101000000000000C1
S3150800BF70000000000000000000000000A4410201CB
S3150800BF800000000000000000B0410C0100000000A5
S3150800BF9058963FC0000000000000000000003C006A
S3150800BFA0AAAA0600000000000000000055555555D5
S3150800BFB0E70268800600C20000000000E4411001A4
S3150800BFC0E6E7FF0BCDA10A00BD066A005EB04D008C
S3150800BFD07D02420EA5B62202FF25B234EA6B8F0017
S3150800BFE0B3000E00773A0E002FBFBB0015BA4C0FF0
S3150800BFF02206A704981DF921000000800000000011
S3150800C00028420401000000006018004000000000FB
S3150800C010000000003C420101000000004442030108
S3150800C02014000000000000000800050430430F015A
S3150800C03000000000000000000000000000000000F2
S3150800C04000000000000000000000000000000000E2
S3150800C050000000000000000000000000000000389A
S3150800C06000000000000000000000FF5810800101D9
S3150800C07003000000388002010115100005000000C9
S3150800C0809C8003010000000070B8030070B803002C
S3150800C090A8800111F6010000A880013101420101C2
S3150800C0A0AC800111F6010000AC80013101420101AA
S3150800C0B0B080020100030002000300029800030298
S3150800C0C000000000000C00044C040000D800020226
S3150800C0D0050040AA88010000EC000112E00F0000EC
S3150800C0E0EC0001320D205111F0000102233300004B
S3150800C0F00001010210010000040101120000000005
S3150800C10004010132100100001001011200FF0F00A6
S3150800C11010010132020000422C01011200FC1F002E
S3150800C1202C010132AA008000400101023F000000F4
S3150800C1305001011200C00000500101326200510096
S3150800C14068010202100006000020060074010102C0
S3150800C1506901100C7801011200001C0078010132F7
S3150800C1604004E0CF80010112790700008001013206
S3150800C170060000008801020290000000000000008E
S3150800C180AC010112F8010000AC0101320400010003
S3150800C190B001010200020000FFFFFFFF14000000CB
S3150800C1A0222222000000000038C2000820C200082F
S3150800C1B0000000000800000000000000B80B0000A6
S3150800C1C00101EE000115100A30C20008F4C100088A
S3150800C1D0000000000000000000000000B80B00008E
S3150800C1E00000000000000000000000001000000031
S3150800C1F00000000001000000C0175302050C0000F3
S3150800C2009E0100000000CC0101010505FA010101AB
S3150800C2100605280201010606560201010706000066
S3150800C22098590900985909001516050000000000DC
S3150800C23004A5B4C3CD000000142902000031110082
S3150800C2400000010002640001012F00000700000041
S3150800C25056636F6D00000000010100001E00000318
S3150800C260040404040404000102030000000901F0A8
S3150800C27078C30008000901F02CC30008000901F082
S3150800C280E0C20008000901F094C20008000000009E
S3150800C29000000000CEFF84FEFF00CEFF0A0000006B
S3150800C2A0F00094077D240500D300C8084A720500EB
S3150800C2B0BA00DB07482C0500A6004F07B4FD0400AA
S3150800C2C094007506A9AC04008500F40501780400FD
S3150800C2D07600C004A6EE03004F00A5015B27020006
S3150800C2E01E0084FEFF001E000A000000F0001F0862
S3150800C2F045CA0200D400220AB0AD0200BA003809C5
S3150800C30025B20200A500960703AA020090009F0620
S3150800C310609B02008100E1051E8902007300430547
S3150800C320987402004B005A011E7B01006E00A2FEA3
S3150800C330FF006E001E000000F000C40B7391FEFFA4
S3150800C34088004606813600005B00C30357AF00002D
S3150800C3503C0070022CC500002A00B6012DBC000066
S3150800C3601D001F0151A200001400B80083840000BC
S3150800C3700C003A009648000096001AFFFF00960047
S3150800C3801E000000F000671427ADF7FF530087046E
S3150800C3901126FFFF2E001902C2FBFFFF1E005001E7
S3150800C3A0A92800001400D0008C3600000D00850076
S3150800C3B03C35000009005A004D2F000005002200F8
S3150800C3C06F1E00000B0000000C00000003000000B8
S3150800C3D00000202000000000020000003C3C3C0059
S3150800C3E0000000000000000000000000010310012A
S3150800C3F0010903001E000000160000001A000000D4
S3150800C4005600000000800A5013000000F4C300081C
S3150800C4100000015B1500000000C4000805000000CC
S3150800C4200000000000C20100000200000010000029
S3150800C43000000000000000000000000005000000E9
S3150800C44000000000802500008002000000100000A7
S3150800C450000000400000000000000000000000008E
S3150800C460B001000008080020000210000821002082
S3150800C470B8090020000000010000010100010101C7
S3150800C48020C001B86090A31AF26EEF034108210696
S3150800C4906310420AA518630EE720941249A9B51835
S3150800C4A0AC39F72251CA3929D55EAC39BDFB0F0024
S3150800C4B000B801B802B800B0030404080805000073
S3150800C4C0C43B0000C80000008C3C00000C000000C3
S3150800C4D0703E000000000000CC360000F8040000A2
S3150800C4E09C3C000004000000783E000003000000A9
S3150800C4F014320000B8040000983C00000400000054
S3150800C500703E000008000000000000001432000021
S3150800C5107C3E0000000000007C3E00003C0000005D
S3150800C52000000000703E0000CD2C0000E52C000045
S3150800C530E52C0000E52C0000E52C0000E52C0000A9
S3150800C54000000000000000000000000000000000DD
S3150800C550E52C0000E52C0000E52C00001D3100004C
S3150800C560E52C0000FB2500000B260000B326000082
S3150800C5702B270000B527000049290000D527000011
S3150800C580DD2900002928000089280000FD28000070
S3150800C590412B00000D2C0000C92500005B2E000071
S3150800C5A019220000792E0000FD2E0000E52C00005F
S3150800C5B0F52F0000C12F0000E52C0000E52C000037
S3150800C5C045300000E52C0000E52C0000E52C0000B5
S3150800C5D0E52C0000E52C0000E52C00001D130000EA
S3150800C5E01313000056488068000200D4704780B5CF
S3150800C5F08020800253490860CF2000F0C9FA102035
S3150800C60051490968014003D0B849C8630220086047
S3150800C61001BDF8B54D48816B4D4F802292033A60B3
S3150800C6204C4E336840241D050BD41C402AD00120EB
S3150800C63003F085F8002825D08020C0058E490860BB
S3150800C64020E0130BA0250D4002D10068C00601D5D5
S3150800C6503B6017E00A403FD18020884A1060884A2C
S3150800C6601060194038D0364D287A400705D5012084
S3150800C670844908600002844908602878002801D0A7
S3150800C680062801DB0020F2BD00F094FB716889687A
S3150800C6904E682978052907D1E105B9606E60B66844
S3150800C6A0CC218901784A116000F08DFB012E00DA51
S3150800C6B00226BC2080058E490860942080058D4995
S3150800C6C008606E480021C9430164714241648021B3
S3150800C6D0894A11600460D5E7A3480360FFF782FF23
S3150800C6E00120F2BD18480168890504D5C06E00040A
S3150800C6F0000F022801D0002070470120704738B586
S3150800C70080245E48046000F055FB050097480068E1
S3150800C71000F0C2F9280000F056FBFFF763FF08484F
S3150800C720007A000705D5A0000949086000F022FC38
S3150800C73031BD60038C4908608D48046031BD000036
S3150800C7407C3E00001C1002A8440002A80C0002A8A7
S3150800C750442002A8D03E0000FEB50400854D8C207A
S3150800C76080016860012684480660FFF7BBFF002841
S3150800C77026D08248007800287DD031020194052809
S3150800C78002D022460A4076D1CC2292012A607C4AFF
S3150800C790126881231B02134001D0032301E05307CB
S3150800C7A05B0F0C01022804D1022B62D336480460C1
S3150800C7B05CE04D01032804D1022B5AD932480560A2
S3150800C7C0F7BD042802D1114053D0F7BD052850D132
S3150800C7D0019800284DD0C005C10F684641700198E0
S3150800C7E0C004C10F6846017000F0E4FA029063487D
S3150800C7F0406869464978002903D006688021204A9E
S3150800C8001160670495496A461278002A0CD0C268F6
S3150800C8100B68D21A924B1B683B4001D0066800E0B1
S3150800C8204668964200DD1600684640786A461278E1
S3150800C830024308D008684242B01E824202DA7042B9
S3150800C840886000E00026029800F0BDFA019880058D
S3150800C85001D5984807600198054001D096480760B9
S3150800C860002E06D0CC20800107490860B64804602F
S3150800C870F7BDFFF744FFF7BD4C6201A80CC001A83D
S3150800C88090E001A8C4D000A8145001A838B58024A7
S3150800C8908A480460012038490860384D28780528F8
S3150800C8A002D06000A9490860FFF71CFF002812D0D3
S3150800C8B02E480068000A80214140A868000EC9B2C7
S3150800C8C0814208D22E4800684007400F022802D24B
S3150800C8D0FFF715FF31BD9E480168C0220A4002D104
S3150800C8E0C06F204001D00448046031BD082002A86A
S3150800C8F008E001A808D001A894D001A80A0000D130
S3150800C900704780B51822514340180C3040690028FA
S3150800C91003D08021090300F0DDF901BD38B500F028
S3150800C92049FA04008B480568A86881782800FFF74B
S3150800C930E5FF68880121014369800220864908606D
S3150800C94086490860200000F03EFA31BD10B500F0B7
S3150800C95031FA04007F4800688168C978FFF7CEFF7E
S3150800C960200000F030FA10BD441002A818C000A834
S3150800C970100002A8106001A8C4E000A87C3E0000D0
S3150800C980184001A8F1B582B00F00A020384003D1A5
S3150800C99073480068C00603D580208000714959E0B5
S3150800C9A000F008FA00906B480468F80204D5A068FD
S3150800C9B00069029000F07CFB00F0D5FB802109039A
S3150800C9C0606800F087F926780020761C6178B14205
S3150800C9D000D200261821714365180C3529780829D4
S3150800C9E0F3DA2670A56060492A780A70BA0507D571
S3150800C9F0584800688068C068FA0201D40322904348
S3150800CA008860012738400DD158480299426B891829
S3150800CA100068081A56494018012803DB00F09CFCF8
S3150800CA2001F01DF8F904686900F054F93C2000F09B
S3150800CA30AFF8F0B200F0ACF860884E49014061806A
S3150800CA40009800F0C0F93805464908604A4807606A
S3150800CA5038024A4908600298FEBD000048C001A88D
S3150800CA604C0002A810B546480068800501D4FE208F
S3150800CA7010BDC02080034349086000F09BF9354982
S3150800CA8009688A78D20702D589688C7800E00C781C
S3150800CA9000F099F9200010BD2E4909688A688B783C
S3150800CAA0DB0704D5927818235A438A180C3290600B
S3150800CAB0704700004C1002A84C2002A894E001A878
S3150800CAC0F1B582B0304F3C680026200F000702D12E
S3150800CAD0E00102902AE000F0C2FF00F06BF9019035
S3150800CAE080210903606800F0F5F825786D1C6078E8
S3150800CAF0A84200D20025E80020180C3000900068F3
S3150800CB000290802109030098406800F0E3F83D2070
S3150800CB1000F03EF8E8B200F03BF825700098A060F7
S3150800CB20019800F050F902A801F035F81748006896
S3150800CB30800407D5F86901F0A4FC02990818029048
S3150800CB4000D502960298FEBDB03E0000146001A80A
S3150800CB5014C001A8D43E0000284000A8448001A8BB
S3150800CB600C0002A8442002A87C3E00009C3F00005E
S3150800CB700010FFFFFEFF0000C0E000A8106001A83B
S3150800CB80440002A8441002A8D83E0000FC0302A8EC
S3150800CB9045490968002901D5444908607047F2B536
S3150800CBA082B0434CA168434D4A004ED5012609017F
S3150800CBB000D521260100404A1068526800922A686A
S3150800CBC09206920E23689B0080273B4013437A0007
S3150800CBD01A430192394F0A0026D0890601D5012049
S3150800CBE008E0F021014007D16946097A0C220A407B
S3150800CBF002D0022000F042F8396EBC22920091421F
S3150800CC000DD12F490968C90309D52168490306D5F5
S3150800CC102168090701D4022100E003210091483662
S3150800CC20019A3968890002E0019AB96B090940231B
S3150800CC30194011439A00009B002B02D013432B6620
S3150800CC400836296602432A662E66E86D45076D0F83
S3150800CC5000F09AF8A8070BD0052D09D0A0680004A3
S3150800CC6006D400F0A7F80221164A116000F0ABF8C6
S3150800CC7000F093F8002000F001F8F7BD0E490A68A5
S3150800CC80F0239A43000110430860C0B27047802021
S3150800CC90C0020D490968890701D10C4900E00C4911
S3150800CCA00860704700000000500002A8884000A8ED
S3150800CCB0480002A8284000A8783F0000184001A8AC
S3150800CCC0D03E000024D50350844000A8486000A840
S3150800CCD0485000A880B5494A116001F0FDFBFFF7EE
S3150800CCE0D6FF01BD70B500F065F8454A454BD168D9
S3150800CCF08C0819002140D1246400D52901D2D521F8
S3150800CD0002E0A14200D921000D0046352D041E047B
S3150800CD102E400D00463D2B4033431360C0221206B9
S3150800CD20394B1A60394A137C002B0AD0384BD5295F
S3150800CD3002D98025ED051D60A14202D28024240671
S3150800CD401C600023334C23605388002B00D11180CC
S3150800CD5000F039F870BD80B52F4830490860304872
S3150800CD60C1680902090A1922514341600521016077
S3150800CD70FFF7B8FF01BD2A480068C00300D4704712
S3150800CD8080B5FFF7AFFF01BD8020C0021B490860D0
S3150800CD90244800684007FBD470478020C002224917
S3150800CDA00860704701E02149086021490968014087
S3150800CDB0F9D170471F48006820211F4A11601021C9
S3150800CDC01E4A116070473021014002D110201A49CD
S3150800CDD0086070471748006830210140102901D1C2
S3150800CDE00120704700207047154801210160C16085
S3150800CDF0704701201349086070470000441002A8D4
S3150800CE007C400050FF010000A0600050843F0000F5
S3150800CE10A450005018E000E07F1A0601540002A84A
S3150800CE2010E000E0440002A8442002A8282002A836
S3150800CE30280002A8600002A8602002A8601002A8C4
S3150800CE40789001A884A001A8F8B54C488021490229
S3150800CE50C16102214A4A516000214A4A11604A4A80
S3150800CE6011800321464A11600221016000204749CA
S3150800CE700860202046490860802046490860CC2082
S3150800CE808001454908600124444804603D48806F94
S3150800CE9000900F26070B374041480068C505ED0D81
S3150800CEA0103DC0202843C0B2FFF772FE354800691E
S3150800CEB0800303D5092F01D001F060F900980640D8
S3150800CEC00096384806680098032803D0022806D139
S3150800CED0032F32D000F0B0FA0098032803D0062FAB
S3150800CEE02BD1062D29D030480068C00B204001D030
S3150800CEF001F024FCFC2080010068000108D5052DFE
S3150800CF0006D10125294804606005FFF74BFF00E0BC
S3150800CF1000253100380000F0E9FA0600002D06D099
S3150800CF2000F098FC22480460022022490860600547
S3150800CF301F49486580092049086011482104016293
S3150800CF40002F08D10221416000200E490861C02047
S3150800CF50C000114948643000F2BD80B5FFF714FFE0
S3150800CF6016480078800602D4022015490860FFF7A3
S3150800CF7014FF01BD02201349086070472C1002A84F
S3150800CF80282002A8380002A8B43E0000B03E0000DF
S3150800CF9094E001A80CC001A8146001A8C4E000A888
S3150800CFA004ED00E0B44000A800E200E0645000A8E8
S3150800CFB0646000A82C4000A880E200E0D03E000093
S3150800CFC0081002A8082002A870B5794C794D802669
S3150800CFD0760179480068304005D06660062001F081
S3150800CFE07BFC6E6004E06E60062001F075FC6660EE
S3150800CFF03D20A060702129600F222A602160A86068
S3150800D00070BDF8B56C4C8025ED028D4E6F097068C1
S3150800D010384002D16068800529D58A480068C0046E
S3150800D02005D4FFF7C7FE88490D60FFF7CCFE706888
S3150800D030864901409020400108437060844885492C
S3150800D0400860002060607068384002D1F0208000D7
S3150800D0506060706807402AD07A480068C00726D5FD
S3150800D0607D480078800722D401F03EFC1DE0306838
S3150800D070C0071CD5AE0973480068304005D1FFF7D4
S3150800D08099FE71490D60FFF79EFE7448FF21FE3137
S3150800D0904160F12149026F4A116021680E4001D0B2
S3150800D0A0822100E0C32149020160FFF78DFFF1BD2F
S3150800D0B080B568480121624A12680A4006D0684A63
S3150800D0C01268920501D4CA0202608160C0214160DB
S3150800D0D05C480068C00407D4FFF76CFE8021C902CB
S3150800D0E0BB4A1160FFF76FFE01BDF8B555480468E5
S3150800D0F05C4D8027022634420AD092480068E02117
S3150800D100C900014004D02F600420686101206861CD
S3150800D110FFF750FED021C903214007D18A49096883
S3150800D120314003D1894901224A600E60210507D59D
S3150800D1302F6004216961C2490D220A600F220A6024
S3150800D140FFF741FEF1BD80B5FFF734FE0121804AA5
S3150800D1501160804A0223136051600021B94A1160A8
S3150800D160FFF731FE01BD90480068C007FBD4B648FA
S3150800D170042141618021016070478C4908680122B9
S3150800D180104200D1704710B5E023DB000340FF24AE
S3150800D190A41CA34207D3AD4B9C6BA40602D41B6800
S3150800D1A0DB0600D54868024001D000F001F910BD41
S3150800D1B0A82102A8A81102A8AC0102A8F8B5C8219E
S3150800D1C0844A11600621844A116080214903834AF2
S3150800D1D01160834C8909216082490A684B691C25BC
S3150800D1E01D40102D01D1012300E000230500072072
S3150800D1F0824313430B6028688E490F68874200D321
S3150800D2000700C01B28600121280000F08AFB0600E1
S3150800D2102868C0192860FFF768FF8D480168C906A5
S3150800D22003D584208000E06107E09549082200685C
S3150800D230104001D00A6000E04A603000F2BD0000EC
S3150800D240EC0002A8500002A83850005AFFE3FFFF7E
S3150800D25000FEFFFFAC2102A8843E0000AC1102A824
S3150800D260B00102A8841102A8F1B58648864908606B
S3150800D2708020C00185490860854C0827A7650420D9
S3150800D280A0650125834805601D20A062824EE9300D
S3150800D290B061072001F020FB0220A06210216C4A31
S3150800D2A013680B4003D022007C4B23600AE00D2351
S3150800D2B012683A4003D032001032A56502E0320007
S3150800D2C01432A0651360764A1268002A00D4B76142
S3150800D2D0744A3260C022D200734B1B68F824E401FA
S3150800D2E01C4001D1F26201E06A4B5A616F4A12682A
S3150800D2F02A4007D075666E490968890503D48102F4
S3150800D300F16500E0716361490A6C2A4008D0496BEF
S3150800D310C90705D467490968084001D101F01CFB13
S3150800D3200020C04364490860584C606B054001D131
S3150800D330FFF7DBFE009801F0BDFA606B8001FCD4B4
S3150800D340F1BD0000980102A800400C5000500C5096
S3150800D350982102A800600C50F8B54C4F786BC007AE
S3150800D36001D4FFF7F0FE4B4CB72040002060534D28
S3150800D37003262E634B48A8660020E06150490860E2
S3150800D3800D2033490968090701D5A86700E0E86751
S3150800D390FFF78EFE1020E0612E600C2028638020A7
S3150800D3A000023860F1BD00009C0102A8883F000019
S3150800D3B0F0210901434A11600140434801602020D9
S3150800D3C0424908604249096808404249086070476E
S3150800D3D03860005A548001A80C9001A8982002A829
S3150800D3E0A41002A8740102A880B53B483B4982688C
S3150800D3F00A4002D1C268114001D02249016026487C
S3150800D4000821374A13680B4000D081611178C90694
S3150800D41002D5862109010160FFF7AFFE1420FE211F
S3150800D42089010860BA480168490701D0FF214161AE
S3150800D43001BD00009C3F0000124813490860704770
S3150800D44000100C5000000C50842102A80C0002A801
S3150800D450FC0302A82348006823490968890F89073D
S3150800D4600CD0AC490968C90708D5AB498022920394
S3150800D4700A60B64B1A60104000D00A607047000078
S3150800D480601102A801200000706201A8100002A81D
S3150800D490C01002A8682102A8501102A8FF030000C4
S3150800D4A028C000A8043E0000A88001A8EC0002A835
S3150800D4B0B00102A8843E0000B46000A8E82002A8D3
S3150800D4C0C00002A8586001A8585001A8482002A820
S3150800D4D0184001A8481002A8704201A800800080E0
S3150800D4E0F84F00004C4001A84C4201A8F0B587B09F
S3150800D4F005000C0096480068400102D5200040242B
S3150800D50004439448006805909348C66AFFF752FC9E
S3150800D5100690B00503D591480068FFF7BDFA0020CC
S3150800D520019001237006C00F02908D4A9168002071
S3150800D5309060B82040008B4E30606608B8203040B6
S3150800D5401278F0261640402E02D1020040201043E1
S3150800D5500D2D02D10A00042111434A0704D5020001
S3150800D56014201043102294437F4A12686D462B708C
S3150800D570D20506D5802252007C4B1A600200012093
S3150800D5801043029A002A11D10C220240082A0DD013
S3150800D5900200714B9B6BDD0601D41025AA439B063E
S3150800D5A001D420239A43B12313404FD06A461278F8
S3150800D5B0002A4ED0A54A956B966D01236D076D0F0F
S3150800D5C0AD1DAB40F504ED0C5B1B9BB2082B09D2D5
S3150800D5D080200623604D2B6043029D4D2B6000235F
S3150800D5E06D462B708123034036D00823029D002DFB
S3150800D5F000D113620D000821294310239C430423FC
S3150800D6001D05984E3560DD04434E35606D462D7810
S3150800D610002D1ED0062B24D34D4DEE6CF60620D5D4
S3150800D620914E3668360E01966D69ADB28E4EF66B22
S3150800D630360603D02E0080256D01354315612D125F
S3150800D6401561494A1268D50592D40AE008227F4B2B
S3150800D6501A620491009031E030A34506ED0E5B5D39
S3150800D660D4E7049100903C48026B7F490968774DDE
S3150800D6702E686F463E81282616401E43930CDB0112
S3150800D68033431600120E3240102632401A438900E0
S3150800D69040231940114302AA9170406B000A02A95F
S3150800D6A0C870FFF7DFF902A90871019848716F4839
S3150800D6B00068C8800298E8660398E8660698FFF747
S3150800D6C082FB600602D50820664988600498C1B2C4
S3150800D6D00098C0B2FFF763FAFFF7BCFEBC208000D3
S3150800D6E061490A6E824207D1059AD20301D4086EAF
S3150800D6F00BE05F4A5F4B1A60096E814205D10598B7
S3150800D700C00302D55C4800688047200007B0F0BD1A
S3150800D7100C4000A8384301A84C5001A8030107068D
S3150800D72003010706050106060501060603020706A4
S3150800D730030207060502060605020606081A03D2AC
S3150800D7404E4909684018401C704700004C6001A803
S3150800D750084000A8D03E0000180002A81CC000A877
S3150800D760783F0000B46000A81C0100AA1C2100AA8A
S3150800D770F8B5434E0F24012542491027B06B3840AF
S3150800D7801BD0012008704048006840490968FFF727
S3150800D790D5FF3F490968401801284BDB01F09EF97F
S3150800D7A03C490968090B0C40022C41D1A9053A4AA3
S3150800D7B011603A490F6435603AE0306CC0001ED5F6
S3150800D7C037480068E0218905014033D0314D286883
S3150800D7D021030140780281422CD1FFF7EBFA314A46
S3150800D7E031490968C90502D53049096811602968AF
S3150800D7F0090B21400229F3D0FFF7E5FAF1BD2C4EBB
S3150800D8003068002816D00D7001F054F8002811D1A0
S3150800D81001F064F91F490968090B0C40022C07D16D
S3150800D82029041D4A116002211C4A11600021316039
S3150800D83001F058F9F1BD802080041E490860704740
S3150800D840802040041B49086070470000540000AA65
S3150800D850141100AA18480168490701D0FF2141613F
S3150800D86070470000441002A8184001A8448001A887
S3150800D87008000400482002A88C3C000038C001A813
S3150800D880100002A8B63E00001CC101A820C001A8CD
S3150800D890F03E0000B00002A81C1002A8082002A84A
S3150800D8A04C4001A8800000AA084000A8904000A8A3
S3150800D8B09C3E00003C2002A80C4000A8F0B5802041
S3150800D8C0000208217B4A11600A227B4B01210124B0
S3150800D8D0944004438AA5AD5C25431D60F025774E28
S3150800D8E03560744D89A6B65C022737432F60042637
S3150800D8F02E60734D2D680D4001D00220F0BD1D6CC1
S3150800D9002D03FCD41D6C5E6C6D036D0BAE4200D20C
S3150800D9102000521EDBD50822684C226018600020C1
S3150800D920F0BDF3B581B00600FFF70DFC6548006849
S3150800D93000906548006863490860644D3068296846
S3150800D94047180024012F12DB00F04FFDC001381ADA
S3150800D95001280CDBFFF707FC00F081F8306829681E
S3150800D960401800F0A7FF050001D0346072E0584F58
S3150800D9708026B6003E605748006F07282CD0052140
S3150800D9800840052806D0534801670C2000F0A4FF7C
S3150800D99005005FD1504DFF207A3068620420A862E6
S3150800D9A0FFF7E1FB02202860E020C0044B494860ED
S3150800D9B03004786002203860012000F08DFF6E6226
S3150800D9C0022000F089FF700068620820A862022021
S3150800D9D000F082FF0220A8626846007A002805D077
S3150800D9E03C480068C00701D5FFF70BFB3C4EE0201A
S3150800D9F040003060042000F06FFF050024D10220AB
S3150800DA00364908608002B062C001B062354F102006
S3150800DA1038600120F065402633480068304003D15D
S3150800DA20FFF74CFF05000FD101203860FC67022084
S3150800DA3000F052FF2D4C2660B0002060022000F056
S3150800DA404BFF8120C002A06227480068800101D4EC
S3150800DA50FFF791F900981B4908602800FEBD70B5CC
S3150800DA60FFF771FBFFF77FFB02241E480460204E78
S3150800DA700820B062C0017062012000F02DFF250267
S3150800DA80756234600620B0621A487062E020400071
S3150800DA9016490860114E3460FFF776F91648007883
S3150800DAA0002800D0052015490860FFF776F935608B
S3150800DAB070BD0000889001A84C8001A888A001A824
S3150800DAC0140002A8780102A8F80302A8D03F0000B3
S3150800DAD0981002A8EC0002A85C1102A8982002A8D7
S3150800DAE02C9001A80C8001A8500002A82CA001A81F
S3150800DAF05C2102A8F9610000703F00005C0102A8E1
S3150800DB0000000001010202020808100050505040AF
S3150800DB104030303030202000F8B504000F00444D66
S3150800DB20A878FF2801D12E880FE0424800688001B6
S3150800DB3008D4FFF73FF9404909684905CE0DFFF7B4
S3150800DB4042F901E03D4806882E80E92E01D2E926F1
S3150800DB5004E0CC204000864200D90600200039782F
S3150800DB60814200DA080001217A5601005143022257
S3150800DB70BA5E891841430420385E0818304971187E
S3150800DB8048438015001901D50020F2BDE978814285
S3150800DB9000DA0800F2BD38B50400102029490860EB
S3150800DBA0FFF7E1FAC020C00027490968F822D20128
S3150800DBB00A4001D1254900E0254908602548C821C1
S3150800DBC081640A210160244880214903016089098A
S3150800DBD0C160224801684269E0231340802B01D1C5
S3150800DBE0012200E00022072399430A4302601C48E9
S3150800DBF00068C821C90145182068854200D3050078
S3150800DC00401B206000212000FFF78BFE2168491980
S3150800DC10216032BD802000011249086000031249C4
S3150800DC200860022011490860114908607047000021
S3150800DC30F83F0000500002A888400050843F0000CA
S3150800DC40D6FEFFFF984101A8AC8001A87C1102A866
S3150800DC507C2102A80C8001A8981002A8740102A8C9
S3150800DC60983F0000441002A8442002A8F41302A812
S3150800DC70685000A8F1B584B0BD4800680190BD4859
S3150800DC80C068C821C90140180499884204D2081AF4
S3150800DC9000F010FE002803D10124C94D6868204011
S3150800DCA000D0BAE10420C749C8628003C649886221
S3150800DCB0C6480668A86B8007800F0090670403288B
S3150800DCC003D01020BF49C86222E008468762E96B84
S3150800DCD0890601D5012041E0310610D5E96B89078F
S3150800DCE00DD4CF4905220A60EA6B10231A40022395
S3150800DCF013430B6000220A60AA6B120A0A60042109
S3150800DD00C162E86B002803D5AE4887620020009000
S3150800DD10A86B400704D5A86BC0002102084003E0A1
S3150800DD2094480068204201D0FFF742FB264009D0FC
S3150800DD30BC48009989014018006AC004C00C401EFE
S3150800DD40B9490860C0208000B849486500990902A9
S3150800DD50B74A1160B54B986551600020296C94222A
S3150800DD6092050A40160000D001263043000635D039
S3150800DD7096483021405CC0210140402902D1FFF776
S3150800DD80ECF801E0FFF7F6F820202860360600D107
S3150800DD9043E1B54FA74EA86B40070CD5A0038A49A7
S3150800DDA0886240028749886234600220386000F041
S3150800DDB03BFA00280BD004208249C86240028249F7
S3150800DDC0886200037F4988620220306038607F4895
S3150800DDD00078000600D420E1E0041CE168682040D1
S3150800DDE000D01AE17848C762FEF7CEFF8E48406E2B
S3150800DDF0296C090408D4C00606D5FEF7DBFF022104
S3150800DE009A4A1160FEF7DFFFFEF7C7FF2003286076
S3150800DE10974EC02000063063200496490860A86B18
S3150800DE204007C10F68460170FEF7C4FF92490C60AF
S3150800DE30FEF7C9FF914F9248B861686B000206D594
S3150800DE409048801C0068E1055E4A916201E04948F5
S3150800DE50806C296CC90208D5202806D976A1019AB2
S3150800DE60520700D4891DFFF757FE0100854A107036
S3150800DE70002809D041091F221040062904D940006C
S3150800DE802043202800D31F204A010243480210439A
S3150800DE90306001217C48C26F7C4B1343C3677466AC
S3150800DEA08022F2620822734B1A66019AD20603D5BB
S3150800DEB0AA6B920603D403E0019A120700D4002144
S3150800DEC0AB4A3A60FC223A6100290BD039003C3152
S3150800DED00291284A116DD36C664DEB66526E2B463D
S3150800DEE0DA6709E0390040310291224B996D614A9F
S3150800DEF05D6DD5669B6ED3670268FF239A4311430F
S3150800DF000160A020C0003063052000F0E5FC042570
S3150800DF100198284001D0802000E04020029908603E
S3150800DF2002203063062000F0D7FC08203063052065
S3150800DF3000F0D2FC34632002B864042000F0CCFC64
S3150800DF4064027460022000F0C7FC842080003063FD
S3150800DF50022000F0C1FCFC61062000F0BDFC02981E
S3150800DF608449401801990D4006D0202105E000BFDC
S3150800DF70FC0302A88C3F000010210160062000F077
S3150800DF80ABFCB4640020C0432849086000F02DFAB1
S3150800DF907949401DC001CA6886189E4F60017C6F8A
S3150800DFA004409D4A10609D4D0498864211D2C96866
S3150800DFB0401A00F07FFC00280AD02C602DE000BF34
S3150800DFC0100002A81C2002A81C1002A8D03E0000BF
S3150800DFD0049E012000F080FC80204000254908604E
S3150800DFE0300000F067FC8E4E68460078002805D1A0
S3150800DFF038687062802000048A4908602C60684688
S3150800E0000078002809D0012000F066FC3078000668
S3150800E01003D5802000039B49086005B0F0BD00BF0A
S3150800E020E40000AA0C0000AA204000A8B46000A8DA
S3150800E030085100A8F41302A8C0350C109E8DAF1B1A
S3150800E0403813460D80B5FEF7B5FE8F4900220A60E3
S3150800E0500A22CA61FEF7B7FE8C48832109040160CB
S3150800E0608B49416001BD0000685000A824E50350B3
S3150800E0703C1102A8B81002A800500C50242102A88E
S3150800E080FF0E0000FA3F0000280102A8FF3FFF3FED
S3150800E0908048806B800300D47047F8B57E480468D2
S3150800E0A07E4D0826E00629D57A48806B800627D457
S3150800E0B0280048300090012000F00EFC0027784820
S3150800E0C007607848066078480068C00403D4774833
S3150800E0D000683040FBD0022000F0FEFB8420800060
S3150800E0E06865022000F0F8FB700171490860042099
S3150800E0F000F0F2FB600706D5202005E03442D7D1B0
S3150800E10028004C30D6E7102000990860FEF752FE2A
S3150800E1100121684A1160FEF756FE0220686500F084
S3150800E120DBFB09206865C02000066865022000F050
S3150800E130D3FB00980F494018610701D5802100E0FC
S3150800E14040210160A020C0006865082000F0C4FBDB
S3150800E150B001E8662E60E0202865574807604760EA
S3150800E160B0024C490860000154490860F1BD00003E
S3150800E1703F3F000000F0FFFF8C3F0000F8B5504815
S3150800E18000680D2707400424002F00D104274D48B6
S3150800E1900225102608214C4A4C4B1B68234012685E
S3150800E1A018D04260394005D00220FEF767FD6003AB
S3150800E1B0474908603C4007D046480068064345483A
S3150800E1C0066028034249086001204349086043481D
S3150800E1D0056018E00260394005D00220FEF74EFDC2
S3150800E1E0A0023B4908603C4006D03A4801680E4305
S3150800E1F00660680236490860374805603748056092
S3150800E200A8062E490860FFF743FF00210020FEF705
S3150800E210C6FCF1BD20C001A894E001A894D001A8CD
S3150800E220D03E00001C1002A810B580202C490A68B0
S3150800E23002400AD02B4B1A680624144005D15C6E9E
S3150800E240294A22401B6D9C0101D5002010BD096892
S3150800E25008400DD02548824203D1180501D5012072
S3150800E26010BD23480068C107C90F481E8041C00F6A
S3150800E27010BD204803210164A821C1631021016053
S3150800E280704700001C2002A8D80000AA442002A853
S3150800E29004000080100002A8FC0302A8182102A8A6
S3150800E2A0B80002A8106001A8D84001A8104001A82B
S3150800E2B06C1102A800600C50A00102A8482002A810
S3150800E2C0B44000A8F83E00001CC101A8480002A8F6
S3150800E2D0441002A8783F0000F41302A8685000A86A
S3150800E2E0440002A814C001A81F1F0000010C00006A
S3150800E2F030C101A8082002A86C480068012108421C
S3150800E30009D16B4A12686B4B000C1840F0329140E9
S3150800E3100B40984201D00220704700207047F8B59C
S3150800E32007000F386A461080604CE0680A0004D17E
S3150800E3306B461B8882B29A423AD200226B461A80F2
S3150800E340012502263A0013D02268324007D0002958
S3150800E3502ED059480088401C5749088000203900AB
S3150800E360216156490E6080B2B84201D369460D80D4
S3150800E3705348456000E030BF2068304003D1FFF7BE
S3150800E380BBFF0028F7D04D484560390010D02168FA
S3150800E390314005D048490A886B461B88D2180A803E
S3150800E3A0066000202061E068B84201D24448066051
S3150800E3B0FFF7A2FFF2BD38B5050000F08FFB040099
S3150800E3C0012199204543A8093E4A12688018123847
S3150800E3D080B2FFF7A4FF05008020C0013A49086013
S3150800E3E0200000F07FFB280032BD334803883549FA
S3150800E3F0096802889342F9D1100408187047FEB5D7
S3150800E4001238070C6946088000F068FB0190274C13
S3150800E410294D2888B8421ADA01202C490860274E67
S3150800E42030BF02202168014006D0306040032649EB
S3150800E43008602888401C2880FFF75EFF002802D164
S3150800E4402988B942ECDB0121716000280DD12888A2
S3150800E450B8420AD1E06869460988884205D200218F
S3150800E46068460088FFF75BFF01E0FFF745FF0400F9
S3150800E4708020C00114490860019800F033FB200091
S3150800E480FEBD10B512490A680E4B1B680C6894420B
S3150800E490FAD0DB014033141A02D288692418641CA6
S3150800E4A00C4800684443181B10BD0000280002A849
S3150800E4B004ED00E0FF3F0000B43E0000282002A85B
S3150800E4C0281002A8340002A880E200E02C1002A856
S3150800E4D020C001A8A83F0000F0B502E00A601C6051
S3150800E4E02E607EC84F1C07D05F1C04D06F1CF5D168
S3150800E4F00A601C60F0BD0A60F0BD000080B5FEF73A
S3150800E500BDFB01208249086001BD38B581490C6808
S3150800E510082581490D60FFF7F1FF2C4001D07F489F
S3150800E520056031BD80B5EB2000F001F801BD30B5BE
S3150800E530FE2189010B6818401022134210D0784B2F
S3150800E540784C2468224008D0774A14682402FF25AC
S3150800E5502D0225401D6300241460802252031A6090
S3150800E560086030BDF3B5010016001C0000250095B3
S3150800E5706E48019A330000270BE0BC464F5D4743BF
S3150800E580AE009E597E40575D47433740664637433F
S3150800E5906D1CA542F1D3390939438A080A43510843
S3150800E5A011430840C10901430F208A0B0A43024060
S3150800E5B05040F6BDF1B582B00E0000205A490860F9
S3150800E5C05B4DEF7AA87A01900F21394000910ED061
S3150800E5D00B46584A58490298FFF7C4FF019901406B
S3150800E5E051480160994841439948084001D101249E
S3150800E5F000E04401380915D032003B092900029889
S3150800E600009E6D7A75194019FFF7ACFF019909113B
S3150800E6100140454802680B0113430360002901D0F5
S3150800E620480044438B480068204001D10420FEBDC1
S3150800E6300020FEBD80B50A00002111808649528857
S3150800E6408018FFF7B7FF02BDF0B50F22834B5C7940
S3150800E65005780F202040C5402009284001259C79CF
S3150800E660C4402C4001D10320F0BD2E4C246825401F
S3150800E67008D07B4D9E684700F65B761E2E60802686
S3150800E680B601EE60DD78DE79C640F00711D5E00602
S3150800E6900FD5002D0DD07348486008884880088833
S3150800E6A01C7800192A4080185A7880182A09801878
S3150800E6B000E0002008800020F0BD80B56A480168A7
S3150800E6C06A4A0820014200D09061C90602D586210F
S3150800E6D0090111606649674A1368034005D0664B0D
S3150800E6E01B689B0F9B0700D008600E480078C02364
S3150800E6F0034002D18020400508601068202210409F
S3150800E70008605E480068C00101D4FFF70BFF01BD31
S3150800E7102C4000A84C4000A84C6000A84C5000A80B
S3150800E7201C1002A8D03E0000A03E00000101010115
S3150800E730503F0000083F0000483F0000F8B5504B26
S3150800E740586F9E6F06404F4830404F4908604F4FFC
S3150800E75002200021012234041FD500923C7E002CA1
S3150800E76007D13C695C60FC687D6964191C603A766F
S3150800E77006E0FC685C603C697D6964191C60397652
S3150800E7807B7E002B00D000917976009B002B04D06D
S3150800E79004233F4C23603F4B186004053E4DF302AB
S3150800E7A02BD53B681F0605D53C490968A9602A7020
S3150800E7B0A88016E0134203D03948A860AA8010E062
S3150800E7C0D80610D52748A860364A907803071B0F45
S3150800E7D012789A1800091018A880E980A8880028D5
S3150800E7E009D0264309E0580604D5281D2E4909688C
S3150800E7F08847F3E7A980FFF795FE264024D0224EE6
S3150800E80074603460294FA88800280BD03968814283
S3150800E81008D3291D2648AA6890470100F3D0FFF7B8
S3150800E8206DFEF1BD01000CD0FC218902F161194988
S3150800E83002038A6634600C653A68824204D3CC6463
S3150800E840F1BDEB20FFF773FEF1BD000011110000CA
S3150800E85021840000043F0000283F0000583F0000C4
S3150800E860204000A811210000F84F0000502102A8FE
S3150800E870481002A8184001A84C4201A8D04000A898
S3150800E880404000A8FFFFDFFFB46000A8D03E0000AC
S3150800E890F41302A8685000A8A43E00009C3C00009F
S3150800E8A025210000593F0000983C0000D44000A8EC
S3150800E8B0D84000A810B5C409FFF797FD201A3128DB
S3150800E8C006DAC000183801D4C01EFDD5002010BDD8
S3150800E8D02000FFF794FD10BDC32148436F3801D4CB
S3150800E8E01E38FDD500207047524801210170524953
S3150800E8F00A684260496881605049E02252010A600C
S3150800E900802292004E4B1A60FD224A604D490968E2
S3150800E91001614D494D4A11608121C9004C4A116077
S3150800E9204C490968C16007204B49086002204B49D9
S3150800E930086070473F48017800290CD00169414AB0
S3150800E940116000210170C168424A11603A49826823
S3150800E9504A60406808607047FEB5C020C004404958
S3150800E9600860404C404860654048A0651020FFF7A5
S3150800E970B3FF00285CD1FF2000053D4908603D48EB
S3150800E9803D4908603D48206080256D03384805608C
S3150800E9903B4807680820FFF79FFF002848D108264C
S3150800E9A0384806600120FFF797FF354880680190D0
S3150800E9B035480660354820602D4805600820FFF771
S3150800E9C08BFF002834D12F4806600120FFF784FF0B
S3150800E9D02B4DA86800902C4806602D4820600199A8
S3150800E9E0009800F05FF80004FC26B603064001987C
S3150800E9F0C10B0098C00B00F055F80106FC208005F5
S3150800EA00084030432349020C4A40FF239B1CD21876
S3150800EA101140014321602F608020000314490860DB
S3150800EA201D481E4901601E494160FFF783FF00200B
S3150800EA30FEBD0000883E0000AC0102A8AC1102A889
S3150800EA40B02102A8F00002A8083E0000F02002A8A3
S3150800EA50F01002A8704001A8706001A8705001A8C3
S3150800EA6020E000A84C0102A857140000FF3FFF3F12
S3150800EA70B42002A80000380EB41002A810103030D6
S3150800EA80104101A8105101A8106101A830301010DA
S3150800EA90202020203F3F0000A02102A8F703F00015
S3150800EAA0FF3F000010B54904CA104004C310991A64
S3150800EAB000209A18D30F9A18521052188B115B0E11
S3150800EAC05B18DB11D2182023541A01D422001843EC
S3150800EAD0CC0F611849105B08F6D110BDEFF3108012
S3150800EAE072B67047002800D162B6704780B5FEF747
S3150800EAF0ABF9A548006800030CD4FEF79DFCFFF7A8
S3150800EB00C7FAFEF729FC0120FFF79CFAFEF7A7FFD4
S3150800EB10FFF710FF80208005FEF744F901BD80B598
S3150800EB20FEF792F980204002FEF73CF901BDF8B5E0
S3150800EB30FEF72AF9844D05206865FEF72EF99348F5
S3150800EB4006680124264201D1FEF7FDFA6003C021BA
S3150800EB5089018F4A1268D205D20D012A00D1080010
S3150800EB608C4A11602860E0058B490860FEF76CF94D
S3150800EB708A4801680091406889490860B005C70F4E
S3150800EB80884D00202860380004D031000098FDF731
S3150800EB90F9FE00902868204005D16846FEF70EFB6E
S3150800EBA000280BD107E0002F05D07F4800682040D9
S3150800EBB001D0FEF726FA0098FEF756FB7648046061
S3150800EBC0022096490860C820C0049F49086060046E
S3150800EBD0FEF7E8F8F1BDF8B59C4F9B4C01259C481B
S3150800EBE09C490968014081420FD19B48006828402A
S3150800EBF00BD09A4801689A4805606805E063B863CF
S3150800EC00014000D1E06397480560974E306CC00517
S3150800EC1006D580200006306000BF00BF400830607F
S3150800EC20FEF7E2FBFEF710F9280320603860FDF7CF
S3150800EC30F0FC0400A848A9490860A804FEF7B2F841
S3150800EC40002C01D080203060A5480570F1BDF8B5CC
S3150800EC50FEF7FAF8FC27BF0138780521014002D0F3
S3150800EC60FEF77BF901E0FEF785F97F4C01250226C0
S3150800EC703868304000D025601020C04399490860A4
S3150800EC800020E06398490860FEF77EF89748006818
S3150800EC90216C090407D4000705D5FEF78BF89449BB
S3150800ECA00E60FEF790F8FEF778F8FFF706FD914834
S3150800ECB0006805400CD0802000068F49096801408D
S3150800ECC006D08E490968084002D10D20FFF71DFCC1
S3150800ECD0B004FEF767F8F1BD80B5FEF7B5F82A4827
S3150800ECE00068000303D4FEF737FBFEF7B8FE802062
S3150800ECF04003FEF757F801BD38B5FEF7A5F85A4C9C
S3150800ED002025FFF791FA002806D0606B000704D586
S3150800ED10FFF7AFFAFEF77EFF2560FEF71DFBFEF74D
S3150800ED209EFEFC20800100780C210140042902D1B6
S3150800ED30FEF713F901E0FEF71DF96804FEF732F84D
S3150800ED404020206031BD0000081102A880B5FEF7FA
S3150800ED501BF80520BE490860FEF71FF8FEF774F891
S3150800ED60FFF787FAFF208001006800906846FEF7E3
S3150800ED7012FF002802D10098FEF77CFF802040048D
S3150800ED80FEF710F801BD00000C0002A8440002A816
S3150800ED903C8001A8082102A8442002A8AC3F000034
S3150800EDA09C3E0000843E0000EC0002A8F8B5FEF781
S3150800EDB04BF8A84CA56A5020284002D0FEF7CDF89B
S3150800EDC001E0FEF7D7F8284FFFF72EFA00281BD1E7
S3150800EDD0B86B40071DD4786BE0214901014018D172
S3150800EDE0A80611D4FDF7D0FFA56A9B4E354207D079
S3150800EDF0FF20C0432D18A5628020000597490860AA
S3150800EE00FDF7CBFF2E4002D00120386001E000203C
S3150800EE10206080208004FDF7C5FFF1BD305201A8AF
S3150800EE2080B5FEF711F8BE480068C00501D5FEF7A3
S3150800EE3093FA0120FFF706F9FEF711FE8020C004B9
S3150800EE40FDF7B0FF01BD0000106001A8145001A82D
S3150800EE5040000800D03E0000884101A84C4001A8A7
S3150800EE60405101A8406101A8100002A810B5FC2075
S3150800EE7080010468FDF7E8FF79490968090326D483
S3150800EE800321C00601D5214001E0A008014001295F
S3150800EE9002D1FEF762F80BE0200107D50E20FFF736
S3150800EEA02DFBA0480421016008210160FEF762F8E5
S3150800EEB09D4801699D4A11600068002807D04000F6
S3150800EEC0122802D2FFF708FD01E0FFF774FA802046
S3150800EED08003FDF767FF10BD70012000B46000A82D
S3150800EEE0B63E0000482002A8A03E0000844000A8C4
S3150800EEF024E50350404101A8D44101A8304001A8A7
S3150800EF00F0B585B001276846077000240394FDF71D
S3150800EF109BFF0490524D286800036FD40320A5492F
S3150800EF200864A54800680290A44EA5490007000F8A
S3150800EF30032804D002980004000F06283AD1A148F5
S3150800EF4000684A6803922A6C920701D5896803917A
S3150800EF50FFF797FA0399401801D5019400E001904C
S3150800EF60A86B0107C80F0321326B0A40022A1BD17E
S3150800EF70049AD20618D53268D30513D5EF6B924B8F
S3150800EF801F409F4203D110218A4A11640CE0920562
S3150800EF900AD42A6C2823134006D16B461C702F4AC4
S3150800EFA0116001E06A461470039068460778002FDE
S3150800EFB002D10EE008680190FFF736F9002808D05C
S3150800EFC0FFF757F90398002802D0FEF723FE00E062
S3150800EFD00027022077490860002F10D03020305CC7
S3150800EFE00C210140042902D0E86BC00602D5FDF7C2
S3150800EFF0B4FF01E0FDF7BEFF2020686021E0FEF7C0
S3150800F000ABF980200006154908600020C0436F4907
S3150800F010086001A8FEF7BFFD002812D10298000774
S3150800F020000F03280AD1A86B800507D5A020400049
S3150800F03031680140814201D1FDF788FC0198FEF74D
S3150800F04019FE80200004FDF7ADFE05B0F0BD0000F6
S3150800F0505C1102A8D83E000000FFFF00481002A875
S3150800F0600C0002A8FEB500240194FDF7EDFE584EEB
S3150800F070F06E584D0007000F072807D17068002862
S3150800F08004D40020FEF7DEFF286841E001210320B2
S3150800F0904A4A73685B070BD44F4B1B680B4007D073
S3150800F0A01368DF050BD55B0502D43368DB0503D48B
S3150800F0B00191116B890904E01021484B1960116B05
S3150800F0C00909084000900020FEF7BCFF00980028B8
S3150800F0D005D17068C00602D4FDF74CFF01E0FDF7C4
S3150800F0E03CFF00200199002903D13D480068FFF73D
S3150800F0F0C8F96969401801D5009400E0009068468F
S3150800F100FEF75CF8002805D10098FEF7ADF8A86967
S3150800F1100649086080200005FDF744FEF7BD00009B
S3150800F120680102A880E200E0A03F00009C3E0000C3
S3150800F130F8B5FDF789FE002400252A48466B802786
S3150800F1407F05300606D5300709D5FFF792F8FEF792
S3150800F15061FD2AE0012520480068284019D00020D2
S3150800F160FEF770FF0220064002D01F490C60C861F6
S3150800F1701E480468002D03D02000FDF7A1FC0400FA
S3150800F180FFF777F82000FEF775FD3800FDF70AFE51
S3150800F190F1BDFC2080010078C0210140402902D140
S3150800F1A0FDF7DBFE01E0FDF7E5FE20200D490860CE
S3150800F1B0EBE70000082002A8B00002A8D03E000035
S3150800F1C0B43F00000CC101A810000010B46000A8EC
S3150800F1D0440002A8B03F0000B44000A8481002A8A6
S3150800F1E01CC101A8100002A8180000AACC3F000004
S3150800F1F000F03CF802480349486000F053F800BFA5
S3150800F200812D00000000000080B5EFF305800B2873
S3150800F21001D23A2100E02921FF221632002000F00F
S3150800F22039FAFEE710B5C20018231340FF249C40A4
S3150800F230E2438907090E9940030004D46E489B08E7
S3150800F2409B00C01806E0A14B0007000F083880088D
S3150800F2508000181803681A401143016010BD80B574
S3150800F26073225421002000F015FA01BD10B5FFF7EE
S3150800F27035FC624901220A60614B624C2360624C8C
S3150800F28023600323614C2360614C2360614B1A6041
S3150800F290614B1A60614A9F4B1A6011228A63FFF715
S3150800F2A021FC10BDFFF71AFC05000024012160B2FD
S3150800F2B0FFF7B8FF641C0E2CF8D301210F20FFF7C7
S3150800F2C0B1FF01211120FFF7ADFF01211320FFF740
S3150800F2D0A9FF01211720FFF7A5FF03210120C0433D
S3150800F2E0FFF7A0FF01211E20FFF79CFF7848794908
S3150800F2F008600220784908600120904908604704A0
S3150800F300764C20693840FCD02068800101D4FDF78E
S3150800F31022FD2800FFF7E6FB714D0AE000281BD006
S3150800F320FDF748FD18E020693840FCD03000FFF7AB
S3150800F330D9FB206E0004000F022801D1FEF718FA47
S3150800F340FFF7CCFB0600FDF745FD00286878E5D0F9
S3150800F350002801D1FDF737FD01202978002906D1BB
S3150800F36077490968890601D45B49086030BF0021DE
S3150800F37029700221584A116070490860D3E771481C
S3150800F380016842680A40704810401E4908608007B4
S3150800F39003D5A9480188491C01807047F8B56B4810
S3150800F3A0016840680840070E3F06694804688025DA
S3150800F3B06D02F8010DD567480068BC2189008842AE
S3150800F3C004D12C4202D06448006880470220634971
S3150800F3D00860634E680207420BD070605D4800689B
S3150800F3E0BC218900884204D1254002D0A54800687E
S3150800F3F080473760F1BD000000E400E0040002A881
S3150800F4000000FF3F282002A82C1002A840E002A80E
S3150800F41044C002A804C001A8044001A82000600650
S3150800F420F8B5864C206865680540974805608026CB
S3150800F430F6054C4AB00C95490B68002B10D10542CD
S3150800F4400ED0934B5F68FF070AD51B68DB0007D50C
S3150800F45080231B06136000BF00BF16608A4B186026
S3150800F4609B4F3B78062B0FDA08688C2189010143EC
S3150800F47029401BD0FFF732FB00902800FDF76CF9F6
S3150800F4800098FFF72FFB11E00B68526B92050DD51C
S3150800F490C822D2041A432A4005D0FDF7DBFF28000C
S3150800F4A0FDF75AF902E0AA0200D508608948006803
S3150800F4B0064009D0A80607D5A068000704D53878FD
S3150800F4C0072801D1FDF72AFAF1BD00001CED00E07E
S3150800F4D0FFFF9B4000E100E0602002A8500002A860
S3150800F4E0B63E000010B57C48016844680C407B486D
S3150800F4F0046080210C4205D04160794801600020F3
S3150800F500FDF72AF9600403D580204005754908608F
S3150800F51010BD0000145001A838B573480168446846
S3150800F5200C40E00707D5FFF7D9FA0500FDF7AEF955
S3150800F5302800FFF7D7FA6D48046031BD601002A8AD
S3150800F540F40302A8280002A8FFFF00C0B44000A8E0
S3150800F550D03E0000784001A8903C00002C4000A84E
S3150800F560B46000A8100002A8FEB5614C206C676C58
S3150800F570074001252F4216D02E065E4806602068F1
S3150800F5805D490D60002802D00021FDF7A3FB5B480A
S3150800F5900068A021C90188428041C043C00F58496C
S3150800F5A0487058480660FDF705FC019002200740A0
S3150800F5B03ED06168CEB20F0A53490822474B44032E
S3150800F5C0012E24D0022E31D1012F22D14F4EF678AA
S3150800F5D000964E4E37780126BE404D4F3E604B4E44
S3150800F5E03678760590277F04F71903263E43494F58
S3150800F5F03E601C60484B1C600B68009C1B194B65E1
S3150800F600424909788D4045490D6045490DE000900D
S3150800F610DFE7002F0AD1434E356000254D655C6053
S3150800F6201C60C104404B196040490A6032490860B1
S3150800F6300198FDF7C8FBF7BDB43E0000104001A8CD
S3150800F64070B5FDF7B7FB0400FFF748FA31490A68B9
S3150800F650D20710D52C4A566D1368FB25AD012E60CE
S3150800F660CE686E604968E9818021C904214E3160FF
S3150800F670297B59185165FFF735FA2000FDF7A3FBDA
S3150800F68070BD0000943C0000106001A8B03E000068
S3150800F690344301A8002800D0704770B50C00FDF768
S3150800F6A089FB0500FFF71AFA0600FDF79DFB2048BF
S3150800F6B0046001211F4A1160026C0A40FCD1FDF763
S3150800F6C098FB3000FFF70EFA2800FDF77CFB70BDAB
S3150800F6D07C3E00004C4201A890C001A890E001A819
S3150800F6E00CC001A804ED00E0C0C000A8C0E000A856
S3150800F6F000C002A8441002A840E002A8404000A8A2
S3150800F700B63E0000442002A818800A50C93E0000F0
S3150800F71068A00A5060C101A894D001A868900A5050
S3150800F720F42302A860E101A880E200E0F41302A82D
S3150800F7300080095040900950232D302B2000686C1A
S3150800F7404C006566674546470030313233343536F6
S3150800F750373839414243444546003031323334352F
S3110800F7603637383961626364656600005C
S30D0800F76CC40AFF7F010000003A
S3110800F77480F70008A025002057000000C0
S3150800F7800000000000000000FFFF000038BC000871
S3150800F79000000000FFFFFFFFFFFFFFFFC02500205E
S3150800F7A0B81D002050C2000802000000310E0008F3
S3150800F7B0000000000000000000000000000000003B
S3150800F7C00B000000B81D0020FFFFFFFFC0EA210163
S3150800F7D0C0EA210100800000C01753020A00E40CA9
S3150800F7E00A0000000027002039A500085CC40008AC
S3150800F7F0FFFFFFFF0DA7000809A70008FFFFFFFF8F
S3150800F800FFFFFFFF11A70008FFFFFFFF87AA0008F9
S3150800F810B1AA0008FFFFFFFFFFFFFFFFFFFFFFFF83
S3150800F820FFFFFFFF0040005A00C003500040005091
S3150800F83000800050BD740008916B00088D670008B1
S3150800F840E16700083D6A0008516A0008296B00084C
S3150800F850456C00082D6C00082D660008796B0008B9
S3150800F86000000000000000003B2D0000902600204C
S3150800F87000000000D42300203C240020A4240020FB
S3150800F880000000000000000000000000000000006A
S3150800F890000000000000000000000000000000005A
S3150800F8A0000000000000000000000000000000004A
S3150800F8B0000000000000000000000000FFFFFFFF3E
S3150800F8C00C00000000002801FF0CFFF0FF000000FC
S3110800F8D00D020008AD020008E501000862
S7050800105989
