S01B00004E6574416E616C797A65725F464732335F5630312E73333705
S3150800000000080020DD1200084F9C00084F9C0008DD
S3150800001097A700084F9C00084F9C00084F9C0008B3
S315080000204F9C00084F9C00084F9C00084F9C0008F6
S315080000304F9C00084F9C00084F9C00084F9C0008E6
S315080000404F9C00084F9C00084F9C00084F9C0008D6
S315080000504F9C00084F9C00084F9C00084F9C0008C6
S315080000604F9C00084F9C00084F9C0008A5110008EB
S31508000070951100084F9C00084F9C00084F9C0008EB
S315080000804F9C00084F9C00084F9C00084F9C000896
S315080000904F9C00084F9C0008F51900084F9C000863
S315080000A04F9C00084F9C0008CD150008A5150008B0
S315080000B04F9C00084F9C000835830008F18D000806
S315080000C0D3AE0008CFAE0008A5850008E9AE000843
S315080000D0D7AE0008C18D0008DBAE0008558E0008B3
S315080000E08D8E00084F9C00084F9C00084F9C000806
S315080000F04F9C00084F9C00084F9C00084F9C000826
S315080001004F9C00084F9C00084F9C00084F9C000815
S315080001104F9C00084F9C00084F9C00084F9C000805
S315080001204F9C00084F9C00084F9C00084F9C0008F5
S315080001304F9C00084F9C00084F9C00084F9C0008E5
S315080001404F9C00084F9C00084F9C00084F9C0008D5
S315080001504F9C00084F9C0008CDBA0008996D00080E
S315080001604F9C00084F9C000875AE00087BAE00083F
S3150800018070470000000000000000000000000000AA
S315080001900000000000000000000000000000000051
S315080001A00348044B834202D0034B03B118477047F8
S315080001B0FC260020FC26002000000000064B07490C
S315080001C0C91A891048BF0131491003D0044B0BB135
S315080001D001481847704700BFFC260020FC2600206F
S315080001E00000000010B5064C237843B9FFF7D8FF86
S315080001F0044B13B10448AFF300800123237010BDEC
S315080002003A25002000000000BCFB000808B5054B95
S315080002101BB105490548AFF30080BDE80840FFF764
S31508000220CDBF00BF00000000400A0020BCFB00084C
S31508000230A3F5803A704700BF174B002B08BF134B36
S315080002409D46FFF7F5FF00218B460F461348144AD3
S31508000250121A0AF090FE0E4B002B00D098470D4B51
S31508000260002B00D098470020002104000D000D48FF
S31508000270002802D00C48AFF3008009F04DF82000A2
S31508000280290009F004FC08F0F3FF00BF000008008D
S315080002900000000000000000000800200008002000
S315080002A080250020000000000000000000B583B093
S315080002B00B4B4FF080625A66012304220921022063
S315080002C002F0E6FD0023019302E0019B013301934E
S315080002D0019A49F63F439A42F7D903B05DF804FB01
S315080002E00090005030B587B000F0D2F8042143489A
S315080002F009F062FB0023ADF81030ADF8143005A9FB
S3150800030004A800F031FC002830D03D493D4809F0EA
S3150800031053FB42F6B112BDF810103B4809F04CFBEE
S315080003204FF20852BDF81410384809F045FB00236F
S31508000330ADF80E300493059305AA04A90DF10E0035
S3150800034000F012FDA0B12E494EF67D330193BDF89B
S315080003500E3000934FF40C73049A2D4809F02CFBC9
S31508000360059B0BB1049B2BB907B030BD2949CDE7D6
S315080003702849E9E7284809F01FFB0BF051F905461B
S315080003800499059800F0B6F80BF04AF90446234894
S3150800039009F012FB0BF05EF9641B054660B3E20E2A
S315080003A063011B1B62F10002520242EAD3525B024E
S315080003B01B1942F10002910141EA93619801C01AA2
S315080003C061EB020100192A464FF0000341F10001D2
S315080003D008F0BEFD034622461149124809F0ECFA18
S315080003E000F0A0F8044600F097F80346224629468E
S315080003F00D4809F0E1FAB7E70346ECE750BB0008F9
S3150800040040BB0008A0BB0008BCBB0008E4BB000852
S315080004100CBC000848BB00084CBC00085CBC0008C3
S315080004206CBC000878BC0008B8BC000831B300B53D
S315080004308E46144B1B889BB2134A128892B29B1A9B
S31508000440C3F30A03C3F5FF6307338B4218D30D4B77
S315080004501B889BB2002208E010F802C00B4901F87D
S3150800046003C00133C3F30A0301327245F4D3BFF361
S315080004705F8F044A138001205DF804FB0120704752
S315080004800020F9E71E2500201C2500205C0A002014
S315080004900023034A1380034A1380034A13607047F4
S315080004A01E2500201C250020580A00200CE00D4AB5
S315080004B013889BB20C49C95C0C4B596413889BB2D0
S315080004C00133C3F30A031380064B1A8892B2084B0A
S315080004D01B889BB29A4204D0044B9B6C13F0400FC6
S315080004E0E5D170471C2500205C0A00200000015B4E
S315080004F01E25002060B110B50C4601B910BDFFF7E6
S3150800050095FF0028FAD1034A136823441360F5E7D8
S31508000510704700BF580A0020014B1868704700BF93
S31508000520580A0020044B188880B2044B1B889BB2DB
S31508000530C01AC0F30A0070471E2500201C2500209B
S31508000540F0B597B00023059305AB402206A93048BD
S31508000550006809F07EFE10B90446059B3BBB17B040
S31508000560F0BD9DF80850BDF80A60BDF8107000F09F
S31508000570F9FC00903B4632462946264809F01CFA03
S315080005809DF80830432B11D1BDF80A10039800F0E6
S315080005908DF80BE0BDF81050BDF8126000F0E2FCD3
S315080005A00346324629461C4809F006FA0134059BDB
S315080005B0A342D4D902A904F158036B4413F8400C9A
S315080005C000F018FC01380428F0D801A353F820F0ED
S315080005D063050008E5050008F30500089505000809
S315080005E00106000800F0BEFC01460C4809F0E4F9D3
S315080005F0DCE700F0B7FC0146094809F0DDF9D5E764
S3150800060000F0B0FC0146074809F0D6F9CEE700BF6E
S31508000610E4250020ECBC000824BD000858BD0008ED
S3150800062094BD0008C4BD000838B5FFF73FFF0AF0BF
S31508000630F7FF0F4B1A685B68904271EB030302D20F
S31508000640FFF77EFF38BD05460C460A4B196801318F
S315080006501960094809F0B0F94FF47A700BF000F800
S31508000660401944F10004024B18605C60E8E700BFDB
S31508000670000800205C120020E4BD000800B583B025
S315080006800B46009202464FF40C71074800F070FCC6
S31508000690B0F50C7F02D003B05DF804FB01460248B2
S315080006A0FFF728FFF7E700BF601200202DE9F041A9
S315080006B0A6B0002878D00446002975D0B1F5077F82
S315080006C001D94FF40771002320930D4620AB009300
S315080006D0112321AA204609F0B7F900286CD09149C0
S315080006E021A80AF067FC00286CD08F4921A80AF0D7
S315080006F061FC00286CD08D4921A80AF05BFC002813
S3150800070000F08980209F3C44BD4240F28A80EF1B5E
S31508000710874921A80AF04EFC002800F08480854904
S3150800072021A80AF047FC002800F0B580824921A8D4
S315080007300AF040FC002800F02781804921A80AF029
S3150800074039FC002840F0808100252E46BD4280F005
S3150800075058810023089308AB0093082306AA791B3F
S31508000760601909F071F9002800F04B81089B1D44B7
S31508000770032E00F23A810DF1120106A809F040F99C
S31508000780002800F03881BDF81280404609F02CF99F
S31508000790002800F03081731C06F198020DEB020662
S315080007A006F8848CDEB2D1E7654A00216548FFF772
S315080007B065FF26B0BDE8F081614A00216148FFF770
S315080007C05DFFF6E7604A012121A8FFF757FFF0E72A
S315080007D05E4A13889278B2B15D4A5C49C978A1B17C
S315080007E05C495A48007A0290019100925A4A60215F
S315080007F008A808F04FFD002809DB08AA012121A84E
S31508000800FFF73CFFD5E7554AE7E75549E9E70023EF
S315080008108DF82030F1E7534A002121A8FFF72EFF73
S31508000820C7E7002774E700230093082306AA39467A
S31508000830204609F009F980B105A906A809F0E0F8EB
S3150800084028B1BDF81440204609F0CEF858B9464AF2
S31508000850002121A8FFF712FFABE7444A002121A88F
S31508000860FFF70CFFA5E7394A1480632C94BF0023D1
S31508000870012393706BB1364B009323463C4A3021D3
S3150800088008A808F007FD08AA012121A8FFF7F6FE27
S315080008908FE7324BF0E700230093082306AA394670
S315080008A0204609F0D1F858B12C4906A80AF082FB6F
S315080008B090B1274906A80AF07DFB38B901220CE059
S315080008C02C4A002121A8FFF7D9FE72E72A4A0021FF
S315080008D021A8FFF7D3FE6CE700221C4B1B88632B6D
S315080008E094BF002101218A4210D0632B0CD9184AE3
S315080008F00092224A502108A808F0CCFC08AA002138
S3150800090021A8FFF7BBFE54E7144AF1E70F4B9A708C
S315080009102AB11B4A012121A8FFF7B0FE49E7194A67
S31508000920F8E700BF44BE000864BE000890BE000891
S31508000930B8BE000804BF000874BF0008B8BF0008A6
S3150800094038BE000840BE000848BE000890140020C3
S3150800095008BE0008F4BD00086CBE000814BE0008F6
S31508000960FCBD000894BE0008C8BE0008BCBE00084E
S31508000970F4BE000808BF000824BF00083CBF0008F2
S3150800098004BE000810BE0008002300930A2308AA24
S315080009903946204609F058F8A8B12E4908A80AF0A1
S315080009A009FBB0B12C4908A80AF004FBA8B92B4BDF
S315080009B00122DA70294BDB78ABB1294A012121A83B
S315080009C0FFF75CFEF5E6274A002121A8FFF756FE49
S315080009D0EFE6224B0022DA70ECE7234A002121A831
S315080009E0FFF74CFEE5E6214AE8E7214A002121A85F
S315080009F0FFF744FEDDE61F4A002121A8FFF73EFE69
S31508000A00D7E60EB100230FE01B4A002121A8FFF705
S31508000A1035FECEE603F198026A4412F8841C0F4AA2
S31508000A201A4411710133DBB29E42F3D80B4B1E7286
S31508000A303346124A302108A808F02CFC08AA0121DE
S31508000A4021A8FFF71BFEB4E60D4A002121A8FFF7EF
S31508000A5015FEAEE6FCBD0008F4BD000890140020A3
S31508000A601CBE00087CBF00089CBF000828BE000802
S31508000A70C0BF0008D4BF0008F0BF00080CC00008BB
S31508000A802CC0000810B414460CE0094BA3FB01C3A4
S31508000A90DB089C4603EB8303A1EB4303013C30339D
S31508000AA003556146002CF0D110445DF8044B70479D
S31508000AB0CDCCCCCC13467AB110B401F00F0C013B67
S31508000AC0064C14F80CC000F803C00909002BF4D131
S31508000AD010445DF8044B70471044704758C000082E
S31508000AE038B51D4A136801331360012408E0012B49
S31508000AF018D9631C194AD35C542B13D00134A4B2F9
S31508000B00174B1D88A5420DD9144B1B5D532BF5D1E8
S31508000B102B1B9BB2052BEAD91048204409F00DF887
S31508000B200028EBD0A54205D800230D4A13800D4AAC
S31508000B30137038BD2D1BADB208482A4601190AF0B4
S31508000B4000FA074B1D80012D03D90222054B1A70A6
S31508000B50EFE70122FAE700BF9C140020A01400204A
S31508000B60202500203B25002070B506460D460921A4
S31508000B700C4809F007F8044603210B4809F002F867
S31508000B8006B1348005B1288042F6B1139C4201D0E3
S31508000B90002070BD4FF20853984201D00020F8E7B4
S31508000BA00120F6E74CC0000848C00008002800F0FD
S31508000BB0CC802DE9F04715460746002A00F0C78085
S31508000BC0B1F50C7FC0F0C580B2F818A05369002BA8
S31508000BD06AD0BAF1F30F6AD8B846532308F8023B2D
S31508000BE054237B70BE1D52237B710A222968304626
S31508000BF0FFF748FF2C2400F8014B0322A988FFF7CA
S31508000C0041FF0470B5F90610002953DB2B23437006
S31508000C100029B8BF4942032289B20230FFF732FFE2
S31508000C202C2400F8014B0322297AFFF72BFF00F842
S31508000C30014B6B7A002B3FD04849042208F031FF5C
S31508000C402C2400F8014B0222A97AFFF733FF00F89B
S31508000C50014B0222E97AFFF72DFF00F8014B022229
S31508000C60297BFFF727FF00F8014B0222697BFFF774
S31508000C7021FF00F8014B0422E989FFF71BFF00F862
S31508000C80014B0222297CFFF715FF00F8014BD146DC
S31508000C9003225146FFF7F6FE00F8014B831B352B5E
S31508000CA05AD1044600231DE04FF0000A94E74FF09E
S31508000CB0F30A91E72D23AAE72949BEE76A69D25CB8
S31508000CC01209DFF8A0C01CF80210224602F8021B1F
S31508000CD06969C95C01F00F011CF8011061700133E4
S31508000CE09BB214469A45E9D802E0202304F8013B52
S31508000CF0231AB3F5F37FF8D34FEA490103223531B6
S31508000D004046FFF7BFFE02E0202304F8013BA31B81
S31508000D10B3F5077FF8D3002303E0202204F8012B5C
S31508000D200133072BF9D94FF40A71404608F02AFF18
S31508000D30014604222046FFF7BDFE0346452203F876
S31508000D40022B44224270D81B04E000207047002082
S31508000D5000E00020BDE8F0870020FBE738C0000867
S31508000D6048BB000858C00008F0B589B007460E46CB
S31508000D7015460DF1040C1C4C0FCCACE80F0094E89A
S31508000D8007008CE8070001AA4FF40C711748FFF713
S31508000D900DFFB0F50C7F1CD0002207B13A8006B1D2
S31508000DA030600DB1114B2B60B0F50C7F14D00020CC
S31508000DB009B0F0BD303B9BB243EA021292B2013150
S31508000DC00329EADC0A4B5B5C402BF3D9373B9BB221
S31508000DD0F2E700210A46F3E74EF67D339A4201D040
S31508000DE00020E5E70120E3E76CC00008D0160020E4
S31508000DF0FA1800200346574A107848B370B582B0EF
S31508000E000C4601282FD054490A88551CADB20D80CE
S31508000E1052498B54062D41D0B5F50C7FC0F097800A
S31508000E2044B14E4B5A7922700633636000236380BF
S31508000E3023816381494B93F82E32452B04D1474BC6
S31508000E4093F82F32442B3BD0FFF74AFE032013E0DA
S31508000E50532B00D07047414A137001233E4A138032
S31508000E603C4A13707047542B08D0532B0FD00020E0
S31508000E70394B1880374B187002B070BD374A53701B
S31508000E800223354A1380334A13700020F4E7334AA5
S31508000E901370314B01221A800020EDE7084608F04E
S31508000EA04CFE0028B8D13CB12C4B5B79237000234B
S31508000EB06380636023816381FFF712FE0220DBE70C
S31508000EC0274E4FF40A71304608F05CFE05460023AB
S31508000ED0ADF806300DF1060106F50A7008F0FDFDBD
S31508000EE01CB12581BDF80630638130B1BDF80630E6
S31508000EF0AB4202D1022200230CE0FFF7F1FD0420E9
S31508000F00BAE703EB83035B009BB203449BB2303B17
S31508000F109BB20132042A0ADC1049885CA0F1300130
S31508000F20C9B20929EDD9FFF7DBFD0520A4E7B3F51A
S31508000F30077F08D804B163800023074A1380054A4F
S31508000F401370012098E7FFF7CBFD052094E70020F2
S31508000F5092E700BF3B25002020250020A014002092
S31508000F60A2140020014B1868704700BF9C1400208B
S31508000F702DE9F047DDF82090002866D014469A46F9
S31508000F800546002A63D0B1F50C7F62D3B9F1000F8C
S31508000F9026D048460AF006F8804640F206239842CC
S31508000FA000D998462E46532306F8023B54236B7005
S31508000FB0AF1D41236B7110222146384608F071FD9A
S31508000FC02C2300F8013BBAF1000F0CD02249042269
S31508000FD008F067FD04462C2304F8013B002309E0CA
S31508000FE0DFF87C90D5E71D49F1E719F8032004F8E6
S31508000FF0012B01339845F8D8032208F1160130462B
S31508001000FFF740FD02E0202304F8013BE31BB3F59C
S31508001010077FF8D3002303E0202204F8012B0133CD
S31508001020072BF9D94FF40A71304608F0ABFD014693
S3150800103004222046FFF73EFD0346452203F8022B0D
S3150800104044224270581BBDE8F0870020FBE70020C9
S31508001050F9E70020F7E700BF38C000083CC00008E1
S3150800106008BC00080023062073B1704754B224B99F
S31508001070013353B15DF8044B70470228F8D008686D
S315080010800A4908601046F3E710B4094A52F82310D3
S315080010900A7A022AEAD9032AEAD1441EE4B2012CC2
S315080010A0E6D90868014908601046E1E700190020FA
S315080010B0BC25002010B5A2B0202200211AA809F0EC
S315080010C05AFF2B4B1A934FF4E1331C9302238DF8E6
S315080010D07530284A1E9201248DF87D408DF87E4091
S315080010E08DF87F408DF88030002115911691179163
S315080010F0189119914FF4801315931F4B199310915A
S3150800110011911291139114911C4B10931C4B14932B
S315080011103C2201A809F02FFF0DF1040E0DF1540C25
S31508001120BCE80F00AEE80F00DCF80030CEF800305F
S315080011300DF1180E0DF1400CBCE80F00AEE80F00DB
S31508001140DCF80030CEF800300E4B0B934FF480637A
S315080011500C938DF835408DF836400B4B0F930B4B9F
S315080011601AAA01A90A4802F0EBFB22B010BD00BF7B
S3150800117060C8000850C800083C00015B0100100068
S315080011804400015B04190020D0250020041D00201E
S31508001190B81D002008B5024809F0E8F808BD00BFE8
S315080011A0B81D002008B5024809F0E0F808BD00BFE0
S315080011B0B81D002010B58EB02422002105A809F01C
S315080011C0DAFE334B0593334B1B88ADF82430324B8C
S315080011D01B88ADF82630314B1B680B93304B1B68C8
S315080011E00C93304A05A9304803F0A8F800B1FEE789
S315080011F02E4B1C682E4A21462B4B186803F054F9CF
S3150800120000B1FEE74CB12146274B186809F050FBA0
S3150800121001464FF6FF73984206D10021224B186803
S3150800122008F0F5FF38B1FEE71F4B186803F080FA9F
S315080012300028F2D0FEE71F491B4B186803F0BCFADA
S3150800124000B1FEE76FF0C00240F2FF33CDE900239C
S315080012504FF0FF324FF0FF331349086809F071FB6E
S3150800126000B1FEE7144B1B88ADF81030ADF80C3012
S3150800127004A90D4B186809F04CFB00B1FEE703A959
S31508001280094B186809F05BFB00B1FEE70EB010BD0C
S315080012903F9C0008BAC80008B8C80008C0C80008BB
S315080012A0BCC80008219C0008E8250020AC250020C1
S315080012B02B9C000807001100A8C6000808B50448BA
S315080012C0044A121A9210044908F0C2FC08BD00BF6D
S315080012D080010008A00100088025002008B5154BEC
S315080012E083F30A8800F030F8FFF7E8FF124A0AE0AD
S315080012F01068516850F8230041F8230001339168BB
S315080013008B42F5D30C320D4B9A4201D20023F6E7F5
S315080013100B4A08E01168002041F8230001335168A0
S315080013208B42F7D30832074B9A4201D20023F6E7DD
S31508001330FEF782FF00000020C4FB0008D0FB00086F
S31508001340D0FB0008D0FB000870B5134B134A9A600F
S31508001350D3F8882042F47002C3F88820104A4FF464
S31508001360804191660F4D05F500544FF0FF32226615
S315080013700D4A62660222C3F8D020BFF34F8FBFF32F
S315080013806F8F002002F09AFA4FF44036E66000208C
S3150800139008F057FF2E6170BD00ED00E00000000860
S315080013A000900050008000447FFF7F01014B1860C9
S315080013B0704700BFF025002008B5064B1860064B9D
S315080013C01B6F03F00703032B00D008BD09F034FF99
S315080013D0FBE700BFF82500200080005010B5044642
S315080013E00FE00123834024EA03040F2814D800EBF6
S315080013F040020E4B03EB82035A6812B19968C0B2D9
S31508001400904794B1234600201F28EAD813F0010F0D
S31508001410E7D101305B08F7E7103800EB40039B0083
S31508001420B033024A13440433E6E710BDD41D002046
S3150800143008B50D480AF017FA1A2002F02FFA28B94B
S315080014401B2002F02BFA40B9002008BD1A2002F032
S3150800145035FA1A2008F0F5FEF2E71B2002F02EFAFC
S315080014601B2008F0EEFEEFE74CC800082DE9F04116
S3150800147070B30C46174605460F292BD803784BB18F
S31508001480022B20D0032B21D0012B01D0002303E00F
S315080014900F2301E040F2FF736A78D34013F0010F7F
S315080014A01AD00F4BD3F81063C6B90AF0CFF98046A5
S315080014B03A462146284601F033FE40460AF0C1F96D
S315080014C03046BDE8F08140F2FF33E5E73F23E3E726
S315080014D02226F5E72126F3E72126F1E70226EFE79C
S315080014E000C0035040B310B5044603784BB1022B35
S315080014F01DD0032B1ED0012B01D0002303E00F23A0
S3150800150001E040F2FF736278D34013F0010F15D063
S315080015100AF09CF9237862780121914003EB430392
S315080015201B01074AD1500AF08CF9002010BD40F281
S31508001530FF33E8E73F23E6E7222070472120F5E757
S3150800154040D0035040B310B5044603784BB1022B84
S315080015501DD0032B1ED0012B01D0002303E00F233F
S3150800156001E040F2FF736278D34013F0010F15D003
S315080015700AF06CF9237862780121914003EB430362
S315080015801B01074AD1500AF05CF9002010BD40F251
S31508001590FF33E8E73F23E6E7222070472120F5E7F7
S315080015A040E0035008B5084BD3F82404D3F82024A8
S315080015B0104000F0553020F0502003F50053C3F8D2
S315080015C02004FFF70BFF08BD00C0035008B5084B01
S315080015D0D3F82404D3F82024104000F0AA3020F0D1
S315080015E0A02003F50053C3F82004FFF7F7FE08BD53
S315080015F000C00350F0B585B00C4694469DF83410EB
S31508001600664A1278002A00F0BD800546BCF1070F2D
S3150800161000F2BA800A9A002A00F0B8800B9A002ACB
S3150800162000F0B6800E9AB2F5006F00F3B380012879
S315080016305BD05B4A02EB0C12127B002A00F0AC80EE
S3150800164000220092019202920392564A02EB4C1E25
S31508001650002C4FD14FEA4C1600209051CEF80400CA
S31508001660CEF80800CEF80C009EF8020040F01000F4
S315080016708EF802009EF8030040F030008EF8030052
S3150800168021B9C1B241F003018EF8031000930E9BF5
S31508001690013B444A4FEA4C1002EB4C11165A63F3CD
S315080016A00E1616520A9B8B600B9B4B60CB789DF8E7
S315080016B03C2062F38303CB70012D36D0109B002BA0
S315080016C056D0374A4FEA0C1102EB0C1310985050BB
S315080016D0119A5A6000249C605D737246694660469A
S315080016E001F07AFC204605B0F0BD0C9A002AA0D17C
S315080016F02D48F8E72B4F4FEA4C1607EB4C12002003
S31508001700B85150609060D060907840F010009070AA
S31508001710D07840F00300D0700029B7D107EB4C12FF
S31508001720C1B241F03001D170B0E70E460A7B42F0F3
S3150800173001020A73D2B242F002020A73CA6804218D
S3150800174061F39F02F26006F1100796E80F0087E83A
S315080017500F00F2696FF0030161F39F02F2610C9BBF
S315080017607361012CAAD10B9AB2610C9A7260A5E733
S31508001770002DA6D10B4B03EB4C139A786FF304128A
S315080017809A709EE70948AEE70748ACE70648AAE715
S315080017900548A8E70448A6E70548A4E73C2500202D
S315080017A03C2000203C1F0020018000F0028000F051
S315080017B0078000F0134B1B78FBB110B50446F0B157
S315080017C00AF044F80023072B13D80F4A02EB03123A
S315080017D0127B0AB10133F6E723600B4A190102EBC3
S315080017E0031301241C73002454500AF02AF82046D7
S315080017F002E00AF026F8054810BD05487047054876
S31508001800FAE700BF3C2500203C200020048000F0B9
S31508001810028000F0018000F038B50AF017F8044697
S315080018200023072B06DC0C4A02EB0312127B12B9C3
S315080018300133F6E7002222B120460AF002F80748EB
S3150800184038BD01F075FB0025054B1D70204609F0D3
S31508001850F8FF2846F4E700BF3C200020058000F08A
S315080018603C2500200F4B1B78BBB110B50446072852
S3150800187015D809F0EBFF0C4B03EB04131B7B1BB9C4
S3150800188009F0DFFF09480BE0074B03EB04130024BC
S315080018901C7309F0D6FF204602E005487047054844
S315080018A010BD00BF3C2500203C200020068000F02B
S315080018B0028000F0018000F000B583B0134B1B686E
S315080018C0019300238DF8043009F0C0FF104B1B78F4
S315080018D033B90F4B01221A7009F0B3FF002309E050
S315080018E009F0AFFF0B480EE00B4A02EB031200218A
S315080018F011730133072BF7DD08238DF8073001A88C
S3150800190001F03AFB002003B05DF804FBACC6000802
S315080019103C250020038000F03C20002010B5104C28
S315080019202478BCB1072817DC0E4C04EB0014247B82
S31508001930A4B10C4C4FEA001E04EB001C44F80E3010
S31508001940029BCCF804300024CCF8084001F044FB94
S31508001950204610BD0448FCE70448FAE70448F8E7BF
S315080019603C2500203C200020028000F0018000F089
S31508001970078000F008B50A4B1B785BB107280BD81F
S31508001980084B03EB00131B7B43B1002101F0E6FA79
S31508001990002008BD0448FCE70448FAE70448F8E7CD
S315080019A03C2500203C200020028000F0018000F049
S315080019B0078000F008B50A4B1B785BB107280BD8DF
S315080019C0084B03EB00131B7B43B1012101F0C6FA58
S315080019D0002008BD0448FCE70448FAE70448F8E78D
S315080019E03C2500203C200020028000F0018000F009
S315080019F0078000F0F8B5194B1F6D5B6D1F4002D4C8
S31508001A000125002402E0FEE701346D00072C24D8E6
S31508001A103D42F9D0124B1D652301124AD358002BBB
S31508001A20F2D002EB0416B1680131B1607268204643
S31508001A30984780F00100C0B2737B012BE4D10028DF
S31508001A40E2D0094B03EB44131A7B6FF341021A7376
S31508001A501A7F6FF341021A77D6E7F8BD00000450E3
S31508001A60002004503C2000203C1F002038B50546C5
S31508001A700C46164BD3F8283103F00703013B052B18
S31508001A8020D8DFE803F003131B0F0B1709F0AEFB92
S31508001A90052305B1286004B1236038BD09F0A6FB0B
S31508001AA00623F6E709F0ECFB0723F2E709F0DEFB6D
S31508001AB00323EEE709F0DAFB0423EAE709F0D2FB91
S31508001AC00223E6E700231846E3E700BF008000503C
S31508001AD030B583B005460C4600230193154BD3F861
S31508001AE0203203F00703042B21D8DFE803F0030BA9
S31508001AF011161B0001230DB1019A2A6004B1236057
S31508001B0003B030BD002101A8FFF7B0FF1123F2E7AB
S31508001B1009F0B6FB01900723EDE709F083FE019073
S31508001B200A23E8E709F0F6FB01900923E3E7002317
S31508001B30E1E700BF0080005038B505460C460F4B5C
S31508001B40D3F8503203F00303022B12D0032B08D02C
S31508001B50012B0AD00023184605B1286004B123607A
S31508001B6038BD09F062FE0B23F6E709F05BFE0A238F
S31508001B70F2E709F0CFFB0923EEE700BF008000502B
S31508001B8038B505460C460C4BD3F8903203F00303E0
S31508001B90012B05D0022B07D109F072FB072305E0BC
S31508001BA009F060FB022301E00023184605B128600E
S31508001BB004B1236038BD00BF00800050024B4FF4CB
S31508001BC080321A67704700BF00900050204B984239
S31508001BD036D009D91F4B984236D01F4B984222D18E
S31508001BE01E4BD3F8D0007047A3F5B703A3F5586387
S31508001BF0984221D006D91A4B984212D1174BD3F8DE
S31508001C00BC007047174B984202D0174B984203D135
S31508001C10124BD3F8A0007047144B9842F8D0002016
S31508001C20704700207047124B984203D10B4BD3F8EC
S31508001C30C800704700207047084BD3F8B8007047B3
S31508001C40064BD3F8C0007047044BD3F8CC00704756
S31508001C50C0EA21010048E801005A62020080E00F4C
S31508001C600024F40080841E0000093D0040420F0055
S31508001C7080BA8C0138B505460C46104BD3F80001DE
S31508001C8000F00300032815D8DFE800F002080C105E
S31508001C90012305B1286004B1236038BD09F0E6FACE
S31508001CA00323F6E709F036FB0923F2E709F0E4FA1D
S31508001CB00823EEE700231846EBE700BF0080005034
S31508001CC038B505460C46174BD3F8200100F0070037
S31508001CD0062823D8DFE800F0040A0E16121A1E009A
S31508001CE0012305B1286004B1236038BD09F07EFAE6
S31508001CF00523F6E709F0BAFA0323F2E709F0C0FA72
S31508001D000723EEE709F0AEFA0223EAE709F06EFACE
S31508001D100623E6E709F0AAFA0423E2E700231846B1
S31508001D20DFE700BF0080005038B505460C46104B6B
S31508001D30D3F8400100F00300032815D8DFE800F0C7
S31508001D4002080C10012305B1286004B1236038BDD0
S31508001D5009F068FD0A23F6E709F0DCFA0923F2E739
S31508001D6009F063FD0B23EEE700231846EBE700BFF7
S31508001D700080005030B583B005460C460023019319
S31508001D80144BD3F8603203F00703013B032B1FD82B
S31508001D90DFE803F0020E1914002101A8FFF790FFEF
S31508001DA00F230DB1019A2A6004B1236003B030BD38
S31508001DB0002101A8FFF7B8FF1023F2E709F060FA3F
S31508001DC001900723EDE709F04DFA01900223E8E7B1
S31508001DD00023E6E70080005030B583B005460C4680
S31508001DE0002301930C4BD3F8703203F00303012B45
S31508001DF009D0022B0DD114230DB1019A2A6004B122
S31508001E00236003B030BD002101A8FFF78DFF102322
S31508001E10F2E70023F0E700BF0080005038B505461A
S31508001E200C46104BD3F8600100F00300032815D8C0
S31508001E30DFE800F002080C10012305B1286004B1A0
S31508001E40236038BD09F0EEFC0A23F6E709F062FACA
S31508001E500923F2E709F0E9FC0B23EEE7002318460D
S31508001E60EBE700BF00800050324B984252D029D889
S31508001E70314B984248D009D9304B984247D0304B1D
S31508001E8098421DD12F4BD3F8800070472E4B9842AD
S31508001E9037D005D92D4B984210D12A4B186F704769
S31508001EA02B4B984202D02B4B984202D1254B986D6A
S31508001EB07047294B9842F9D0002070470020704798
S31508001EC000207047254B98422CD00CD9244B9842B9
S31508001ED02CD003F5740303F5105398420FD1194B10
S31508001EE0D3F8980070471F4B984217D01E4B98425C
S31508001EF003D1144BD3F88C0070470020704700209C
S31508001F007047104B586E70470E4B586F70470D4B05
S31508001F10986F70470B4BD3F884007047094BD3F87A
S31508001F2088007047074BD3F890007047054BD3F8E5
S31508001F30940070470048E8010024F400C0EA210133
S31508001F4080BA8C010080E00FC0CF6A00405DC600F1
S31508001F5080841E0000093D0040420F00007E5603A3
S31508001F600090D00380D54302006CDC0270B582B0C5
S31508001F7006460D4600230193104BD3F8804104F022
S31508001F800304022C16D0032C0FD0012C07D00024F2
S31508001F900EB1019B336005B12C6002B070BD002103
S31508001FA001A8FFF78DFE0F24F2E709F069F9019001
S31508001FB00724EDE709F056F90190E9E7008000509B
S31508001FC038B505460C46104BD3F8400200F003001E
S31508001FD0032815D8DFE800F002080C10012305B124
S31508001FE0286004B1236038BD09F01CFC0A23F6E713
S31508001FF009F090F90923F2E709F017FC0B23EEE73D
S3150800200000231846EBE700BF0080005038B50546A8
S315080020100C46134BD3F8000200F0070004281BD81F
S31508002020DFE800F003090D111500012305B128604A
S3150800203004B1236038BD09F0F5FB0A23F6E709F079
S3150800204069F90923F2E709F0F0FB0B23EEE709F03B
S31508002050F3F8800A0E23E9E700231846E6E700BFEF
S315080020600080005038B505460C46134BD3F80802D5
S3150800207000F0070004281BD8DFE800F003090D115B
S315080020801500012305B1286004B1236038BD09F0A5
S31508002090C9FB0A23F6E709F03DF90923F2E709F037
S315080020A0C4FB0B23EEE709F0C7F8800A0E23E9E71D
S315080020B000231846E6E700BF00800050B0F5207FF1
S315080020C020D00ED8B0F5007F16D020D810B1B0F5C4
S315080020D0C07F04D10F4B186FC0F3033018E00020FF
S315080020E016E0B0F5607F05D10A4BD3F88000C0F33F
S315080020F001100DE000200BE0064BD3F89000C0F36A
S31508002100046005E0034B186FC0F3802000E0002050
S31508002110013070470080005038B505460C46174B0D
S315080021204FF480329A660020FFF7C8FF05FB00F0DF
S31508002130134BDA6902F4803241F67131D9635B6870
S3150800214023F440136CB90F49884207D800210B4382
S315080021500B494B600AB10022CA6338BD4FF480119F
S31508002160F5E7002C07DD0849884201D80021EEE78B
S315080021704FF48011EBE74FF44011E8E70090005068
S3150800218000000350005A6202002D3101430905D0B0
S31508002190012B0DD0022B0DD0002200E0002200F00A
S315080021A01F0049B102F5805201238340136070472E
S315080021B0034AF4E7034AF2E702F50052F4E700BFE0
S315080021C0648000506880005008B5802007F0B7FD8D
S315080021D0034B984203D8034B4FF480321A6708BD65
S315080021E0005A620200A0005000B583B00023019394
S315080021F0B0F5807F00F0AF8011D9B0F5086F00F018
S31508002200B48044D9B0F5286F00F0C38069D9B0F519
S31508002210306F79D101A90020FFF7B2FC75E080285C
S3150800222073D8242871D324385C286ED8DFE800F0E8
S315080022304C4C4C4C4C6D446D98546D6D6D6D6D6D7C
S315080022406D6D6D6D6D986D6D6D39A76D6D6D6D6D7F
S315080022506D6D6D6D6D6D6D6DAC4C6D6D6D676D6D88
S315080022605FB1A277776D6D6D6D6D6D6D6D6D6D6D11
S315080022706D6D6D6D6D6D6D6D6D6D6D6D6D6D6D6D80
S315080022806D6D6D6D6D6D6D6D6D6D6D6D7C00B0F503
S31508002290C06F65D00AD9B0F5E06F70D0B0F5F06FB1
S315080022A017D101A90020FFF7B9FD2EE0B0F5A06F00
S315080022B060D0B0F5B06F04D101A90020FFF756FE33
S315080022C023E0B0F5806F20D101A90020FFF7F8FCC4
S315080022D01BE0B0F5D06F18D101A90020FFF796FED4
S315080022E013E0B0F5186F4FD0B0F5206F04D101A9EF
S315080022F00020FFF73FFD08E0B0F5106F05D101A9F2
S315080023000020FFF7AFFE00E003D2019803B05DF8A6
S3150800231004FBB0F5386F23D0B0F5406FF5D101A9AD
S315080023200020FFF7A3FBF0E71C4B1B6F03F0070326
S31508002330013B032BE9D8DFE803F00B020508052368
S315080023400193E2E703230193DFE708230193DCE720
S3150800235002230193D9E701A9002007F0CBFCD4E7B3
S3150800236001A90020FFF7E0FCCFE701A90020FFF74D
S3150800237081FCCAE701A90020FFF7AAFBC5E701A966
S315080023800020FFF71DFEC0E701A90020FFF7D4FBD8
S31508002390BBE701A90020FFF71FFDB6E70080005044
S315080023A0094B596E03F580534FF480325A66074A33
S315080023B0536A23F00103536211F4803F03D1044B9F
S315080023C04FF480325A6670470080005000C00750AC
S315080023D000A0005038B504468020FFF705FF032803
S315080023E000F0B580604B4FF480125A665F4B45F695
S315080023F00E02C3F8802003F580524FF0A061916267
S3150800240003F500534FF480329A62584B9B6D13F4D0
S31508002410803FFAD1554B9B6D13F0804FFAD1226855
S3150800242063681B0543EA0263227B43EA0243627B35
S3150800243043EA0233A27B43EA8213E27B13434B4D02
S315080024402B61AB6903F00043226943EA8263626940
S3150800245043EA0263227E43EA0243627E43EA022398
S31508002460A27E1343AB614FF400624FF440614048CB
S3150800247007F027FC2B6A23F00F03E269002A46D1EE
S3150800248011460B43E17E43EA81031A43374B1A622E
S31508002490E369002B3DD1354A916A364B0B4094F8D7
S315080024A0201043EA411394F8211043EA011394F8E3
S315080024B0241043EAC10343F4803393622B4B9A6D8D
S315080024C02D4B9343FAD1294A02F580514FF0807378
S315080024D08B62136923F47003A06843EA00531361FF
S315080024E04FF000438B6194F822301BB9234B4FF011
S315080024F080729A6294F8233013BB204B4FF48032D3
S315080025009A621A4B9B6D13F0804FFAD118E0082196
S31508002510B7E7022B1CD0154A916A164B0B4094F864
S31508002520201043EA411394F8221043EA016394F811
S31508002530241043EAC10394F8231043EA0143936243
S3150800254094F825301BB1094B0D4AC3F8802038BDD5
S31508002550064B00221A619A614FF408524FF47F41E4
S31508002560084807F0AEFBD6E7009000500040005A36
S315080025703840005AC7FFFEFE030001000060005AFB
S31508002580F1A7FFFF3440005A014B93F9000070474A
S31508002590E6260020014B1880704700BFDC26002085
S315080025A0B0F5207F48D02DD8B0F5007F39D04CD86B
S315080025B010B1B0F5C07F24D110B54C1E07F0B8FB9A
S315080025C007F0A3FDFFF7FAFA204A136F23F47043C6
S315080025D043EA0433136708F02FFE1D4BD3F8843003
S315080025E013F0100FF9D11A4BD3F88410C1F38111E7
S315080025F0C1F1020107F07EFD00F040F8FFF7E4FDA7
S3150800260010BD7047B0F5607F0AD101390F4AD2F87C
S31508002610803023F0300343EA0113C2F88030704754
S3150800262070470139094AD2F8903023F0F85343EA43
S315080026300163C2F8903070470139044A136F23F4D6
S31508002640806343EA81231367704770470080005010
S315080026500040005008B50121022000F0F3F84FF4BD
S315080026602070FFF72BFD044B187007F061FB07F08D
S315080026704CFDFFF7A3FA08BD3D25002008B54FF429
S31508002680C07007F05CFB054B984205D902214FF450
S315080026902070FFF785FF08BD0121F8E780F0FA02F0
S315080026A010B5044608F0C8FD0F4BD3F8843013F074
S315080026B0100FF9D10C4BD3F88410C1F38111C1F175
S315080026C0020107F017FD0121002000F001F924B1ED
S315080026D0FFF7D4FFFFF778FD10BD044B19784FF4C8
S315080026E02070FFF75DFFF5E7004000503D2500200C
S315080026F070B50446FFF7B8FB0546364B4FF4C022C3
S315080027005A6603F598335B68012B29D08020FFF7BA
S315080027106BFD05282DD025F040752F4B9C422FD0F8
S315080027202E4B9C422FD008F061FD064684422DD8D8
S315080027302B4BDB6813F0060FFAD1294B9A689D607C
S315080027409B686B4013F4F81F25D0254B9A603446D6
S315080027508020FFF749FD052821D0B44235D970BD40
S31508002760204B01225A60204B5B6813F0020FFAD106
S31508002770CCE707F0DDFA07F0C8FCFFF71FFACAE74F
S3150800278045F00075CFE745F08075CCE70121204676
S3150800279000F09EF8CCE72046FEF708FED8E708F0DA
S315080027A04BFD124BD3F8843013F0100FF9D10F4BB1
S315080027B0D3F88410C1F38111C1F1020107F09AFC24
S315080027C0FFF75CFFFFF700FDC7E70121002000F0D7
S315080027D07FF8C4E70090005040420F0080841E0036
S315080027E00000015000E0015000C0015000400050B8
S315080027F010B50446FFF7EAF90A4B4FF400225A6669
S3150800280020F04070084A944206D0084A944206D0FE
S315080028104FF0B442906010BD40F00070F8E740F009
S315080028208070F5E70090005040420F0080841E003B
S31508002830034AD36E23F0300301790B43D3667047FE
S3150800284000400050F8B50446204BD3F8843013F006
S31508002850100FF9D11D4BD3F88430C3F381139C4272
S315080028602DD008F0C9FC0646012C11D008F0E5FF6A
S315080028700546164F07F500534FF000725A66204674
S3150800288007F04AFC621E4FF4806393403B6706E0FC
S31508002890012107F02FFCE9E70C4BD3F884300B4BEA
S315080028A05B6E13F0007F05D1084BD3F8843013F024
S315080028B0200FF1D0284608F0BBFF022C00D0F8BD47
S315080028C00021304607F016FCF9E700BF004000502B
S315080028D010B50C46034650B1094A127812B1094A96
S315080028E0934208D921460220FFF7ACFF10BD08F035
S315080028F083FC0346F0E721460120FFF7A3FFF5E72F
S31508002900BC200020005A620238B52F4B4FF0004217
S315080029105A6603F50B235C6C04F001044AF6CD32C3
S315080029201A64E8B9294B5B6B13F00103FAD1274AFD
S31508002930556815F0010539D002F50052012151609C
S315080029401A462249096B11F0010F04D120498A421F
S3150800295001D80132F5E71E498A422FD81D4625E0DF
S3150800296000231A4A126B12F0080F04D0184A934231
S3150800297001D80133F5E7164A934221D8134B03F5DC
S3150800298000522021916203F5805301225A600023E8
S3150800299000E001330D4A926A12F0200F02D10C4A68
S315080029A09342F6D90A4A93420CD8002514B1074B2C
S315080029B0084A1A6401F0D4FE284638BD0725F5E70B
S315080029C00725F3E70725F1E7009000500040095076
S315080029D03F420F003254FFFF10B51A4B4FF000422A
S315080029E05A6603F50B235C6C04F001044AF6CD32F3
S315080029F01A6443785B0043F00103134AD363134B0D
S31508002A005B6B13F00B0FFAD1104A536823F4F87373
S31508002A10817843EA01135360C178437943EA012375
S31508002A2093600179837943EA012313610078FFF7FC
S31508002A306BFF14B1054B064A1A6401F091FE01209A
S31508002A4010BD00BF009000500040005000400950E3
S31508002A503254FFFF10B50F2800D90F20124B5C6EB9
S31508002A6003F580534FF000425A6603F50B235A6C60
S31508002A7002F001024AF6CD3119640C4B5B6B13F078
S31508002A80800FFAD109490B6A23F00F0303430B623F
S31508002A900AB1074A0A64002C03DB064B4FF00042D2
S31508002AA05A6601F05DFE10BD0080005000400950D6
S31508002AB03254FFFF00A0005010B5134B5C6E03F5AF
S31508002AC080534FF000425A6603F50B235A6C02F006
S31508002AD001024AF6CD3119640C4B5B6B13F0800F7B
S31508002AE0FAD10A490B6A23F4F85343EA00230B6226
S31508002AF00AB1074A0A64002C03DB064B4FF0004272
S31508002B005A6601F02DFE10BD0080005000400950A5
S31508002B103254FFFF00A00050084B98420AD0084BD9
S31508002B20984209D003F58043984201D000207047A7
S31508002B305820704756207047572070470000015BA1
S31508002B4000000A5010B5044607F0E7FA042307E028
S31508002B5004F5805304221A6104F500531A610B46E2
S31508002B60591E002BF4D1202323610023E360A360C0
S31508002B7041F202026261A3614FF4A0226262E3613C
S31508002B802362A362E3626363236504F50052024984
S31508002B90D164236310BD00BFFF3F0D03F8B504469B
S31508002BA015460846E1B1A36813F0010F34D06668EC
S31508002BB0B0FBF5F0451E16F001062BD0636D13F039
S31508002BC0280FFBD1A36C13F0030F0FD1A36C13F0DE
S31508002BD0010F1BD1A36C13F0020F19D1002706E0D1
S31508002BE02046FFF799FF07F0AAF8DCE705272046F5
S31508002BF007F093FA236923F07F4343EA05632361C9
S31508002C0046B33946204607F0A7FA23E00927EEE738
S31508002C100627ECE70027EDE76368A36803F0E003FF
S31508002C20402B1DD017D9602B1ED0802B12D1012323
S31508002C30400105FB03F3B0FBF3F020380B4A02EA28
S31508002C40C002636D13F0010FFBD12263636D13F0AD
S31508002C50010FFBD1F8BD2BB1202BFBD10823E7E7E9
S31508002C600623E5E71023E3E70423E1E7F8FF7F00FF
S31508002C7070B504460D461646436823B1636DC3F323
S31508002C800B03002BFAD12046FFF75CFF636923F498
S31508002C904C5323F00F036A7B1343EA8913432A8AAA
S31508002CA013436361A36823F0804323F0E2032A7B7E
S31508002CB013432A7E13436A691343A360AB681BB99F
S31508002CC0A36843F00043A360EA69002A70D0A168AC
S31508002CD0694B0B40117A43EA8153917A43EA41439F
S31508002CE0918801F4C0410B43517843EA8103517B33
S31508002CF043EAC103917B43EA0113927843EA8223AC
S31508002D00A360E2685D4B1340EA6911690B43516998
S31508002D100B43917943EA8123D27943EA4223E3605C
S31508002D20EB691B78012B01D0032B03D1E36843F031
S31508002D300403E360EB691B78023BDBB2012B51D934
S31508002D404F4B9C426BD04F4B9C426AD003F5804355
S31508002D509C4262D04FF0FF3303F593735B0103F196
S31508002D60A04303F5703302225A60EB695A7A04F5D8
S31508002D7080539A62EB695B7A1BB1E36843F400639C
S31508002D80E360EB69DB7A63B1E36843F40043E3602D
S31508002D903B4B9C4247D03B4B9C424BD03A4B9C42C8
S31508002DA04FD0636A23F00303EA69D27B1343636255
S31508002DB03EB196F82030002B4AD004F58053012204
S31508002DC01A6204F5805301225A60AA68002A4ED175
S31508002DD02978204607F0C0F9A36CDB4313F4405F5B
S31508002DE0FAD170BD264B9C4213D0264B9C4212D07A
S31508002DF003F580439C420AD04FF0FF33A6335B01AC
S31508002E0003F1A04303F5703302225A60ADE70223AB
S31508002E10F4E70023F2E70123F0E702239CE7002307
S31508002E209AE7012398E7EB691B7B03F00F03174A20
S31508002E305366B0E7EB691B7B03F00F03134A13676E
S31508002E40ACE7EB691B7B03F00F03104AD367A8E7CF
S31508002E50E36923F0090396F82220134396F8212004
S31508002E60134343F0010304F58052D361A9E7696867
S31508002E702046FFF793FEABE7E39BBDFFFFF9F0871C
S31508002E800000015B00000A5000400A500090035001
S31508002E90F8B504460D461E4617463AB1FBB101225F
S31508002EA08A4000EB400109011D4B5A50072D1ED8D8
S31508002EB0A90004EB44031B0107FA01F20F2000FAEC
S31508002EC001F11848184407F07EF93FB9FEB101220E
S31508002ED0AA4004EB44042401114B1A51F8BD0122FF
S31508002EE08A4000EB400109010F4B5A50DEE7A5F175
S31508002EF008039B0004EB440C4FEA0C1C07FA03F288
S31508002F000F2199400948604407F05DF9DDE7012281
S31508002F10AA4004EB44042401034B1A51DEE700BF20
S31508002F2040D0035034C0035040E003503CC0035027
S31508002F3010B5162007F081F9074B00245C65FF22BF
S31508002F409A625C6021462020FFF720F9214621205D
S31508002F50FFF71CF910BD00BF0000045029B9044A48
S31508002F60012303FA00F010607047024AF8E700BF31
S31508002F70401004504020045010B50446012120207A
S31508002F80FFF704F901212120FFF700F9114B01226F
S31508002F905A60227812069A606178A27842EA01425B
S31508002FA09A61FF229A6200229A631A644FF00042DD
S31508002FB05A6503F500534FF0FF321A65162000F0E4
S31508002FC07DFCE178162007F040F9162007F039F95C
S31508002FD010BD00BF0000045070B50C46C3B20125F1
S31508002FE09D40214901F500531D65830003F1A04367
S31508002FF003F5882326685E60637B00EB400C01EBD3
S315080030000C1CCCF8603094F80AE0E37A1B0543EA16
S315080030100E4394F80CE043EA4E53CCF85C3022F0A9
S315080030200302CCF8702008F011FC104B5D65237A7A
S315080030300BB10E4B1D64637A0BB10C4B9D63237960
S31508003040A27942EA0342084B03F500518A6194F8D3
S3150800305005C0E27942EA0C4203F58054A2614D6349
S315080030609D6408F0EEFB70BD00000450001004508B
S3150800307010B5C0B20124844008F0E8FB044B5A6D31
S3150800308022EA04025A659C6208F0DBFB10BD00BF09
S315080030900000045010B5C0B20124844008F0D6FBE5
S315080030A0084BDB6A234205D1064B5B6B9C4306D073
S315080030B0002400E0002408F0C4FB204610BD0124CB
S315080030C0F9E700BF0000045070B50446C3B20125F5
S315080030D09D4008F0BBFB084B5E6B04EB440403EB16
S315080030E004135C6E08F0ADFB354203D1C4F30A1035
S315080030F0013070BD0020FCE700000450074B4FF478
S3150800310080325A6603F5E6239B69C3F385128270FB
S3150800311003F03F0242701B0B03707047009000508B
S3150800312070B504460D461646037841782C4AD2F8FF
S3150800313010236A1E0E2A09D8DFE802F00A0A0A0ACC
S315080031400A0A0A0A0A0A0A0A0A0A0A00002200E001
S315080031502A463DB116B30120884003EB43031B0101
S315080031602049C8506178072920D82378890003EBBD
S3150800317043031B018A400F2000FA01F11A4818443C
S3150800318007F02FF84DB906B32378627801219140EC
S3150800319003EB43031B01134AD15070BD012088403D
S315080031A003EB43031B011149C850DBE723780839B1
S315080031B0890003EB43031B018A400F2000FA01F143
S315080031C00B48184407F00DF8DCE7237862780121EC
S315080031D0914003EB43031B01044AD150DDE700BFCE
S315080031E000C0035040D0035034C0035040E00350A1
S315080031F03CC00350074B9B6813F0020FFAD1054BEE
S315080032005B6813F0020FF5D1024BDB69002BF1D195
S31508003210704700BF00800A50074B5B68064B5B6827
S3150800322013F0010F03D0044BDB69002BF6D1024BD8
S3150800323002221A61704700BF00800A5008B5FFF7DE
S31508003240D9FF034B03F5805101224A601A6108BD74
S3150800325000800A5008B5054B5B68012B00D008BDF5
S31508003260FFF7DAFF024B01225A60F8E700800A509E
S3150800327000A00A5010B50446FFF7BCFF084B5B6870
S31508003280012B05D0237843B10122054BDA6010BD26
S31508003290FFF7E0FFFFF7AEFFF4E70022F5E700BF10
S315080032A000800A5038B505460C4608F0A1F8DDB985
S315080032B02378D3B10123626812B1127843EAC203B4
S315080032C06278A2B102221343A26812B1127843EAC5
S315080032D08213E2786AB104221343226912B1127882
S315080032E043EA4223044A936438BD0023E3E70022F5
S315080032F0E9E70022F0E700BF00800A5038B5044627
S3150800330007F04BFB864658B9064DA446BCE80F00A5
S315080033100FC5BCE80F000FC59CE8030085E803004D
S31508003320704638BDC020002047F6FF739A427DD00C
S3150800333009297DD870B5414B13F801E0BEF1030F9A
S3150800334078D83F4B03EBCE0191F802C0604613F8DC
S315080033503E30012B26D03A4B03EBCE035C68002C9B
S315080033606AD0B4F90030934204DBB4F902309342D0
S3150800337000DC1346A288FF2A2CD000212826C82262
S315080033801D46D21A92FBF6F20A4412B22C4B03EBF4
S31508003390CE0393F801E0964501DD002A2FDA0EF1F7
S315080033A0FF322CE0CB78A3EB0C0300249C420ED210
S315080033B0191BA3EB5101224800EBCE00406830F9F7
S315080033C01100904201DC0C46F0E74B1EEEE7634421
S315080033D0D8B230E0B4F90620B4F908600121CFE785
S315080033E05C331849A1FB03139B09013212B2164636
S315080033F096450FDD04EBC201898899420AD304EB8E
S31508003400C2018B68B1F9061001FB0533002BE7DA18
S315080034100023E5E7013E04EBC604A2889A4200D3DE
S315080034201A46944500D81046C0B204E0FF207047FB
S3150800343000207047002070BD0020FCE7B0C60008D9
S31508003440C0200020D34D621009296FD83A4B5B5C27
S31508003450032B6DD8394911F8331001292AD010B435
S31508003460364901EBC3014C68002C63D0201D334953
S3150800347001EBC3018978914234D2304901EBC3018B
S31508003480C978914233D92D4901EBC30393F801C09A
S315080034900CF1FF3C5FFA8CFCA388FF2B2AD0002393
S315080034A0634529D2591C30F83110914224D301338F
S315080034B0DBB2F5E7214901EBC301C978914200D295
S315080034C00A461E4800EBC3008078121AD2B2091ABF
S315080034D08A4200DD0022194901EBC3035B6833F910
S315080034E012007047B4F902005DF8044B7047B4F94E
S315080034F00000F9E70123D3E74FF47A7101FB02F2E2
S3150800350000EBC3004368D31AB0F9022002EBD2716C
S3150800351003EB610393FBF2F3B4F900009842E3DB93
S31508003520B4F902009842DFDC18B2DDE704487047B8
S31508003530034870470248D7E7B0C60008C0200020F5
S315080035400080FFFF08B50348FFF7D8FE012007F003
S3150800355028FA08BDBCC6000830B583B004466946DB
S3150800356007F01DFA00B1FEE79DF80030134A1278FD
S31508003570934217D00C2B06D164251049204607F034
S31508003580FBF928B1FEE7204601F000F90546F4E705
S315080035902946204607F0D7F900B1FEE7074B1B7806
S315080035A00A2B01D003B030BD6946204607F0F7F96B
S315080035B09DF80020014B1A70F4E700BFFC25002097
S315080035C008B5024808F04FF908BD00BF48C800080A
S315080035D010B58AB0EC46194C0FCCACE80F000FCCEE
S315080035E0ACE80F0094E803008CE80300144BD3F80A
S315080035F04C3113F4002F05D0124B1C88FF2C05D92B
S315080036008C2403E00E4BD3F85041E4B28DF81940F0
S31508003610FEF7BAFF241803D4FF2C02DDFF2400E0CE
S3150800362000248DF818400848FDF7C6FE6846FEF7E0
S31508003630D1FE3220FEF7AEFF0AB010BD14C800084E
S315080036400080E00F0001E00FC017530208B50248DA
S31508003650FFF74EF808BD00BF00B4C40408B5024819
S31508003660FFF7C6F808BD00BFC0EA210110B5FEF78E
S31508003670F1FF4E4C236F23F0070343F00303236740
S315080036800020FFF70DF8236F23F474432367484B94
S31508003690D3F8FC3013F0807F75D1464B0022C3F86F
S315080036A08020424CD4F8203123F0070343F002036C
S315080036B0C4F82031D4F8283123F0070343F0020375
S315080036C0C4F82831D4F8803123F0030343F001030A
S315080036D0C4F88031D4F8903223F0030343F0010391
S315080036E0C4F89032D4F8403123F0030343F00103C1
S315080036F0C4F84031D4F8603123F0030343F00103E2
S31508003700C4F86031D4F8403223F0030343F00103D0
S31508003710C4F84032D4F8003223F0070343F001031B
S31508003720C4F80032D4F8083223F0070343F0010343
S31508003730C4F80832D4F8503223F0030343F00103E7
S31508003740C4F85032D4F8703223F0030343F001036F
S31508003750C4F87032D4F8203223F0070343F001038B
S31508003760C4F82032FEF71CFE4FF0E022136943F03E
S3150800377004031361D4F8603223F0070343F001030E
S31508003780C4F8603210BD0A4BD3F8FC2022F08072D0
S31508003790C3F8FC20074A0021C2F88010D3F8FC20A1
S315080037A042F08072C3F8FC207BE700BF008000501F
S315080037B000ED00E00090005008B5074808F053F8FF
S315080037C0FFF706FFFFF742FFFFF748FFFFF7F8FE90
S315080037D0FFF74CFF002008BD44C8000800B583B0B9
S315080037E0094B93E803000090ADF80410090C8DF816
S315080037F006106846FFF7F0F80920FFF72BF90020B6
S3150800380003B05DF804FB00BF3CC8000810B582B0E1
S31508003810074A536F43F001035367002400948DF859
S3150800382004406846FFF704F8204602B010BD00BF02
S3150800383000400050002808DB0901C9B200F16040C9
S3150800384000F5614080F80013704700F00F00090189
S31508003850C9B2014B1954704714ED00E0002807DB84
S3150800386000F01F02400901239340024A42F8203023
S31508003870704700BF00E100E000280CDB00F01F02E3
S315080038804009012393402030034A42F82030BFF311
S315080038904F8FBFF36F8F704700E100E04211064B70
S315080038A053F8223000F01F0023FA00F080F00100E0
S315080038B000F00100704700BF00E100E0002808DBC7
S315080038C000F01F024009012393406030014A42F884
S315080038D02030704700E100E010B507F0B7FF0B4B4A
S315080038E01B783BB9094B01221A7007F0AAFF6FF043
S315080038F0040408E007F0A5FF07E00521204606F0C6
S31508003900A4FC013464B24B2CF7DD10BD3E25002023
S3150800391010B5044607F091FF024B1C6007F088FFBC
S31508003920002010BDE820002010B507F086FF034BE5
S315080039301C6807F07DFF204610BD00BFE820002068
S315080039402DE9F0418EB007460E4614461D4613680B
S31508003950D3F8008091F83130002B48D00DF1180CBF
S31508003960DFF830E2BEE80F00ACE80F009EE80F0073
S315080039708CE80F00002300930193029303930493AA
S315080039800593A3680893237B012B3DD0022B3ED1D8
S315080039904FF44073ADF82630607B06F07BFCADF83B
S315080039A02800CDF834D001238DF80630A37B022BEE
S315080039B004D0032B02D0012B00D000238DF8003051
S315080039C0B36B6E4A1A60B36B6D4A5A60B36B0022CA
S315080039D09A60B36B6B4ADA6032462946384600F07D
S315080039E0AFFA0746A8B138460EB0BDE8F0810DF12A
S315080039F0180CDFF8A4E1BEE80F00ACE80F009EE85B
S31508003A000F008CE80F00B5E74FF40073C2E70023F8
S31508003A10C0E72369C5F8A430237E85F8AB30E37D7B
S31508003A2085F8AA30A37D85F8A930637D85F8A83086
S31508003A30A37E85F8AD30637E85F8AC30237F85F8A4
S31508003A40AF30E37E85F8AE302368C5F8A0304E481F
S31508003A5007F009FF01230422A17D607DFFF718FA0C
S31508003A6001230222217EE07DFFF712FA002385F862
S31508003A70B030206907F0F7FE96F83130002B5DD09C
S31508003A8006A9404606F093FB95F8B03043F00403C8
S31508003A9085F8B030227D3D4B263203EB42121421C5
S31508003AA05160617DA07D227D41EA004103EB42120F
S31508003AB0C2F8DC14E27D207E217D42EA004203EB57
S31508003AC04113C3F8D424A37B012B3CD0032B3AD053
S31508003AD0A37B023BDBB2012B42D995F8B03013F039
S31508003AE0010F0CD0627EA17E237D42EA01425B0172
S31508003AF003F1A04303F5703341F2CC415A5095F8CF
S31508003B00B03013F0010F10D0237D204AA63302EB04
S31508003B10431302215960E37E207F217D43EA004357
S31508003B2002EB411241F2D041535008F50053184AAE
S31508003B30DA640521404606F00FFB54E706A940461D
S31508003B4006F03BFBA6E795F8B03043F0010385F88D
S31508003B50B03000230222A17E607EFFF799F9B7E70D
S31508003B6095F8B03043F0020385F8B03000230422FC
S31508003B70217FE07EFFF78CF9AFE700BFBDA2000802
S31508003B805DA30008D7A200084CC8000800C003506F
S31508003B90FF3F0D036CC800088CC8000830B583B019
S31508003BA0007D104B00EB400203EB0212D56E00EBD2
S31508003BB0400203EB02131C6F0DF1070107F0D0FB5F
S31508003BC09DF807304BB904F00204074B9D4201D01B
S31508003BD0002003E024B1002000E0012003B030BD3E
S31508003BE00120FBE7000004503F250020037D0E4A14
S31508003BF003EB430102EB0111C96E03EB430302EB2E
S31508003C000312136F03F00203084A914201D0002001
S31508003C1070470BB900207047036A006D984214BFBD
S31508003C2000200120704700BF000004503F250020F7
S31508003C3030B583B003464169026902F1FF3CC568A5
S31508003C404C6F01F17C020020C86750609060D0601C
S31508003C50B1F87C006CF30E10A1F87C0091F87E0098
S31508003C6040F0100081F87E0091F87F0040F03000A7
S31508003C7081F87F00C1F88050C1F88440012081F89E
S31508003C808C0091F878000093024B6431FDF746FEEC
S31508003C9003B030BDBDA600082DE9F04184B0044646
S31508003CA000F1380600F11808002585637560B560CF
S31508003CB0F56090F83A3043F0100380F83A3090F8FF
S31508003CC03B3043F0030380F83B30494FC763076432
S31508003CD0007DFDF74FFEA5637560B560F56094F845
S31508003CE03A3043F0100384F83A3094F83B3043F006
S31508003CF0030384F83B30E7632764207D00EB400329
S31508003D001B0103F1A04303F58023DB6EBB4219D0E8
S31508003D100DF10F0107F024FB9DF80F30ABB194F8B5
S31508003D2044306FF3410384F844300094314B3246F3
S31508003D302146207DFDF7F2FD207DFDF73BFE04B010
S31508003D40BDE8F081FDF736FEF9E7204606F015FBDB
S31508003D50054602A9207D07F027FB029B591E20690C
S31508003D600023A361E36123626362228B61F30E126F
S31508003D702283A27E42F01002A276E27E42F003027D
S31508003D80E276E0612562227D1B4902EB420001EBE7
S31508003D900010056FC5F3400594F8247065F34107D4
S31508003DA084F82470A57E63F30415A576056FF8B22A
S31508003DB065F3000084F8240002EB420201EB0211CD
S31508003DC00A6F9210616A62F39F01616294F8442057
S31508003DD042F0020284F84420D2B263F3000284F867
S31508003DE044204FEAA808636C68F39F0363649CE762
S31508003DF03F25002025A5000800000450F0B589B02D
S31508003E0004460E46007DFDF7B5FD0DF11F01207D28
S31508003E1007F0A6FA204606F0B0FA0546236D834257
S31508003E204AD2A26C934216D0238DC3F30A123244A7
S31508003E3062F30E132385236D1E442665A26CE36C7C
S31508003E4013449E426FD0236DAB426ED0207DFDF7A2
S31508003E50B1FD09B0F0BD701E276904F128030021E1
S31508003E60A162E16221636163B4F828C060F30E1CA5
S31508003E70A4F828C094F82A0040F0100084F82A0014
S31508003E8094F82B0040F0030084F82B00E7622263C5
S31508003E9094F82A2061F3041284F82A2023F00302F6
S31508003EA0237D42F0020203EB43031B0103F1A04307
S31508003EB003F580231A67BEE79DF81F30B3B9227D44
S31508003EC01D4802EB420300EB0313596EC1F30A11B6
S31508003ED031445B6E23F4FF4323F0700343EA011376
S31508003EE002EB420200EB02104366A4E70494134B6C
S31508003EF00393002302930196012300932369024644
S31508003F002168207D05F0C2FE237D0B4A03EB4301A1
S31508003F1002EB0111496E21F4801103EB430302EB16
S31508003F200312516687E722658DE7012384F854302A
S31508003F302046FFF7B1FE89E70000045025A50008D2
S31508003F4070B588B006460C461546A02200212046C4
S31508003F5007F011F8A446AE46BEE80F00ACE80F001D
S31508003F60DEF80030CCF8003004F1640C05F1140ECC
S31508003F70BEE80F00ACE80F00DEF80030CCF80030E1
S31508003F80AB6AA364EA6AE264236595F8302084F88C
S31508003F90952095F8332084F89620C4F898300123A4
S31508003FA084F89C3084F85430AB6B23663460374B06
S31508003FB07360374BB360374BF360374B7361374BDE
S31508003FC0B361374B3361FDF777FC10B1354A904240
S31508003FD053D1002107A8FDF7EDFB00284FD19DF826
S31508003FE01C302375002107A8FDF7E4FB00283FD104
S31508003FF09DF81C3084F87830207DFDF7BBFC00283E
S3150800400040D1E36C0494284A039200220292019359
S31508004010012300932369A26C2168207D05F036FEF2
S3150800402090BB237D03EB43031B0103F1A04303F578
S31508004030802342F264024FF480119950AB6B93F9D6
S315080040401000FFF73BFCAB6B93F9100006F0F9F88C
S3150800405004F1900005F006FE3046FFF759FC2046AD
S31508004060FFF71AFE207DFDF7A5FC48B1102007E0F2
S31508004070207DFDF7F7FB102002E0102000E010205D
S3150800408008B070BD1020FBE71020F9E7CBA40008A4
S31508004090DFA4000885A600086FA3000875A300081A
S315080040A001A70008038000F025A500080346064A74
S315080040B010680344054A934202D8034A13607047BE
S315080040C04FF0FF30704700BF042600200080002014
S315080040D0BFF34F8F0549CA6802F4E062044B1343E5
S315080040E0CB60BFF34F8F00BFFDE700BF00ED00E0D8
S315080040F00400FA05BFF35F8F074B5A6A22F4803231
S315080041005A62D3F8942022F00102C3F89420BFF330
S315080041104F8FBFF36F8F704700ED00E070B5FFF764
S31508004120E9FFA0220021214806F019FB204B21496E
S315080041308B4206D021F01F02203AB2F1005F0FD35E
S3150800414000E01D4A1D4D286842F001021C4CC4F8C7
S3150800415098001C4EC4F89C60C4F8A0200130286062
S315080041608B4210D01F3323F01F0343F00303134879
S3150800417002681349C1F89820C1F89C30124BC1F85F
S31508004180A03001320260BFF35F8F0D4B0522C3F8E2
S3150800419094205A6A42F480325A62BFF34F8FBFF3B3
S315080041A06F8FBFF34F8FBFF36F8F70BD90ED00E039
S315080041B0A02500208025002000800020EC2000207B
S315080041C000ED00E003000020E17F002010B4194B49
S315080041D05A6E02F4803203F580514FF480304866F7
S315080041E0586E4FF000434B66134B596C01F00101B2
S315080041F04AF6CD341C64104B5B6B13F0010FFAD1F1
S315080042000E4B01245C600C4B1B6B13F0010FFAD0AC
S3150800421011B1094B0A491964002803DB094B4FF011
S31508004220004159661AB9074B4FF480325A665DF851
S31508004230044B704700800050004009500060095048
S315080042403254FFFF00A0005010B507F0FFFA0446ED
S31508004250144B1B78DBB9144A1360144A1360144ACA
S31508004260136000F02DF8012007F020FC07F070FA23
S315080042700246104B186078B100230F4840F2E73128
S3150800428004F066FE0D4B1860064B01221A70204694
S3150800429007F0D7FA002010BD204607F0D2FA2320EF
S315080042A0F9E700BF42250020F8200020F42000206E
S315080042B000210020FC20002018FCFFFFF020002031
S315080042C010B586B000248DF8144000940194029429
S315080042D00394049401238DF80030164807F0C3FAB6
S315080042E0BFF34F8F05A8FEF7C5FF8DF80040694656
S315080042F02046FEF7D7FF0F21204607F08DF80F213D
S31508004300204607F08FF8FEF799FF0B4B5B6813F012
S31508004310010F03D0084BDB69002BF6D1064B0022B0
S315080043209A614620FFF7CAFA462005F08AFF06B0CA
S3150800433010BD00BF44C8000800800A502DE9F843A4
S31508004340DFF860900646D9F8008008461746B8F1A7
S31508004350000F03D00E242046BDE8F88306B3336861
S3150800436001331DD1E1B100F067F805460028F1D008
S31508004370C9F8000000F086F8284606F05EFA0446FA
S3150800438040B14046C9F8008000F07CF8284606F09F
S315080043904FFAE0E73560002FDDD02846B847DAE760
S315080043A02124D8E704210020024B1868003818BFDA
S315080043B0012070470421002038B505460C4601F057
S315080043C0A9F838B1204602F0F7FD40F265124121FE
S315080043D000F0FCF944B1236833B11B68013303D0FC
S315080043E0E3680BB1A3684BB906F08DFC00204FF4C7
S315080043F0C172412100F0EAF9212038BD204601F0BA
S31508004400D9FB00230A4A85F83031C5E93743C2E9A2
S31508004410003363694BB1074A422110684FF4D272E0
S31508004420C31A5842584100F0D1F90020E5E700BF09
S31508004430A025002048230020F8B5044607F0FDF91A
S31508004440002607460E4B1B6893B19E68AEB196F8D8
S315080044502420D20711D435460FCC0FC50FCC0FC573
S3150800446023682B6096F8243043F0010386F824303D
S31508004470384607F0DDF93046F8BD1B68E4E700BFAB
S315080044800C26002010B5044618B9054B054A1360DA
S3150800449010BD00F0FDF9D4F8E830002BF6D1F4E7AA
S315080044A01DA8000808260020084B10B4002A14BFCF
S315080044B014461C46064B1C6019B15DF8044B06F001
S315080044C003BA08465DF8044B704700BF1DA80008EC
S315080044D008260020D0F8E0302DE9F04105460C46C4
S315080044E013B1C38D8B424CD0D5F8DC30002B4BD0A2
S315080044F09E68002E48D0D868002845D0013800B2FA
S3150800450000281ADB002106E0128A591CA24217D29B
S3150800451009B2884211DB0B1803EBD3735B1003EB6C
S31508004520C30206EB8202B2F80EC003F1FF3EA445B1
S31508004530EAD90FFA8EF08842EDDA2120BDE8F0813B
S315080045404FF6FF7299B29142F7D09BB203EBC303C1
S3150800455006EB83062846B6F9122095F82411D5F8F5
S31508004560F080FEF7E1FE0746B8F1000F04D00023FD
S31508004570324628461946C047EC85C5F8E06085F8F6
S315080045802D710020BDE8F0810E20BDE8F08100BF46
S315080045902DE9F04782B004460F46164600F0AEFFF6
S315080045A000286FD1494D2B68D4F8DCA0D4F8E080F8
S315080045B00BB153456AD04FF00009AF6000F0B4FF65
S315080045C00128074604D001210022084600F0B0F968
S315080045D02B68DAF80010D8F8002013B1186888425A
S315080045E05FD0204606F002FB94F82530C5E900A8FE
S315080045F013F0010F0CBF32460122D4F8F05062F3D3
S31508004600000384F825308DF80760002D50D000226D
S31508004610204611460DF10703A847204600F06CFC1A
S315080046200546B9F1000F10D07EB9D4F88C3013BB0B
S31508004630012F06D0002D47D0254B002103205B68AB
S315080046409847284602B0BDE8F087B5FA85F040F2EB
S31508004650FA423321400900F0B9F83146204600F005
S315080046605FFD1C4B05461B68414620469847D4F813
S315080046708C30002BDCD000224FF40073204600F06B
S3150800468017F9D5E70023114D6B608CE76B68002B93
S3150800469091D043458FD1AB689F4215D04FF00109A1
S315080046A08BE7696811B1096891429DD0596898E706
S315080046B094F82A1094F82D313246994228BF1946A3
S315080046C0204600F06BFBA8E70025BAE7A0250020E6
S315080046D01426002008260020F8B50E46054607F0E1
S315080046E0ACF8314607462846FFF7F4FE044620B1E3
S315080046F0384607F09DF82046F8BD00F0DFFE224652
S3150800470031462846FFF744FF04460028F0D195F9BC
S315080047102430002BECDA284606F0BCFA0028E7D04D
S315080047202246284695F82C1006F072FA0446DFE76A
S3150800473070B504460E4607F080F831460546204611
S31508004740FFF7CAFF044620B9044B01465B680320FD
S315080047509847284607F06CF8204670BD14260020B6
S3150800476010B5FFF721FE20B9054B1A68054B9A428A
S3150800477004D1BDE81040044B1B68184710BD00BFA4
S3150800478050260020008000405426002013B5044619
S31508004790694606F004F9204606F08CF9FF28024619
S315080047A006D020469DF80010FEF74EFE02B010BD5A
S315080047B00048FBE70080FFFF08B50B460249194091
S315080047C006F0F1F8002008BD0700110010B550B931
S315080047D00548064B0160064802601868054B1860D4
S315080047E0186805F018FA10BD1026002004210020CC
S315080047F00C23002008230020D0F8E43013B11A68EF
S31508004800032A10D8094BDB6BC3F3C20213F0380F27
S3150800481003F0070018BF504313F4E07FC3F3821276
S3150800482003D050437047986A400E7047008001B81D
S31508004830431C07D06FF0FF02034B10405A62A3F5E2
S3150800484080535862704700BF00E000B8F8B50446C8
S315080048500F46164606F0F1FF0546A047044620B166
S31508004860284606F0E5FF2046F8BD03F0BFFC042203
S315080048700549D1F8003F23EA07033343C1F8003F4F
S31508004880024B5A64ECE700BF003000B0002002B8C3
S3150800489038B10368044A002B08BF1346034A13605D
S315080048A07047014BFAE700BFF5A900082426002047
S315080048B010B4D0E9544122400B4052EA030104D017
S315080048C003495DF8044B096808475DF8044B7047CF
S315080048D024260020024B986F00F00F00704700BF97
S315080048E0003F00B00F2938B505460C460ED800F033
S315080048F01BFE01280CD1074A2846936F23F00F03A5
S315080049002343936706F0AEF9002038BD2120FCE763
S315080049100220FAE7003F00B0014BD86F704700BF8E
S31508004920003F00B0014B0020D9677047003F00B038
S3150800493003282DE9F74F0C46914600F28780444B31
S3150800494013F800A0434B1E5C434B13F800B006F067
S3150800495074FF804603F0FCFB074640B100230022A3
S31508004960CDE9003301200023002103F0CFF903F03D
S31508004970F7FB48B100230022CDE9003300200023CD
S315080049804FF4004103F0C2F9002E52D0334BDD6CD0
S3150800499005F008050AEB0600314B23305844DD6460
S315080049A0C0B201F09BFD3146504603F081FC5A46E1
S315080049B03146504603F020FD2A4BDD64DFB12A4B11
S315080049C01868D0F89410F83002F068F92749086892
S315080049D0FFF72EFF4FF0FF330B60254B1A68511C6B
S315080049E006D06FF07E402349C863A1F58051CA639B
S315080049F04FF0FF321A60B9F1000F04D01E4B0021A8
S31508004A0003205B689847B4B14FF480621B4B1D6F57
S31508004A1003F50053C5F380251A67404606F008FFDC
S31508004A2000F082FD012808D15DB9002003B0BDE879
S31508004A30F08F3546AEE72546EFE7002CF0D1052086
S31508004A40F4E74FF480620E4B1A67EEE72120EDE794
S31508004A50CCC80008C8C80008C4C80008004000B888
S31508004A60006000B8005000B804210020202600206D
S31508004A701C26002000E000B81426002000C001B85B
S31508004A8000D001B870B50D46064620B91A4B1B680A
S31508004A90A3B10E2011E000F047FD012829D1174BDC
S31508004AA093F90040C4F12704641BC4F11C03002BCE
S31508004AB0B8BF5B42232B0CDD212070BDA1F10B038F
S31508004AC0002BB8BF5B42232BF6DC0C4B1970002079
S31508004AD0F3E786F8275006F0B0FE094AE402136A9F
S31508004AE004F4FF2423F4FF231C43146206F0A0FEFB
S31508004AF0EDE70220E1E700BF04210020432500205E
S31508004B0000C000B80B4B08461A6D92020FD4D3F8B2
S31508004B104021D1070CD4D3F83823D20708D4D3F8C8
S31508004B20803013F4706F14BF0120002070470120F5
S31508004B30704700BF004001B8F8B50D46D0F894306C
S31508004B4002EA010423EA01032343C0F894303B4AEE
S31508004B5001F00B0323EA0401D1642340A2F5805235
S31508004B606F070646D36410D50121FFF7CBFF60B166
S31508004B7003F03CFB4FF4007314F0040F14BF304AE3
S31508004B80304A13650422304B5A64E90606D514F0F8
S31508004B90100F14BF00221B222C4B5A652A0618D563
S31508004BA0230611D54FF40012254BDA6406F045FEAC
S31508004BB00E210746032002F001F840F20122234B9A
S31508004BC03846DA6206F034FE214606F1F80002F0AD
S31508004BD065F8EF0503D5E0052AD501F0DDFFA9053F
S31508004BE003D5A20527D501F0E3FF15F0600F0AD01B
S31508004BF0D6F8E410304605F0FEFE8022144BC3F8C2
S31508004C008800144B1A612B0510D503F0EFFA124AE7
S31508004C1014F4006FD2F8003F14BF43F0006323F08A
S31508004C200063C2F8003F0422074B5A640020F8BD0F
S31508004C3001F0ACFFD3E701F0B5FFD6E7006000B896
S31508004C40005001B8006001B8002002B8004000B862
S31508004C50003F00B0000002B8003000B00A78022A0F
S31508004C6011D0101F4242424152004B781201022BCA
S31508004C700BD0191F4B424B415B000549054842EAD8
S31508004C808312FFF7E3BD0122EFE70123F5E700BF33
S31508004C90F0FFFF00715500080B78022B10D0181F83
S31508004CA0434243415B004A78022A0BD0111F4A420D
S31508004CB04A4152000F21044843EA8202FFF7C6BD63
S31508004CC00123F0E70122F5E79D550008F8B50D78B0
S31508004CD004460A2D0E4690F8247108D10625284662
S31508004CE000F080FF18B90135EDB20A2DF7D1284634
S31508004CF000F078FF002848D094F82431AB4209D157
S31508004D00B288D4F8A4309A4204D17288B4F826310D
S31508004D109A4238D084F82451B3882846A4F8283112
S31508004D20738804F59275A4F82631B388C4F8A430BC
S31508004D30FF2384F82B3006F011F884F82A00284659
S31508004D4001F00CF810BB284600F042FFF0B9D4F881
S31508004D50E03053B194F82411B94206D02046B3F98D
S31508004D601220FEF7E1FA84F82D01204601F016F923
S31508004D700849A4F828010123074AD1F8FC1004F1D0
S31508004D80F80002F09FFD0020F8BD21200C2384F8CE
S31508004D902431F9E7004F00B0983F00B070B50546DA
S31508004DA090F824010C460C281FD0FF2901D1212098
S31508004DB070BD1AB14FF0FF320D4B1A6005F0CEFFE9
S31508004DC0064695F8240100F04BFF844228BF0446A6
S31508004DD0E4B2B44238BF3446E0B285F82B0001F09D
S31508004DE00DFAFF28E3D00020E2E70220E0E700BF43
S31508004DF02826002010B590F8243104460C2B44D000
S31508004E00D0F8E03080F82A10DBB3D0F8F020D2B919
S31508004E1090F82D318B421CD300222046FFF7BEFFA7
S31508004E2048BB1B4B1B78063B032B23D8204601F0B7
S31508004E30B5F818490123184AD1F8FC1004F1F8000E
S31508004E4002F040FD16E0B0F94220B3F912309A425A
S31508004E50E2DD0022204694F82D11FFF79FFF50B996
S31508004E60C4F8E000204605F03CFD4FF6FF73984273
S31508004E70014601D1002010BD2046BDE81040FFF7CD
S31508004E802BBCFF2380F82B30F4E70220F3E700BFA2
S31508004E90E0260020004F00B0983F00B0F0B51D4650
S31508004EA0144B04461B780F46164685B05BB1D0F8FE
S31508004EB0E030E3B102AAB3F912300092002205F0FD
S31508004EC09EF905B0F0BD02A905F069FD9DF8081028
S31508004ED03A462046FEF728FA014626B92A462046CB
S31508004EE0FFF75CFFEDE72046FFF784FFE9E7184682
S31508004EF0E7E700BFBAC60008F0B5D0F89C3095B011
S31508004F00012B03D10025284615B0F0BD04467C497F
S31508004F1005F05CFFD4F8E0600146E58DC4F8E400CE
S31508004F202EB133681BB15B68002B40F0A58006F0F4
S31508004F3084FC01462046FFF75FFC0746084606F054
S31508004F4077FCD4F8E410B3898DF80E70EB1A9BB28F
S31508004F50D6E9012000FB03226A48ADF80C30036845
S31508004F600292994208D0204605F045FD80226649FE
S31508004F70664BC1F888001A61654D644E00F0D4FA94
S31508004F800128FBD12B6CDA07F8D4736CDB01F5D456
S31508004F9094F82530DF070CD5D6F878215D4BC6F88E
S31508004FA0EC23D3F8F830D6F8A0209D06C6F8F023EF
S31508004FB069D494F82530D4F8E4106FF3000384F824
S31508004FC02530204612919DF80E20029908AB02F072
S31508004FD0E5F880B900F0A8FA0128FBD14B4A4C49FC
S31508004FE0536CD801FCD40B6CDB07F9D408A901A8CB
S31508004FF002F01AFB18B10225284615B0F0BDE28D5D
S31508005000454B5A6400F036FE054600287FF47BAF10
S3150800501094F8243060F3410384F8243000F034FB1C
S31508005020D4F8E030411E5B69C9B21E68FD29024604
S3150800503004962CD9F71C3DD938490136096818BF9A
S315080050400126C81C42D85B68FF2A0491059344D1FF
S31508005050DF1C27D8204604A905F025FE002E7FF47C
S3150800506051AFD4F8543198052AD494F8243043F033
S31508005070020384F8243045E71A68032A7FF657AFF7
S315080050809F6A7F0E5FE7204600F088FF91E75B681E
S315080050900128059304D0204604A905F004FE31E74B
S315080050A00126D5E701331D4B5B6818D0D91C12D8E9
S315080050B00593CFE75B68FF280593F1D02A46EAE710
S315080050C020464FF4803105F07CFC1BE7FF2A5B681D
S315080050D00DD00593C2E7FF2AC0D10022BAE7DD1C2E
S315080050E008D8204604A9059305F0DDFDB9E7012295
S315080050F00593ADE7FF2AB4D10022204604A9F3E7B9
S31508005100FC4F00B014230020003F00B0000002B896
S3150800511000C002B8004F00B0008001B83426002055
S31508005120F8B504460E4619B990F824305A0647D4FD
S315080051303B4B3C4A5B6A618EC3F3032313704FF6FD
S31508005140FF739942D4F8E47004D0374B1B680BB14F
S3150800515020469847354D2B68BB4256D0344B1B68C2
S315080051603BB11FB13A68002A51D0BF68394620467C
S3150800517098470727204600F011FF002E3BD006204F
S315080051802C4B94F9272093F900302549C3F12703BE
S315080051909B1A0A6ADB0222F4FF2203F4FF23134355
S315080051A00B62D4F8E420244B2A60986701F0BEF815
S315080051B00122224B20461A7005F054FD0020F8BD46
S315080051C04FF6FF7C66F38613154A80F82430536A37
S315080051D0164D1449C3F30323D0F8E4700B702B68FB
S315080051E0A0F832C0BB4217D0114B1B68002BB8D1B0
S315080051F000F0D4FE072712493B46124AD1F8FC10A4
S3150800520004F1F80002F05EFBB9E70127B2E717469A
S31508005210204639469847ACE700F0C0FE0127EAE782
S3150800522000C000B8452500201C23002014230020B8
S315080052301823002043250020006000B844250020DC
S31508005240004F00B0983F00B0054A12681AB190F8AE
S315080052501E1119B91047084601F0C2BC014870472B
S315080052601023002000FEFFFF404B2DE9F7431D6881
S3150800527001F4007900F00103174653EA09020646CD
S315080052800C4640D04FF0000893B3002300220120BB
S315080052900021CDE9008802F039FD41462846FFF78E
S315080052A0D3FF012241462886104605F018FBD5F89B
S315080052B0941005F1F80001F0F1FC2D490868FFF794
S315080052C0B7FA4FF0FF330B602A4B1A68511C06D009
S315080052D06FF07E402849C863A1F58051CA634FF034
S315080052E0FF321A6095F8243043F0040385F8243019
S315080052F0B9F1000F07D00121284605F062FB24F416
S31508005300007406430C43324623462846FFF7D0FA74
S3150800531022044FF0000308D5CDE90033002200230C
S3150800532000204FF4004102F0F1FCFB070FD51349AA
S31508005330134A08680021136811600121114A117087
S3150800534003B19847104B002102205B68984717F075
S315080053500E0F08D04FF409723B21002003B0BDE8B8
S31508005360F043FFF733BA03B0BDE8F0830421002009
S31508005370202600201C26002000E000B8202300205C
S3150800538024230020462500201426002008B558228C
S315080053900021064805F0EFFD1022FF21044805F01C
S315080053A0EAFD03F09BFD002008BD00BF043F00B0E6
S315080053B0483F00B073B581217A22A0F814118221E2
S315080053C0C0F80021C0E9411264220C23C0E9432237
S315080053D007224FF0FF35002680F824314FF6FF7379
S315080053E00446C28700F14C0282641F4AC385A0F8AE
S315080053F0403080F82C3043864263038780F8276064
S31508005400C0F8A450458502F0B3FE2046FFF7BEFF5C
S315080054100122164B2046C3F8382294F92710FFF7C5
S3150800542031FB6023124A41F6FF71D3644FF03A42CA
S31508005430116311670F4A2946D36440220E4B204652
S315080054405A64D4F89420FFF777FB0E230022CDE99F
S31508005450003340F202231046194602F057FC00F0CA
S31508005460D9FB304602B070BD4000FFFF005001B8BE
S31508005470004000B8005000B8002002B838B506F061
S31508005480DCF94FF6FF710A4A13888B4203D106F0FE
S31508005490CFF90E2038BD074C074D1B046567A4F5E8
S315080054A080546367118006F0C3F90020F2E700BF55
S315080054B0DE260020006001B80000FFFF08B50C4B8F
S315080054C0D3F84C21531C11D012F080420ED1094B4F
S315080054D01B681BB111460320FFF72AFA4FF08062BA
S315080054E0054B1A6501225A6102229A6208BD00BF5D
S315080054F00080E00F04210020001002B84FF40022BB
S31508005500034B586C03F500535A64C0F3C040704708
S31508005510000002B8034BDB6913F4401F0CBF0120DF
S31508005520002070470080E00F0F4BDB68C3F303636E
S31508005530013B0B2B0FD8DFE803F006060C06060620
S3150800554006080A0808080220704704207047052044
S31508005550704703207047054B5B6913F0060F0CBFB5
S3150800556001200420704700BF000002B800C001B83F
S31508005570094AD368C3F303630B2B08D06FF4905022
S31508005580184100F0010080F0010040007047506C9F
S3150800559010F48030EDD17047000002B80C4AD36889
S315080055A0C3F30363062B07D8042BD8B20BD8C31E44
S315080055B05842584140007047072B06D1D2F8680177
S315080055C00028ECD17047022070470020704700BFC2
S315080055D0000002B8094BDB68C3F303639A1E012A6D
S315080055E08CBF00220122012B02701EBF4FF40262FB
S315080055F022FA03F303F001030B707047000002B8A8
S31508005600FF28074B09BF0A6851F82020C3F87822FB
S315080056104A6818BFC3F87822C3F87C22704700BFCF
S31508005620004001B8144BFF281870144A144B09D1CE
S315080056301821C2F8FC131022C3F8FC23114BD3F827
S3150800564074320DE0C0431821C00000F00800C2F80B
S31508005650FC13C3F8FC030028F0D10A4BD3F87832C0
S3150800566040F2FF31054AC3F30903C2F80C11A2F54B
S315080056708052C2F80C31704747250020002002B836
S31508005680001002B80080E00F014B1878704700BF81
S31508005690472500204FF03A43D3F81421D2031ED5EC
S315080056A04FF480320E49C1F81421A1F58051C1F892
S315080056B018215A6DD1B2C2F30722C3F8A410C3F851
S315080056C0A4200422C3F8A4200022C3F8A420C3F807
S315080056D0A420C3F8A420C3F8A420C3F8A4207047C4
S315080056E0002000BAF0220B4B01219A64A022A3F5F0
S315080056F080539A644FF03A43826CC3F8F410FC2145
S31508005700C3F8CC10C3F8D0204FF40052C3F8F020E9
S31508005710704700BF006000B8F8B50D464FF03A4430
S315080057201746064606F089F801230421074A6363EB
S31508005730E76026616561C2F81411054AC2F884312A
S3150800574006F076F80DB102236363F8BD002000BAAF
S3150800575000E100E02DE9F04105460124006800F06B
S315080057600700063004FA00F3A868EC685E1EA0423B
S3150800577062D000EA060E6C6810441E430640A3EB8E
S315080057800E000EEB040C8242644618D9D31A0EEBAF
S31508005790030298B1431E052B04D94B1CACEB03033B
S315080057A0022B59D80B460844ACEB010E03EB0E014D
S315080057B013F8014B83420C70F8D101466C688AB124
S315080057C0531E052B01F1010302D9E01A022812D84B
S315080057D00A44611E00E0013313F8010C934201F8F4
S315080057E0010FF8D106F029F80223AE60AB62BDE8D6
S315080057F0F04106F01DB80B46204622F0030E8E44F3
S3150800580053F804CB734540F804CBF9D122F00303CF
S31508005810D01A920701EB030C04EB0307E2D0CA5C2B
S315080058200128E254DED09CF8013002287B70D9D0DA
S315080058309CF80230BB70D5E7042A35D90878043AB3
S31508005840A86148780431A86111F8020CA86111F81A
S31508005850010CA861A8688CE70B4620F003070F44E3
S31508005860ACEB010E1C684EF803400433BB42F9D179
S3150800587020F0030310F0030F01EB030EA0EB030463
S315080058800CEB030728D011F80380012C0CF80380D1
S3150800589022D09EF80130022C7B7018BF9EF8023089
S315080058A0084418BFBB7088E7013A032A12D8DFE814
S315080058B002F00F1507020B4613F8012B1946AA61C9
S315080058C00A4612F8013BAB61114611F8013BAB6180
S315080058D00B78AB61BDE8F08108446EE70A46F3E74A
S315080058E038B50B46154601464FF03A4468B10122D1
S315080058F01048C4F8F4201A46FFF72CFF25B14FF0DC
S315080059003A430422C3F8F42038BD73B1D4F8D8203A
S315080059109A4284BF0122C4F8F4204FF03A42C2F8F2
S31508005920D4300223C2F8F430E8E70123C4F8F4308F
S31508005930E4E700BFCC0000BA38B5044605F07DFFA1
S315080059404FF03A420121638F054651674BB3B3FACC
S3150800595083F3C3F11903DBB2A069C2F8B410C2F825
S315080059608C300723C2F89000C2F8B0304FF4A02359
S3150800597002F50052C2F81431A2F58052C2F8183165
S3150800598000220C4B1A600C4B5B6C5B0209D54FF47A
S3150800599080020A4B04F1F8005A64D4F8941001F016
S315080059A07DF94FF4E0232846E363BDE8384005F067
S315080059B03FBF00BF28230020000002B8002002B81D
S315080059C02DE9F84305460C46B1B1D0F81880478F43
S315080059D005F033FFB5F83CC0791E01EA0C0323F045
S315080059E00702032C0646DFF8F8E042445ED1DEF8EB
S315080059F0004024B905F01CFF0E20BDE8F88324F00A
S31508005A000104DEF8000020F00100A04253D1002373
S31508005A10CEF80030238894426FEA43436FEA534333
S31508005A2023803ED1EB8F08EB07091846083880B269
S31508005A3002F108044C4528BF4446082804D9B4F89E
S31508005A4000E0BEF5804F40D263440F431B1A3B402B
S31508005A509BB2AB87E887947811884FF03A42C1F336
S31508005A600C019165C2F89830C2F8B0004FF4802254
S31508005A70174B04F00704C3F814210122154BC3F889
S31508005A808421FFF707FE042C0BD14FF48002124B3A
S31508005A9005F1F8005B6C114B5A64D5F8941001F0C7
S31508005AA0FDF8304605F0C4FE0020A6E7601E012872
S31508005AB098BF1446A5E7E88F4344E31A48BFDB19A5
S31508005AC008389842A6DC304694E72246AEE700BF7F
S31508005AD0002000BA00E100E0000002B8002002B889
S31508005AE028230020154B10B51968CA8F8B8F488F4D
S31508005AF013440138073B8C69034023F007031C4411
S31508005B0002F108034FF03A429BB2CB87C2F8B03095
S31508005B104FF480220A4BC3F814210122094BC3F81B
S31508005B208421A07800F00700042803D1064AD36828
S31508005B301B03FCD4054B1C6010BD00BF04210020CC
S31508005B40002000BA00E100E0000002B82823002087
S31508005B5010B5064C216839B1CB0703D4044B186835
S31508005B60FFF72EFF0023236010BD00BF2823002067
S31508005B70042100204FF480320C4B0D49C3F818213C
S31508005B804FF03A43C1F81421D3F8AC10D3F88C205F
S31508005B90012302F0070206329340C1F30C01083BC9
S31508005BA0994201D8FFF776BD704700BF002000BABA
S31508005BB0001000BA054BA822D3F84C013121431C2A
S31508005BC00CBF0120C0F38070FEF700BE0080E00F16
S31508005BD0034B1A6802609B8883800020704700BFC9
S31508005BE0E026002010B50446084B063C9B689847FB
S31508005BF0074B032CD3F8F80706D800F4C020B0F5F5
S31508005C00C02018BF012010BD0020FCE75426002044
S31508005C10000002B80E4BD3F8FC37FF2B0ED0C3F3A7
S31508005C20421103F01F03013303EB4112FE2A88BF1A
S31508005C30FE23084A98BF03EB4113137041F66A0224
S31508005C40054B1B68B3FBF2F3044A1360704700BFA9
S31508005C50000002B8EB260020482300202C23002051
S31508005C60063803289ABF024B18780020704700BFF1
S31508005C70EB260020334BD3F8F827D3F8FC17324B22
S31508005C801B68D3F8E43013B11A68032A2BD82F4BB4
S31508005C90DB6BC3F3C20013F0380F03F0070218BF1B
S31508005CA0424313F4E07FC3F3821000D04243C1F3AA
S31508005CB04213022B234919D9062A37D9D1F8FC33BE
S31508005CC013F0010335D14FF0E0702149092AC1F8D4
S31508005CD02C012048C0F82C316FF0FF03C1F8283199
S31508005CE01DD91D4B1DE09A6A520EE0E70023D1F834
S31508005CF0FC13C907E7D5032A1CD84FF47C71144A4C
S31508005D0043F44C73C2F82C114FF0E071C2F82C1111
S31508005D101049C1F82C316FF0FF03C2F828314FF44F
S31508005D2008530C4A0020C2F8283170474FF4000384
S31508005D30DDE700234FF47C70054943F43873C1F856
S31508005D402C01C0E7000002B804210020008001B839
S31508005D50002002B8001002B8002DB00BF8B5834D2C
S31508005D6004462978002950D12C22814805F003F9E8
S31508005D702378804FFF223B70638800247B807E4B0C
S31508005D804FF48150C3F8DC407C4B1A7007227C4BD9
S31508005D90D3F8F817D3F8FC6703F50053C3F8FC23C8
S31508005DA04FF47072C3F82C21764A4903C3F83021A0
S31508005DB04FF00102C3F83421C3F86C014FF40060B8
S31508005DC0A3F58053C3F86C0126D4C3F8FC234FF41B
S31508005DD0307216F0E00FC3F82C2108BF4FF480523A
S31508005DE04FF0080008BFC3F86C21FCF765FE4FF4B6
S31508005DF0780420226449C1F86C213A78063A032AC5
S31508005E002BD8DFE802F0156B6E7300235F4AC2F8E1
S31508005E10FC305F4A1370ABE70421C3F8FC138021FA
S31508005E200920C3F82C11C3F83421FCF745FEE0E736
S31508005E3016F0E00FC6F3421204D144F40C3444F4CD
S31508005E4040740AE0012A1BBF2020524A44F4C13498
S31508005E50C2F86C0118BF44F48024C1F83041FFF73A
S31508005E6009FF002839D14C4B1A68B2F1406F474AEE
S31508005E705BD3D3F87C1201313BD0D3F87C12C9B27C
S31508005E80C2F8DC10D3F88032404ADBB24249C2F885
S31508005E90E430D1F88432013343F63F7332D0D1F877
S31508005EA084421C40C2F8D840D1F888120B40C2F888
S31508005EB0E030394BD3F88C1201312CD0D3F88C1240
S31508005EC001F0FC01C2F8F010D3F8903203F0FC039D
S31508005ED02E4AC2F8F43001232B70F8BD44F4083476
S31508005EE0ADE744F4A73444F48074B6E744F4FE44BA
S31508005EF0B3E72349D1F82831DBB2C2F8DC30D1F850
S31508005F002831C1E71E4CD4F824111940C2F8D8101C
S31508005F10D4F82411CAE71A49D1F8343103F0FC033E
S31508005F20C2F8F030D1F83431D0E71549D1F8F8473E
S31508005F30D3F83012C9B2C2F8DC10D3F83432DBB267
S31508005F40C2F8E430630357BF43F62B3341F61B33DD
S31508005F50C2F8D830C2F8E03049BFC2F8D830FC23BE
S31508005F60C2F8E030DC23C2F8F030B1E7492500205A
S31508005F70D43F00B0E0260020004001B8EA26002001
S31508005F80000002B800FFFF00001002B8003F00B092
S31508005F9048250020002002B80080E00FD0F8A410A1
S31508005FA04C22022938BF02212DE9F04F804690F88D
S31508005FB024A181480139C36CD0F8DC507F48C3F36B
S31508005FC08213DA40036898F82B708B42DFF828B200
S31508005FD07B4B87B002F0010219D11C78944216D186
S31508005FE0784C2478544512D1D8F8A8407CB1AC42F4
S31508005FF00DD1754CD4F8F840A60608D4734C24780D
S31508006000BC4204D1BBF8040007B0BDE8F08F0160BC
S315080060109BF800001A70FFF723FEFF2F81466A4897
S3150800602040D1AAF10603032BD0F8F800684B09D92A
S3150800603085064DD540F2FF30C3F88800FB0843F4C7
S31508006040407309E0840642D540F2FF300127C3F8C1
S315080060508800BB0843F438735E48C0F888305C4B48
S315080060600120C3F8E0005C4B1E6840F27123B6FBC2
S31508006070F3F619234E43B6FBF3F65AB3D8F8E450B1
S315080060802DB12B68082B40F2948095F83850294694
S3150800609005A8059604F03EFE0602059C46F0110684
S315080060A02D043CE009F1FF33BB4228BF3B46012BD8
S315080060B038BF0123D0F8F800DFB2800608D540F2D1
S315080060C0FF3443481B06C0F88840B7D4C1E7012708
S315080060D0404BC5E7414B9821A3FB062303A803932E
S315080060E004F018FE039C3E4A361BA2FB06120190DA
S315080060F0342104A8049204F00DFE049D0090761B3A
S31508006100302105A8059604F005FE019B009A1E029B
S31508006110059B2C4446EA0216324D06431C44324B74
S3150800612040F6970218682B21003818BF0120FEF7A1
S315080061304DFBFA222C4B02FB04F01B6840F6FF725B
S31508006140B0FBF3F00A235843214B00F57A74C3F8E1
S31508006150D820A3F58053C3F8D860A3F58053C3F8B5
S31508006160DC50224B224E1B78C6F8D4700BB9C6F801
S31508006170FC7086F8FB9000F58C50C8F8A8501D4DA9
S3150800618014302C6001F028FB4FF47A72C6F8980098
S31508006190C6F8EC002B680D49B3FBF2F3ABF80430F4
S315080061A0084BB4FBF2F083F800A098F82B300B707C
S315080061B02AE700256BE700BF004001B82826002023
S315080061C04A250020E9260020004F00B0E8260020D6
S315080061D0006001B8005001B84823002069C2F5687C
S315080061E0B97A146E3064FC002C2300204825002060
S315080061F0003F00B030230020E026002010B5104BE9
S31508006200024618780F4C0C2802D1FF20207010BDCA
S31508006210831F042B34BF0121FF21FFF721FD904284
S3150800622028BF1046C0B2884238BF08462378834242
S31508006230EDD0054B20701868FFF7B0FE2078E6E72A
S31508006240E0260020EA2600200421002008B50E4B8F
S31508006250024618780C2812D0FF2A13D0FFF700FD43
S31508006260904228BF1046C2B2012A38BF0122074B06
S31508006270C3F8FC200123064910460B7008BD00230D
S31508006280FF22F8E70023F6E7E0260020003F00B0EB
S31508006290482500200020044B1870044BD3F8D4205E
S315080062A0C3F8FC20704700BF48250020003F00B017
S315080062B010B50446FEF778F878B1154B1B786BB91C
S315080062C064B1144B1B784BB1134B1B78013B012B64
S315080062D004D84FF40042114B1A6510BD104B1B6DC4
S315080062E01B04FAD405F0A9FA044601F07FFF4FF41F
S315080062F000420C4B2046BDE810401A6502220A4BA4
S31508006300C3F824250422054B5A6405F091BA00BF48
S315080063104B2500204C25002034230020002002B8FD
S31508006320000002B8001002B800D00350054BD3F89D
S31508006330843013F0030F4FF4802314BF024A034A34
S3150800634093647047004000B8005000B8006000B879
S31508006350594B2DE9F34193F82E800646B8F1000F04
S3150800636040F0A8809B68554C984701213A20FBF7D6
S315080063700DFF534B2578534F1E7085BB2846FFF7F4
S3150800638097FF2378013B012B19D8E37B01A88DF8E9
S315080063900430237C8DF80530FBF7D4F8C7F824556C
S315080063A04FF6FF72484BC3F88420F822A3F58053B2
S315080063B0C3F884200022434BC3F824250DE04FF68A
S315080063C0FF72414BC7F82455C3F88420F822A3F579
S315080063D08053C3F88420C7F824553C4B5BE04046FD
S315080063E0FFF766FF2378013B012B08D8E37B01A85A
S315080063F08DF80430237C8DF80530FBF7A3F80023CD
S31508006400C7F82435002ECBD062685AB3304B1B68C8
S3150800641003EB5203B3FBF2F3013B1B0243F0F80311
S3150800642026782949022E2B4A1ED0032E4FF6FF75D1
S31508006430244826D0012E37D143F00203C1F88450F0
S31508006440C2F884300723C0F82435E37B01A88DF809
S315080064500430237C8DF80530FBF744F80120FFF75C
S3150800646027FF17E0F823DBE74FF6FF7043F0010339
S31508006470C1F88400C2F884300622124BC3F82425DA
S31508006480E3E743F00503C1F88450C2F884300423D7
S31508006490C0F82435104B4FF080421A65FFF746FFC7
S315080064A0002002B0BDE8F081C1F88450C2F88430FB
S315080064B00023EDE70E20F4E75426002034230020BD
S315080064C04C25002000C00350006000B8002002B828
S315080064D048230020005000B8001002B8034B1B6D7B
S315080064E0002BBCBF024BC3F888007047000002B8F7
S315080064F0004000B8304B2DE9F047DB6898474FF469
S315080065007A762E4BB0FBF6F618604FF4FA7373439F
S3150800651007462B48190E1B0218182A4A4FF0000383
S3150800652041F1000102F014FD274BA0F580720546E3
S315080065301A6320B948222B21FEF748F901254FF4A2
S315080065407A724FF0000A6A4353465008310202F045
S31508006550FFFC1D4B1D4AB7F57A7F9A601C4B4FEA24
S31508006560056819601B4B8946044618604FEA1525CD
S3150800657005D29B222B215046FEF728F901264FF417
S315080065807A73A8FB030103FB05117308C01841F1D0
S3150800659000010023324602F0DBFC0F4B023419607F
S315080065A00E4B49F10009A408186044EA8974064BA1
S315080065B0013C9C63BDE8F087542600204823002050
S315080065C020A1070040420F0000C001B802110100D7
S315080065D05823002054230020502300204C23002059
S315080065E01022044BC3F884215A600122024BDA6058
S315080065F0704700BF00E100E000C001B838B50125CA
S315080066000A4B02019D504FF480730446084A8340A2
S31508006610536605F012F9074AA540137823EA0503DD
S315080066201370BDE8384005F003B900BF00E101B8B2
S3150800663000E001B85525002038B505F007F9084BE4
S31508006640084A1D6A92F8CD405A6EE4B2520744BF12
S315080066501D6A013405F0F5F8284604F0030138BD33
S3150800666000C001B8003E00B0064B1B68434303EB6D
S315080066708171054B1B68A3FB003013F1004341EB06
S3150800668000007047502300204C2300200C4A20F0BD
S315080066904043014610B5002014684FF00042E4FB61
S315080066A00320084A890F126802FB0300064B9B6BFE
S315080066B0984204D901330131C01A01F0030110BD13
S315080066C0542300205823002000C001B8044B01F0D1
S315080066D0F071103041F0030100011950704700BFF6
S315080066E000C001B808B52220FFF7F8FE4FF4802253
S315080066F0014BDA6008BD00BF00C001B8836833B13A
S315080067000549C268096803F13043032A00D870476F
S3150800671043F8041B043AF8E78826002070B51646A5
S31508006720054600B3F9B1F2B14268104B006803326E
S315080067301B68920800F130409847044688B9EA6811
S31508006740A86803323146920800F1304004F022FB73
S31508006750044630B9D5E90402214600F1304004F078
S315080067600AFC204670BD2124FBE700BF3026002026
S3150800677070B50C68651C15D0C4F302669E42C4F356
S31508006780074530D1A4B294422DD804EB8506B2420F
S3150800679029D2141BA50824F003040E59340F04D07B
S315080067A0012C08D00022212402E06B1C51F823207A
S315080067B0C0E9002470BD0E4C34F8133042EA034396
S315080067C01A686B1C51F8234001EB83014B68224081
S315080067D05E4036F0704404D11B0F032B04BF8B6850
S315080067E01A430024E4E7013501EB8501C1E700BF40
S315080067F000C9000807B501A8FCF780FC42F20102AF
S315080068000C4B0D49C3F870224FF4FC72C3F8E02014
S315080068105822A3F58053C3F8E020084AA3F61C7350
S3150800682052F8040B43F8040B8B42F9D103B05DF818
S3150800683004FB00BF006001B8104101B8D4C80008C5
S3150800684070B50324134E144DB3689847134A144B76
S315080068501A6500F09BFFFFF7CDFF124BC3F81041F6
S3150800686001232B65336898474FF460736B614FF4C7
S3150800687000732B65FEF708FF0021FEF7D3FE802282
S31508006880094B1C64A3F580535C64084BC3F8842148
S315080068905A6070BD54260020001002B80048F00067
S315080068A0000002B8005001B800A0095000E100E05D
S315080068B02DE9F04705460E461446DFF88480DFF8D2
S315080068C084901E4F88B01CB9204608B0BDE8F087F2
S315080068D0B4F5006F4FF010024FF000016846A2466B
S315080068E028BF4FF4006A04F046FB08238DF80030F1
S315080068F00AF1FF339BB2009A1B0143F0036302EAD5
S31508006900090203EA08031343102200210DEB0200D3
S31508006910CDE90036029504F02EFB6A46387804A9BC
S31508006920FCF75AFBA4EB0A0406EB8A0605EB8A0574
S315080069303878FCF7AFFB0028FAD0C4E7EC2600202D
S31508006940F07F300C0F80CFF3002210B5274B284C70
S315080069505A649A64DA6494F82D2003F5805312B1C8
S315080069604FF000721A6594F82E20002A39D04FF499
S3150800697000421A6594F830302BB14FF480521D4B03
S315080069801A65A36A984794F831201A4B12B14FF446
S3150800699000521A6501225A6102229A62134AD36882
S315080069A0C3F303630D2B01D0002BF8D11123124931
S315080069B0D3631248124AFFF7B1FE01F03FF81148B7
S315080069C0FFF79CFE1048FFF799FE1048FFF796FE62
S315080069D04FF08062074B5A61012203F580535A61D2
S315080069E010BD01213A20FBF7D1FBC3E7000002B82E
S315080069F054260020001002B874C9000858C90008B7
S31508006A0070C9000828C9000840C9000810C900084C
S31508006A100F4B10491A68012302F58052C2F88032DA
S31508006A2091660D4A53600D4A53600D4A5360A2F5AC
S31508006A3080425360A2F54042536002F5C03253606B
S31508006A4002F580425360A2F500425360704700BFCA
S31508006A5050260020FF0B001600D000B8001000BA20
S31508006A60005001B808B504F0C7FB044B1B681B6F40
S31508006A70C3F300430133B0FBF3F008BD50260020F2
S31508006A8070B5044698B1B1B13A4A52F8043B83420C
S31508006A9013D10023384A116CC907FCD4374800EBD8
S31508006AA0830004F080F9364B106001221A6470BD29
S31508006AB001330C2B02D1334D2CE0012352F8041B71
S31508006AC0A142F5D1304A32F81330E3E7C2F3016345
S31508006AD035F81300110C93B211F0FE0F43EA004388
S31508006AE0606820D00434CAB2022A216808D9D4E9D9
S31508006AF00160033AC3E9001698600C340C33F3E7D7
S31508006B0004D16268C3E90012083403E0012A01D1FE
S31508006B10043419602268531CD8D10022164B1A6017
S31508006B2003F58053C1E7120F072AEDD8DFE802F014
S31508006B300704090D1013181DC04303F50053186008
S31508006B40E2E71A6842401A60DEE703F58053F6E783
S31508006B5004F015F9D8E7012203F580538240F2E7DD
S31508006B60012203F500538240EDE71A6830EA020273
S31508006B70FBD1C9E75C23002000C002B8404000B042
S31508006B8000D002B800C90008202500200122014BC8
S31508006B901A657047001002B80122014B1A65704742
S31508006BA0002002B84022014B1A657047002002B83F
S31508006BB04022014B1A657047001002B8064BDB6885
S31508006BC0C3F30363984206D1044A936F23F0F00394
S31508006BD043EA011191677047000002B8003F00B010
S31508006BE02DE9F743064604F0C3F800248046DFF88B
S31508006BF0909004F022FE0DF1070105460DF10600FE
S31508006C00FEF7E8FC9DF806308BB9721C29D004F013
S31508006C10AFF8A0EB0804284604F00AFE9DF80630F3
S31508006C2013B99DF807303BB3A642E2D824E0D9F859
S31508006C300C3013F4603FE8D0D9F8180004F006F9D0
S31508006C40731C074603D004F093F8A0EB0804284603
S31508006C5004F0EEFD17F5007FE0D0384603B0BDE836
S31508006C60F083284604F0E4FD9DF80630002BC0D1D9
S31508006C709DF80730002BBCD1004FEEE700FEFFFF62
S31508006C8000C000B8044BD3F8B03010B1C3F30332D8
S31508006C90027003F00F007047000002B8064B01F0BF
S31508006CA080015B6C03F480030B4302BF4FF40012B0
S31508006CB0024BDA64704700BF000002B8006001B8F2
S31508006CC04FF0B052024B1B6803F580539A66704723
S31508006CD050260020044B1B68986E00F0B05000F157
S31508006CE06A43584258417047502600200F4B1B787C
S31508006CF08BB1012B11D10E4A012102F580528B422C
S31508006D0091600FD80A4A0B49002B08BF0A469368B8
S31508006D109B07FCD47047074AEEE700224FF48053DE
S31508006D209A60FFDE00239B68FBE700BF562500201C
S31508006D30004003B8000003B838B50B4B0B4C0028CD
S31508006D4018BF1C46A569E3691D4007D0084B1B6898
S31508006D502BB12846984704F50054A56138BD6B0544
S31508006D60F9D5FFF7C3FFF6E7004003B8000003B8FC
S31508006D708C2300204FF604014FF60502044B012030
S31508006D801B6C9BB28B4208BF1346024A13667047B8
S31508006D900080E00F00C001B8034B1A6E596E03F568
S31508006DA000530A401A66704700800A5030B54FF003
S31508006DB04044114B1A68D2F8883002F50055C5F8D8
S31508006DC0A040C3F38803C5F8A44091B1B3F5D17FB9
S31508006DD028BF4FF4D173D52B38BFD52303F1460509
S31508006DE0A3F1460141EA0541D16702F58052C2F88E
S31508006DF0A4400380002030BD4C2600204FF480229A
S31508006E00034B00201B6803F581539A61704700BF46
S31508006E104426002073B50446234B244D9B689847A7
S31508006E2001213A20FBF7B2F9E1782279286841EA8C
S31508006E300243C0F8F435E679A37943EA0643C0F875
S31508006E40F83523784BB18DF8041004218DF8052008
S31508006E500DEB01000022FAF709FB63785BB1042108
S31508006E60A37900228DF80430E3790DEB01008DF843
S31508006E700530FAF7FBFA2B682178012203F5BE6381
S31508006E8059B103F580510A606178022241B103F5D0
S31508006E90805300201A6002B070BD03F50051F2E776
S31508006EA003F50053F5E700BF5426002048260020C6
S31508006EB04FF08042034BC3F88020BFF34F8FBFF3D8
S31508006EC06F8F704700E100E04FF08042014B1A6077
S31508006ED0704700BF00E100E0124A10B5D2F84C3105
S31508006EE05468D269104912F4401F0FD15A1C0DD1AB
S31508006EF024F0404424F44004240C24040B4803F0F2
S31508006F00BFFF2146BDE8104003F0BABF084A194042
S31508006F109442F3D103F4FE43B3F5807F08BF41F4EE
S31508006F20A061EBE70080E00FE0FFF01FCF13468B70
S31508006F30140015012DE9F0470C4681B1B1F1006F37
S31508006F400DD31C4BCA1C9A4209D84FF0000844F6C8
S31508006F50FC7654F828104FEA88094B1C01D1BDE885
S31508006F60F08703F08DFFC1F30263032B844608F113
S31508006F700107C1F3074514D18BB2F31AB5EB930F8A
S31508006F804FEA930A0DD909F104015246214403F048
S31508006F9092FF844608F10208013D08EB0A07A5EBB3
S31508006FA00A052A46604604EB870103F084FF07EBCF
S31508006FB00508CEE7FFFF07082DE9F041044668B14A
S31508006FC0B0F1006F0AD3254B00F117029A4205D893
S31508006FD0234B244A19780023994224D800252427CC
S31508006FE0FFF77AFF2168FFF7A5FF6168FFF7A2FFA1
S31508006FF0E668AE4221D12269111A4B424B41B4F1DF
S31508007000006F15D3154904F117058D4210D8824231
S3150800701022D1134A1378052B09D8124941F823407F
S315080070200133137003E052F8040BA04203D1012385
S315080070301846BDE8F0810133CEE707FB05F3A268E1
S315080070400135D15802EB0308FFF774FF042208EB59
S31508007050020103F030FFCCE70023E9E7FFFF07084A
S31508007060582500209023002070B52C4B0C461A7822
S315080070701AB92B4AD2F86C221A702A4A126D52058E
S315080070804AD51D78284B05F00F06B0FBF3F04043B0
S315080070904FEA151505D140F27C622B21FDF796FBC8
S315080070A00120224A0A217243B2FBF0F34843B3FB9C
S315080070B0F1F602EB5002B2FBF0F201FB1633042B99
S315080070C0D2B207D8C3EB8310C3EB80035BB283B994
S315080070D06DB217E0C3F10B0303EB8303DBB2B3FB1B
S315080070E0F1F32B44DDB20F2DF2D9013AD2B2053DA8
S315080070F0EEE7053B5BB293FBF1F31D44EBB26DB2D1
S31508007100002D04DB002042EA0512226070BD013220
S315080071100533D2B25DB2F5E70220F7E7592500201C
S315080071200080E00F000002B8403B250080969800DA
S31508007130F8B50B46002213F8044B944225D91D686E
S31508007140854224D106245A791D79124B88181E685F
S3150800715004FB0503104F33F8063C7B43B3420ED9B4
S3150800716000238A5A7A43964202D804FB0300F8BDE4
S315080071709D42FAD9013304FB03F2825AF2E740F240
S3150800718044423D210020FDF721FB0020EFE70833AC
S315080071900132D2E7A823002040420F0000202DE943
S315080071A0F04FA2FB016AB94FDFF824C3F7191D4651
S315080071B06AF10003BC4570EB030383B008D240F2C2
S315080071C03E220E21FDF702FB022003B0BDE8F08F38
S315080071D0D5F828908B461446B9F1000F04D0D9F893
S315080071E00030032B00F29381A94BAA4A9B6BD2F875
S315080071F0FC90C3F31408A84B1B6F59074EBF4FF4F6
S3150800720040039B0503F0E07348EA0308A34BD3F851
S31508007210EC305A0048BF48F0807848EA446804F0E1
S3150800722025F80746002CCFD00028CDD09C4B6E629F
S31508007230C3F800B09B4B984200F0B18103F51223C6
S3150800724003F5F863984200F07381974B984200F073
S31508007250B1810246002300204FF0007101F078FE4C
S315080072600023013006FB03F300FB0A33A6FB0002EA
S315080072701344203389499B092B60D1F8ECB3D1F824
S31508007280F033D1F878A1D1F8A010009308465840F9
S3150800729030F47F630CBF012000204FF4287201915F
S315080072A01021FDF793FA8BEA0A0232F47F634FF056
S315080072B0100140F2A6220CBF01200020FDF786FA35
S315080072C07A4A009BD2F86012C9B2FF291CBF2AF479
S315080072D07F6242EA0112764908BF5A468E4207D9AA
S315080072E0211F012940F2278172498E4200F223812B
S315080072F0B7FBF4F7C8F31301A1FB0717AB61684B9B
S31508007300C90C41EA473118F4801F1F686A4B08BF49
S3150800731049421960694B0F44C5E907B21F60B9F1C4
S31508007320000F00F0328100236B60AB60D9F81C6057
S31508007330D9F800A0002E49D0BAF10F0F97BF574BC6
S31508007340B9F818B0D3F88C31C3F3832B524B98BFD6
S315080073500BF1080BD3F83C31B7FBFBF2DB0216D571
S31508007360002381EAE17EAEEBE17E5549C8F38158F8
S3150800737011F808C0194650084FEACC5CCCFB0E0140
S31508007380009201F0E5FD009AC0F3130068605F45BE
S3150800739004D3B2FA82F10D2940F3048133469103EE
S315080073A0B1FBF3F14B004FEAC23E0133520C01E048
S315080073B002330131A3FB06C0E64572EB0000F7D2A3
S315080073C0C1F30E01090341F00061A960BAF1050F86
S315080073D040F2DF80D9F82C60002E00F0B6803078B5
S315080073E004FB07F7A0F10400B0FA80F040F20B5254
S315080073F03D214009FDF7EAF9324B9F4240F20181EF
S31508007400314B9F4240F20181304A974294BF022293
S31508007410032244F21421FF0B07EBC70307EB4303D0
S315080074209B0B013B5B0232446B61567801FB07F20A
S31508007430B6EBD25F4FEAD25380F0E5802644B342DA
S3150800744040F2D7802644B34240F2E1802644B34254
S3150800745040F2DF802644B34240F2DD802644B34240
S3150800746098BF052040F2C680002040F226523D21F2
S31508007470FDF7ACF944F6776307FB03F3DB0D013B35
S31508007480B34280F0BC80002026E000BF006CCA88AA
S31508007490008001B8004F00B0004001B8000002B8F3
S315080074A0B023002000F04902005A62020080E00F73
S315080074B000BBEEA000AE5EA7AC230020A8230020E8
S315080074C008C9000820D4CB8F00DAF89AE0DF25A691
S315080074D0807C814A042804D8361BB34200F1010097
S315080074E0F8D303288CBF0020012040F232523D21F8
S315080074F0FDF76CF901216B69A6F1140242EA86428E
S315080075001343D9F800A06B6185F82C101FE0042BF3
S31508007510D9F828807FF483AE18F0807F14BF4FF423
S31508007520400308F0E07328F0E07848EA030876E6B6
S3150800753000233A4896E6019B2AF47F6A23F47F6380
S3150800754043F42A634AF4CC6BD2E685F82C60002310
S31508007550BAF1060FEB6018D9D9F83030ABB103F0A1
S3150800756085FED9F83010FFF7E3FD044608B18378A5
S315080075701BBB03F03BFED9F83010FFF7D9FD20B14D
S31508007580837813B1C3781B042B61002003B0BDE8D0
S31508007590F08F0023002085F82C30EB60F6E70023F7
S315080075A01F485FE6C1F10E0326FA03F302FA01F15A
S315080075B00133F5E600231B4854E6407940F255525C
S315080075C0003818BF01203D21FDF700F9207940F267
S315080075D05652003818BF01203D21FDF7F7F82379E8
S315080075E062791B0243EA0213EB60E3781B042B6102
S315080075F0BFE7012003288CBF0020012035E70120C2
S3150800760073E7002205E701202FE7012201E70220A0
S31508007610F0E70320EEE70420ECE700BF313641DC53
S315080076200A3BB2DFD694BFD630B505460C468DB0B8
S3150800763059B9334B827AD3F8FC30416831480A93FA
S3150800764000686B46FFF7AAFD6C462F4B22685A6303
S315080076502B4BD3F8FC30002B3CD0636843B12B4B43
S315080076602B4AC3F83C216268A3F58053C3F83C2132
S31508007670A36843B1254B274AC3F81C21A268A3F582
S315080076808053C3F81C21244AE168D2F8983194F84B
S315080076902C0023F4EE630B43C2F898316FF078425E
S315080076A01E4B1F499A606269A3F580539A604FF48E
S315080076B04033C1F88C3122691A4BC3F88C214FF438
S315080076C00012D8B10A65184B1B6898471749606AB3
S315080076D0FFF7CAFC0020A2690F4BC3F8A020E26995
S315080076E0C3F87821226AC3F8F8232A89A3F5E03378
S315080076F09A6203F5A03318640DB030BD1A65E2E747
S31508007700004F00B004210020008001B8006001B8D5
S31508007710FFFF0F0000F0FF0F000002B800600C50DA
S31508007720002002B8001002B854260020588001B87C
S315080077304FF40022014B00201A657047002002B85A
S315080077400E4B1B68D3F88022D2070ED55B6E002B32
S315080077500DDA0B4B4FF480029B6813F00C0F094BA4
S3150800776009D11A654FF480421A65002070474FF414
S315080077708002054BF5E704490A65F3E75026002021
S3150800778000400950002002B8001002B84FF4806289
S31508007790014B1A65704700BF001002B810B590B1CA
S315080077A00468012C0FD902696AB11168094B102CBB
S315080077B0196051685960916888BFD268996094BF0A
S315080077C0D960DA6010BD10220021024803F0D3FB0D
S315080077D0F8E700BFB8230020084BC1171A68A2FBB8
S315080077E0000302FB013310F1807043F10003400EE1
S315080077F040EAC310803820EAE0707047C8230020AA
S315080078000722194B70B51A64184B194A1D68194B8B
S31508007810EC08E005C0184FEA153141F100010023D4
S3150800782001F096FB144B154E18601548FFF7D4FF68
S315080078304042C6F8D00049F65800FFF7CDFFC6F813
S315080078409C001048FEF722FF024660B1E30150088B
S3150800785018184FEA15714FF0000341F1000101F0C5
S3150800786077FBC6F8A80070BD000002B848230020C0
S3150800787065CD1D00B2E60E00C8230020003F00B00B
S315080078807011010040420F0010B5044698B10B4B29
S31508007890D3F8FC00FFF782FF4FF47A7303FB04F07A
S315080078A0074BA0F57A60DA689B681044C01ABDE8F1
S315080078B01040FFF791BF4CF25030F8E7004F00B088
S315080078C0B82300202DE9F8430546084614461E4607
S315080078D0FFF764FF05B306F0020716F004061DD18C
S315080078E0D7B14FF47A706B685843002B40F08C8000
S315080078F0FFF772FF20636B69002B00F08C804A4A01
S31508007900D0684FF47A7202FB0300A0F5FA50FFF72D
S3150800791063FFE062002E58D1BDE8F8832869002885
S3150800792069D04FF47A7358433F4BA0F57A609B6849
S31508007930C01AFFF751FFA062A88B00285ED04FF44B
S315080079407A735843384BA0F57A609B68C01AFFF7DC
S3150800795043FFE061354BE968D3F80080002950D031
S315080079604FF47A735943304BA1F57A619A685B688C
S31508007970891AC91A2E4BC8171A68DFF8BC90A2FBD9
S31508007980011302FB003311F1807143F10003490E24
S3150800799041EAC3118039274B2162D3F8B8306362B4
S315080079A0D9F8003053B1404603F059F930B12246B0
S315080079B0D9F800301C49D8F8D80098470021A8699A
S315080079C0FFF762FF6063002F8BD1A86830BB47F2D0
S315080079D03050FFF701FF60614FF47A702B68584307
S315080079E02BB1114B1B6803F51C5310331844FFF7D2
S315080079F0F3FEA06190E74CF250309AE74CF2503013
S31508007A00A5E74CF25031B5E7074B1B6803F51C5345
S31508007A10103318446CE747F2305078E74FF47A731E
S31508007A205843A0F5FA50D4E7B823002004210020D3
S31508007A30C8230020003F00B0B423002070B5154CC1
S31508007A408CB001AD0FCC0FC50FCC0FC594E807005D
S31508007A5085E80700AC2200210F4803F08CFA9C2227
S31508007A6000210E4803F087FA202200210C4803F073
S31508007A7082FA03F02BFA0B4B1B784BB1054E01AD7E
S31508007A800FCD0FC60FCD0FC695E8070084E807008F
S31508007A900CB070BDD43F00B0B83E00B0643F00B033
S31508007AA0E04F00B04925002008B503F0C6FE0E4B8E
S31508007AB01A78A2B90D4A126812F4843F0FD10C4AFB
S31508007AC0102111651B7863B9084B1B68DB0508D4C0
S31508007AD0074B20221A65BDE8084003F0A9BE054AEF
S31508007AE0EEE7044BF5E700BF5F250020380A0020C3
S31508007AF0002002B8001002B810B5104B104AD3F88F
S31508007B00B8001478596A9A6A00F00F0021F4706177
S31508007B1022F0E052844241EA042142EA84624FF0AC
S31508007B201F04084835BF9A6259625962C0F8B840BE
S31508007B3034BFC0F8B8409A6210BD00BF00C000B894
S31508007B404525002000E000B80A4B197801F0FF022D
S31508007B5029B10021197008499202C1F808215978FB
S31508007B6001F0FF0229B1002159709302024AC2F8B6
S31508007B700C3170475A250020005000B8084BD3F83E
S31508007B80000F084B9A6C110107D4074A926E9207A8
S31508007B9005D5D3F8F4339B0701D500F580707047F7
S31508007BA0003000B0000002B8004000B810B503F07D
S31508007BB044FE0E2104460320FFF700F840F2012296
S31508007BC0034B2046BDE81040DA6203F031BE00BF21
S31508007BD0004000B838B503F030FE4FF00043244C9F
S31508007BE00546C4F88030BFF34F8FBFF36F8F01236C
S31508007BF0C4F88430BFF34F8FBFF36F8F0223C4F8E6
S31508007C008430BFF34F8FBFF36F8F0423C4F88430DB
S31508007C10BFF34F8FBFF36F8F0823C4F88430BFF3C9
S31508007C204F8FBFF36F8F134B1B6A98471023C4F807
S31508007C308430BFF34F8FBFF36F8F2023C4F884308F
S31508007C40BFF34F8FBFF36F8F4023C4F88430BFF361
S31508007C504F8FBFF36F8F4FF48073C4F88430BFF330
S31508007C604F8FBFF36F8F2846BDE8384003F0E0BD5D
S31508007C7000E100E05426002038B503F0DEFD054695
S31508007C804FF000430C4C23600123636004236360B8
S31508007C9008236360094BDB69984710236360202338
S31508007CA06360402363604FF4807363602846BDE8D1
S31508007CB0384003F0BDBD00BF00E100E054260020B7
S31508007CC0012370B5074C2370074B1E68074B3240DB
S31508007CD0D3E9005319402840FDF7C6FA002323705C
S31508007CE070BD00BF5D250020D0230020380A002083
S31508007CF00022044B1A70044B197811B11A70FFF759
S31508007D00D3BE70475E2500205F2500202DE9F04789
S31508007D10DDF8209003EA0108099B06460D4602EAAB
S31508007D20000703EA090AB9F1000F40F0F280031FC1
S31508007D300B4300F0A180052871F100036FD250EAC9
S31508007D40010300F0D481431E0B4300F0B880FFF70F
S31508007D5041FF814AD2E9004323EA050324EA0604DF
S31508007D603C4343EA08077D4BC2E900471E6826EAFA
S31508007D70090646EA0A061E60FFF796FE16F0020F87
S31508007D8042F2020308BF0223754A7648D26E2503DB
S31508007D9083EA020122EA0302C266734A03EA01037E
S31508007DA08166D366C4F380424FEA023248BF42F482
S31508007DB08072E00648BF42F40052A10648BF42F46A
S31508007DC000726306694B48BF42F48062DB68250689
S31508007DD048BF42F40062664882EA030123EA0203C6
S31508007DE0C360644B0A4017F4007F8160DA6007F4C9
S31508007DF00071614B00F0D2800121604A83F894102B
S31508007E0092F82D004FF00073002800F0A1805C481E
S31508007E10036593695B4898474FF48025D1E04FF492
S31508007E200043994208BF48454B4C61D081458B4178
S31508007E308DD3A0F580630B4305D020F48063A3F5AA
S31508007E4000730B4383D103F0F8FCD4E9003223EA2C
S31508007E50060322EA050242EA08023B43C4E9003265
S31508007E60494A126892F8F610484A09B313F4C06FE3
S31508007E701ED04FF4807311E003F0DFFC364AD2E9D6
S31508007E80003123F004033B4341EA080157EA080797
S31508007E90C2E900314FF480633C4A0BD0C2F8143172
S31508007EA0A2F58052C2F81831BDE8F04703F0C0BC0D
S31508007EB04FF48073C2F81831C2F81431F4E703F0AE
S31508007EC0BCFC254AD2E9003123F001033B4341EAD1
S31508007ED00801C2E9003101232D4A57EA08071BBFEA
S31508007EE09364A2F58052D364D36408BF9364DBE736
S31508007EF003F0A3FCD4E9002323F400433A4343EAFE
S31508007F000803C4E9002357EA08074FF48063204AA8
S31508007F10E5E750EA01037FF41AAFB9F1010F7FF4E0
S31508007F2016AF03F08AFC0D4A136823F0010343EAEF
S31508007F300A0313604FF48063164ABAF1000F04D09F
S31508007F405366A2F580521367AEE713675366ABE72D
S31508007F50114A136560E700BF380A0020D0230020C5
S31508007F60004000B8006000B8005000B8004001B8F2
S31508007F70006001B8005001B8003F00B05426002048
S31508007F80001002B8843F00B004210020002000BA87
S31508007F9000E000B800E001B8002002B893F8942089
S31508007FA072B1544883F8941090F82D304FF000724F
S31508007FB0002B00F08C80504B1A6583694F48984710
S31508007FC00025E00448BF45F48035A10348BF45F4C1
S31508007FD08015A20748BF45F4800514F4001FDFF892
S31508007FE05C8106D0D8F8000002F057FE08B945F4BF
S31508007FF00025E302424B48BF45F40035F8061A6AE5
S3150800800048BF45F40005610248BF45F4001585EAF6
S31508008010020323F001033B491A400A621D40CB6163
S31508008020394A354B16F0010F1D62384B18BF1346F7
S315080080307A07374A48BF43F00063126F354883EA28
S31508008040020122EA03020267334A0B4041661367BC
S31508008050324A04F00103D26C3D0448BF43F48063FE
S315080080602F4883EA020122EA0302C2642D4A0B4022
S315080080708164D364D8F80020200248BF2A4B92F8BE
S31508008080F62058BF294B610748BF43F4806322B1E5
S3150800809014F4C06F18BF43F4807332074FF03A42A6
S315080080A0BDE8F047D2F8181148BF43F0004383EA09
S315080080B0010222F4A0221E481140C0F818111340EC
S315080080C0C0F814211B4AC2F81831FFF7D5BD0D496F
S315080080D00A65194AD2F8A41002F50052C2F8A4108B
S315080080E0C2F8A0104FF05022C2F8A43068E7BDE8E5
S315080080F0F08700BF54260020001002B8843F00B065
S31508008100000002B8002002B8041C0003041800038B
S3150800811000C001B800E001B800D001B800C000B83E
S3150800812000E000B800D000B80D0A0A09090A0A09D1
S31508008130002000BA001000BA0040005004210020B8
S31508008140024B5868C0F3C000704700BF380A0020C9
S31508008150024B186800F00100704700BF380A00207B
S31508008160024B5868C0F3C030704700BF380A002079
S3150800817010B50446FEF764FBFFF72CFD2046FDF715
S31508008180B1FAFEF7E1FBFEF7B5F9FEF729FAFFF7B4
S3150800819037FB13490723134AD1F8FC1004F1F800FA
S315080081A0FFF790FB4FF080710020FEF78FFA4FF033
S315080081B000720D4B4FF400110120C3F80021FEF7A1
S315080081C085FAFEF7D7FD20B940F292321421FCF762
S315080081D0FDFAFFF7ADFABDE810400120FEF7B8B882
S315080081E0004F00B0983F00B000D001B8F8B5084C71
S315080081F0084D636C0423084F6B64636C5B0300D4FF
S31508008200F8BD042602207E6402F0B9FD6E64F4E728
S31508008210000002B8001002B8002002B8A82238B53B
S315080082201B4B5D6C03F500535A6410229A60A3F544
S31508008230804302F100521A675A66FFF785FC154B10
S315080082401B7813B90320FEF7D9F90024124B9C6753
S31508008250FFF7CCFF114A124BD2F8001F0B40C2F8A9
S31508008260003F04220F4B5A640F4BC3F8D840FFF760
S3150800827043FCAB0608D50D4BD3F88830B3F5817FA0
S3150800828022BF8022024B1A61BDE83840FDF7F6B8D6
S31508008290000002B85C25002000C001B8003000B01C
S315080082A0DF0000FF002002B8003E00B0003F00B02B
S315080082B010B551B920B3154BDB681B0E13F00E0F22
S315080082C01ED1134B1B6CD9071AD4FFF76FFC0F4C42
S315080082D00020FEF7D7FC032801D0092805D1A36A98
S315080082E0DA07F5D4A36CDB03F2D4FFF77FFF01228C
S315080082F0084B5A6102229A62042203F580535A6493
S315080083004FF4C062044B9A6510BD00BF000002B866
S3150800831000C002B8001002B8006001B808B5032111
S315080083200920FEF74BFC2022014B1A6108BD00BF4D
S31508008330000002B8144B10B51B78CBB9134AD2F813
S31508008340A030D2F8A4100B40B3F1804F0CD34FF0F5
S3150800835040400F490F4CC1F8A400D467C1F8A000EB
S315080083604FF480210C4AD161094AC2F8A03010BDE9
S315080083700A4A0B4B92F894109B690A4898474FF49F
S315080083808022054BDA61F2E75725002000400050AD
S31508008390006000500000FF01001002B8003F00B066
S315080083A054260020843F00B038B5054603F045FA48
S315080083B00E4B04461868FDF7BFFA35B1FFF798FC6F
S315080083C02046BDE8384003F033BA094B1B78002B2A
S315080083D0F6D0084B1D78002DF2D1FFF789FC2A4606
S315080083E04FF480400021FFF76BFCE9E704210020E9
S315080083F05E2500205D2500202DE9F84F5B4B0646DB
S315080084000D4614465B6C002A40F0AC8013F0A00FB2
S3150800841014BF4FF001094FF00009FDF72FF8FFF7D9
S315080084206BFBA0234FF0000ADFF85C810320C8F835
S315080084304430FEF7E3F80420FEF7E0F84C4FFFF768
S3150800844057FC4C4B4FF0040B7B67C7F878A0FFF737
S31508008450CDFE494B4FF48071D3F8D02E42F020025E
S31508008460C3F8D02EFF22C8F80820404A1161D3F875
S31508008470002F42491140C3F8001FC8F844B0C3F89A
S31508008480D8AE7B6913F0060F04D0FEF72BF95846D1
S31508008490FEF7B4F8B9F1000F09D04FF40063384A73
S315080084A053640223C2F8F433A2F5E032936666B148
S315080084B0344BDB6C180701D4FFF778FBFFF72EFF68
S315080084C00420FEF79BF8FFF73FFB284B5A69D107B4
S315080084D046D5DA6812F0706FFBD12B4B2B4A5A64DB
S315080084E02B4A936F23F0F003936715B12046FFF7E5
S315080084F05BFF284BD3F84C315A1C01D05B0002D5E0
S315080085000122214B5A615CB31E4BDA6E03F5005308
S315080085109A6603F5D0331B6A1B4A23F00103D3611D
S315080085201D4BD96803F50053996003F50053D3F83A
S31508008530841003F5005399674FF03A43D3F818119E
S3150800854003F50053C3F81411144BD96C03F5005303
S315080085509964134903F5803359664FF60843536403
S31508008560BDE8F88F4FF0000957E700BF000002B8D2
S3150800857000C001B800000101003000B0DF0000FFB4
S31508008580001002B8004000B8002002B81000300001
S31508008590003F00B00080E00F004001B800C000B8FE
S315080085A05000002FA74B2DE9F04F9A6EDB6E87B06F
S315080085B002EA0308A44BC3F868804FF03A43D3F89D
S315080085C01461D3F818311E40A04BC3F81461A04BB0
S315080085D09A68DB6802EA030A9E4BC3F808A003F50B
S315080085E02043DA691B6A02EA03099B4B09F47702FE
S315080085F0DA619A4BD3F80422D70606D4D3F80431A5
S31508008600DD06C3F3001740F1F88003F016F9944B22
S315080086105A695F6E12F0060F14BF012200221B6F03
S3150800862000921F408F4A27F0007323F400637C07EB
S31508008630536606D58C4A92F8CD300133DBB282F800
S31508008640CD3003F0F5F8B8F1000F00F0F78018F018
S31508008650020400F0F180854B0025D3F8F4B303F546
S3150800866000530BF00702CBF380041BF0020FC3F88C
S31508008670F4234FEA44542ED003F0DFF80190FFF7B5
S315080086807DFA03467A4A1268106811688842FCD057
S3150800869010688842FCD0CDE90223FFF76FFA039BE6
S315080086A0029A984240F0AB800198029303F0C0F812
S315080086B0704A029B13606D4A526C12F4E05140F006
S315080086C0A08023F07F4323F0DF030BB9FFF7A6FD55
S315080086D04FF080731C431BF0010F13D0634B5E49A8
S315080086E05B6C03F460424A64002A00F09F801A0417
S315080086F000F19F8013F4005F0CBF4FF000534FF05A
S3150800870000631C43C8F340384FEA48085A4B3340C5
S31508008710002B4BD016F4206F0AD040F6A312062180
S315080087200020FCF753F80020FFF73EFE26F48026CB
S31508008730F00506D5FF22484B44F4C0649A60FFF75B
S3150800874035FA16F0090F0BD040F6B81208210020AA
S31508008750FCF73CF8FFF7E2FD4FF03A4301225A6373
S3150800876016F0106F0CD040F6C11209210020FCF754
S315080087702DF8FFF7D3FD002211461046FDF7B0F895
S3150800878016F4202F0AD040F6C91207210020FCF75C
S315080087901DF80020FFF708FE26F48026F10301D510
S315080087A0FDF7E8F9002EB8BF48F0080872070ED59D
S315080087B04FF03A431B6B13F4005F4FF4005317BF97
S315080087C0224A2E4A136344F4000408BF1363730550
S315080087D048BF44F0040416F4802B00F0B880FDF777
S315080087E081F9013806284BD8DFE810F03301360145
S315080087F0330139013C013F013F01009723E7034656
S3150800880042E7CDE90121FFF709FD0299124B019ACA
S315080088105964D10407D412F4806F0CBF4FF080530B
S315080088204FF0806356E74FF0804353E74FF00073ED
S3150800883067E74FF0004364E7254663E74446454645
S3150800884064E700BF004000B8006000B8002000BA26
S31508008850004001B8006001B8002002B800E100E05D
S3150800886000C001B800E001B8003E00B0000002B840
S31508008870D0C80008CC230020090B0B89001000BAC9
S3150800888040F6FA1203210020FBF7A0FF4FF03A4208
S315080088900121D2F88C30D2F8AC0003F00703063376
S315080088A001FA03F3C0F30C001B1A9BB2072B12D96B
S315080088B0784B5B6C58020ED47748D36CD26E406DF9
S315080088C058B103F0070306339940C2F30C03C91ADB
S315080088D089B2072901D844F40074704B1B78002B21
S315080088E035D04FF03A43D3F8143113F4A02F2ED1D4
S315080088F06B4B6C4A1B7893B9FB0410D4137873B18D
S31508008900E308694943EA457383F00103D1F8001F78
S3150800891003F001035B0021FA03F3980717D104203B
S31508008920FDF76CFE614B62495967FFF7E1F95D4A4D
S31508008930137843B95F4B1B782BB15F4B5F4A1B68B3
S315080089402340134201D144F4804427F48057BAF1F6
S31508008950000F1DD01AF4805F18BF44F480241AF45F
S31508008960807F18BF44F400241AF4005F18BF44F04F
S3150800897010041AF4007F18BF44F020041AF4806F1C
S3150800898018BF44F040041AF4006F18BF44F080047E
S31508008990B9F1000F3FD019F4802F18BF45F40075C0
S315080089A019F4803F18BF44F4805419F4801F18BF87
S315080089B044F4003419F4800F18BF44F0020419F483
S315080089C0003F18BF44F4801419F4000F18BF45F08F
S315080089D0100519F4002F19D0334BD3F8D03E13F0F5
S315080089E0C00F13D02B4AD368C3F30363032B01D0FC
S315080089F0072B05D1936CD90602D4D36C1A0737D541
S31508008A004FF400222E4B29F40029DA6119F4001FCD
S31508008A1018BF44F48004002F00F019813B0540F18B
S31508008A2089802849DFF884A0CB78274A002B51D0C3
S31508008A304FF40060013BDBB25066CB7033B9234B71
S31508008A401B78C3B140F60142214B5A670023002226
S31508008A506EE044F4803419E744F4006416E744F4FD
S31508008A60806413E744F4807410E744F008040DE7C3
S31508008A7044F40014CAE7DAF8783013F4A05F15BF97
S31508008A804FF4807340F60143CAF85830CAF8783074
S31508008A90DCE700BF000002B8004000B85F250020F0
S31508008AA05E25002061250020003000B000C001B816
S31508008AB00000010160250020380A0020088D010009
S31508008AC0002002B84D25002000E001B85C250020F2
S31508008AD000D001B80320FDF791FDDAF81430A2485A
S31508008AE013F0060F04BF41F61F73A04AA04908BF3A
S31508008AF053674FF400629D4B5A66DAF8143013F048
S31508008B00060308BFCAF87830B0F8CA3013F4006212
S31508008B105CD023F40063A0F8CA300B7803F0FF0A90
S31508008B20002B57D1FDF7DEFDFFF778FB53462022D1
S31508008B301C431543B80009D52E20FDF7CFFC4FF08E
S31508008B4000528A4B45F008051A675A66F90606D593
S31508008B502B20FDF7C3FC1022844B1A675A6617F0C0
S31508008B60306F05D1FA045FD5009B002B00F0AA8070
S31508008B703B0111D52920FDF7B1FCFFF7E1FA48B111
S31508008B807C4B7D49794A53660B6701F54051C968A4
S31508008B90480422D445F0040517F0007328D00420B1
S31508008BA0FDF72CFD2720FDF799FCFFF737FB4FF063
S31508008BB000726E4B5A66714BD3F8002F52067BD45F
S31508008BC06F4B02229A6045F002052AE00B784FF4B3
S31508008BD00053ADE74FF4004339E713672020536687
S31508008BE0FDF77CFC2D2045F00C05FDF777FCD3E757
S31508008BF017F0807FDFF88CA149D004200093FDF799
S31508008C00FDFC2820FDF76AFCDAF87820009B002A8C
S31508008C103AD1FFF703FB554B564A45F001051A674B
S31508008C205A660022574B9A653A0404D5564B1B6878
S31508008C30984704430D437B0509D5544A9378002B7E
S31508008C4000F08C80013B9370002348EA03084246F3
S31508008C5020462946FFF734F8BBF1000F01D0FCF790
S31508008C6077FF01224A4B06F00436C3F81461494BD4
S31508008C7019F4002FC3F884211EBF4FF40022404B7D
S31508008C80DA6107B0BDE8F08FCAF87830C3E7F904AF
S31508008C90C7D50420FDF7B2FC3F4BCAF87430FDF780
S31508008CA021FDDAF8643013F0407FBAD12A20FDF7A7
S31508008CB015FCFFF7B3FA7EE7D3F8D03E9B0682D4BD
S31508008CC0364B7EE7314A13794BB1013BDBB2137160
S31508008CD013B9294B324A5A6700231C43A4E70420D8
S31508008CE0FDF78CFC0320FDF789FC264B2A4A5A67B8
S31508008CF002F0A3FD82460DF11700FDF7C3FF294BCD
S31508008D001B781BB10090FEF751FF009803280BD182
S31508008D100020FDF7B7FF032806D1234B9A6AD00730
S31508008D20F6D49A6CD103F3D49DF81730032B06D1E9
S31508008D3001221E4B50461A7002F07AFDCCE74FF01E
S31508008D403A43D3F8143113F4A02FF1D1FEF7D0FF2C
S31508008D50504602F06DFD4FF48043BEE70220FDF752
S31508008D604DFC012371E700BF003E00B000E001B8EA
S31508008D705C2500201000002000D001B8003000B0AB
S31508008D80002002B800C001B82C2600204D2500207E
S31508008D90002000BA00E100E000000101001002B85E
S31508008DA00000010D62250020000002B85E250020A3
S31508008DB00122024B1A62DA61704700BF002002B82E
S31508008DC0094A08B5D369116A0B40084923F47F009C
S31508008DD0DB07C86106D5D1684FF0FF30C1F30361E0
S31508008DE002F07DF808BD00BF000002B8002002B8F6
S31508008DF0154B10B59C6CDB6C1C40144BE2079C644D
S31508008E000DD5134B40F663421878122100F0010085
S31508008E10FBF7DCFC002201200021FEF751FF630569
S31508008E2010D50B4B40F66A4258684D21C0F3C03046
S31508008E30FBF7CCFCBDE81040002200204FF40041AF
S31508008E40FEF73EBF10BD00BF00C000B800E000B886
S31508008E50380A002038B50B4D2C6C6B6C1C400A4B3D
S31508008E6024F002021A64E20705D540F6CA42002039
S31508008E702968FBF7ABFCA30741BF0222024B1A6421
S31508008E806B6838BD0080095000A0095038B50B4CF6
S31508008E900B4DD4F88430DB0706D4A36FD4F88420AE
S31508008EA01340084A936738BDD5F804311A06F0D539
S31508008EB0FFF7D0FF8023C5F88431EAE7008001B8C0
S31508008EC000E100E000A001B8034BD3F8D03E994377
S31508008ED00CBF012000207047003000B0184BD3F8B3
S31508008EE0D02E12F0010312D0164B93F85C30164AB6
S31508008EF043F08073C2F8D0304FF4801302F5005265
S31508008F00C2F8B430A2F58052C2F8B830704712F0F1
S31508008F10C00FECD10B4B93F85B1021B1D20602D5EA
S31508008F2093F85830E3E74FF480120020074B0649C0
S31508008F30C3F8B820C1F8D000C3F8B420704700BF02
S31508008F40003000B0003F00B0004000B8006000B834
S31508008F5053B94AB9002908BF00281CBF4FF0FF3192
S31508008F604FF0FF3000F082B9ADF1080C6DE904CE80
S31508008F7000F006F8DDF804E0DDE9022304B07047E6
S31508008F802DE9F04F099D0C46002B4DD18A420F461C
S31508008F9084469646B2FA82F360D94BB102FA03FECA
S31508008FA0C3F120029F4000FA03FC20FA02F217439D
S31508008FB04FEA1E461FFA8EF44FEA1C42B7FBF6F13B
S31508008FC006FB117701FB04F042EA0742904208D9F2
S31508008FD01EEB020201F1FF3702D2904200F2318104
S31508008FE03946121A1FFA8CFCB2FBF6F006FB102261
S31508008FF000FB04F44CEA024C644508D91EEB0C0C41
S3150800900000F1FF3202D2644500F21E81104640EAA2
S315080090100140ACEB040C002125B12CFA03F3002225
S31508009020C5E90032BDE8F08F8B4205D90DB1C5E917
S31508009030000100210846F5E7B3FA83F100294DD16E
S31508009040A342C0F0F380904280F0F08006462346A3
S315080090500846002DE6D0C5E90063E3E7002B40F09B
S31508009060A3808A1A4FEA1E471FFA8EF60121B2FB21
S31508009070F7F407FB14204FEA1C4242EA004206FBBB
S3150800908004F090420FD91EEB020204F1FF382CBF00
S315080090904FF001094FF00009904203D9B9F1000FCA
S315080090A000F0CC804446121A1FFA8CFCB2FBF7F08B
S315080090B007FB102200FB06F64CEA024C664508D967
S315080090C01EEB0C0C00F1FF3202D2664500F2B380AB
S315080090D01046ACEB060C40EA04409DE7C1F12006B9
S315080090E08B4004FA01FE22FA06F720FA06FCF44041
S315080090F08A401F434EEA0C0300FA01FE4FEA17485E
S315080091004FEA13491FFA87FCB4FBF8F008FB104432
S3150800911049EA044400FB0CF9A1450ED93C1900F1B3
S31508009120FF3A2CBF4FF0010B4FF0000BA14503D9B6
S31508009130BBF1000F00F08B805046A4EB09041FFA20
S3150800914083F9B4FBF8F308FB134403FB0CFC49EA68
S315080091500444A44506D93C1903F1FF3801D2A445B5
S315080091607BD8434643EA0040A4EB0C04A0FB0298D4
S315080091704445CC46434602D306D1CE4504D20138EF
S31508009180B9EB020C68EB0703002D6CD0BEEB0C02A2
S3150800919064EB030422FA01F304FA06F6CC40002134
S315080091A01E43C5E900643DE702FA03FEC3F1200148
S315080091B004FA03F200FA03FCCC404FEA1E4720FAF1
S315080091C001F11FFA8EF6B4FBF7F00A4307FB1044C9
S315080091D0110C41EA044100FB06F48C420ED91EEB41
S315080091E0010100F1FF382CBF4FF001094FF00009CB
S315080091F08C4202D9B9F1000F2CD04046091B92B215
S31508009200B1FBF7F407FB141142EA014204FB06F12D
S31508009210914207D91EEB020204F1FF3801D29142AE
S315080092201ED84446521A44EA004120E7861A64EBDF
S31508009230030301200DE7F44402384AE7023C72446E
S3150800924031E702397244CCE6F4440238DFE60238E4
S315080092503C4472E702387144D0E7023B3C4481E75C
S31508009260023C7244DEE72946DCE600BF704700BFD1
S3150800927008B5064B044613B10021AFF30080044B32
S315080092801B6803B19847204600F0FFFC0000000069
S315080092900C2500200CB4184B30B50C1E9DB01D686B
S315080092A008DA8B234FF0FF302B601DB0BDE8304045
S315080092B002B070474FF402730290069002A9ADF807
S315080092C0143014BF04F1FF332346209A284604932A
S315080092D007934FF6FF73ADF8163021AB019300F0F4
S315080092E03FF8431CBCBF8B232B60002CDDD0029BB0
S315080092F000221A70D9E700BF8C26002007B5009314
S3150800930013460A4601460348006801F0EFFD03B01C
S315080093105DF804FB8C26002070B50D4D00260D4C1B
S31508009320641BA410A64209D10B4D00260B4C02F073
S31508009330F7FB641BA410A64205D170BD55F8043B83
S3150800934001369847EEE755F8043B01369847F2E7A9
S31508009350F0260020F0260020F0260020F82600201F
S315080093602DE9F04F98468B899DB007461B060D469A
S31508009370144610D50B6973B9402100F00FF928601F
S31508009380286130B90C233B604FF0FF301DB0BDE8B3
S31508009390F08F40236B610023CDF80C804FF0010954
S315080093A0DFF8A081099320238DF8293030238DF822
S315080093B02A3023469A4613F8012B0AB1252AF9D1F1
S315080093C0BAEB040B0BD05B4622462946384601F019
S315080093D0FBFD013000F0A780099A5A4409929AF8D1
S315080093E00030002B00F09F8000234FF0FF320AF177
S315080093F0010A049307938DF853301A93CDE9052390
S31508009400544605224F4814F8011B01F0D8FE049A69
S31508009410D8B9D00644BF20238DF85330110744BF6E
S315080094202B238DF853309AF800302A2B15D0079A3B
S31508009430544600204FF00A0C214611F8013B303BF8
S31508009440092B4BD9B0B1079214E0A0EB0803A2464A
S3150800945009FA03F313430493D2E7039B191D1B6808
S31508009460002B0391BBBF5B4242F0020207930793AE
S31508009470B8BF049223782E2B0AD163782A2B32D1CF
S31508009480039B02341A1D1B6843EAE3730392059390
S31508009490DFF8C0A003222178504601F090FE38B1CB
S315080094A0A0EB0A004022049B013482401343049334
S315080094B014F8011B062224488DF8281001F07FFEB7
S315080094C0002836D0214B1BBB039B073323F0070329
S315080094D008330393099B334409936AE70CFB02326A
S315080094E00C460120A8E7002301344FF00A0C194660
S315080094F00593204610F8012B303A092A03D9002B88
S31508009500C6D00591C4E70CFB012104460123F0E708
S3150800951003AB2A4604A9384600930D4BAFF30080E7
S31508009520421C0646D6D1AB895B063FF52DAF099896
S315080095302CE703AB2A4604A938460093044B00F0EF
S31508009540A5F8EDE788FB000892FB0008000000007C
S31508009550C9AF00088EFB000870B50F4E0C460546CD
S31508009560316811B900F0CAF930602146284600F082
S31508009570C5F9431C03D14FF0FF34204670BDC41C07
S3150800958024F00304A042F8D0211A284600F0B6F9C0
S315080095900130F2D1EFE700BF102500202DE9F04198
S315080095A0CD1C064625F0030508350C2D38BF0C25BD
S315080095B0002D01DBA94204D90C2333600020BDE845
S315080095C0F081314F00F08EF93B681C4644BB2946B2
S315080095D03046FFF7C1FF431C044650D13C6821467C
S315080095E0002941D1002C44D02368304604EB0308F7
S315080095F000F084F980453CD1216830466D1A294629
S31508009600FFF7AAFF013034D023682B4423603B6858
S31508009610002B36D05A68A24229D100225A600EE0A1
S315080096202268521B1DD40B2A16D96119A34225603C
S3150800963018BF5960636808BF396062514B6030468D
S3150800964000F056F904F10B00231D20F00700C21A9A
S31508009650B5D01B1AA350B2E7A3426268DED13A60BE
S31508009660EDE723466468B1E70C464968B8E7134650
S31508009670CEE70C233046336000F03AF99EE70560E2
S31508009680DDE75B60FFDE00BF142500202DE9FF47FC
S315080096900F7E914680460C46782F9A460C9E01F11D
S315080096A0430207D8622F0AD8002F00F0DD80582F12
S315080096B000F0C38004F1420684F842703AE0A7F14C
S315080096C06303152BF6D801A151F823F02597000856
S315080096D039970008B5960008B5960008B5960008AB
S315080096E0B596000839970008B5960008B59600089B
S315080096F0B5960008B59600084F980008C797000861
S3150800970007980008B5960008B596000871980008ED
S31508009710B5960008C7970008B5960008B5960008DC
S315080097200F98000833681A1D1B68326004F1420658
S3150800973084F842300123A8E031682368081D3060A8
S315080097401E0601D50D6803E05D06FBD5B1F900508C
S31508009750002D616878DA2D200029A16084F843007D
S315080097602DDA6D425D480A231646B5FBF3F103FB75
S315080097701157C75D06F8017D2F460D46BB42F4D941
S31508009780082B0BD12368DF0708D52369616899423E
S31508009790DEBF302306F8013C06F1FF36921B226134
S315080097A04B4603AA21464046CDF800A001F067FCC7
S315080097B001306FD14FF0FF3004B0BDE8F08723F0D9
S315080097C004032360CDE721683368080653F8045B71
S315080097D002D4490648BFADB26F2F33603F4814BF65
S315080097E00A230823002184F843106668002EA66021
S315080097F0BADB216821F004012160002DB4D1002EC6
S31508009800B2D11646BCE7236843F0200323607827C5
S315080098103348236884F845701F06316851F8045B9D
S3150800982002D45F0648BFADB23160D90744BF43F0E2
S31508009830200323601DB11023D4E72848E9E72368ED
S3150800984023F020032360F6E724480A23CDE733688C
S315080098502568181D616930602E061B6801D51960D8
S3150800986002E06806FBD5198000231646236197E7B0
S31508009870336800211A1D32601E686268304601F09E
S315080098809EFC08B1801B606063682361002384F82E
S31508009890433085E72369324649464046D04701307A
S315080098A088D023689B0714D4E068039B9842B8BF06
S315080098B0184681E70123324649464046D0470130DB
S315080098C03FF478AF0135E36803995B1AAB42F1DCE4
S315080098D0EAE7002504F11906F5E700BF99FB000839
S315080098E0AAFB0008014801F04EBB00BF6325002013
S315080098F0014801F049BB00BF6325002038B50023A5
S31508009900054D044608462B60FAF7D0FB431C02D1E6
S315080099102B6803B1236038BD1825002038B50546E5
S31508009920002941D051F8043C0C1F002BB8BFE4189D
S31508009930FFF7D8FF1D4A136833B9636014602846D9
S31508009940BDE83840FFF7D4BFA34208D920682118DC
S315080099508B4201BF19685B6809182160EDE71A4652
S315080099605B680BB1A342FAD911685018A0420BD113
S3150800997020680144501811608342E0D118685B687A
S31508009980084453601060DAE702D90C232B60D6E747
S31508009990206821188B4202BF19685B680918636042
S315080099A008BF21605460CAE738BD00BF14250020EF
S315080099B008B5F6F797FC08BD0FB400B5B3B034ABDD
S315080099C053F8042B0193C02102A8FFF797FC011E48
S315080099D005DDBF2928BFBF2102A8F6F78BFD33B0E6
S315080099E05DF804EB04B07047182805D9643880B2CE
S315080099F0182803D8012070470120704700207047B7
S31508009A008446C8B10378CBB100229CF8003083B1F4
S31508009A10A3F13000C0B2092812D802EB820203EB88
S31508009A204203A3F13002B2F5803F0BD20CF1010CD0
S31508009A30EBE70A8001207047002070470020704736
S31508009A40002070470020704770B58646049E0024A3
S31508009A5000E001348C4218D21EF804002028F8D001
S31508009A60002002E00134155460468C4208D21EF8E4
S31508009A700450202D04D01DB100F1010C9C45F1D3F2
S31508009A800023135406B1346070BD0020EDE708B515
S31508009A9000F093FEFFF78CFF00F0B6FEF6F7C4FD64
S31508009AA0FAE70023934215D210B4CC5C24B100F82F
S31508009AB0014B01339342F8D3934204D2202100F894
S31508009AC0011B0133F8E75DF8044B7047202100F8C5
S31508009AD0011B01339342F9D3704700B5002296461D
S31508009AE00DE0A3F1410C5FFA8CFCBCF1050F13D80D
S31508009AF0373B9BB243EA0E131FFA83FE0132032A51
S31508009B0014DC835CA3F1300C5FFA8CFCBCF1090F02
S31508009B10E7D8303B9BB2EDE7A3F1610C5FFA8CFC0A
S31508009B20BCF1050F07D8573B9BB2E3E7A1F800E065
S31508009B3001205DF804FB0020FBE70378532B1BD1BB
S31508009B404378542B1AD10222042A06DC835C303B64
S31508009B50DBB2092B14D80132F6E74379522B07D02A
S31508009B60432B07D0412B01D00020704701207047B6
S31508009B700120704701207047002070470020704779
S31508009B8000207047844600224FF6FF700FE0400021
S31508009B9080B20133072B09DC10F4004FF7D04000E0
S31508009BA080B280F4815080F00100F2E701328A42E7
S31508009BB005D21CF8023080EA03200023EAE7704742
S31508009BC0704770477047704708B500F027FB08BD17
S31508009BD0704708B5F7F72CFC08BD08B5F9F7B2FCCD
S31508009BE000F031F808BD70477047704770477047F6
S31508009BF008B500F00BF808BD08B5F7F733FA08BD45
S31508009C0008B5FFF7F5FFFFF7F7FF08BD08B5F7F743
S31508009C1051FA08BDFEE708B5FFF7FCFF08BD704717
S31508009C2008B5FFF7FCFF08BD704738B504460D4672
S31508009C30F9F792FC29462046FFF7F6FF38BD08B526
S31508009C4001F07AFF08BD08B5F7F7B4FA08BDFEE7D4
S31508009C5004E050F8042B41F8042B1A46531E002A38
S31508009C60F7D1704700230360704700E01846036881
S31508009C70002BFBD10B60016070470346006818B1E2
S31508009C8002681A60002303607047FEE700B589B0D2
S31508009C9084460E9807900D9806909DF8300005901A
S31508009CA00B9804909DF828000390002002900193D9
S31508009CB000920B4662460121F7F79CFC09B05DF855
S31508009CC004FB70B505460E46144601F0B6FD2B6832
S31508009CD05C4034405C402C6001F0AAFD70BD38B58C
S31508009CE005460C4601F088FA05B128600CB10D232B
S31508009CF0236038BD30B583B005460C460023019372
S31508009D004FF0E0231B6913F0040F0CD001F094FA0E
S31508009D1001900C2300930DB1019B2B600CB1009BA5
S31508009D20236003B030BD694601A8F7F7FDFFF2E7E7
S31508009D3008B501F093FA0021F8F7EEF908BD10B559
S31508009D4082B0002301930093B0F5807F00F207816B
S31508009D50B0F5807F00F28B81DFE810F054018901AD
S31508009D608901890189018901890189018901890195
S31508009D708901890189018901890189018901890185
S31508009D808901890189018901890189018901890175
S31508009D9089018901890189018901890154018C0197
S31508009DA054018C01A401A401A401A401A4018C01FD
S31508009DB0A90145016601B30145018C018C018C019D
S31508009DC08901890189018901890189018901660158
S31508009DD08C018C018C01C7012B018C018901890139
S31508009DE08901890189018901890189018901890115
S31508009DF0890189017101A401540154015401B80172
S31508009E0045014501BD0181015E0116011601890161
S31508009E1089018901890189018901890189018901E4
S31508009E2089018901890189018901890189018901D4
S31508009E3089018901890189018901890189018901C4
S31508009E4089018901890189018901890189018901B4
S31508009E5089018901890189018901890186018901A7
S31508009E608901890189018901890189018901890194
S31508009E708901890189018901890189018901890184
S31508009E808901890189018901890189018901890174
S31508009E908901890189018901890189018901890164
S31508009EA08901890189018901890189018901890154
S31508009EB08901890189018901890189018901890144
S31508009EC08901890189018901890189018901890134
S31508009ED08901890189018901890189018901890124
S31508009EE08901890189018901890189018901890114
S31508009EF08901890189018901890189018901890104
S31508009F0089018901890189018901890189018901F3
S31508009F1089018901890189018901890189018901E3
S31508009F2089018901890189018901890189018901D3
S31508009F3089018901890189018901890189018901C3
S31508009F4089018901890189018901890189018901B3
S31508009F50890189018901890189018901AE01B0F563
S31508009F60F06F00F0C28014D9B0F5206F00F0B3800E
S31508009F705FD9B0F5306F00F0B3806DD9B0F5386FA2
S31508009F8052D0B0F5406F72D1002101A8F7F76EFDE7
S31508009F906DE0B0F5607F78D010D9B0F5B06F00F0FD
S31508009FA0868033D9B0F5D06F00F08B80B0F5E06FBE
S31508009FB037D1002101A8F8F703F858E0B0F5007F7B
S31508009FC00AD101F019F904464FF40070F8F776F84B
S31508009FD0B4FBF0F401944AE011D9B0F5207F49D0DA
S31508009FE0B0F5407F43D101F027F904464FF42070BD
S31508009FF0F8F764F8B4FBF0F46408019437E0B0F5B8
S3150800A000C07F34D101F018F9019030E0B0F5806FC7
S3150800A01048D0B0F5A06F2AD1002101A8F7F758FD5E
S3150800A02025E0B0F5C06F22D1002101A8F7F77CFE24
S3150800A0301DE0B0F5106F49D0B0F5186F04D10021B6
S3150800A04001A8F7F779FD12E0B0F5086F0FD10021E6
S3150800A05001A8F7F70FFE0AE0B0F5286F07D100212F
S3150800A06001A8F7F7B9FE02E001F0C6F801900198D9
S3150800A07002B010BD01F0E0F804464FF42070F8F77E
S3150800A0801DF8B4FBF0F40194F1E700216846FFF7E8
S3150800A09026FE009C4FF46070F8F710F8B4FBF0F455
S3150800A0A00194E4E7002101A8F7F70AFEDFE700219B
S3150800A0B001A8F7F75BFFDAE7002101A8FFF71AFE08
S3150800A0C0D5E7002101A8F7F7A1FFD0E7002101A8ED
S3150800A0D0F7F7C8FFCBE7002101A8F7F74BFEC6E75D
S3150800A0E0002101A8F7F74CFDC1E7002101A8F7F701
S3150800A0F095FEBCE708B5002903DD0121F8F70CF841
S3150800A10008BD0021F8F708F8FAE708B502214FF468
S3150800A1102070F8F745FA08BD7047436813F0010F39
S3150800A12019D0836813F0010F03D0036913F0010FE8
S3150800A13009D00A238363436D13F0500FFBD1836C58
S3150800A14013F0030FFBD100F5005301225A60436850
S3150800A15013F0020FFBD1704708B5F9B10A4600F5AE
S3150800A16080530121596002F00F01436DC3F30B03BD
S3150800A170002BFAD18163436D13F07803FBD112F0FB
S3150800A180010F00D0012312F0040F01D043F002039F
S3150800A190826C02F003029A42FAD108BDFFF7BDFFAE
S3150800A1A0FBE7836C13F0400FFBD04164704708B59A
S3150800A1B000231A46F8F75CFD08BD08B500231A46C1
S3150800A1C0F8F756FD08BD70B505460E46144601F06B
S3150800A1D034FB2B685C4034405C402C6001F028FB63
S3150800A1E070BD70B505460E46144601F026FB2B6871
S3150800A1F05C4034405C402C6001F01AFB70BD0020C6
S3150800A200704708B5002100F068FB002008BD09B1B9
S3150800A2102120704708B5FFF7F4FF08BD08B500F020
S3150800A22001F808BD0020704708B5F9F7C5FA08BD5A
S3150800A23008B540B2F9F7FEFA08BD08B5F9F71CFBF0
S3150800A24008BD08B5F9F70AFB08BD08B5FFF7F0FF22
S3150800A25008BD2DE9F04182B00E4617461C46054654
S3150800A26070B18CB195B1D5F80C80B8F1000F0FD04C
S3150800A27023463A4631462868C04702B0BDE8F08111
S3150800A280F9F752FB0546ECE701ACEBE72320F4E7C8
S3150800A2902320F2E703280BD8DFE800F0020D0407B5
S3150800A2A0002070474FF4805070474FF44050704775
S3150800A2B04FF4805070474FF400507047D0F8A030E4
S3150800A2C01B689A6C12F0800F03D0DB6B0B700020B2
S3150800A2D070471B20704738B50446D0F8A0301D6873
S3150800A2E0AB6C13F0400FFBD000231A4694F8A91064
S3150800A2F094F8A800F8F7CCFD00231A4694F8AB109A
S3150800A30094F8AA00F8F7C4FD94F8B03013F0010FDA
S3150800A31012D194F8B03013F0020F16D105F5005398
S3150800A32004221A6500212846FFF716FFD4F8A40070
S3150800A33001F09EFA002038BD00231A4694F8AD10A5
S3150800A34094F8AC00F8F7A4FDE3E700231A4694F85E
S3150800A350AF1094F8AE00F8F79BFDDFE708B5D0F824
S3150800A360A0301868FFF71DFF002008BD704780F869
S3150800A3709510704790F89500704710B582B004465E
S3150800A3800DF10701007D00F0EBFF9DF807303BB1AA
S3150800A390206DA26CE36C134483420BD002B010BD4F
S3150800A3A0237D03EB43031B0103F1A04303F580233D
S3150800A3B0D86EEEE71046F1E710B50446FFF7DDFF65
S3150800A3C0236D834201D2C01A10BDA26CE16C0A4407
S3150800A3D0D01AF9E738B50446007DF7F7CBFA2046D8
S3150800A3E0F9F704FC0546207DF7F7E4FA284638BD58
S3150800A3F0F8B50446FFF7EEFF00B1F8BD01F026FAFE
S3150800A4000646207DF7F7B6FA2046FFF7B6FF451E43
S3150800A410A36CAB4202D9E56C013D1D4494F8547017
S3150800A420207DF7F7C7FACFB92B46D4F898209A4279
S3150800A43012D01A78112A09D0132A07D0013BA26C28
S3150800A4409A42F2D9E36C013B1344EEE7112A14BF92
S3150800A4500022012284F89C20C4F89850304601F066
S3150800A460F0F9CAE72DE9F84304460F46154690F871
S3150800A470959000264FF0010802E094F89C304BB9FD
S3150800A480AE421FD294F89630002BF6D02046FFF73E
S3150800A490AFFFF2E7B9F1000F02D03B780A2B09D0DB
S3150800A4A0236E5B68397820469847804650B901374D
S3150800A4B00136E5E7236E5B680D21204698478046FE
S3150800A4C00028EDD04046BDE8F88308B590F89430EA
S3150800A4D01BB9FFF7C7FF002008BD0E20FCE790F860
S3150800A4E09430DBB170B504460D460B69B3F5006FC1
S3150800A4F016D801F0ABF906466C6194F88C304BB16E
S3150800A500294604F19000FFF7B0FB304601F099F9AF
S3150800A510002070BD2846F9F78BFBF6E70E2070473A
S3150800A5202120F6E730B583B0144692F8543033B19B
S3150800A530936D0BB1D06D9847002384F8543094F886
S3150800A540963023B9002084F8540003B030BD204665
S3150800A550F9F724FB0028F5D0236E5B681321204603
S3150800A5609847002507E0112B14BF0023012384F820
S3150800A5709C300135EDB20F2D0DD8236E1B680DF1F9
S3150800A58007012046984730B99DF80730112BEAD0C5
S3150800A590132BEED1E7E72046F9F77EFBD2E72DE944
S3150800A5A0F04F83B090464AB104460D46002966D05E
S3150800A5B0FFF710FF814628B14FF00008404603B068
S3150800A5C0BDE8F08F2046FFF7F7FE4746804528BFCF
S3150800A5D0074694F896A0BAF1000F48D001F036F96C
S3150800A5E00190266D2046F9F7D9FA8346B846002227
S3150800A5F011E00133C4F89830D14612E008F1FF386B
S3150800A600B9F1000F05D0112B14BF0023012384F8DC
S3150800A6109C3001320136BA420BD2D4F89830B34294
S3150800A620E7D03378112BE9D0132BE7D005F8013B97
S3150800A630EFE7D4F89810A26CE36C1344994213D050
S3150800A640019801F0FEF839462046F9F7D7FB94F849
S3150800A6509630002BB2D0BBF1000FAFD0236E5B68EB
S3150800A660112120469847A9E7C4F89820E8E73A4612
S3150800A670216D284600F089FCB846D346E3E74FF03B
S3150800A68000089BE72DE9F04180460F4616461D4611
S3150800A69000232B602968721A39444046FFF77FFF6A
S3150800A6A0034620B12C681C442C60B442F2D32B68B4
S3150800A6B013B10020BDE8F0811B20FBE710B5144656
S3150800A6C05069002380F88C309030FFF7D6FA08B12D
S3150800A6D0F9F7AEFA63681BB1A268002120469847CD
S3150800A6E0002010BD50B138B5056801F0AFF8002458
S3150800A6F0AC65EC6501F0A5F8204638BD2220704708
S3150800A70038B5056895F894303BBB0446FFF7EAFF71
S3150800A710F9F70AF984421CD02B6E93F91000F9F761
S3150800A720CDF82B6E93F91000FFF787FD287D00F012
S3150800A730F7FD287DF7F796F8F7F76EF800232360FC
S3150800A7406360E3606361A3612B6EDB682846984704
S3150800A75038BD0020F9F7DCF8DEE70F20F8E701F04E
S3150800A7600303DB004FF0FF0C0CFA03FC07290ED895
S3150800A77010B54FEA910E0EF10C0150F821409A409F
S3150800A780624002EA0C02624040F8212010BD704780
S3150800A79008B5F9F79DFC08B5FFF7FAFF08BD70473D
S3150800A7A0704708B5FFF710FAFFF713FAFFF728FA0C
S3150800A7B0FFF713FAFFF717FA08BD08B5F9F706FD0C
S3150800A7C0FFF7EDFFF9F788F8F9F708F8FFF72CFD1A
S3150800A7D0F9F71CF8F9F738FDF9F7A0FCFFF7E0FFE1
S3150800A7E000F006F8FFF7F4F9FFF7DBFF08BD70473E
S3150800A7F008B5FFF7E5F9FFF7E4F9FFF7E3F9FFF71F
S3150800A800E2F9FFF7F4FF08BD08B5FFF7EDF9FFF722
S3150800A810ECF9FFF7EBF9FFF7EAF908BD7047431EB5
S3150800A820012B03D9031F584258417047012070472E
S3150800A8304FF4D872002100F09EBB70B50446FAF7B3
S3150800A840B9FD0546A8B9A169F1B1238AD3B1204655
S3150800A85004F1100200F0A2F938BBE16919B3638A62
S3150800A860A3B1204604F1120200F06DF978B105464D
S3150800A87003E00023A3612361E361002328466361A3
S3150800A880236270BDA061E8E72082E6E7E361216AFA
S3150800A8900029F2D0A28A002AEFD02046E38ABDE832
S3150800A8A0704000F00FB96182F1E76582E561DEE785
S3150800A8B011B9D0F8DC1021B1CB6813B18B68D889EF
S3150800A8C070474FF6FF70704710B5F9F775FD0446E7
S3150800A8D008B900F01EFA204610BDFAF703B8FAF7D1
S3150800A8E027B8C08D70470A7838B505461046FFF771
S3150800A8F096FF60B14C782046FFF791FF38B12243A6
S3150800A900530704D42846BDE83840FAF7A7B92120EA
S3150800A91038BDFFF7E8BF10B504460878FFF77FFF94
S3150800A92058B14A781046FFF77AFF30B1042A04D0A6
S3150800A9302046BDE81040FAF7AFB9212010BDFFF751
S3150800A940EABF00F071B870B5044600200E4600F064
S3150800A950DCF9D4F8F0503DB1002331462046AC4628
S3150800A960BDE870401A4660472B460122314620460C
S3150800A970FAF794FA284670BD38B5044648880D4655
S3150800A98000F0C3F9D4F8F0302BB929462046BDE8C3
S3150800A9903840FAF79BB9022038BD00F0B8B900F084
S3150800A9A080B800F0E1B938B504460D4600F045FF19
S3150800A9B00023C4F89050C4F88C30BDE8384000F045
S3150800A9C037BF38B505460C4600F037FFD5F8903046
S3150800A9D01C40D5F88C302343C5F88C3000F028FF8E
S3150800A9E0211E18BF01210020490238BD00207047EA
S3150800A9F0002070477047D0F8943003F06003402B6E
S3150800AA000DD0602B03D0203B58425841704749B1BE
S3150800AA100B68012B06D9486940F00100704740F2DF
S3150800AA200110704700207047F7B504461046D4E970
S3150800AA3054C7DDE908268CEA020587EA06010540BF
S3150800AA40194085EA0C057940C4E95451002523F4D8
S3150800AA50004106EA010320F0010043F400730240B6
S3150800AA6043F00203CDE90055FDF750F994F8243078
S3150800AA709A0713D5D4F854319B050FD54FF488118E
S3150800AA802046FFF79EFF94F82430024665F34103FB
S3150800AA9084F8243020460B46F9F70AFF002003B055
S3150800AAA0F0BD0346D0F824010860B3F82831002029
S3150800AAB08B80704790F824310C2B14BF90F82B002C
S3150800AAC0FF2070472DE9F041884618F0030706462F
S3150800AAD01546194633D1B2F5805F30D89A422ED33F
S3150800AAE03F2A28D9B2FA82F401220120C4F11F03B1
S3150800AAF0DBB29A4092B2AA422CBFC4F11904C4F13F
S3150800AB001A04E2B2931DDBB2984080B2A84214D070
S3150800AB1096F8F530ABB9012096F8253060F3410375
S3150800AB2086F825304046FAF7F7FDC6F82080B58244
S3150800AB303846BDE8F0813A46EAE70020ECE72127E7
S3150800AB40F6E70E27F4E7F8B511F0030607460D46B3
S3150800AB50144621D102B313883F2B1DD9B3FA83F3C8
S3150800AB60C3F11901C9B2062901D8192B12D0062931
S3150800AB7028BF062101238A1DD2B293402846238086
S3150800AB8000F0B7F823883846FD617B82FAF7D4FED1
S3150800AB903046F8BD3146EDE72126F9E738B5148881
S3150800ABA011F003054FEAC4041ED13F2C1CD9B4FA90
S3150800ABB084F4C4F11903DBB2052B01D8192C11D082
S3150800ABC0052B28BF052301240633DBB204FA03F359
S3150800ABD0C3F3CF041480816104824387FAF7ACFE7D
S3150800ABE0284638BD2B46EEE72125F9E738B5154640
S3150800ABF0044608460121FBF743FF01212846FBF7D7
S3150800AC003FFF94F8253043F0010384F8253038BD1A
S3150800AC1038B50446154680F82C105AB100F03AF8B3
S3150800AC2008B900201AE094F8243043F0800384F829
S3150800AC302430F6E70846FBF709FBFF2884F82C00C2
S3150800AC4009D0204600F026F80028EAD094F82430E7
S3150800AC5065F3C713EBE7FBF71DFB212038BD802101
S3150800AC60FEF732B938B50546F9F756FE04462846C2
S3150800AC70F9F730FE072804BF24F47F4121F00801C4
S3150800AC80284614BF24F0800141F08001BDE8384011
S3150800AC90F9F748BE4021FEF717B990F8F400431EAD
S3150800ACA058425841704738B5054610460C46FAF7DB
S3150800ACB0A7FCD5B1D5F8E030BBB15B69ABB1421E94
S3150800ACC0D2B2FD2A13D90A68013204BF6FF0010215
S3150800ACD00A600A68FF281A6007D16268013202D141
S3150800ACE06FF00102626062685A60002038BD012870
S3150800ACF0F2E74FF03A4301225A6741F6FF72D964E8
S3150800AD0018651A677047FAF7D9BB00207047002004
S3150800AD107047704710B504680246090494B9D9B15A
S3150800AD20B1FA81F3C3F12003C3F10F00012838BF3C
S3150800AD30012003F01F03D9408C4201D2013849088B
S3150800AD40116010BDB4FA84F331B1B1FA81F01B1A5F
S3150800AD50002BE9DC0F20EFE70F20F1E7063804287F
S3150800AD6034BF0120FF20704770470020002170473C
S3150800AD7008B5FBF761FCBDE80840FBF775BC38B5BC
S3150800AD800446FFF7F5FF0546FFF7F2FF431BA3420C
S3150800AD90FAD338BD08B521B1920000F0F6F80020C4
S3150800ADA008BD2120FCE700F06F43B3F1804F02D0C5
S3150800ADB0B3F1204F02D120F07040704700F0604395
S3150800ADC0B3F1204F08BF20F0805070470B0C23F4D6
S3150800ADD08053B3F5284FF7B50D468FB2064699B29C
S3150800ADE016D04AF60103994214D04AF6020399424C
S3150800ADF012D0B1F5204F14BF04240324D6F8E0304E
S3150800AE000BB1196851B9D6F8DC3093B928680EE049
S3150800AE100024F3E70124F1E70224EFE72346684616
S3150800AE203A46FBF7A5FCDDE90003002BEBD103B09E
S3150800AE30F0BD19680029E9D0234668463A46FBF76B
S3150800AE4097FCDDE90003002BE0D1F0E70204C0F32C
S3150800AE50891307D56FEA83536FEA935313F5007F77
S3150800AE6018B206D0A3F1C8006FF4FF739842B8BFB2
S3150800AE70184670470020FBF75FBF0120FBF75CBF51
S3150800AE8000EB8023C0EB831353FA81F303EB832291
S3150800AE90C3EB8213C1F30722134403EB8322C3EBEC
S3150800AEA08213C1F30742134403EB8322C3EB8213D5
S3150800AEB003EB1160704738B50D46144604B938BD22
S3150800AEC055F8041BFFF7DCFF013CF7E77047FDF771
S3150800AED069BBFDF767BBFDF765BBFDF763BB08B547
S3150800AEE00846FDF765FF08BDFDF75CBB30B514469F
S3150800AEF09BB005461A46002C05DA8B2303604FF0F3
S3150800AF00FF301BB030BD4FF40273009104916946BF
S3150800AF10ADF80C3014BF04F1FF33234602930593B2
S3150800AF204FF6FF73ADF80E301E9BFEF719FA431C59
S3150800AF30BCBF8B232B60002CE3D0009B00221A7029
S3150800AF40DFE7884210B501EB020402D984422346A2
S3150800AF5007D8431EA14208D011F8012B03F8012F88
S3150800AF60F8E7024401468A4200D110BD13F8014DA4
S3150800AF7002F8014DF7E702440346934200D17047B1
S3150800AF8003F8011BF9E7704770470A44431E9142CC
S3150800AF9000D1704710B511F8014B914203F8014FE3
S3150800AFA0F9D110BD034613F8012B002AFBD1181A54
S3150800AFB00138704710F8012B11F8013B012A28BF08
S3150800AFC09A42F7D0D01A70472DE9F0471F468E6887
S3150800AFD082460C46BE4290460B682DD8B1F90C2025
S3150800AFE012F4906F26D06569096905EB4505A3EB50
S3150800AFF001097B1C05EBD5754B446D109D4238BF86
S3150800B0001D46530527D52946FEF7C8FA064660B3F6
S3150800B0104A462169FFF7B9FFA38923F4906343F0F1
S3150800B0208003A38126614E446561A5EB0905266068
S3150800B0303E46A560BE4200D93E4632464146206895
S3150800B040FFF77FFFA36800209B1BA3602368334498
S3150800B0502360BDE8F0872A4600F083F806460028F4
S3150800B060E0D121695046FEF759FC0C234FF0FF301A
S3150800B070CAF80030A38943F04003A381E9E72DE924
S3150800B080F047164698468A6807460B690C46DDF867
S3150800B09020909342B8BF1346336091F843200AB113
S3150800B0A0013333602368990642BF3368023333603D
S3150800B0B0256815F0060506D104F1190AE368326811
S3150800B0C09B1AAB422BDC94F843302268003B18BF2E
S3150800B0D00123920630D404F1430241463846C84754
S3150800B0E0013023D023681A3454F80A2C03F00603D7
S3150800B0F0042B0ABF54F80E5C002533684FF000068F
S3150800B10008BFED1A54F8123C08BF25EAE5759342C4
S3150800B110C4BF9B1AED18B5421AD1002008E00123D6
S3150800B120524641463846C847013003D14FF0FF30F2
S3150800B130BDE8F0870135C1E7E1185A1C3020023313
S3150800B140224481F8430094F8451082F84310C2E778
S3150800B1500123224641463846C8470130E6D0013623
S3150800B160D9E72DE9F041804615460C4621B9114626
S3150800B170BDE8F041FEF712BA2AB9FEF7CFFB002464
S3150800B1802046BDE8F08100F028F88542064602D838
S3150800B190B5EB500FF4D829464046FEF7FFF90746A7
S3150800B1A00028ECD0B5422A46214628BF3246FFF78A
S3150800B1B0ECFE214640463C46FEF7B0FBE0E7C9B246
S3150800B1C00346024410B59342184601D1002003E015
S3150800B1D0047801338C42F6D110BD51F8043C181F8F
S3150800B1E0002BBCBF0B58C01870470000014B1868ED
S3150800B1F0704700BFF025002008B50B4B1B6F03F006
S3150800B2000703013B032B09D8DFE803F00B02050906
S3150800B210FFF7ECFF04E0054B186801E0FEE7044879
S3150800B22008BD0448FCE700BF00800050F825002050
S3150800B23080D54302002D310108B5FFF7DDFF054B28
S3150800B2401B6FC3F303330133B0FBF3F0024B1860F3
S3150800B25008BD00BF00800050EC250020004870475C
S3150800B26000B4C40400487047002D3101014B18682A
S3150800B270704700BFF82500200048704780D5430274
S3150800B2801A4B4FF400225A664FF0B4439868C0F33D
S3150800B29004400C2808D8DFE800F009070707070765
S3150800B2A022181A071C1E2000002070474FF0B443CE
S3150800B2B09B6803F04073B3F1807F12D0B3F1007F2F
S3150800B2C011D003B170470A4870470A4870470A48C0
S3150800B2D070470A4870470A4870470A4870470A483C
S3150800B2E070470A4870470A48ECE700BF00900050CC
S3150800B2F000093D000024F400C0EA210180BA8C014F
S3150800B3000048E801005A6202405DC60080841E00BB
S3150800B31040420F00014B1868704700BFF425002013
S3150800B32008B50A4B1B7853B107280AD8084B03EB14
S3150800B33000131B7B3BB1F7F79BFE002008BD0548B1
S3150800B340FCE70548FAE70548F8E700BF3C25002072
S3150800B3503C200020028000F0018000F0078000F009
S3150800B3600C4B1B7873B110B50C4607280CD869B17D
S3150800B370094B03EB00131B7B53B1F7F78BFE2070C9
S3150800B380002010BD054870470548FAE70448F8E765
S3150800B3900448F6E73C2500203C200020028000F007
S3150800B3A0018000F0078000F00C4B1B7873B110B5D4
S3150800B3B00C4607280CD869B1094B03EB00131B7B15
S3150800B3C053B1F7F781FE2060002010BD054870478D
S3150800B3D00548FAE70448F8E70448F6E73C2500205C
S3150800B3E03C200020028000F0018000F0078000F079
S3150800B3F040B9054B5B6813F0010F03D0024B9B6DF8
S3150800B400002BF6D1704700BF00800A5008B9014BDF
S3150800B4105964704700900A5008B9014B596470473F
S3150800B42000A00A5008B9014B1964704700A00A50D9
S3150800B43010B9024B186C70470020704700800A50FC
S3150800B44038B505460C46FFF7D3FF55B91CB1012C94
S3150800B45004D0002006E0044BD86C03E0024B186DBC
S3150800B46000E0002038BD00BF00800A5070B50546D0
S3150800B4700C461646FFF7BCFF15B914B1012C03D0CC
S3150800B48070BD034BDE64FBE7014B1E65F8E700BFA2
S3150800B49000800A50B8B1036803F03F00C3F3821274
S3150800B4A013F4E07F03D0012A0FD1094A00E0094AC4
S3150800B4B031B102F5805201238340136000207047A2
S3150800B4C002F50052F7E70E2070470E20704700BFBE
S3150800B4D068800050648000504161114B1B68CBB1F5
S3150800B4E010B4002403E0891A41611C469B6823B105
S3150800B4F05A698A42F7D9002AF5D044B1A060836018
S3150800B50013B15A69521A5A615DF8044B7047044AD6
S3150800B5101060F4E7024B186000238360704700BF91
S3150800B520F8200020104B1B680246B8B1002101E044
S3150800B53019469B680BB19342FAD1934210D149B18F
S3150800B54093688B6093686BB1596952691144596164
S3150800B550002070479168044B1960F3E72220704772
S3150800B5600220704700207047F820002008B500F038
S3150800B570E1F80B4B1B680B4A1268821A03E0521A51
S3150800B580002159619B683BB132B159699142F6D3A2
S3150800B590891A59610022F5E7024B186008BD00BFF9
S3150800B5A0F8200020F42000200B4B1B6800220B49D2
S3150800B5B00A70012A0ED86BB1D98811F0020F05D18D
S3150800B5C09B68002BF5D059690A44F2E7034B012220
S3150800B5D01A707047704700BFF820002041250020E8
S3150800B5E00D4B1B68B3B110B55B6963B10B4A1468A0
S3150800B5F01C44022000F05AFA204600F0B7F8FFF77C
S3150800B600D3FF002010BD022000F050FA022000F0FF
S3150800B610FFF8F4E722207047F8200020F4200020E5
S3150800B62070B500F013F9054600F084F80446084B97
S3150800B6301E68012000F023FA28B9284600F001F90F
S3150800B6402046314670BD00F075F804460136F4E729
S3150800B65000210020014B1868704700BFFC2000201D
S3150800B66008B5084B1968A1FB000140F2E733C0187A
S3150800B6704FF47A724FF0000341F10001FDF768FCC0
S3150800B68008BD00BFFC200020F8B5044610F0010FE5
S3150800B69003D114F0020F09D1F8BD234A1368013308
S3150800B6A01360FFF763FFFFF79BFFF2E700F0CEF8A2
S3150800B6B00546FFF75BFF00273E4616E09B683BB151
S3150800B6C05A692AB921791A799142F7D91C46F5E7B8
S3150800B6D0284600F0B6F8204600F083F9E7880136D8
S3150800B6E000F0B4F80546FFF741FF104B1C681CB183
S3150800B6F063690BB92346E2E70D4B00221A70012E47
S3150800B70007D0FFF76DFF222809D0284600F099F8E0
S3150800B710C2E717F0020FF4D001221A70F1E70220EF
S3150800B72000F05CF8F1E700BF00210020F8200020B7
S3150800B73040250020054B5B6813F0010F03D0034B2F
S3150800B740DB69002BF6D1014B9869704700800A50D7
S3150800B75000B583B001A9044B187900F07DF801986B
S3150800B76003B05DF804FB00BF54C80008F8B50446EA
S3150800B77000F063F80646FFF7DDFF054600F090F98E
S3150800B78007460020FFF754FE10F0020F04D17B1B7A
S3150800B790032B01D8BD420FD1631B022B00D8EC1C2A
S3150800B7A0B4F1FF3F2CBF2246621E00210846FFF770
S3150800B7B05DFE022000F07AF9304600F039F8054BB4
S3150800B7C01B782BB1044B01229A64024B00221A7093
S3150800B7D0F8BD00BFE726002000900A5008B510F013
S3150800B7E0010F0ED1002110F0020F06D041F0020120
S3150800B7F00123054A1370054A93640020FFF70CFEDF
S3150800B80008BD0121EFE700BFE726002000A00A5087
S3150800B81010F0020F02D0024B02221A64704700BFD2
S3150800B82000900A504FF4004070474FF47A70704702
S3150800B83010B962B6BFF36F8F7047EFF3108072B618
S3150800B840704780F31188BFF36F8F7047EFF311804D
S3150800B850302383F31188704719B108B500F00DF845
S3150800B86008BD2220704708B50121FFF713FE08BD61
S3150800B87008B50021FFF70EFE08BD70B504460E4652
S3150800B880FFF7E4FF05461F2C00F2A780DFE804F067
S3150800B8901019A520272EA5353CA543A54A51A5581C
S3150800B8A05F66A56DA574A59EA57BA582A5899097BB
S3150800B8B0FFF7A2FC306000242846FFF7C2FF2046A7
S3150800B8C070BD4FF4C070FEF73AFA30600024F3E713
S3150800B8D04FF42070FEF733FA30600024ECE74FF49B
S3150800B8E04070FEF72CFA30600024E5E74FF46070EC
S3150800B8F0FEF725FA30600024DEE74FF40070FEF705
S3150800B9001EFA30600024D7E74FF48060FEF717FA76
S3150800B91030600024D0E74FF44060FEF710FA30603C
S3150800B9200024C9E74FF4C060FEF709FA3060002426
S3150800B930C2E74FF4F060FEF702FA30600024BBE776
S3150800B9404FF4B060FEF7FBF930600024B4E74FF41B
S3150800B950D060FEF7F4F930600024ADE74FF41060CC
S3150800B960FEF7EDF930600024A6E74FF4E060FEF735
S3150800B970E6F9306000249FE74FF4A060FEF7DFF990
S3150800B9803060002498E74FF41860FEF7D8F9306065
S3150800B990002491E74FF42860FEF7D1F930600024BF
S3150800B9A08AE74FF48070FEF7CAF93060002483E70F
S3150800B9B04FF43060FEF7C3F9306000247CE74FF49B
S3150800B9C02060FEF7BCF93060002475E74FF4086084
S3150800B9D0FEF7B5F9306000246EE7002333602124B2
S3150800B9E06AE72DE9F041044605696DBB00252F4637
S3150800B9F02E46002D39D02369FBB1F5B9BE1BA38BA2
S3150800BA006BB1E28B13449BB2E383B3F57A7F06D31B
S3150800BA10A3F57A73E383013EA369013BA361FFF7AC
S3150800BA2015FF054631462046FFF756FDA3692269EC
S3150800BA301344A3612846FFF704FFE36813B121689E
S3150800BA4020469847BDE8F0812F46FFF773FEA369A5
S3150800BA50C61AF217AE4272F1000204DB22691344D9
S3150800BA60A3610125C5E70025C3E7FFF7EFFE80467A
S3150800BA702046FFF757FD4046FFF7E3FEBBE710B544
S3150800BA8004460020FFF7D4FC012C04D0022C05D173
S3150800BA90C0F3400003E000F0010000E0002010BD04
S3150800BAA008B500210846FFF7CBFC08BD08B510F01D
S3150800BAB0010F09D1002110F0020F01D041F0020157
S3150800BAC00020FFF7A3FC08BD0121F4E738B5FFF70E
S3150800BAD0BDFE04460020FFF7ABFC10F0010F11D1A4
S3150800BAE0002510F0020F01D045F0020500F0030111
S3150800BAF00020FFF797FC2846FFF7C6FD2046FFF70C
S3150800BB00A0FE38BD0125ECE700000000000000009B
S3150800BB100000000000000000000000000000000017
S3150800BB20F8B500BFF8BC08BC9E467047F8B500BF1C
S3150800BB30F8BC08BC9E4670475FF800F081250020D7
S3150800BB4050415353000000004641494C0000000094
S3150800BB500D0A3D3D3D204E6574416E616C797A65EE
S3150800BB60725F464732335F563031202846535F4E60
S3150800BB703D256429203D3D3D0D0A5541525420314D
S3150800BB80313532303020382D4E2D31202F2050427D
S3150800BB9030313D545820504230323D52580D0A003B
S3150800BBA05B53325D2043524331362F434349545445
S3150800BBB02D46414C53452025730D0A002020202090
S3150800BBC0202231323334353637383922203D202584
S3150800BBD030345820286578702025303458290D0AC5
S3150800BBE0000000002020202020224142432220205D
S3150800BBF020202020203D20253034582028657870C4
S3150800BC002025303458290D0A000000005B533361A3
S3150800BC105D206672616D65206275696C64202573A6
S3150800BC2020206C656E3D2575202865787020257561
S3150800BC3029202043484B3D25303458202865787004
S3150800BC402025303458290D0A000000005B53336163
S3150800BC505D206672616D653E3E0D0A000D0A5B53F6
S3150800BC6033615D203C3C656E640D0A0052494E47BF
S3150800BC702B504F4C4C0000005B5333625D207478A8
S3150800BC805F6D6F64653D2573202063616C6C5F7220
S3150800BC90657475726E3D256C75207469636B202812
S3150800BCA0256C752075732920206C696D69743C3183
S3150800BCB030303075730D0A005B5333625D2074694A
S3150800BCC0636B5F667265713D256C7520487A202026
S3150800BCD070656E64696E673D2575202064726F70A5
S3150800BCE07065643D256C750D0A0000005B53346170
S3150800BCF05D207278204F4B202020747970653D2591
S3150800BD0063206C656E3D253033752043484B3D25D1
S3150800BD1030345820726573796E633D256C750D0A4B
S3150800BD20000000005B5334615D2072782043524363
S3150800BD30204641494C2063616C633D2530345820C8
S3150800BD40726563763D2530345820726573796E6363
S3150800BD503D256C750D0A00005B5334615D207278D1
S3150800BD60204241445F484452202866616C7365202E
S3150800BD7073796E632C2072656A65637465642069DD
S3150800BD806E2036422920726573796E633D256C757F
S3150800BD900D0A00005B5334615D20727820424144ED
S3150800BDA05F454420287461696C206973206E6F743E
S3150800BDB020274544272920726573796E633D256CD3
S3150800BDC0750D0A005B5334615D2072782042414448
S3150800BDD05F4C454E20726573796E633D256C750D13
S3150800BDE00A0000005B53315D207469636B3D256C66
S3150800BDF0750D0A0061637469766500007061737376
S3150800BE00697665007068793D6C6F6E6700000000A2
S3150800BE107068793D73686F72740000006D6F6465B1
S3150800BE203D616374697665006D6F64653D70617325
S3150800BE307369766500000000656D7074790000000E
S3150800BE403F000000564552004E6574416E616C799C
S3150800BE507A65725F464732335F563031204653342F
S3150800BE6063000000535441540000000063683D25F8
S3150800BE70303375207068793D2573206D6F64653D94
S3150800BE802573207363616E5F6E3D257500000000A3
S3150800BE90545800006E6F745F737570706F727465B6
S3150800BEA0642028545820656E61626C656420667249
S3150800BEB06F6D205339290000434800006D6973737C
S3150800BEC0696E672061726700696E76616C696420C5
S3150800BED02876616C69643A20302D323420646174A6
S3150800BEE0612C203130302D3132342077616B652951
S3150800BEF00000000063683D25303375207068793D81
S3150800BF0025730000504859006D697373696E672080
S3150800BF10617267202873686F72747C6C6F6E67290C
S3150800BF2000000000696E76616C6964202873686F8A
S3150800BF3072747C6C6F6E672900000000636F6E6612
S3150800BF406C6963747320776974682063683D25306B
S3150800BF5033752028696D706C6965732025732920EF
S3150800BF602D206368616E6765204348206669727391
S3150800BF70740000004D4F4445000000006D6973735E
S3150800BF80696E6720617267202870617373697665C8
S3150800BF907C6163746976652900000000696E7661C4
S3150800BFA06C69642028706173736976657C61637453
S3150800BFB069766529000000005343414E00000000E1
S3150800BFC0746F6F206D616E7920286D617820342931
S3150800BFD000000000696E76616C6964206368202839
S3150800BFE0302D32342C203130302D313234290000B6
S3150800BFF06D697373696E67206172672028312D3405
S3150800C000206368616E6E656C732900007363616EE8
S3150800C0105F6E3D25752028726F746174696F6E2096
S3150800C02066726F6D2053382900000000756E6B6EBE
S3150800C0306F776E5F636D64004F4B00004552520088
S3150800C040010203040506070841424300313233342E
S3150800C0503536373839000000303132333435363723
S3150800C06038394142434445460000000076F5010050
S3150800C0700300B9FFD20102010501230104000000F3
S3150800C08040C000080800000048C100080000000081
S3150800C090A0C000080200000000000000C0175302FC
S3150800C0A018C10008ECAFA81AD43000000000000040
S3150800C0B01800FF7FB42500200000000040C60008D5
S3150800C0C000000000E8C00008ECAFA81AD430000051
S3150800C0D0640064007C00FF7FB42500200000000097
S3150800C0E040C6000800000000FC4F0103ECC500082C
S3150800C0F07440040112007017B42B00000000000001
S3150800C10059FF000024420101F82E0000F84F0103F0
S3150800C11000000000FFFFFFFFFC4F0103ECC500080D
S3150800C1207440040112002800B42B0000000000002F
S3150800C130590F00002442010168000000F84F01036E
S3150800C14000000000FFFFFFFF0C4002000180000016
S3150800C150FF40000020400200000000000000000030
S3150800C160304007000000000000000000000000004A
S3150800C170000000000000000000400000A0070000CA
S3150800C18050400100000000005C4002000000000072
S3150800C19000000000A840010007000000BC400400A1
S3150800C1A00000000000000000000000000000000081
S3150800C1B00841040000480000FF4C00000049000048
S3150800C1C0FF4D000020C0011000F8070020C0013014
S3150800C1D0FE01280024C00110FF00000024C0013021
S3150800C1E00013000028C00800EC80B30343754051D3
S3150800C1F0A00F00F830400000A8AA070000000000C1
S3150800C200000000000000000054C014008721300020
S3150800C210F400E3E6DC02000086B7CFDCE3000000AA
S3150800C22088C6020080040000BA14000000000F004F
S3150800C2302C004D007500AC00EF00D401D502E603D2
S3150800C240BD05BF07F709A30DAD11D916C71DB6263B
S3150800C250CE31FF3FD039FF3FFF3F0000A8C00500A1
S3150800C260BD4B721511A3180510325476980A0000B2
S3150800C27000000000CCC00400FE0100000000000021
S3150800C28001000A000100280008000101C407000097
S3150800C2901800010100FF00002000010108840000C9
S3150800C2A040400D0100003030000000001000000082
S3150800C2B0000000040FC082000000002000000000FB
S3150800C2C0000000030000002000000000F47E1400B7
S3150800C2D0400C0000880100008440150100000000A1
S3150800C2E0300309000000066200000000040A142258
S3150800C2F032414A4F00000000000000000000000024
S3150800C300000000000000000000000000000000001F
S3150800C310000000000000000000000000000000000F
S3150800C32000000000000000000000000000000000FF
S3150800C330E0400111F8010000E0400131010200006F
S3150800C34010410201331E0500000000001C410E01C9
S3150800C35000E0388F00000000FF0483078813C83AFE
S3150800C360FF06660CFF0483078813FF03BC200AF048
S3150800C370A3C95000D756A040D42D55559F8269436E
S3150800C380893B4000C00300805841020100000000BC
S3150800C390FFFD0000644101010C0100006C410B0126
S3150800C3A0000000400000000000000000000000003F
S3150800C3B0000000000000000001010000000000006D
S3150800C3C0000000000000000000000000A441020177
S3150800C3D00000000000000000B0410C010000000051
S3150800C3E058963FC0000000000000000000003C0016
S3150800C3F0AAAA060000000000000000005555555581
S3150800C400E70268800600C20000000000E44110014F
S3150800C410E6E7FF0BCDA10A00BD066A005EB04D0037
S3150800C4207D02420EA5B62202FF25B234EA6B8F00C2
S3150800C430B3000E00773A0E002FBFBB0015BA4C0F9B
S3150800C4402206A704981DF9210000008000000000BC
S3150800C45028420401000000006018004000000000A7
S3150800C460000000003C4201010000000044420301B4
S3150800C47014000000000000000800050430430F0106
S3150800C480000000000000000000000000000000009E
S3150800C490000000000000000000000000000000008E
S3150800C4A00000000000000000000000000000003846
S3150800C4B000000000000000000000FF581080010185
S3150800C4C00300000038800201011510000500000075
S3150800C4D09C8003010000000070B8030070B80300D8
S3150800C4E0A8800111F6010000A8800131014201016E
S3150800C4F0AC800111F6010000AC8001310142010156
S3150800C500B080020100030002000300029800030243
S3150800C51000000000000C00044C040000D8000202D1
S3150800C520050040AA88010000EC000112E00F000097
S3150800C530EC0001320D205111F000010223330000F6
S3150800C54000010102100100000401011200000000B0
S3150800C55004010132100100001001011200FF0F0052
S3150800C56010010132020000422C01011200FC1F00DA
S3150800C5702C010132AA008000400101023F000000A0
S3150800C5805001011200C00000500101326200510042
S3150800C590680102021000060000200600740101026C
S3150800C5A06901100C7801011200001C0078010132A3
S3150800C5B04004E0CF800101127907000080010132B2
S3150800C5C0060000008801020290000000000000003A
S3150800C5D0AC010112F8010000AC01013204000100AF
S3150800C5E0B001010200020000FFFFFFFF1400000077
S3150800C5F0222222000000000088C6000870C6000833
S3150800C600000000000800000000000000B80B000051
S3150800C6100101EE000115100A80C6000844C600088C
S3150800C620000000000000000000000000B80B000039
S3150800C63000000000000000000000000010000000DC
S3150800C6400000000001000000C0175302050C00009E
S3150800C6509E0100000000CC0101010505FA01010157
S3150800C6600605280201010606560201010706000012
S3150800C6709859090098590900151605000000000088
S3150800C68004A5B4C3CD00000014290200003111002E
S3150800C6900000010002640001012F000007000000ED
S3150800C6A056636F6D00000000010100001E000003C4
S3150800C6B0040404040404000102030000000901F054
S3150800C6C0C8C70008000901F07CC70008000901F086
S3150800C6D030C70008000901F0E4C6000800000000A1
S3150800C6E000000000CEFF84FEFF00CEFF0A00000017
S3150800C6F0F00094077D240500D300C8084A72050097
S3150800C700BA00DB07482C0500A6004F07B4FD040055
S3150800C71094007506A9AC04008500F40501780400A8
S3150800C7207600C004A6EE03004F00A5015B270200B1
S3150800C7301E0084FEFF001E000A000000F0001F080D
S3150800C74045CA0200D400220AB0AD0200BA00380970
S3150800C75025B20200A500960703AA020090009F06CC
S3150800C760609B02008100E1051E89020073004305F3
S3150800C770987402004B005A011E7B01006E00A2FE4F
S3150800C780FF006E001E000000F000C40B7391FEFF50
S3150800C79088004606813600005B00C30357AF0000D9
S3150800C7A03C0070022CC500002A00B6012DBC000012
S3150800C7B01D001F0151A200001400B8008384000068
S3150800C7C00C003A009648000096001AFFFF009600F3
S3150800C7D01E000000F000671427ADF7FF530087041A
S3150800C7E01126FFFF2E001902C2FBFFFF1E00500193
S3150800C7F0A92800001400D0008C3600000D00850022
S3150800C8003C35000009005A004D2F000005002200A3
S3150800C8106F1E00000B0000000C0000000300000063
S3150800C8200000202000000000020000003C3C3C0004
S3150800C83000000000000000000000000001031001D5
S3150800C840010903001E000000160000001A0000007F
S3150800C8505600000000800A501300000044C8000873
S3150800C8600000015B1500000050C800080500000024
S3150800C8700000000000C201000002000000100000D5
S3150800C8800000000000000000000000000500000095
S3150800C8900000000080250000800200000010000053
S3150800C8A0000000400000000000000000000000003A
S3150800C8B0B00100000808002000021000082100202E
S3150800C8C0B809002000000001000001010001010173
S3150800C8D020C001B86090A31AF26EEF034108210642
S3150800C8E06310420AA518630EE720941249A9B518E1
S3150800C8F0AC39F72251CA3929D55EAC39BDFB0F00D0
S3150800C90000B801B802B800B003040408080500001E
S3150800C910C43B0000C80000008C3C00000C0000006E
S3150800C920703E000000000000CC360000F80400004D
S3150800C9309C3C000004000000783E00000300000054
S3150800C94014320000B8040000983C000004000000FF
S3150800C950703E0000080000000000000014320000CD
S3150800C9607C3E0000000000007C3E00003C00000009
S3150800C97000000000703E0000CD2C0000E52C0000F1
S3150800C980E52C0000E52C0000E52C0000E52C000055
S3150800C9900000000000000000000000000000000089
S3150800C9A0E52C0000E52C0000E52C00001D310000F8
S3150800C9B0E52C0000FB2500000B260000B32600002E
S3150800C9C02B270000B527000049290000D5270000BD
S3150800C9D0DD2900002928000089280000FD2800001C
S3150800C9E0412B00000D2C0000C92500005B2E00001D
S3150800C9F019220000792E0000FD2E0000E52C00000B
S3150800CA00F52F0000C12F0000E52C0000E52C0000E2
S3150800CA1045300000E52C0000E52C0000E52C000060
S3150800CA20E52C0000E52C0000E52C00001D13000095
S3150800CA301313000056488068000200D4704780B57A
S3150800CA408020800253490860CF2000F0C9FA1020E0
S3150800CA5051490968014003D0B849C86302200860F3
S3150800CA6001BDF8B54D48816B4D4F802292033A605F
S3150800CA704C4E336840241D050BD41C402AD0012097
S3150800CA8003F085F8002825D08020C0058E49086067
S3150800CA9020E0130BA0250D4002D10068C00601D581
S3150800CAA03B6017E00A403FD18020884A1060884AD8
S3150800CAB01060194038D0364D287A400705D5012030
S3150800CAC0844908600002844908602878002801D053
S3150800CAD0062801DB0020F2BD00F094FB7168896826
S3150800CAE04E682978052907D1E105B9606E60B668F0
S3150800CAF0CC218901784A116000F08DFB012E00DAFD
S3150800CB000226BC2080058E490860942080058D4940
S3150800CB1008606E480021C94301647142416480215E
S3150800CB20894A11600460D5E7A3480360FFF782FFCE
S3150800CB300120F2BD18480168890504D5C06E0004B5
S3150800CB40000F022801D0002070470120704738B531
S3150800CB5080245E48046000F055FB0500974800688D
S3150800CB6000F0C2F9280000F056FBFFF763FF0848FB
S3150800CB70007A000705D5A0000949086000F022FCE4
S3150800CB8031BD60038C4908608D48046031BD0000E2
S3150800CB907C3E00001C1002A8440002A80C0002A853
S3150800CBA0442002A8D03E0000FEB50400854D8C2026
S3150800CBB080016860012684480660FFF7BBFF0028ED
S3150800CBC026D08248007800287DD0310201940528B5
S3150800CBD002D022460A4076D1CC2292012A607C4AAB
S3150800CBE0126881231B02134001D0032301E0530777
S3150800CBF05B0F0C01022804D1022B62D3364804606D
S3150800CC005CE04D01032804D1022B5AD9324805604D
S3150800CC10F7BD042802D1114053D0F7BD052850D1DD
S3150800CC20019800284DD0C005C10F6846417001988B
S3150800CC30C004C10F6846017000F0E4FA0290634828
S3150800CC40406869464978002903D006688021204A49
S3150800CC501160670495496A461278002A0CD0C268A2
S3150800CC600B68D21A924B1B683B4001D0066800E05D
S3150800CC704668964200DD1600684640786A4612788D
S3150800CC80024308D008684242B01E824202DA704265
S3150800CC90886000E00026029800F0BDFA0198800539
S3150800CCA001D5984807600198054001D09648076065
S3150800CCB0002E06D0CC20800107490860B6480460DB
S3150800CCC0F7BDFFF744FFF7BD4C6201A80CC001A8E9
S3150800CCD090E001A8C4D000A8145001A838B5802453
S3150800CCE08A480460012038490860384D28780528A4
S3150800CCF002D06000A9490860FFF71CFF002812D07F
S3150800CD002E480068000A80214140A868000EC9B272
S3150800CD10814208D22E4800684007400F022802D2F6
S3150800CD20FFF715FF31BD9E480168C0220A4002D1AF
S3150800CD30C06F204001D00448046031BD082002A815
S3150800CD4008E001A808D001A894D001A80A0000D1DB
S3150800CD50704780B51822514340180C3040690028A6
S3150800CD6003D08021090300F0DDF901BD38B500F0D4
S3150800CD7049FA04008B480568A86881782800FFF7F7
S3150800CD80E5FF688801210143698002208649086019
S3150800CD9086490860200000F03EFA31BD10B500F063
S3150800CDA031FA04007F4800688168C978FFF7CEFF2A
S3150800CDB0200000F030FA10BD441002A818C000A8E0
S3150800CDC0100002A8106001A8C4E000A87C3E00007C
S3150800CDD0184001A8F1B582B00F00A020384003D151
S3150800CDE073480068C00603D580208000714959E061
S3150800CDF000F008FA00906B480468F80204D5A068A9
S3150800CE000069029000F07CFB00F0D5FB8021090345
S3150800CE10606800F087F926780020761C6178B142B0
S3150800CE2000D200261821714365180C35297808297F
S3150800CE30F3DA2670A56060492A780A70BA0507D51C
S3150800CE40584800688068C068FA0201D403229043F3
S3150800CE508860012738400DD158480299426B8918D5
S3150800CE600068081A56494018012803DB00F09CFCA4
S3150800CE7001F01DF8F904686900F054F93C2000F047
S3150800CE80AFF8F0B200F0ACF860884E490140618016
S3150800CE90009800F0C0F93805464908604A48076016
S3150800CEA038024A4908600298FEBD000048C001A839
S3150800CEB04C0002A810B546480068800501D4FE203B
S3150800CEC010BDC02080034349086000F09BF935492E
S3150800CED009688A78D20702D589688C7800E00C78C8
S3150800CEE000F099F9200010BD2E4909688A688B78E8
S3150800CEF0DB0704D5927818235A438A180C329060B7
S3150800CF00704700004C1002A84C2002A894E001A823
S3150800CF10F1B582B0304F3C680026200F000702D1D9
S3150800CF20E00102902AE000F0C2FF00F06BF90190E0
S3150800CF3080210903606800F0F5F825786D1C607893
S3150800CF40A84200D20025E80020180C30009000689E
S3150800CF500290802109030098406800F0E3F83D201C
S3150800CF6000F03EF8E8B200F03BF825700098A060A3
S3150800CF70019800F050F902A801F035F81748006842
S3150800CF80800407D5F86901F0A4FC029908180290F4
S3150800CF9000D502960298FEBDB03E0000146001A8B6
S3150800CFA014C001A8D43E0000284000A8448001A867
S3150800CFB00C0002A8442002A87C3E00009C3F00000A
S3150800CFC00010FFFFFEFF0000C0E000A8106001A8E7
S3150800CFD0440002A8441002A8D83E0000FC0302A898
S3150800CFE045490968002901D5444908607047F2B5E2
S3150800CFF082B0434CA168434D4A004ED5012609012B
S3150800D00000D521260100404A1068526800922A6815
S3150800D0109206920E23689B0080273B4013437A00B2
S3150800D0201A430192394F0A0026D0890601D50120F4
S3150800D03008E0F021014007D16946097A0C220A4026
S3150800D04002D0022000F042F8396EBC2292009142CA
S3150800D0500DD12F490968C90309D52168490306D5A1
S3150800D0602168090701D4022100E00321009148360E
S3150800D070019A3968890002E0019AB96B09094023C7
S3150800D080194011439A00009B002B02D013432B66CC
S3150800D0900836296602432A662E66E86D45076D0F2F
S3150800D0A000F09AF8A8070BD0052D09D0A06800044F
S3150800D0B006D400F0A7F80221164A116000F0ABF872
S3150800D0C000F093F8002000F001F8F7BD0E490A6851
S3150800D0D0F0239A43000110430860C0B270478020CD
S3150800D0E0C0020D490968890701D10C4900E00C49BD
S3150800D0F00860704700000000500002A8884000A899
S3150800D100480002A8284000A8783F0000184001A857
S3150800D110D03E000024D50350844000A8486000A8EB
S3150800D120485000A880B5494A116001F0FDFBFFF799
S3150800D130D6FF01BD70B500F065F8454A454BD16884
S3150800D1408C0819002140D1246400D52901D2D521A3
S3150800D15002E0A14200D921000D0046352D041E0427
S3150800D1602E400D00463D2B4033431360C022120665
S3150800D170394B1A60394A137C002B0AD0384BD5290B
S3150800D18002D98025ED051D60A14202D2802424061D
S3150800D1901C600023334C23605388002B00D1118078
S3150800D1A000F039F870BD80B52F483049086030481E
S3150800D1B0C1680902090A1922514341600521016023
S3150800D1C0FFF7B8FF01BD2A480068C00300D47047BE
S3150800D1D080B5FFF7AFFF01BD8020C0021B4908607C
S3150800D1E0244800684007FBD470478020C0022249C3
S3150800D1F00860704701E02149086021490968014033
S3150800D200F9D170471F48006820211F4A1160102174
S3150800D2101E4A116070473021014002D110201A4978
S3150800D220086070471748006830210140102901D16D
S3150800D2300120704700207047154801210160C16030
S3150800D240704701201349086070470000441002A87F
S3150800D2507C400050FF010000A0600050843F0000A1
S3150800D260A450005018E000E07F1A0601540002A8F6
S3150800D27010E000E0440002A8442002A8282002A8E2
S3150800D280280002A8600002A8602002A8601002A870
S3150800D290789001A884A001A8F8B54C4880214902D5
S3150800D2A0C16102214A4A516000214A4A11604A4A2C
S3150800D2B011800321464A1160022101600020474976
S3150800D2C00860202046490860802046490860CC202E
S3150800D2D08001454908600124444804603D48806F40
S3150800D2E000900F26070B374041480068C505ED0D2D
S3150800D2F0103DC0202843C0B2FFF772FE35480069CA
S3150800D300800303D5092F01D001F060F90098064083
S3150800D3100096384806680098032803D0022806D1E4
S3150800D320032F32D000F0B0FA0098032803D0062F56
S3150800D3302BD1062D29D030480068C00B204001D0DB
S3150800D34001F024FCFC2080010068000108D5052DA9
S3150800D35006D10125294804606005FFF74BFF00E068
S3150800D36000253100380000F0E9FA0600002D06D045
S3150800D37000F098FC224804600220224908606005F3
S3150800D3801F4948658009204908601148210401623F
S3150800D390002F08D10221416000200E490861C020F3
S3150800D3A0C000114948643000F2BD80B5FFF714FF8C
S3150800D3B016480078800602D4022015490860FFF74F
S3150800D3C014FF01BD02201349086070472C1002A8FB
S3150800D3D0282002A8380002A8B43E0000B03E00008B
S3150800D3E094E001A80CC001A8146001A8C4E000A834
S3150800D3F004ED00E0B44000A800E200E0645000A894
S3150800D400646000A82C4000A880E200E0D03E00003E
S3150800D410081002A8082002A870B5794C794D802614
S3150800D420760179480068304005D06660062001F02C
S3150800D4307BFC6E6004E06E60062001F075FC666099
S3150800D4403D20A060702129600F222A602160A86013
S3150800D45070BDF8B56C4C8025ED028D4E6F0970686D
S3150800D460384002D16068800529D58A480068C0041A
S3150800D47005D4FFF7C7FE88490D60FFF7CCFE706834
S3150800D48086490140902040010843706084488549D8
S3150800D4900860002060607068384002D1F020800083
S3150800D4A06060706807402AD07A480068C00726D5A9
S3150800D4B07D480078800722D401F03EFC1DE03068E4
S3150800D4C0C0071CD5AE0973480068304005D1FFF780
S3150800D4D099FE71490D60FFF79EFE7448FF21FE31E3
S3150800D4E04160F12149026F4A116021680E4001D05E
S3150800D4F0822100E0C32149020160FFF78DFFF1BDDB
S3150800D50080B568480121624A12680A4006D0684A0E
S3150800D5101268920501D4CA0202608160C021416086
S3150800D5205C480068C00407D4FFF76CFE8021C90276
S3150800D530BB4A1160FFF76FFE01BDF8B55548046890
S3150800D5405C4D8027022634420AD092480068E021C2
S3150800D550C900014004D02F60042068610120686179
S3150800D560FFF750FED021C903214007D18A4909682F
S3150800D570314003D1894901224A600E60210507D549
S3150800D5802F6004216961C2490D220A600F220A60D0
S3150800D590FFF741FEF1BD80B5FFF734FE0121804A51
S3150800D5A01160804A0223136051600021B94A116054
S3150800D5B0FFF731FE01BD90480068C007FBD4B648A6
S3150800D5C0042141618021016070478C490868012265
S3150800D5D0104200D1704710B5E023DB000340FF245A
S3150800D5E0A41CA34207D3AD4B9C6BA40602D41B68AC
S3150800D5F0DB0600D54868024001D000F001F910BDED
S3150800D600A82102A8A81102A8AC0102A8F8B5C82149
S3150800D610844A11600621844A116080214903834A9D
S3150800D6201160834C8909216082490A684B691C2567
S3150800D6301D40102D01D1012300E00023050007201D
S3150800D640824313430B6028688E490F68874200D3CC
S3150800D6500700C01B28600121280000F08AFB06008D
S3150800D6602868C0192860FFF768FF8D480168C90651
S3150800D67003D584208000E06107E095490822006808
S3150800D680104001D00A6000E04A603000F2BD000098
S3150800D690EC0002A8500002A83850005AFFE3FFFF2A
S3150800D6A000FEFFFFAC2102A8843E0000AC1102A8D0
S3150800D6B0B00102A8841102A8F1B586488649086017
S3150800D6C08020C00185490860854C0827A765042085
S3150800D6D0A0650125834805601D20A062824EE930B9
S3150800D6E0B061072001F020FB0220A06210216C4ADD
S3150800D6F013680B4003D022007C4B23600AE00D23FD
S3150800D70012683A4003D032001032A56502E03200B2
S3150800D7101432A0651360764A1268002A00D4B761ED
S3150800D720744A3260C022D200734B1B68F824E401A5
S3150800D7301C4001D1F26201E06A4B5A616F4A1268D5
S3150800D7402A4007D075666E490968890503D481029F
S3150800D750F16500E0716361490A6C2A4008D0496B9B
S3150800D760C90705D467490968084001D101F01CFBBF
S3150800D7700020C04364490860584C606B054001D1DD
S3150800D780FFF7DBFE009801F0BDFA606B8001FCD460
S3150800D790F1BD0000980102A800400C5000500C5042
S3150800D7A0982102A800600C50F8B54C4F786BC0075A
S3150800D7B001D4FFF7F0FE4B4CB72040002060534DD4
S3150800D7C003262E634B48A8660020E061504908608E
S3150800D7D00D2033490968090701D5A86700E0E867FD
S3150800D7E0FFF78EFE1020E0612E600C202863802053
S3150800D7F000023860F1BD00009C0102A8883F0000C5
S3150800D800F0210901434A1160014043480160202084
S3150800D8104249086042490968084042490860704719
S3150800D8203860005A548001A80C9001A8982002A8D4
S3150800D830A41002A8740102A880B53B483B49826837
S3150800D8400A4002D1C268114001D022490160264827
S3150800D8500821374A13680B4000D081611178C90640
S3150800D86002D5862109010160FFF7AFFE1420FE21CB
S3150800D87089010860BA480168490701D0FF2141615A
S3150800D88001BD00009C3F000012481349086070471C
S3150800D89000100C5000000C50842102A80C0002A8AD
S3150800D8A0FC0302A82348006823490968890F8907E9
S3150800D8B00CD0AC490968C90708D5AB498022920340
S3150800D8C00A60B64B1A60104000D00A607047000024
S3150800D8D0601102A801200000706201A8100002A8C9
S3150800D8E0C01002A8682102A8501102A8FF03000070
S3150800D8F028C000A8043E0000A88001A8EC0002A8E1
S3150800D900B00102A8843E0000B46000A8E82002A87E
S3150800D910C00002A8586001A8585001A8482002A8CB
S3150800D920184001A8481002A8704201A8008000808B
S3150800D930F84F00004C4001A84C4201A8F0B587B04A
S3150800D94005000C0096480068400102D520004024D6
S3150800D95004439448006805909348C66AFFF752FC4A
S3150800D9600690B00503D591480068FFF7BDFA002078
S3150800D970019001237006C00F02908D4A916800201D
S3150800D9809060B82040008B4E30606608B820304062
S3150800D9901278F0261640402E02D10200402010438D
S3150800D9A00D2D02D10A00042111434A0704D50200AD
S3150800D9B014201043102294437F4A12686D462B7038
S3150800D9C0D20506D5802252007C4B1A60020001203F
S3150800D9D01043029A002A11D10C220240082A0DD0BF
S3150800D9E00200714B9B6BDD0601D41025AA439B06EA
S3150800D9F001D420239A43B12313404FD06A461278A4
S3150800DA00002A4ED0A54A956B966D01236D076D0FBA
S3150800DA10AD1DAB40F504ED0C5B1B9BB2082B09D280
S3150800DA2080200623604D2B6043029D4D2B6000230A
S3150800DA306D462B708123034036D00823029D002DA6
S3150800DA4000D113620D000821294310239C430423A7
S3150800DA501D05984E3560DD04434E35606D462D78BC
S3150800DA60002D1ED0062B24D34D4DEE6CF60620D580
S3150800DA70914E3668360E01966D69ADB28E4EF66BCE
S3150800DA80360603D02E0080256D01354315612D120B
S3150800DA901561494A1268D50592D40AE008227F4BD7
S3150800DAA01A620491009031E030A34506ED0E5B5DE5
S3150800DAB0D4E7049100903C48026B7F490968774D8A
S3150800DAC02E686F463E81282616401E43930CDB01BE
S3150800DAD033431600120E3240102632401A4389008C
S3150800DAE040231940114302AA9170406B000A02A90B
S3150800DAF0C870FFF7DFF902A90871019848716F48E5
S3150800DB000068C8800298E8660398E8660698FFF7F2
S3150800DB1082FB600602D50820664988600498C1B26F
S3150800DB200098C0B2FFF763FAFFF7BCFEBC2080007E
S3150800DB3061490A6E824207D1059AD20301D4086E5A
S3150800DB400BE05F4A5F4B1A60096E814205D1059862
S3150800DB50C00302D55C4800688047200007B0F0BDC6
S3150800DB600C4000A8384301A84C5001A80301070639
S3150800DB700301070605010606050106060302070650
S3150800DB80030207060502060605020606081A03D258
S3150800DB904E4909684018401C704700004C6001A8AF
S3150800DBA0084000A8D03E0000180002A81CC000A823
S3150800DBB0783F0000B46000A81C0100AA1C2100AA36
S3150800DBC0F8B5434E0F24012542491027B06B38405B
S3150800DBD01BD0012008704048006840490968FFF7D3
S3150800DBE0D5FF3F490968401801284BDB01F09EF92B
S3150800DBF03C490968090B0C40022C41D1A9053A4A4F
S3150800DC0011603A490F6435603AE0306CC0001ED5A1
S3150800DC1037480068E0218905014033D0314D28682E
S3150800DC2021030140780281422CD1FFF7EBFA314AF1
S3150800DC3031490968C90502D530490968116029685A
S3150800DC40090B21400229F3D0FFF7E5FAF1BD2C4E66
S3150800DC503068002816D00D7001F054F8002811D14C
S3150800DC6001F064F91F490968090B0C40022C07D119
S3150800DC7029041D4A116002211C4A116000213160E5
S3150800DC8001F058F9F1BD802080041E4908607047EC
S3150800DC90802040041B49086070470000540000AA11
S3150800DCA0141100AA18480168490701D0FF214161EB
S3150800DCB070470000441002A8184001A8448001A833
S3150800DCC008000400482002A88C3C000038C001A8BF
S3150800DCD0100002A8B63E00001CC101A820C001A879
S3150800DCE0F03E0000B00002A81C1002A8082002A8F6
S3150800DCF04C4001A8800000AA084000A8904000A84F
S3150800DD009C3E00003C2002A80C4000A8F0B58020EC
S3150800DD10000208217B4A11600A227B4B012101245B
S3150800DD20944004438AA5AD5C25431D60F025774ED3
S3150800DD303560744D89A6B65C022737432F600426E2
S3150800DD402E60734D2D680D4001D00220F0BD1D6C6C
S3150800DD502D03FCD41D6C5E6C6D036D0BAE4200D2B8
S3150800DD602000521EDBD50822684C2260186000206D
S3150800DD70F0BDF3B581B00600FFF70DFC65480068F5
S3150800DD8000906548006863490860644D30682968F2
S3150800DD9047180024012F12DB00F04FFDC001381A86
S3150800DDA001280CDBFFF707FC00F081F830682968CA
S3150800DDB0401800F0A7FF050001D0346072E0584F04
S3150800DDC08026B6003E605748006F07282CD00521EC
S3150800DDD00840052806D0534801670C2000F0A4FF28
S3150800DDE005005FD1504DFF207A3068620420A86292
S3150800DDF0FFF7E1FB02202860E020C0044B49486099
S3150800DE003004786002203860012000F08DFF6E62D1
S3150800DE10022000F089FF700068620820A8620220CC
S3150800DE2000F082FF0220A8626846007A002805D022
S3150800DE303C480068C00701D5FFF70BFB3C4EE020C5
S3150800DE4040003060042000F06FFF050024D1022056
S3150800DE50364908608002B062C001B062354F1020B2
S3150800DE6038600120F065402633480068304003D109
S3150800DE70FFF74CFF05000FD101203860FC67022030
S3150800DE8000F052FF2D4C2660B0002060022000F002
S3150800DE904BFF8120C002A06227480068800101D498
S3150800DEA0FFF791F900981B4908602800FEBD70B578
S3150800DEB0FFF771FBFFF77FFB02241E480460204E24
S3150800DEC00820B062C0017062012000F02DFF250213
S3150800DED0756234600620B0621A487062E02040001D
S3150800DEE016490860114E3460FFF776F9164800782F
S3150800DEF0002800D0052015490860FFF776F9356037
S3150800DF0070BD0000889001A84C8001A888A001A8CF
S3150800DF10140002A8780102A8F80302A8D03F00005E
S3150800DF20981002A8EC0002A85C1102A8982002A882
S3150800DF302C9001A80C8001A8500002A82CA001A8CA
S3150800DF405C2102A8F9610000703F00005C0102A88C
S3150800DF50000000010102020208081000505050405B
S3150800DF604030303030202000F8B504000F00444D12
S3150800DF70A878FF2801D12E880FE042480068800162
S3150800DF8008D4FFF73FF9404909684905CE0DFFF760
S3150800DF9042F901E03D4806882E80E92E01D2E9269D
S3150800DFA004E0CC204000864200D9060020003978DB
S3150800DFB0814200DA080001217A5601005143022203
S3150800DFC0BA5E891841430420385E0818304971182A
S3150800DFD048438015001901D50020F2BDE978814231
S3150800DFE000DA0800F2BD38B5040010202949086097
S3150800DFF0FFF7E1FAC020C00027490968F822D201D4
S3150800E0000A4001D1254900E0254908602548C8216C
S3150800E01081640A2101602448802149030160890935
S3150800E020C160224801684269E0231340802B01D170
S3150800E030012200E00022072399430A4302601C4894
S3150800E0400068C821C90145182068854200D3050023
S3150800E050401B206000212000FFF78BFE216849192C
S3150800E060216032BD80200001124908600003124970
S3150800E07008600220114908601149086070470000CD
S3150800E080F83F0000500002A888400050843F000076
S3150800E090D6FEFFFF984101A8AC8001A87C1102A812
S3150800E0A07C2102A80C8001A8981002A8740102A875
S3150800E0B0983F0000441002A8442002A8F41302A8BE
S3150800E0C0685000A8F1B584B0BD4800680190BD4805
S3150800E0D0C068C821C90140180499884204D2081AA0
S3150800E0E000F010FE002803D10124C94D68682040BD
S3150800E0F000D0BAE10420C749C8628003C6498862CD
S3150800E100C6480668A86B8007800F00906704032836
S3150800E11003D01020BF49C86222E008468762E96B2F
S3150800E120890601D5012041E0310610D5E96B89073A
S3150800E1300DD4CF4905220A60EA6B10231A40022340
S3150800E14013430B6000220A60AA6B120A0A600421B4
S3150800E150C162E86B002803D5AE48876200200090AC
S3150800E160A86B400704D5A86BC0002102084003E04D
S3150800E17094480068204201D0FFF742FB264009D0A8
S3150800E180BC48009989014018006AC004C00C401EAA
S3150800E190B9490860C0208000B84948650099090255
S3150800E1A0B74A1160B54B986551600020296C9422D6
S3150800E1B092050A40160000D001263043000635D0E5
S3150800E1C096483021405CC0210140402902D1FFF722
S3150800E1D0ECF801E0FFF7F6F820202860360600D1B3
S3150800E1E043E1B54FA74EA86B40070CD5A0038A4953
S3150800E1F0886240028749886234600220386000F0ED
S3150800E2003BFA00280BD004208249C86240028249A2
S3150800E210886200037F4988620220306038607F4840
S3150800E2200078000600D420E1E0041CE1686820407C
S3150800E23000D01AE17848C762FEF7CEFF8E48406ED6
S3150800E240296C090408D4C00606D5FEF7DBFF0221AF
S3150800E2509A4A1160FEF7DFFFFEF7C7FF2003286022
S3150800E260974EC02000063063200496490860A86BC4
S3150800E2704007C10F68460170FEF7C4FF92490C605B
S3150800E280FEF7C9FF914F9248B861686B000206D540
S3150800E2909048801C0068E1055E4A916201E04948A1
S3150800E2A0806C296CC90208D5202806D976A1019A5E
S3150800E2B0520700D4891DFFF757FE0100854A1070E2
S3150800E2C0002809D041091F221040062904D9400018
S3150800E2D02043202800D31F204A0102434802104346
S3150800E2E0306001217C48C26F7C4B1343C367746658
S3150800E2F08022F2620822734B1A66019AD20603D567
S3150800E300AA6B920603D403E0019A120700D40021EF
S3150800E310AB4A3A60FC223A6100290BD039003C31FD
S3150800E3200291284A116DD36C664DEB66526E2B46E8
S3150800E330DA6709E0390040310291224B996D614A4A
S3150800E3405D6DD5669B6ED3670268FF239A431143BA
S3150800E3500160A020C0003063052000F0E5FC04251C
S3150800E3600198284001D0802000E0402002990860EA
S3150800E37002203063062000F0D7FC08203063052011
S3150800E38000F0D2FC34632002B864042000F0CCFC10
S3150800E39064027460022000F0C7FC842080003063A9
S3150800E3A0022000F0C1FCFC61062000F0BDFC0298CA
S3150800E3B08449401801990D4006D0202105E000BF88
S3150800E3C0FC0302A88C3F000010210160062000F023
S3150800E3D0ABFCB4640020C0432849086000F02DFA5D
S3150800E3E07949401DC001CA6886189E4F60017C6F36
S3150800E3F004409D4A10609D4D0498864211D2C96812
S3150800E400401A00F07FFC00280AD02C602DE000BFDF
S3150800E410100002A81C2002A81C1002A8D03E00006A
S3150800E420049E012000F080FC8020400025490860F9
S3150800E430300000F067FC8E4E68460078002805D14B
S3150800E44038687062802000048A4908602C60684633
S3150800E4500078002809D0012000F066FC3078000614
S3150800E46003D5802000039B49086005B0F0BD00BFB6
S3150800E470E40000AA0C0000AA204000A8B46000A886
S3150800E480085100A8F41302A8C0350C109E8DAF1BC6
S3150800E4903813460D80B5FEF7B5FE8F4900220A608F
S3150800E4A00A22CA61FEF7B7FE8C4883210904016077
S3150800E4B08B49416001BD0000685000A824E503505F
S3150800E4C03C1102A8B81002A800500C50242102A83A
S3150800E4D0FF0E0000FA3F0000280102A8FF3FFF3F99
S3150800E4E08048806B800300D47047F8B57E4804687E
S3150800E4F07E4D0826E00629D57A48806B800627D403
S3150800E500280048300090012000F00EFC00277848CB
S3150800E51007607848066078480068C00403D47748DE
S3150800E52000683040FBD0022000F0FEFB842080000B
S3150800E5306865022000F0F8FB700171490860042044
S3150800E54000F0F2FB600706D5202005E03442D7D15B
S3150800E55028004C30D6E7102000990860FEF752FED6
S3150800E5600121684A1160FEF756FE0220686500F030
S3150800E570DBFB09206865C02000066865022000F0FC
S3150800E580D3FB00980F494018610701D5802100E0A8
S3150800E59040210160A020C0006865082000F0C4FB87
S3150800E5A0B001E8662E60E020286557480760476096
S3150800E5B0B0024C490860000154490860F1BD0000EA
S3150800E5C03F3F000000F0FFFF8C3F0000F8B55048C1
S3150800E5D000680D2707400424002F00D104274D4862
S3150800E5E00225102608214C4A4C4B1B68234012680A
S3150800E5F018D04260394005D00220FEF767FD600357
S3150800E600474908603C4007D04648006806434548E5
S3150800E61006602803424908600120434908604348C8
S3150800E620056018E00260394005D00220FEF74EFD6D
S3150800E630A0023B4908603C4006D03A4801680E43B0
S3150800E640066068023649086037480560374805603D
S3150800E650A8062E490860FFF743FF00210020FEF7B1
S3150800E660C6FCF1BD20C001A894E001A894D001A879
S3150800E670D03E00001C1002A810B580202C490A685C
S3150800E68002400AD02B4B1A680624144005D15C6E4A
S3150800E690294A22401B6D9C0101D5002010BD09683E
S3150800E6A008400DD02548824203D1180501D501201E
S3150800E6B010BD23480068C107C90F481E8041C00F16
S3150800E6C010BD204803210164A821C16310210160FF
S3150800E6D0704700001C2002A8D80000AA442002A8FF
S3150800E6E004000080100002A8FC0302A8182102A852
S3150800E6F0B80002A8106001A8D84001A8104001A8D7
S3150800E7006C1102A800600C50A00102A8482002A8BB
S3150800E710B44000A8F83E00001CC101A8480002A8A1
S3150800E720441002A8783F0000F41302A8685000A815
S3150800E730440002A814C001A81F1F0000010C000015
S3150800E74030C101A8082002A86C48006801210842C7
S3150800E75009D16B4A12686B4B000C1840F032914095
S3150800E7600B40984201D00220704700207047F8B548
S3150800E77007000F386A461080604CE0680A0004D12A
S3150800E7806B461B8882B29A423AD200226B461A809E
S3150800E790012502263A0013D02268324007D0002904
S3150800E7A02ED059480088401C574908800020390057
S3150800E7B0216156490E6080B2B84201D369460D8080
S3150800E7C05348456000E030BF2068304003D1FFF76A
S3150800E7D0BBFF0028F7D04D484560390010D02168A6
S3150800E7E0314005D048490A886B461B88D2180A80EA
S3150800E7F0066000202061E068B84201D244480660FD
S3150800E800FFF7A2FFF2BD38B5050000F08FFB040044
S3150800E810012199204543A8093E4A126880181238F2
S3150800E82080B2FFF7A4FF05008020C0013A490860BE
S3150800E830200000F07FFB280032BD334803883549A5
S3150800E840096802889342F9D1100408187047FEB582
S3150800E8501238070C6946088000F068FB0190274CBF
S3150800E860294D2888B8421ADA01202C490860274E13
S3150800E87030BF02202168014006D030604003264997
S3150800E88008602888401C2880FFF75EFF002802D110
S3150800E8902988B942ECDB0121716000280DD128884E
S3150800E8A0B8420AD1E06869460988884205D200213B
S3150800E8B068460088FFF75BFF01E0FFF745FF0400A5
S3150800E8C08020C00114490860019800F033FB20003D
S3150800E8D0FEBD10B512490A680E4B1B680C689442B7
S3150800E8E0FAD0DB014033141A02D288692418641C52
S3150800E8F00C4800684443181B10BD0000280002A8F5
S3150800E90004ED00E0FF3F0000B43E0000282002A806
S3150800E910281002A8340002A880E200E02C1002A801
S3150800E92020C001A8A83F0000F0B502E00A601C60FC
S3150800E9302E607EC84F1C07D05F1C04D06F1CF5D113
S3150800E9400A601C60F0BD0A60F0BD000080B5FEF7E5
S3150800E950BDFB01208249086001BD38B581490C68B4
S3150800E960082581490D60FFF7F1FF2C4001D07F484B
S3150800E970056031BD80B5EB2000F001F801BD30B56A
S3150800E980FE2189010B6818401022134210D0784BDB
S3150800E990784C2468224008D0774A14682402FF2558
S3150800E9A02D0225401D6300241460802252031A603C
S3150800E9B0086030BDF3B5010016001C00002500955F
S3150800E9C06E48019A330000270BE0BC464F5D47436B
S3150800E9D0AE009E597E40575D4743374066463743EB
S3150800E9E06D1CA542F1D3390939438A080A435108EF
S3150800E9F011430840C10901430F208A0B0A4302400C
S3150800EA005040F6BDF1B582B00E0000205A490860A4
S3150800EA105B4DEF7AA87A01900F21394000910ED00C
S3150800EA200B46584A58490298FFF7C4FF0199014016
S3150800EA3051480160994841439948084001D1012449
S3150800EA4000E04401380915D032003B092900029834
S3150800EA50009E6D7A75194019FFF7ACFF01990911E7
S3150800EA600140454802680B0113430360002901D0A1
S3150800EA70480044438B480068204001D10420FEBD6D
S3150800EA800020FEBD80B50A00002111808649528803
S3150800EA908018FFF7B7FF02BDF0B50F22834B5C79EC
S3150800EAA005780F202040C5402009284001259C797B
S3150800EAB0C4402C4001D10320F0BD2E4C24682540CB
S3150800EAC008D07B4D9E684700F65B761E2E60802632
S3150800EAD0B601EE60DD78DE79C640F00711D5E006AE
S3150800EAE00FD5002D0DD073484860088848800888DF
S3150800EAF01C7800192A4080185A7880182A09801824
S3150800EB0000E0002008800020F0BD80B56A48016852
S3150800EB106A4A0820014200D09061C90602D58621BA
S3150800EB20090111606649674A1368034005D0664BB8
S3150800EB301B689B0F9B0700D008600E480078C0230F
S3150800EB40034002D18020400508601068202210404A
S3150800EB5008605E480068C00101D4FFF70BFF01BDDD
S3150800EB602C4000A84C4000A84C6000A84C5000A8B7
S3150800EB701C1002A8D03E0000A03E000001010101C1
S3150800EB80503F0000083F0000483F0000F8B5504BD2
S3150800EB90586F9E6F06404F4830404F4908604F4FA8
S3150800EBA002200021012234041FD500923C7E002C4D
S3150800EBB007D13C695C60FC687D6964191C603A761B
S3150800EBC006E0FC685C603C697D6964191C603976FE
S3150800EBD07B7E002B00D000917976009B002B04D019
S3150800EBE004233F4C23603F4B186004053E4DF30257
S3150800EBF02BD53B681F0605D53C490968A9602A70CC
S3150800EC00A88016E0134203D03948A860AA8010E00D
S3150800EC10D80610D52748A860364A907803071B0FF0
S3150800EC2012789A1800091018A880E980A888002880
S3150800EC3009D0264309E0580604D5281D2E49096837
S3150800EC408847F3E7A980FFF795FE264024D0224E91
S3150800EC5074603460294FA88800280BD0396881422F
S3150800EC6008D3291D2648AA6890470100F3D0FFF764
S3150800EC706DFEF1BD01000CD0FC218902F161194934
S3150800EC8002038A6634600C653A68824204D3CC640F
S3150800EC90F1BDEB20FFF773FEF1BD00001111000076
S3150800ECA021840000043F0000283F0000583F000070
S3150800ECB0204000A811210000F84F0000502102A8AA
S3150800ECC0481002A8184001A84C4201A8D04000A844
S3150800ECD0404000A8FFFFDFFFB46000A8D03E000058
S3150800ECE0F41302A8685000A8A43E00009C3C00004B
S3150800ECF025210000593F0000983C0000D44000A898
S3150800ED00D84000A810B5C409FFF797FD201A312886
S3150800ED1006DAC000183801D4C01EFDD5002010BD83
S3150800ED202000FFF794FD10BDC32148436F3801D476
S3150800ED301E38FDD5002070475248012101705249FE
S3150800ED400A684260496881605049E02252010A60B7
S3150800ED50802292004E4B1A60FD224A604D4909688E
S3150800ED6001614D494D4A11608121C9004C4A116023
S3150800ED704C490968C16007204B49086002204B4985
S3150800ED80086070473F48017800290CD00169414A5C
S3150800ED90116000210170C168424A11603A498268CF
S3150800EDA04A60406808607047FEB5C020C004404904
S3150800EDB00860404C404860654048A0651020FFF751
S3150800EDC0B3FF00285CD1FF2000053D4908603D4897
S3150800EDD03D4908603D48206080256D033848056038
S3150800EDE03B4807680820FFF79FFF002848D10826F8
S3150800EDF0384806600120FFF797FF3548806801907C
S3150800EE0035480660354820602D4805600820FFF71C
S3150800EE108BFF002834D12F4806600120FFF784FFB6
S3150800EE202B4DA86800902C4806602D482060019953
S3150800EE30009800F05FF80004FC26B6030640019827
S3150800EE40C10B0098C00B00F055F80106FC208005A0
S3150800EE50084030432349020C4A40FF239B1CD21822
S3150800EE601140014321602F60802000031449086087
S3150800EE701D481E4901601E494160FFF783FF0020B7
S3150800EE80FEBD0000883E0000AC0102A8AC1102A835
S3150800EE90B02102A8F00002A8083E0000F02002A84F
S3150800EEA0F01002A8704001A8706001A8705001A86F
S3150800EEB020E000A84C0102A857140000FF3FFF3FBE
S3150800EEC0B42002A80000380EB41002A81010303082
S3150800EED0104101A8105101A8106101A83030101086
S3150800EEE0202020203F3F0000A02102A8F703F000C1
S3150800EEF0FF3F000010B54904CA104004C310991A10
S3150800EF0000209A18D30F9A18521052188B115B0EBC
S3150800EF105B18DB11D2182023541A01D42200184397
S3150800EF20CC0F611849105B08F6D110BDEFF31080BD
S3150800EF3072B67047002800D162B6704780B5FEF7F2
S3150800EF40ABF9A548006800030CD4FEF79DFCFFF753
S3150800EF50C7FAFEF729FC0120FFF79CFAFEF7A7FF80
S3150800EF60FFF710FF80208005FEF744F901BD80B544
S3150800EF70FEF792F980204002FEF73CF901BDF8B58C
S3150800EF80FEF72AF9844D05206865FEF72EF99348A1
S3150800EF9006680124264201D1FEF7FDFA6003C02166
S3150800EFA089018F4A1268D205D20D012A00D10800BC
S3150800EFB08C4A11602860E0058B490860FEF76CF9F9
S3150800EFC08A4801680091406889490860B005C70FFA
S3150800EFD0884D00202860380004D031000098FDF7DD
S3150800EFE0F9FE00902868204005D16846FEF70EFB1A
S3150800EFF000280BD107E0002F05D07F480068204085
S3150800F00001D0FEF726FA0098FEF756FB764804600C
S3150800F010022096490860C820C0049F490860600419
S3150800F020FEF7E8F8F1BDF8B59C4F9B4C01259C48C6
S3150800F0309C490968014081420FD19B4800682840D5
S3150800F0400BD09A4801689A4805606805E063B8637A
S3150800F050014000D1E06397480560974E306CC005C3
S3150800F06006D580200006306000BF00BF400830602B
S3150800F070FEF7E2FBFEF710F9280320603860FDF77B
S3150800F080F0FC0400A848A9490860A804FEF7B2F8ED
S3150800F090002C01D080203060A5480570F1BDF8B578
S3150800F0A0FEF7FAF8FC27BF0138780521014002D09F
S3150800F0B0FEF77BF901E0FEF785F97F4C012502266C
S3150800F0C03868304000D025601020C0439949086050
S3150800F0D00020E06398490860FEF77EF897480068C4
S3150800F0E0216C090407D4000705D5FEF78BF8944967
S3150800F0F00E60FEF790F8FEF778F8FFF706FD9148E0
S3150800F100006805400CD0802000068F490968014038
S3150800F11006D08E490968084002D10D20FFF71DFC6C
S3150800F120B004FEF767F8F1BD80B5FEF7B5F82A48D2
S3150800F1300068000303D4FEF737FBFEF7B8FE80200D
S3150800F1404003FEF757F801BD38B5FEF7A5F85A4C47
S3150800F1502025FFF791FA002806D0606B000704D532
S3150800F160FFF7AFFAFEF77EFF2560FEF71DFBFEF7F9
S3150800F1709EFEFC20800100780C210140042902D162
S3150800F180FEF713F901E0FEF71DF96804FEF732F8F9
S3150800F1904020206031BD0000081102A880B5FEF7A6
S3150800F1A01BF80520BE490860FEF71FF8FEF774F83D
S3150800F1B0FFF787FAFF208001006800906846FEF78F
S3150800F1C012FF002802D10098FEF77CFF8020400439
S3150800F1D0FEF710F801BD00000C0002A8440002A8C2
S3150800F1E03C8001A8082102A8442002A8AC3F0000E0
S3150800F1F09C3E0000843E0000EC0002A8F8B5FEF72D
S3150800F2004BF8A84CA56A5020284002D0FEF7CDF846
S3150800F21001E0FEF7D7F8284FFFF72EFA00281BD192
S3150800F220B86B40071DD4786BE0214901014018D11D
S3150800F230A80611D4FDF7D0FFA56A9B4E354207D024
S3150800F240FF20C0432D18A562802000059749086055
S3150800F250FDF7CBFF2E4002D00120386001E00020E8
S3150800F260206080208004FDF7C5FFF1BD305201A85B
S3150800F27080B5FEF711F8BE480068C00501D5FEF74F
S3150800F28093FA0120FFF706F9FEF711FE8020C00465
S3150800F290FDF7B0FF01BD0000106001A8145001A8D9
S3150800F2A040000800D03E0000884101A84C4001A853
S3150800F2B0405101A8406101A8100002A810B5FC2021
S3150800F2C080010468FDF7E8FF79490968090326D42F
S3150800F2D00321C00601D5214001E0A008014001290B
S3150800F2E002D1FEF762F80BE0200107D50E20FFF7E2
S3150800F2F02DFBA0480421016008210160FEF762F891
S3150800F3009D4801699D4A11600068002807D04000A1
S3150800F310122802D2FFF708FD01E0FFF774FA8020F1
S3150800F3208003FDF767FF10BD70012000B46000A8D8
S3150800F330B63E0000482002A8A03E0000844000A86F
S3150800F34024E50350404101A8D44101A8304001A852
S3150800F350F0B585B001276846077000240394FDF7C9
S3150800F3609BFF0490524D286800036FD40320A549DB
S3150800F3700864A54800680290A44EA5490007000F36
S3150800F380032804D002980004000F06283AD1A148A1
S3150800F39000684A6803922A6C920701D58968039126
S3150800F3A0FFF797FA0399401801D5019400E00190F8
S3150800F3B0A86B0107C80F0321326B0A40022A1BD12A
S3150800F3C0049AD20618D53268D30513D5EF6B924B3B
S3150800F3D01F409F4203D110218A4A11640CE092050E
S3150800F3E00AD42A6C2823134006D16B461C702F4A70
S3150800F3F0116001E06A461470039068460778002F8A
S3150800F40002D10EE008680190FFF736F9002808D007
S3150800F410FFF757F90398002802D0FEF723FE00E00D
S3150800F4200027022077490860002F10D03020305C72
S3150800F4300C210140042902D0E86BC00602D5FDF76D
S3150800F440B4FF01E0FDF7BEFF2020686021E0FEF76B
S3150800F450ABF980200006154908600020C0436F49B3
S3150800F460086001A8FEF7BFFD002812D10298000720
S3150800F470000F03280AD1A86B800507D5A0204000F5
S3150800F48031680140814201D1FDF788FC0198FEF7F9
S3150800F49019FE80200004FDF7ADFE05B0F0BD0000A2
S3150800F4A05C1102A8D83E000000FFFF00481002A821
S3150800F4B00C0002A8FEB500240194FDF7EDFE584E97
S3150800F4C0F06E584D0007000F072807D1706800280E
S3150800F4D004D40020FEF7DEFF286841E0012103205E
S3150800F4E04A4A73685B070BD44F4B1B680B4007D01F
S3150800F4F01368DF050BD55B0502D43368DB0503D437
S3150800F5000191116B890904E01021484B1960116BB0
S3150800F5100909084000900020FEF7BCFF0098002863
S3150800F52005D17068C00602D4FDF74CFF01E0FDF76F
S3150800F5303CFF00200199002903D13D480068FFF7E8
S3150800F540C8F96969401801D5009400E0009068463A
S3150800F550FEF75CF8002805D10098FEF7ADF8A86913
S3150800F5600649086080200005FDF744FEF7BD000047
S3150800F570680102A880E200E0A03F00009C3E00006F
S3150800F580F8B5FDF789FE002400252A48466B802732
S3150800F5907F05300606D5300709D5FFF792F8FEF73E
S3150800F5A061FD2AE0012520480068284019D000207E
S3150800F5B0FEF770FF0220064002D01F490C60C861A2
S3150800F5C01E480468002D03D02000FDF7A1FC0400A6
S3150800F5D0FFF777F82000FEF775FD3800FDF70AFEFD
S3150800F5E0F1BDFC2080010078C0210140402902D1EC
S3150800F5F0FDF7DBFE01E0FDF7E5FE20200D4908607A
S3150800F600EBE70000082002A8B00002A8D03E0000E0
S3150800F610B43F00000CC101A810000010B46000A897
S3150800F620440002A8B03F0000B44000A8481002A851
S3150800F6301CC101A8100002A8180000AACC3F0000AF
S3150800F64000F03CF802480349486000F053F800BF50
S3150800F650812D00000000000080B5EFF305800B281F
S3150800F66001D23A2100E02921FF221632002000F0BB
S3150800F67039FAFEE710B5C20018231340FF249C4050
S3150800F680E2438907090E9940030004D46E489B0893
S3150800F6909B00C01806E0A14B0007000F0838800839
S3150800F6A08000181803681A401143016010BD80B520
S3150800F6B073225421002000F015FA01BD10B5FFF79A
S3150800F6C035FC624901220A60614B624C2360624C38
S3150800F6D023600323614C2360614C2360614B1A60ED
S3150800F6E0614B1A60614A9F4B1A6011228A63FFF7C1
S3150800F6F021FC10BDFFF71AFC05000024012160B2A9
S3150800F700FFF7B8FF641C0E2CF8D301210F20FFF772
S3150800F710B1FF01211120FFF7ADFF01211320FFF7EB
S3150800F720A9FF01211720FFF7A5FF03210120C043E8
S3150800F730FFF7A0FF01211E20FFF79CFF78487949B3
S3150800F740086002207849086001209049086047044B
S3150800F750764C20693840FCD02068800101D4FDF73A
S3150800F76022FD2800FFF7E6FB714D0AE000281BD0B2
S3150800F770FDF748FD18E020693840FCD03000FFF757
S3150800F780D9FB206E0004000F022801D1FEF718FAF3
S3150800F790FFF7CCFB0600FDF745FD00286878E5D0A5
S3150800F7A0002801D1FDF737FD01202978002906D167
S3150800F7B077490968890601D45B49086030BF00218A
S3150800F7C029700221584A116070490860D3E77148C8
S3150800F7D0016842680A40704810401E490860800760
S3150800F7E003D5A9480188491C01807047F8B56B48BC
S3150800F7F0016840680840070E3F0669480468802586
S3150800F8006D02F8010DD567480068BC218900884259
S3150800F81004D12C4202D0644800688047022063491C
S3150800F8200860634E680207420BD070605D48006846
S3150800F830BC218900884204D1254002D0A548006829
S3150800F84080473760F1BD000000E400E0040002A82C
S3150800F8500000FF3F282002A82C1002A840E002A8BA
S3150800F86044C002A804C001A8044001A820006006FC
S3150800F870F8B5864C20686568054097480560802677
S3150800F880F6054C4AB00C95490B68002B10D1054279
S3150800F8900ED0934B5F68FF070AD51B68DB0007D5B8
S3150800F8A080231B06136000BF00BF16608A4B1860D2
S3150800F8B09B4F3B78062B0FDA08688C218901014398
S3150800F8C029401BD0FFF732FB00902800FDF76CF9A2
S3150800F8D00098FFF72FFB11E00B68526B92050DD5C8
S3150800F8E0C822D2041A432A4005D0FDF7DBFF2800B8
S3150800F8F0FDF75AF902E0AA0200D5086089480068AF
S3150800F900064009D0A80607D5A068000704D53878A8
S3150800F910072801D1FDF72AFAF1BD00001CED00E029
S3150800F920FFFF9B4000E100E0602002A8500002A80B
S3150800F930B63E000010B57C48016844680C407B4818
S3150800F940046080210C4205D041607948016000209E
S3150800F950FDF72AF9600403D580204005754908603B
S3150800F96010BD0000145001A838B5734801684468F2
S3150800F9700C40E00707D5FFF7D9FA0500FDF7AEF901
S3150800F9802800FFF7D7FA6D48046031BD601002A859
S3150800F990F40302A8280002A8FFFF00C0B44000A88C
S3150800F9A0D03E0000784001A8903C00002C4000A8FA
S3150800F9B0B46000A8100002A8FEB5614C206C676C04
S3150800F9C0074001252F4216D02E065E48066020689D
S3150800F9D05D490D60002802D00021FDF7A3FB5B48B6
S3150800F9E00068A021C90188428041C043C00F584918
S3150800F9F0487058480660FDF705FC0190022007404C
S3150800FA003ED06168CEB20F0A53490822474B4403D9
S3150800FA10012E24D0022E31D1012F22D14F4EF67855
S3150800FA2000964E4E37780126BE404D4F3E604B4EEF
S3150800FA303678760590277F04F71903263E43494F03
S3150800FA403E601C60484B1C600B68009C1B194B658C
S3150800FA50424909788D4045490D6045490DE00090B9
S3150800FA60DFE7002F0AD1434E356000254D655C60FF
S3150800FA701C60C104404B196040490A60324908605D
S3150800FA800198FDF7C8FBF7BDB43E0000104001A879
S3150800FA9070B5FDF7B7FB0400FFF748FA31490A6865
S3150800FAA0D20710D52C4A566D1368FB25AD012E607A
S3150800FAB0CE686E604968E9818021C904214E3160AB
S3150800FAC0297B59185165FFF735FA2000FDF7A3FB86
S3150800FAD070BD0000943C0000106001A8B03E000014
S3150800FAE0344301A8002800D0704770B50C00FDF714
S3150800FAF089FB0500FFF71AFA0600FDF79DFB20486B
S3150800FB00046001211F4A1160026C0A40FCD1FDF70E
S3150800FB1098FB3000FFF70EFA2800FDF77CFB70BD56
S3150800FB207C3E00004C4201A890C001A890E001A8C4
S3150800FB300CC001A804ED00E0C0C000A8C0E000A801
S3150800FB4000C002A8441002A840E002A8404000A84D
S3150800FB50B63E0000442002A818800A50C93E00009C
S3150800FB6068A00A5060C101A894D001A868900A50FC
S3150800FB70F42302A860E101A880E200E0F41302A8D9
S3150800FB800080095040900950232D302B2000686CC6
S3150800FB904C006566674546470030313233343536A2
S3150800FBA037383941424344454600303132333435DB
S3110800FBB036373839616263646566000008
S30D0800FBBC7406FF7F010000003A
S3110800FBC4D0FB0008A02500205700000018
S3150800FBD00000000000000000FFFF000088C00008C9
S3150800FBE000000000FFFFFFFFFFFFFFFFC02500200A
S3150800FBF0B81D0020A0C6000802000000B5100008C5
S3150800FC0000000000000000000000000000000000E6
S3150800FC100B000000B81D0020FFFFFFFFC0EA21010E
S3150800FC20C0EA210100800000C01753020A00E40C54
S3150800FC300A000000002700201DA80008ACC800081C
S3150800FC40FFFFFFFFF1A90008EDA90008FFFFFFFF6E
S3150800FC50FFFFFFFFF5A90008FFFFFFFF6BAD0008D8
S3150800FC6095AD0008FFFFFFFFFFFFFFFFFFFFFFFF48
S3150800FC70FFFFFFFF0040005A00C00350004000503D
S3150800FC800080005041770008156E0008116A0008C8
S3150800FC90656A0008C16C0008D56C0008AD6D0008DF
S3150800FCA0C96E0008B16E0008B1680008FD6D00084D
S3150800FCB000000000000000003B2D000090260020F8
S3150800FCC000000000D42300203C240020A4240020A7
S3150800FCD00000000000000000000000000000000016
S3150800FCE00000000000000000000000000000000006
S3150800FCF000000000000000000000000000000000F6
S3150800FD00000000000000000000000000FFFFFFFFE9
S3150800FD100C00000000002801FF0CFFF0FF000000A7
S3110800FD200D020008AD020008E50100080D
S705080012DD03
