S01B00004E6574416E616C797A65725F464732335F5630312E73333705
S315080000000008002095130008079D0008079D0008B2
S315080000104FA80008079D0008079D0008079D0008CF
S31508000020079D0008079D0008079D0008079D000812
S31508000030079D0008079D0008079D0008079D000802
S31508000040079D0008079D0008079D0008079D0008F2
S31508000050079D0008079D0008079D0008079D0008E2
S31508000060079D0008079D0008079D00084112000823
S3150800007031120008079D0008079D0008079D000823
S31508000080079D0008079D0008079D0008079D0008B2
S31508000090079D0008079D0008AD1A0008079D00087F
S315080000A0079D0008079D0008851600085D160008CC
S315080000B0079D0008079D0008ED830008A98E000823
S315080000C0B9AF0008B5AF00085D860008CFAF0008D5
S315080000D0BDAF0008798E0008C1AF00080D8F000873
S315080000E0458F0008079D0008079D0008079D000822
S315080000F0079D0008079D0008079D0008079D000842
S31508000100079D0008079D0008079D0008079D000831
S31508000110079D0008079D0008079D0008079D000821
S31508000120079D0008079D0008079D0008079D000811
S31508000130079D0008079D0008079D0008079D000801
S31508000140079D0008079D0008079D0008079D0008F1
S31508000150079D0008079D0008B1BB0008516E0008FE
S31508000160079D0008079D00085BAF000861AF0008FF
S3150800018070470000000000000000000000000000AA
S315080001900000000000000000000000000000000051
S315080001A00348044B834202D0034B03B118477047F8
S315080001B0FC260020FC26002000000000064B07490C
S315080001C0C91A891048BF0131491003D0044B0BB135
S315080001D001481847704700BFFC260020FC2600206F
S315080001E00000000010B5064C237843B9FFF7D8FF86
S315080001F0044B13B10448AFF300800123237010BDEC
S315080002003A250020000000003CFD000808B5054B13
S315080002101BB105490548AFF30080BDE80840FFF764
S31508000220CDBF00BF00000000400A00203CFD0008CA
S31508000230A3F5803A704700BF174B002B08BF134B36
S315080002409D46FFF7F5FF00218B460F461348144AD3
S31508000250121A0AF003FF0E4B002B00D098470D4BDD
S31508000260002B00D098470020002104000D000D48FF
S31508000270002802D00C48AFF3008009F0A9F8200046
S31508000280290009F060FC09F04FF800BF00000800DB
S315080002900000000000000000000800200008002000
S315080002A080250020000000000000000000B583B093
S315080002B00B4B4FF080625A66012304220921022063
S315080002C002F042FE0023019302E0019B01330193F1
S315080002D0019A49F63F439A42F7D903B05DF804FB01
S315080002E0009000502DE9F04186B000F01FF9052175
S315080002F0614809F0BDFB0023ADF81030ADF81430A5
S3150800030005A904A800F07EFC00283AD05B495C48A1
S3150800031009F0AEFB42F6B112BDF81010594809F0C3
S31508000320A7FB4FF20852BDF81410574809F0A0FB76
S315080003300023ADF80E300493059305AA04A90DF120
S315080003400E0000F05FFDF0B14C494EF67D33019387
S31508000350BDF80E3000934FF40C73049A4B4809F01D
S3150800036087FB059B0BB1049B7BB9002000F0F4FFCB
S31508000370804600284DD0464809F07AFB00242746D7
S3150800038057E04449C3E74349DFE7434809F070FBB0
S315080003900BF0B8F905460499059800F0F9F80BF042
S315080003A0B1F904463D4809F063FB0BF0C5F9641B37
S315080003B0054660B3E20E63011B1B62F1000252029E
S315080003C042EAD3525B021B1942F10002910141EA4B
S315080003D093619801C01A61EB020100192A464FF091
S315080003E0000341F1000108F00FFE034622462C499E
S315080003F02C4809F03DFB00F0E3F8044600F0DAF873
S31508000400034622462946284809F032FBADE703464B
S31508000410ECE7264809F02CFB2AE0254A1DE0244B88
S315080004208D421ED01B4900913146224809F020FB17
S315080004300134072C17D8204B33F814603146404650
S315080004400AF0ABFAB0FA80F149091C4B1D5D8D42E2
S3150800045008BF01370028E0D1194A002DDFD0184B14
S31508000460DEE70649DFE708223946164809F000FBA9
S3150800047006B0BDE8F08100BF40BC000820BC0008FB
S3150800048090BC0008ACBC0008D4BC0008FCBC000842
S31508000490FCBD000828BC00083CBD00084CBD00088F
S315080004A05CBD000868BD0008A8BD0008DCBD0008E2
S315080004B038BC000814BE00085CBE000854BE00081C
S315080004C030BC000838BE000831B300B58E46144B60
S315080004D01B889BB2134A128892B29B1AC3F30A036B
S315080004E0C3F5FF6307338B4218D30D4B1B889BB2AA
S315080004F0002208E010F802C00B4901F803C00133D6
S31508000500C3F30A0301327245F4D3BFF35F8F044A7B
S31508000510138001205DF804FB012070470020F9E7ED
S315080005201E2500201C2500205C0A00200023034A03
S315080005301380034A1380034A136070471E25002060
S315080005401C250020580A00200CE00D4A13889BB28F
S315080005500C49C95C0C4B596413889BB20133C3F32D
S315080005600A031380064B1A8892B2084B1B889BB263
S315080005709A4204D0044B9B6C13F0400FE5D17047A8
S315080005801C2500205C0A00200000015B1E250020B7
S3150800059060B110B50C4601B910BDFFF795FF0028EC
S315080005A0FAD1034A136823441360F5E7704700BF7E
S315080005B0580A0020014B1868704700BF580A0020E7
S315080005C0044B188880B2044B1B889BB2C01AC0F330
S315080005D00A0070471E2500201C250020F0B597B09C
S315080005E00023059305AB402206A93048006809F0A8
S315080005F08CFE10B90446059B3BBB17B0F0BD9DF8B1
S315080006000850BDF80A60BDF8107000F0F9FC0090BB
S315080006103B4632462946264809F02AFA9DF808300C
S31508000620432B11D1BDF80A10039800F08DF80BE0A2
S31508000630BDF81050BDF8126000F0E2FC03463246E1
S3150800064029461C4809F014FA0134059BA342D4D95B
S3150800065002A904F158036B4413F8400C00F018FC87
S3150800066001380428F0D801A353F820F0FF05000844
S31508000670810600088F060008310600089D06000856
S3150800068000F0BEFC01460C4809F0F2F9DCE700F080
S31508000690B7FC0146094809F0EBF9D5E700F0B0FCCC
S315080006A00146074809F0E4F9CEE700BFE425002033
S315080006B06CBE0008A4BE0008D8BE000814BF000817
S315080006C044BF000838B5FFF73FFF0BF01BF80F4B88
S315080006D01A685B68904271EB030302D2FFF77EFF4C
S315080006E038BD05460C460A4B196801311960094898
S315080006F009F0BEF94FF47A700BF024F8401944F16A
S315080007000004024B18605C60E8E700BF00080020A0
S315080007105C12002064BF000800B583B00B46009247
S3150800072002464FF40C71074800F070FCB0F50C7FD8
S3150800073002D003B05DF804FB01460248FFF728FF24
S31508000740F7E700BF601200202DE9F041A6B00028A7
S3150800075078D00446002975D0B1F5077F01D94FF442
S315080007600771002320930D4620AB0093112321AA7D
S31508000770204609F0C5F900286CD0914921A80AF04D
S315080007808CFC00286CD08F4921A80AF086FC00282A
S315080007906CD08D4921A80AF080FC002800F08980D9
S315080007A0209F3C44BD4240F28A80EF1B874921A81E
S315080007B00AF073FC002800F08480854921A80AF015
S315080007C06CFC002800F0B580824921A80AF065FC77
S315080007D0002800F02781804921A80AF05EFC00283D
S315080007E040F0808100252E46BD4280F058810023C6
S315080007F0089308AB0093082306AA791B601909F029
S315080008007FF9002800F04B81089B1D44032E00F257
S315080008103A810DF1120106A809F04EF9002800F0F8
S315080008203881BDF81280404609F03AF9002800F0F0
S315080008303081731C06F198020DEB020606F8848CCB
S31508000840DEB2D1E7654A00216548FFF765FF26B0A5
S31508000850BDE8F081614A00216148FFF75DFFF6E7D0
S31508000860604A012121A8FFF757FFF0E75E4A13887F
S315080008709278B2B15D4A5C49C978A1B15C495A48D7
S31508000880007A0290019100925A4A602108A808F05D
S315080008905DFD002809DB08AA012121A8FFF73CFF16
S315080008A0D5E7554AE7E75549E9E700238DF82030AB
S315080008B0F1E7534A002121A8FFF72EFFC7E70027D3
S315080008C074E700230093082306AA3946204609F050
S315080008D017F980B105A906A809F0EEF828B1BDF800
S315080008E01440204609F0DCF858B9464A002121A8E8
S315080008F0FFF712FFABE7444A002121A8FFF70CFFD8
S31508000900A5E7394A1480632C94BF0023012393700A
S315080009106BB1364B009323463C4A302108A808F0B1
S3150800092015FD08AA012121A8FFF7F6FE8FE7324B2D
S31508000930F0E700230093082306AA3946204609F063
S31508000940DFF858B12C4906A80AF0A7FB90B1274949
S3150800095006A80AF0A2FB38B901220CE02C4A0021AD
S3150800096021A8FFF7D9FE72E72A4A002121A8FFF736
S31508000970D3FE6CE700221C4B1B88632B94BF002117
S3150800098001218A4210D0632B0CD9184A0092224AB8
S31508000990502108A808F0DAFC08AA002121A8FFF7C8
S315080009A0BBFE54E7144AF1E70F4B9A702AB11B4A6B
S315080009B0012121A8FFF7B0FE49E7194AF8E700BF69
S315080009C0C4BF0008E4BF000810C0000838C000080B
S315080009D084C00008F4C0000838C10008B8BF000881
S315080009E0C0BF0008C8BF00089014002088BF0008D0
S315080009F074BF0008ECBF000894BF00087CBF00085D
S31508000A0014C0000848C000083CC0000874C00008AC
S31508000A1088C00008A4C00008BCC0000884BF00083D
S31508000A2090BF0008002300930A2308AA39462046E7
S31508000A3009F066F8A8B12E4908A80AF02EFBB0B14D
S31508000A402C4908A80AF029FBA8B92B4B0122DA7011
S31508000A50294BDB78ABB1294A012121A8FFF75CFEB7
S31508000A60F5E6274A002121A8FFF756FEEFE6224BB6
S31508000A700022DA70ECE7234A002121A8FFF74CFE92
S31508000A80E5E6214AE8E7214A002121A8FFF744FEC6
S31508000A90DDE61F4A002121A8FFF73EFED7E60EB184
S31508000AA000230FE01B4A002121A8FFF735FECEE6FA
S31508000AB003F198026A4412F8841C0F4A1A44117109
S31508000AC00133DBB29E42F3D80B4B1E723346124AF1
S31508000AD0302108A808F03AFC08AA012121A8FFF746
S31508000AE01BFEB4E60D4A002121A8FFF715FEAEE667
S31508000AF07CBF000874BF0008901400209CBF000843
S31508000B00FCC000081CC10008A8BF000840C10008B6
S31508000B1054C1000870C100088CC10008ACC10008A7
S31508000B2010B414460CE0094BA3FB01C3DB089C4632
S31508000B3003EB8303A1EB4303013C303303556146C2
S31508000B40002CF0D110445DF8044B7047CDCCCCCCCA
S31508000B5013467AB110B401F00F0C013B064C14F899
S31508000B600CC000F803C00909002BF4D110445DF845
S31508000B70044B704710447047D8C1000838B51D4A61
S31508000B80136801331360012408E0012B18D9631C8C
S31508000B90194AD35C542B13D00134A4B2174B1D88C1
S31508000BA0A5420DD9144B1B5D532BF5D12B1B9BB2BC
S31508000BB0052BEAD91048204409F01BF80028EBD089
S31508000BC0A54205D800230D4A13800D4A137038BD77
S31508000BD02D1BADB208482A4601190AF025FA074B1B
S31508000BE01D80012D03D90222054B1A70EFE7012259
S31508000BF0FAE700BF9C140020A0140020202500203E
S31508000C003B25002070B506460D4609210C4809F01B
S31508000C1015F8044603210B4809F010F806B134808C
S31508000C2005B1288042F6B1139C4201D0002070BD60
S31508000C304FF20853984201D00020F8E70120F6E762
S31508000C40CCC10008C8C10008002800F0CC802DE9F6
S31508000C50F04715460746002A00F0C780B1F50C7F15
S31508000C60C0F0C580B2F818A05369002B6AD0BAF153
S31508000C70F30F6AD8B846532308F8023B54237B700F
S31508000C80BE1D52237B710A2229683046FFF748FFAA
S31508000C902C2400F8014B0322A988FFF741FF0470B2
S31508000CA0B5F90610002953DB2B2343700029B8BF7A
S31508000CB04942032289B20230FFF732FF2C2400F89A
S31508000CC0014B0322297AFFF72BFF00F8014B6B7AB9
S31508000CD0002B3FD04849042208F03FFF2C2400F897
S31508000CE0014B0222A97AFFF733FF00F8014B0222D3
S31508000CF0E97AFFF72DFF00F8014B0222297BFFF75F
S31508000D0027FF00F8014B0222697BFFF721FF00F855
S31508000D10014B0422E989FFF71BFF00F8014B022269
S31508000D20297CFFF715FF00F8014BD14603225146EF
S31508000D30FFF7F6FE00F8014B831B352B5AD1044604
S31508000D4000231DE04FF0000A94E74FF0F30A91E7FD
S31508000D502D23AAE72949BEE76A69D25C1209DFF89A
S31508000D60A0C01CF80210224602F8021B6969C95C79
S31508000D7001F00F011CF80110617001339BB2144693
S31508000D809A45E9D802E0202304F8013B231AB3F573
S31508000D90F37FF8D34FEA4901032235314046FFF77E
S31508000DA0BFFE02E0202304F8013BA31BB3F5077F2F
S31508000DB0F8D3002303E0202204F8012B0133072B84
S31508000DC0F9D94FF40A71404608F038FF0146042263
S31508000DD02046FFF7BDFE0346452203F8022B4422B0
S31508000DE04270D81B04E000207047002000E0002075
S31508000DF0BDE8F0870020FBE7B8C1000828BC00085A
S31508000E00D8C10008F0B589B007460E4615460DF15B
S31508000E10040C1C4C0FCCACE80F0094E807008CE8D7
S31508000E20070001AA4FF40C711748FFF70DFFB0F53C
S31508000E300C7F1CD0002207B13A8006B130600DB194
S31508000E40114B2B60B0F50C7F14D0002009B0F0BD13
S31508000E50303B9BB243EA021292B201310329EADC23
S31508000E600A4B5B5C402BF3D9373B9BB2F2E7002178
S31508000E700A46F3E74EF67D339A4201D00020E5E7AD
S31508000E800120E3E7ECC10008D0160020FA1800207C
S31508000E900346574A107848B370B582B00C46012805
S31508000EA02FD054490A88551CADB20D8052498B542F
S31508000EB0062D41D0B5F50C7FC0F0978044B14E4B56
S31508000EC05A79227006336360002363802381638125
S31508000ED0494B93F82E32452B04D1474B93F82F32C2
S31508000EE0442B3BD0FFF74AFE032013E0532B00D0D8
S31508000EF07047414A137001233E4A13803C4A1370D7
S31508000F007047542B08D0532B0FD00020394B18802C
S31508000F10374B187002B070BD374A53700223354AF2
S31508000F201380334A13700020F4E7334A1370314BA9
S31508000F3001221A800020EDE7084608F05AFE00282C
S31508000F40B8D13CB12C4B5B79237000236380636076
S31508000F5023816381FFF712FE0220DBE7274E4FF459
S31508000F600A71304608F06AFE05460023ADF80630D9
S31508000F700DF1060106F50A7008F00BFE1CB1258175
S31508000F80BDF80630638130B1BDF80630AB4202D1F8
S31508000F90022200230CE0FFF7F1FD0420BAE703EB79
S31508000FA083035B009BB203449BB2303B9BB2013286
S31508000FB0042A0ADC1049885CA0F13001C9B2092963
S31508000FC0EDD9FFF7DBFD0520A4E7B3F5077F08D8C1
S31508000FD004B163800023074A1380054A1370012071
S31508000FE098E7FFF7CBFD052094E7002092E700BFBE
S31508000FF03B25002020250020A0140020A214002054
S31508001000014B1868704700BF9C1400202DE9F04773
S31508001010DDF82090002866D014469A460546002A30
S3150800102063D0B1F50C7F62D3B9F1000F26D04846DC
S315080010300AF02BF8804640F20623984200D99846D3
S315080010402E46532306F8023B54236B70AF1D4123EB
S315080010506B7110222146384608F07FFD2C2300F8D4
S31508001060013BBAF1000F0CD02249042208F075FDA5
S3150800107004462C2304F8013B002309E0DFF87C90A2
S31508001080D5E71D49F1E719F8032004F8012B0133C8
S315080010909845F8D8032208F116013046FFF740FDB7
S315080010A002E0202304F8013BE31BB3F5077FF8D3DE
S315080010B0002303E0202204F8012B0133072BF9D97A
S315080010C04FF40A71304608F0B9FD0146042220465D
S315080010D0FFF73EFD0346452203F8022B44224270E1
S315080010E0581BBDE8F0870020FBE70020F9E7002041
S315080010F0F7E700BFB8C10008BCC10008F8BC000883
S315080011000023062073B1704754B224B9013353B192
S315080011105DF8044B70470228F8D008680A49086049
S315080011201046F3E710B4094A52F823100A7A022A3D
S31508001130EAD9032AEAD1441EE4B2012CE6D90868A2
S31508001140014908601046E1E700190020BC25002087
S3150800115010B5A2B0202200211AA809F07FFF2B4B58
S315080011601A934FF461231C9302238DF87530284A8D
S315080011701E9201248DF87D408DF87E408DF87F40C3
S315080011808DF88030002115911691179118911991B3
S315080011904FF4801315931F4B1993109111911291C7
S315080011A0139114911C4B10931C4B14933C2201A8C9
S315080011B009F054FF0DF1040E0DF1540CBCE80F00B4
S315080011C0AEE80F00DCF80030CEF800300DF1180E4E
S315080011D00DF1400CBCE80F00AEE80F00DCF800305B
S315080011E0CEF800300E4B0B934FF480630C938DF8BA
S315080011F035408DF836400B4B0F930B4B1AAA01A9B5
S315080012000A4802F0F9FB22B010BD00BFE0C9000889
S31508001210D0C900083C00015B010010004400015BD6
S3150800122004190020D0250020041D0020B81D002028
S3150800123008B5024809F0F6F808BD00BFB81D002039
S3150800124008B5024809F0EEF808BD00BFB81D002031
S3150800125010B58EB02422002105A809F0FFFE334BF5
S315080012600593334B1B88ADF82430324B1B88ADF8F9
S315080012702630314B1B680B93304B1B680C93304A56
S3150800128005A9304803F0B6F800B1FEE72E4B1C68F6
S315080012902E4A21462B4B186803F062F900B1FEE787
S315080012A04CB12146274B186809F05EFB01464FF6FC
S315080012B0FF73984206D10021224B186809F003F8FB
S315080012C038B1FEE71F4B186803F08EFA0028F2D0F3
S315080012D0FEE71F491B4B186803F0CAFA00B1FEE780
S315080012E06FF0C00240F2FF33CDE900234FF0FF3222
S315080012F04FF0FF331349086809F096FB00B1FEE783
S31508001300144B1B88ADF81030ADF80C3004A90D4B02
S31508001310186809F071FB00B1FEE703A9094B1868C4
S3150800132009F080FB00B1FEE70EB010BDF79C00087F
S315080013303ACA000838CA000840CA00083CCA000869
S31508001340D99C0008E8250020AC250020E39C00086D
S315080013500700110028C8000882B0054B019302ABAC
S3150800136003EB800050F8043C186802B0704700BFD1
S31508001370E825002008B50448044A121A92100449C0
S3150800138008F0C2FC08BD00BF80010008A0010008E3
S315080013908025002008B5154B83F30A8800F030F83D
S315080013A0FFF7E8FF124A0AE01068516850F8230070
S315080013B041F82300013391688B42F5D30C320D4B6B
S315080013C09A4201D20023F6E70B4A08E0116800208A
S315080013D041F82300013351688B42F7D30832074B93
S315080013E09A4201D20023F6E7FEF726FF0000002006
S315080013F044FD000850FD000850FD000850FD000897
S3150800140070B5134B134A9A60D3F8882042F47002D9
S31508001410C3F88820104A4FF4804191660F4D05F5B0
S3150800142000544FF0FF3222660D4A62660222C3F864
S31508001430D020BFF34F8FBFF36F8F002002F09AFAC8
S315080014404FF44036E660002008F057FF2E6170BD65
S3150800145000ED00E000000008009000500080004405
S315080014607FFF7F01014B1860704700BFF025002001
S3150800147008B5064B1860064B1B6F03F00703032BD2
S3150800148000D008BD09F04AFFFBE700BFF825002099
S315080014900080005010B504460FE00123834024EA7B
S315080014A003040F2814D800EB40020E4B03EB82030B
S315080014B05A6812B19968C0B2904794B12346002081
S315080014C01F28EAD813F0010FE7D101305B08F7E7C8
S315080014D0103800EB40039B00B033024A1344043330
S315080014E0E6E710BDD41D002008B50D480AF02DFA10
S315080014F01A2002F02FFA28B91B2002F02BFA40B95D
S31508001500002008BD1A2002F035FA1A2008F0F5FE68
S31508001510F2E71B2002F02EFA1B2008F0EEFEEFE79A
S31508001520CCC900082DE9F04170B30C4617460546AC
S315080015300F292BD803784BB1022B20D0032B21D0AF
S31508001540012B01D0002303E00F2301E040F2FF73D3
S315080015506A78D34013F0010F1AD00F4BD3F81063F3
S31508001560C6B90AF0E5F980463A462146284601F00A
S3150800157033FE40460AF0D7F93046BDE8F08140F21E
S31508001580FF33E5E73F23E3E72226F5E72126F3E7DE
S315080015902126F1E70226EFE700C0035040B310B555
S315080015A0044603784BB1022B1DD0032B1ED0012B0A
S315080015B001D0002303E00F2301E040F2FF736278B5
S315080015C0D34013F0010F15D00AF0B2F923786278E8
S315080015D00121914003EB43031B01074AD1500AF04E
S315080015E0A2F9002010BD40F2FF33E8E73F23E6E703
S315080015F0222070472120F5E740D0035040B310B5AC
S31508001600044603784BB1022B1DD0032B1ED0012BA9
S3150800161001D0002303E00F2301E040F2FF73627854
S31508001620D34013F0010F15D00AF082F923786278B7
S315080016300121914003EB43031B01074AD1500AF0ED
S3150800164072F9002010BD40F2FF33E8E73F23E6E7D2
S31508001650222070472120F5E740E0035008B5084BE3
S31508001660D3F82404D3F82024104000F0553020F095
S31508001670502003F50053C3F82004FFF70BFF08BDFD
S3150800168000C0035008B5084BD3F82404D3F8202427
S31508001690104000F0AA3020F0A02003F50053C3F84C
S315080016A02004FFF7F7FE08BD00C00350F0B585B06B
S315080016B00C4694469DF83410664A1278002A00F0C3
S315080016C0BD800546BCF1070F00F2BA800A9A002AC7
S315080016D000F0B8800B9A002A00F0B6800E9AB2F590
S315080016E0006F00F3B38001285BD05B4A02EB0C1253
S315080016F0127B002A00F0AC8000220092019202922E
S315080017000392564A02EB4C1E002C4FD14FEA4C1658
S3150800171000209051CEF80400CEF80800CEF80C0050
S315080017209EF8020040F010008EF802009EF80300B2
S3150800173040F030008EF8030021B9C1B241F0030130
S315080017408EF8031000930E9B013B444A4FEA4C1057
S3150800175002EB4C11165A63F30E1616520A9B8B604F
S315080017600B9B4B60CB789DF83C2062F38303CB70D0
S31508001770012D36D0109B002B56D0374A4FEA0C1154
S3150800178002EB0C1310985050119A5A6000249C6072
S315080017905D7372466946604601F07AFC204605B0DC
S315080017A0F0BD0C9A002AA0D12D48F8E72B4F4FEA36
S315080017B04C1607EB4C120020B85150609060D06070
S315080017C0907840F010009070D07840F00300D07008
S315080017D00029B7D107EB4C12C1B241F03001D170E4
S315080017E0B0E70E460A7B42F001020A73D2B242F013
S315080017F002020A73CA68042161F39F02F26006F1C5
S31508001800100796E80F0087E80F00F2696FF00301EA
S3150800181061F39F02F2610C9B7361012CAAD10B9AAA
S31508001820B2610C9A7260A5E7002DA6D10B4B03EBAB
S315080018304C139A786FF304129A709EE70948AEE73C
S315080018400748ACE70648AAE70548A8E70448A6E714
S315080018500548A4E73C2500203C2000203C1F00202A
S31508001860018000F0028000F0078000F0134B1B781F
S31508001870FBB110B50446F0B10AF05AF80023072B5D
S3150800188013D80F4A02EB0312127B0AB10133F6E7AB
S3150800189023600B4A190102EB031301241C7300246D
S315080018A054500AF040F8204602E00AF03CF8054891
S315080018B010BD054870470548FAE700BF3C250020DB
S315080018C03C200020048000F0028000F0018000F037
S315080018D038B50AF02DF804460023072B06DC0C4A17
S315080018E002EB0312127B12B90133F6E7002222B18A
S315080018F020460AF018F8074838BD01F075FB0025A0
S31508001900054B1D7020460AF00EF82846F4E700BF7E
S315080019103C200020058000F03C2500200F4B1B785A
S31508001920BBB110B50446072815D80AF001F80C4BC8
S3150800193003EB04131B7B1BB909F0F5FF09480BE001
S31508001940074B03EB041300241C7309F0ECFF204635
S3150800195002E005487047054810BD00BF3C25002039
S315080019603C200020068000F0028000F0018000F094
S3150800197000B583B0134B1B68019300238DF8043020
S3150800198009F0D6FF104B1B7833B90F4B01221A709A
S3150800199009F0C9FF002309E009F0C5FF0B480EE06E
S315080019A00B4A02EB0312002111730133072BF7DDF3
S315080019B008238DF8073001A801F03AFB002003B090
S315080019C05DF804FB2CC800083C250020038000F0C5
S315080019D03C20002010B5104C2478BCB1072817DC31
S315080019E00E4C04EB0014247BA4B10C4C4FEA001EE9
S315080019F004EB001C44F80E30029BCCF8043000249B
S31508001A00CCF8084001F044FB204610BD0448FCE72A
S31508001A100448FAE70448F8E73C2500203C20002063
S31508001A20028000F0018000F0078000F008B50A4B3C
S31508001A301B785BB107280BD8084B03EB00131B7BFD
S31508001A4043B1002101F0E6FA002008BD0448FCE78E
S31508001A500448FAE70448F8E73C2500203C20002023
S31508001A60028000F0018000F0078000F008B50A4BFC
S31508001A701B785BB107280BD8084B03EB00131B7BBD
S31508001A8043B1012101F0C6FA002008BD0448FCE76D
S31508001A900448FAE70448F8E73C2500203C200020E3
S31508001AA0028000F0018000F0078000F0F8B5194BBD
S31508001AB01F6D5B6D1F4002D40125002402E0FEE77E
S31508001AC001346D00072C24D83D42F9D0124B1D6510
S31508001AD02301124AD358002BF2D002EB0416B16840
S31508001AE00131B16072682046984780F00100C0B2A3
S31508001AF0737B012BE4D10028E2D0094B03EB441396
S31508001B001A7B6FF341021A731A7F6FF341021A7731
S31508001B10D6E7F8BD00000450002004503C20002001
S31508001B203C1F002038B505460C46164BD3F828311D
S31508001B3003F00703013B052B20D8DFE803F0031366
S31508001B401B0F0B1709F0C4FB052305B1286004B168
S31508001B50236038BD09F0BCFB0623F6E709F002FC52
S31508001B600723F2E709F0F4FB0323EEE709F0F0FB9D
S31508001B700423EAE709F0E8FB0223E6E70023184610
S31508001B80E3E700BF0080005030B583B005460C4639
S31508001B9000230193154BD3F8203203F00703042BD7
S31508001BA021D8DFE803F0030B11161B0001230DB142
S31508001BB0019A2A6004B1236003B030BD002101A850
S31508001BC0FFF7B0FF1123F2E709F0CCFB01900723DA
S31508001BD0EDE709F099FE01900A23E8E709F00CFC05
S31508001BE001900923E3E70023E1E700BF00800050E6
S31508001BF038B505460C460F4BD3F8503203F00303AD
S31508001C00022B12D0032B08D0012B0AD0002318462A
S31508001C1005B1286004B1236038BD09F078FE0B23AE
S31508001C20F6E709F071FE0A23F2E709F0E5FB092356
S31508001C30EEE700BF0080005038B505460C460C4B51
S31508001C40D3F8903203F00303012B05D0022B07D1FA
S31508001C5009F088FB072305E009F076FB022301E07B
S31508001C600023184605B1286004B1236038BD00BFBB
S31508001C7000800050024B4FF480321A67704700BF4D
S31508001C8000900050204B984236D009D91F4B9842F5
S31508001C9036D01F4B984222D11E4BD3F8D00070473E
S31508001CA0A3F5B703A3F55863984221D006D91A4B72
S31508001CB0984212D1174BD3F8BC007047174B98427D
S31508001CC002D0174B984203D1124BD3F8A0007047A5
S31508001CD0144B9842F8D00020704700207047124BEA
S31508001CE0984203D10B4BD3F8C800704700207047C1
S31508001CF0084BD3F8B8007047064BD3F8C0007047B6
S31508001D00044BD3F8CC007047C0EA21010048E8012B
S31508001D10005A62020080E00F0024F40080841E004E
S31508001D2000093D0040420F0080BA8C0138B50546CF
S31508001D300C46104BD3F8000100F00300032815D811
S31508001D40DFE800F002080C10012305B1286004B191
S31508001D50236038BD09F0FCFA0323F6E709F04CFBCB
S31508001D600923F2E709F0FAFA0823EEE700231846F2
S31508001D70EBE700BF0080005038B505460C46174B08
S31508001D80D3F8200100F00700062823D8DFE800F082
S31508001D90040A0E16121A1E00012305B1286004B1A2
S31508001DA0236038BD09F094FA0523F6E709F0D0FA5E
S31508001DB00323F2E709F0D6FA0723EEE709F0C4FA97
S31508001DC00223EAE709F084FA0623E6E709F0C0FAEF
S31508001DD00423E2E700231846DFE700BF008000502F
S31508001DE038B505460C46104BD3F8400100F0030001
S31508001DF0032815D8DFE800F002080C10012305B106
S31508001E00286004B1236038BD09F07EFD0A23F6E791
S31508001E1009F0F2FA0923F2E709F079FD0B23EEE758
S31508001E2000231846EBE700BF0080005030B583B0AA
S31508001E3005460C4600230193144BD3F8603203F091
S31508001E400703013B032B1FD8DFE803F0020E191422
S31508001E50002101A8FFF790FF0F230DB1019A2A6010
S31508001E6004B1236003B030BD002101A8FFF7B8FF15
S31508001E701023F2E709F076FA01900723EDE709F057
S31508001E8063FA01900223E8E70023E6E700800050A2
S31508001E9030B583B005460C46002301930C4BD3F8A6
S31508001EA0703203F00303012B09D0022B0DD1142342
S31508001EB00DB1019A2A6004B1236003B030BD002138
S31508001EC001A8FFF78DFF1023F2E70023F0E700BF14
S31508001ED00080005038B505460C46104BD3F8600113
S31508001EE000F00300032815D8DFE800F002080C10FC
S31508001EF0012305B1286004B1236038BD09F004FD4B
S31508001F000A23F6E709F078FA0923F2E709F0FFFC55
S31508001F100B23EEE700231846EBE700BF00800050CE
S31508001F20324B984252D029D8314B984248D009D9D9
S31508001F30304B984247D0304B98421DD12F4BD3F89F
S31508001F40800070472E4B984237D005D92D4B9842C2
S31508001F5010D12A4B186F70472B4B984202D02B4B47
S31508001F60984202D1254B986D7047294B9842F9D073
S31508001F70002070470020704700207047254B984284
S31508001F802CD00CD9244B98422CD003F5740303F5B6
S31508001F90105398420FD1194BD3F8980070471F4B2E
S31508001FA0984217D01E4B984203D1144BD3F88C0095
S31508001FB070470020704700207047104B586E7047D6
S31508001FC00E4B586F70470D4B986F70470B4BD3F8F5
S31508001FD084007047094BD3F888007047074BD3F83D
S31508001FE090007047054BD3F8940070470048E80105
S31508001FF00024F400C0EA210180BA8C010080E00FB9
S31508002000C0CF6A00405DC60080841E0000093D00FE
S3150800201040420F00007E56030090D00380D543024D
S31508002020006CDC0270B582B006460D4600230193AB
S31508002030104BD3F8804104F00304022C16D0032C6D
S315080020400FD0012C07D000240EB1019B336005B1D7
S315080020502C6002B070BD002101A8FFF78DFE0F2489
S31508002060F2E709F07FF901900724EDE709F06CF92A
S315080020700190E9E70080005038B505460C46104B3C
S31508002080D3F8400200F00300032815D8DFE800F073
S3150800209002080C10012305B1286004B1236038BD7D
S315080020A009F032FC0A23F6E709F0A6F90923F2E754
S315080020B009F02DFC0B23EEE700231846EBE700BFDB
S315080020C00080005038B505460C46134BD3F800027D
S315080020D000F0070004281BD8DFE800F003090D11FB
S315080020E01500012305B1286004B1236038BD09F045
S315080020F00BFC0A23F6E709F07FF90923F2E709F052
S3150800210006FC0B23EEE709F009F9800A0E23E9E736
S3150800211000231846E6E700BF0080005038B505469C
S315080021200C46134BD3F8080200F0070004281BD806
S31508002130DFE800F003090D111500012305B1286039
S3150800214004B1236038BD09F0DFFB0A23F6E709F07E
S3150800215053F90923F2E709F0DAFB0B23EEE709F056
S31508002160DDF8800A0E23E9E700231846E6E700BFF4
S3150800217000800050B0F5207F20D00ED8B0F5007F43
S3150800218016D020D810B1B0F5C07F04D10F4B186F08
S31508002190C0F3033018E0002016E0B0F5607F05D1E3
S315080021A00A4BD3F88000C0F301100DE000200BE0C5
S315080021B0064BD3F89000C0F3046005E0034B186F94
S315080021C0C0F3802000E000200130704700800050F6
S315080021D038B505460C46174B4FF480329A660020F0
S315080021E0FFF7C8FF05FB00F0134BDA6902F48032EB
S315080021F041F67131D9635B6823F440136CB90F4912
S31508002200884207D800210B430B494B600AB10022CC
S31508002210CA6338BD4FF48011F5E7002C07DD08497D
S31508002220884201D80021EEE74FF48011EBE74FF41E
S315080022304011E8E70090005000000350005A62027F
S31508002240002D3101430905D0012B0DD0022B0DD0ED
S31508002250002200E0002200F01F0049B102F580527A
S315080022600123834013607047034AF4E7034AF2E701
S3150800227002F50052F4E700BF648000506880005001
S3150800228008B5802007F0B7FD034B984203D8034BE7
S315080022904FF480321A6708BD005A620200A0005047
S315080022A000B583B000230193B0F5807F00F0AF80BE
S315080022B011D9B0F5086F00F0B48044D9B0F5286F8D
S315080022C000F0C38069D9B0F5306F79D101A9002033
S315080022D0FFF7B2FC75E0802873D8242871D3243818
S315080022E05C286ED8DFE800F04C4C4C4C4C6D446DC5
S315080022F098546D6D6D6D6D6D6D6D6D6D6D986D6DC3
S315080023006D39A76D6D6D6D6D6D6D6D6D6D6D6D6DE9
S31508002310AC4C6D6D6D676D6D5FB1A277776D6D6D48
S315080023206D6D6D6D6D6D6D6D6D6D6D6D6D6D6D6DCF
S315080023306D6D6D6D6D6D6D6D6D6D6D6D6D6D6D6DBF
S315080023406D6D6D6D7C00B0F5C06F65D00AD9B0F5BE
S31508002350E06F70D0B0F5F06F17D101A90020FFF734
S31508002360B9FD2EE0B0F5A06F60D0B0F5B06F04D11E
S3150800237001A90020FFF756FE23E0B0F5806F20D1B3
S3150800238001A90020FFF7F8FC1BE0B0F5D06F18D1C3
S3150800239001A90020FFF796FE13E0B0F5186F4FD09D
S315080023A0B0F5206F04D101A90020FFF73FFD08E032
S315080023B0B0F5106F05D101A90020FFF7AFFE00E0C8
S315080023C003D2019803B05DF804FBB0F5386F23D04B
S315080023D0B0F5406FF5D101A90020FFF7A3FBF0E7A0
S315080023E01C4B1B6F03F00703013B032BE9D8DFE8FF
S315080023F003F00B02050805230193E2E70323019383
S31508002400DFE708230193DCE702230193D9E701A953
S31508002410002007F0CBFCD4E701A90020FFF7E0FC79
S31508002420CFE701A90020FFF781FCCAE701A9002030
S31508002430FFF7AAFBC5E701A90020FFF71DFEC0E7C5
S3150800244001A90020FFF7D4FBBBE701A90020FFF78D
S315080024501FFDB6E700800050094B596E03F58053FF
S315080024604FF480325A66074A536A23F001035362CF
S3150800247011F4803F03D1044B4FF480325A667047FB
S315080024800080005000C0075000A0005038B5044630
S315080024908020FFF705FF032800F0B580604B4FF456
S315080024A080125A665F4B45F60E02C3F8802003F584
S315080024B080524FF0A061916203F500534FF48032C9
S315080024C09A62584B9B6D13F4803FFAD1554B9B6D1E
S315080024D013F0804FFAD1226863681B0543EA02634A
S315080024E0227B43EA0243627B43EA0233A27B43EA46
S315080024F08213E27B13434B4D2B61AB6903F0004318
S31508002500226943EA8263626943EA0263227E43EAF6
S315080025100243627E43EA0223A27E1343AB614FF471
S3150800252000624FF44061404807F027FC2B6A23F00D
S315080025300F03E269002A46D111460B43E17E43EABE
S3150800254081031A43374B1A62E369002B3DD1354A9A
S31508002550916A364B0B4094F8201043EA411394F8DD
S31508002560211043EA011394F8241043EAC10343F403
S31508002570803393622B4B9A6D2D4B9343FAD1294A9C
S3150800258002F580514FF080738B62136923F4700350
S31508002590A06843EA005313614FF000438B6194F837
S315080025A022301BB9234B4FF080729A6294F823307D
S315080025B013BB204B4FF480329A621A4B9B6D13F073
S315080025C0804FFAD118E00821B7E7022B1CD0154A2C
S315080025D0916A164B0B4094F8201043EA411394F87D
S315080025E0221043EA016394F8241043EAC10394F8DD
S315080025F0231043EA0143936294F825301BB1094B33
S315080026000D4AC3F8802038BD064B00221A619A612C
S315080026104FF408524FF47F41084807F0AEFBD6E75F
S31508002620009000500040005A3840005AC7FFFEFE8E
S31508002630030001000060005AF1A7FFFF3440005A6A
S31508002640014B93F900007047E6260020014B1880DD
S31508002650704700BFDC260020B0F5207F48D02DD873
S31508002660B0F5007F39D04CD810B1B0F5C07F24D171
S3150800267010B54C1E07F0B8FB07F0A3FDFFF7FAFAF2
S31508002680204A136F23F4704343EA0433136708F0B0
S3150800269045FE1D4BD3F8843013F0100FF9D11A4BB1
S315080026A0D3F88410C1F38111C1F1020107F07EFD50
S315080026B000F040F8FFF7E4FD10BD7047B0F5607F05
S315080026C00AD101390F4AD2F8803023F0300343EAA1
S315080026D00113C2F88030704770470139094AD2F8A9
S315080026E0903023F0F85343EA0163C2F890307047FC
S315080026F00139044A136F23F4806343EA812313677D
S3150800270070477047008000500040005008B501210E
S31508002710022000F0F3F84FF42070FFF72BFD044B6E
S31508002720187007F061FB07F04CFDFFF7A3FA08BD28
S315080027303D25002008B54FF4C07007F05CFB054B3B
S31508002740984205D902214FF42070FFF785FF08BD8E
S315080027500121F8E780F0FA0210B5044608F0DEFD1C
S315080027600F4BD3F8843013F0100FF9D10C4BD3F874
S315080027708410C1F38111C1F1020107F017FD01218F
S31508002780002000F001F924B1FFF7D4FFFFF778FD28
S3150800279010BD044B19784FF42070FFF75DFFF5E77D
S315080027A0004000503D25002070B50446FFF7B8FBF1
S315080027B00546364B4FF4C0225A6603F598335B68D4
S315080027C0012B29D08020FFF76BFD05282DD025F099
S315080027D040752F4B9C422FD02E4B9C422FD008F091
S315080027E077FD064684422DD82B4BDB6813F0060F7F
S315080027F0FAD1294B9A689D609B686B4013F4F81FC1
S3150800280025D0254B9A6034468020FFF749FD0528D8
S3150800281021D0B44235D970BD204B01225A60204BD5
S315080028205B6813F0020FFAD1CCE707F0DDFA07F080
S31508002830C8FCFFF71FFACAE745F00075CFE745F071
S315080028408075CCE70121204600F09EF8CCE72046AB
S31508002850FEF708FED8E708F061FD124BD3F884307E
S3150800286013F0100FF9D10F4BD3F88410C1F381116F
S31508002870C1F1020107F09AFCFFF75CFFFFF700FDC4
S31508002880C7E70121002000F07FF8C4E70090005058
S3150800289040420F0080841E000000015000E00150F5
S315080028A000C001500040005010B50446FFF7EAF991
S315080028B00A4B4FF400225A6620F04070084A9442A8
S315080028C006D0084A944206D04FF0B442906010BD34
S315080028D040F00070F8E740F08070F5E7009000508F
S315080028E040420F0080841E00034AD36E23F0300353
S315080028F001790B43D366704700400050F8B504468B
S31508002900204BD3F8843013F0100FF9D11D4BD3F8B0
S315080029108430C3F381139C422DD008F0DFFC0646B1
S31508002920012C11D008F0FBFF0546164F07F500539A
S315080029304FF000725A66204607F04AFC621E4FF4B2
S31508002940806393403B6706E0012107F02FFCE9E727
S315080029500C4BD3F884300B4B5B6E13F0007F05D11C
S31508002960084BD3F8843013F0200FF1D0284608F02E
S31508002970D1FF022C00D0F8BD0021304607F016FC26
S31508002980F9E700BF0040005010B50C46034650B1A9
S31508002990094A127812B1094A934208D921460220F7
S315080029A0FFF7ACFF10BD08F099FC0346F0E7214697
S315080029B00120FFF7A3FFF5E7BC200020005A6202BA
S315080029C038B52F4B4FF000425A6603F50B235C6C63
S315080029D004F001044AF6CD321A64E8B9294B5B6B58
S315080029E013F00103FAD1274A556815F0010539D0C5
S315080029F002F50052012151601A462249096B11F06D
S31508002A00010F04D120498A4201D80132F5E71E494F
S31508002A108A422FD81D4625E000231A4A126B12F067
S31508002A20080F04D0184A934201D80133F5E7164A2D
S31508002A30934221D8134B03F500522021916203F5E6
S31508002A40805301225A60002300E001330D4A926A3E
S31508002A5012F0200F02D10C4A9342F6D90A4A934241
S31508002A600CD8002514B1074B084A1A6401F0D4FEA5
S31508002A70284638BD0725F5E70725F3E70725F1E7D3
S31508002A8000900050004009503F420F003254FFFFAB
S31508002A9010B51A4B4FF000425A6603F50B235C6CCF
S31508002AA004F001044AF6CD321A6443785B0043F019
S31508002AB00103134AD363134B5B6B13F00B0FFAD165
S31508002AC0104A536823F4F873817843EA0113536074
S31508002AD0C178437943EA012393600179837943EA0C
S31508002AE0012313610078FFF76BFF14B1054B064A03
S31508002AF01A6401F091FE012010BD00BF009000503D
S31508002B0000400050004009503254FFFF10B50F280E
S31508002B1000D90F20124B5C6E03F580534FF000422C
S31508002B205A6603F50B235A6C02F001024AF6CD31B8
S31508002B3019640C4B5B6B13F0800FFAD109490B6AC9
S31508002B4023F00F0303430B620AB1074A0A64002CF9
S31508002B5003DB064B4FF000425A6601F05DFE10BDDE
S31508002B6000800050004009503254FFFF00A000507A
S31508002B7010B5134B5C6E03F580534FF000425A664E
S31508002B8003F50B235A6C02F001024AF6CD3119649B
S31508002B900C4B5B6B13F0800FFAD10A490B6A23F4CE
S31508002BA0F85343EA00230B620AB1074A0A64002C69
S31508002BB003DB064B4FF000425A6601F02DFE10BDAE
S31508002BC000800050004009503254FFFF00A000501A
S31508002BD0084B98420AD0084B984209D003F580431F
S31508002BE0984201D0002070475820704756207047F9
S31508002BF0572070470000015B00000A5010B50446D4
S31508002C0007F0E7FA042307E004F5805304221A6163
S31508002C1004F500531A610B46591E002BF4D12023E4
S31508002C2023610023E360A36041F202026261A361AB
S31508002C304FF4A0226262E3612362A362E3626363E4
S31508002C40236504F500520249D164236310BD00BF11
S31508002C50FF3F0D03F8B5044615460846E1B1A368DB
S31508002C6013F0010F34D06668B0FBF5F0451E16F078
S31508002C7001062BD0636D13F0280FFBD1A36C13F05C
S31508002C80030F0FD1A36C13F0010F1BD1A36C13F024
S31508002C90020F19D1002706E02046FFF799FF07F033
S31508002CA0AAF8DCE70527204607F093FA236923F0FC
S31508002CB07F4343EA0563236146B33946204607F056
S31508002CC0A7FA23E00927EEE70627ECE70027EDE752
S31508002CD06368A36803F0E003402B1DD017D9602B67
S31508002CE01ED0802B12D10123400105FB03F3B0FB54
S31508002CF0F3F020380B4A02EAC002636D13F0010FA5
S31508002D00FBD12263636D13F0010FFBD1F8BD2BB124
S31508002D10202BFBD10823E7E70623E5E71023E3E7A3
S31508002D200423E1E7F8FF7F0070B504460D46164612
S31508002D30436823B1636DC3F30B03002BFAD1204616
S31508002D40FFF75CFF636923F44C5323F00F036A7B98
S31508002D501343EA8913432A8A13436361A36823F05A
S31508002D60804323F0E2032A7B13432A7E13436A69CE
S31508002D701343A360AB681BB9A36843F00043A36081
S31508002D80EA69002A70D0A168694B0B40117A43EAB8
S31508002D908153917A43EA4143918801F4C0410B4338
S31508002DA0517843EA8103517B43EAC103917B43EAA5
S31508002DB00113927843EA8223A360E2685D4B1340CD
S31508002DC0EA6911690B4351690B43917943EA8123F7
S31508002DD0D27943EA4223E360EB691B78012B01D0E1
S31508002DE0032B03D1E36843F00403E360EB691B7824
S31508002DF0023BDBB2012B51D94F4B9C426BD04F4B58
S31508002E009C426AD003F580439C4262D04FF0FF3360
S31508002E1003F593735B0103F1A04303F570330222B4
S31508002E205A60EB695A7A04F580539A62EB695B7AC1
S31508002E301BB1E36843F40063E360EB69DB7A63B1D3
S31508002E40E36843F40043E3603B4B9C4247D03B4B6B
S31508002E509C424BD03A4B9C424FD0636A23F0030303
S31508002E60EA69D27B134363623EB196F82030002BA1
S31508002E704AD004F5805301221A6204F580530122D0
S31508002E805A60AA68002A4ED12978204607F0C0F968
S31508002E90A36CDB4313F4405FFAD170BD264B9C420A
S31508002EA013D0264B9C4212D003F580439C420AD08D
S31508002EB04FF0FF33A6335B0103F1A04303F57033EC
S31508002EC002225A60ADE70223F4E70023F2E7012362
S31508002ED0F0E702239CE700239AE7012398E7EB69CA
S31508002EE01B7B03F00F03174A5366B0E7EB691B7B9E
S31508002EF003F00F03134A1367ACE7EB691B7B03F078
S31508002F000F03104AD367A8E7E36923F0090396F885
S31508002F102220134396F82120134343F0010304F5B6
S31508002F208052D361A9E769682046FFF793FEABE7AD
S31508002F30E39BBDFFFFF9F0870000015B00000A5024
S31508002F4000400A5000900350F8B504460D461E4648
S31508002F5017463AB1FBB101228A4000EB400109014C
S31508002F601D4B5A50072D1ED8A90004EB44031B011C
S31508002F7007FA01F20F2000FA01F11848184407F081
S31508002F807EF93FB9FEB10122AA4004EB44042401AC
S31508002F90114B1A51F8BD01228A4000EB4001090184
S31508002FA00F4B5A50DEE7A5F108039B0004EB440CCF
S31508002FB04FEA0C1C07FA03F20F21994009486044AE
S31508002FC007F05DF9DDE70122AA4004EB4404240179
S31508002FD0034B1A51DEE700BF40D0035034C00350FC
S31508002FE040E003503CC0035010B5162007F081F9A5
S31508002FF0074B00245C65FF229A625C60214620200C
S31508003000FFF720F921462120FFF71CF910BD00BF64
S315080030100000045029B9044A012303FA00F010609D
S315080030207047024AF8E700BF401004504020045099
S3150800303010B5044601212020FFF704F901212120BB
S31508003040FFF700F9114B01225A60227812069A609E
S315080030506178A27842EA01429A61FF229A620022C6
S315080030609A631A644FF000425A6503F500534FF00D
S31508003070FF321A65162000F07DFCE178162007F06D
S3150800308040F9162007F039F910BD00BF00000450BA
S3150800309070B50C46C3B201259D40214901F5005380
S315080030A01D65830003F1A04303F5882326685E6047
S315080030B0637B00EB400C01EB0C1CCCF8603094F8F9
S315080030C00AE0E37A1B0543EA0E4394F80CE043EA68
S315080030D04E53CCF85C3022F00302CCF8702008F08E
S315080030E027FC104B5D65237A0BB10E4B1D64637A82
S315080030F00BB10C4B9D632379A27942EA0342084B34
S3150800310003F500518A6194F805C0E27942EA0C4257
S3150800311003F58054A2614D639D6408F004FC70BDFC
S31508003120000004500010045010B5C0B201248440B9
S3150800313008F0FEFB044B5A6D22EA04025A659C62AB
S3150800314008F0F1FB10BD00BF0000045010B5C0B276
S315080031500124844008F0ECFB084BDB6A234205D1C6
S31508003160064B5B6B9C4306D0002400E0002408F065
S31508003170DAFB204610BD0124F9E700BF0000045021
S3150800318070B50446C3B201259D4008F0D1FB084B33
S315080031905E6B04EB440403EB04135C6E08F0C3FB9C
S315080031A0354203D1C4F30A10013070BD0020FCE794
S315080031B000000450074B4FF480325A6603F5E623A5
S315080031C09B69C3F38512827003F03F0242701B0BA2
S315080031D0037070470090005070B504460D461646B9
S315080031E0037841782C4AD2F810236A1E0E2A09D889
S315080031F0DFE802F00A0A0A0A0A0A0A0A0A0A0A0A90
S315080032000A0A0A00002200E02A463DB116B3012048
S31508003210884003EB43031B012049C85061780729FE
S3150800322020D82378890003EB43031B018A400F202B
S3150800323000FA01F11A48184407F02FF84DB906B3F9
S31508003240237862780121914003EB43031B01134A5B
S31508003250D15070BD0120884003EB43031B0111497F
S31508003260C850DBE723780839890003EB43031B01C1
S315080032708A400F2000FA01F10B48184407F00DF8B0
S31508003280DCE7237862780121914003EB43031B01B5
S31508003290044AD150DDE700BF00C0035040D00350B8
S315080032A034C0035040E003503CC00350074B9B68B2
S315080032B013F0020FFAD1054B5B6813F0020FF5D134
S315080032C0024BDB69002BF1D1704700BF00800A5022
S315080032D0074B5B68064B5B6813F0010F03D0044B82
S315080032E0DB69002BF6D1024B02221A61704700BF38
S315080032F000800A5008B5FFF7D9FF034B03F5805144
S3150800330001224A601A6108BD00800A5008B5054BBB
S315080033105B68012B00D008BDFFF7DAFF024B0122DC
S315080033205A60F8E700800A5000A00A5010B5044613
S31508003330FFF7BCFF084B5B68012B05D0237843B128
S315080033400122054BDA6010BDFFF7E0FFFFF7AEFF7D
S31508003350F4E70022F5E700BF00800A5038B50546B5
S315080033600C4608F0B7F8DDB92378D3B101236268B3
S3150800337012B1127843EAC2036278A2B10222134359
S31508003380A26812B1127843EA8213E2786AB104227B
S315080033901343226912B1127843EA4223044A93641A
S315080033A038BD0023E3E70022E9E70022F0E700BF83
S315080033B000800A5038B5044607F062FB864658B9BD
S315080033C0064DA446BCE80F000FC5BCE80F000FC5A4
S315080033D09CE8030085E80300704638BDC02000203D
S315080033E047F6FF739A427DD009297DD870B5414BBF
S315080033F013F801E0BEF1030F78D83F4B03EBCE017B
S3150800340091F802C0604613F83E30012B26D03A4B9D
S3150800341003EBCE035C68002C6AD0B4F90030934203
S3150800342004DBB4F90230934200DC1346A288FF2A73
S315080034302CD000212826C8221D46D21A92FBF6F265
S315080034400A4412B22C4B03EBCE0393F801E09645DF
S3150800345001DD002A2FDA0EF1FF322CE0CB78A3EB40
S315080034600C0300249C420ED2191BA3EB51012248DF
S3150800347000EBCE00406830F91100904201DC0C46A2
S31508003480F0E74B1EEEE76344D8B230E0B4F9062005
S31508003490B4F908600121CFE75C331849A1FB03138F
S315080034A09B09013212B2164696450FDD04EBC2019E
S315080034B0898899420AD304EBC2018B68B1F90610D0
S315080034C001FB0533002BE7DA0023E5E7013E04EBB1
S315080034D0C604A2889A4200D31A46944500D81046D4
S315080034E0C0B204E0FF20704700207047002070BD7E
S315080034F00020FCE730C80008C0200020D34D621029
S3150800350009296FD83A4B5B5C032B6DD8394911F8FA
S31508003510331001292AD010B4364901EBC3014C688F
S31508003520002C63D0201D334901EBC30189789142F1
S3150800353034D2304901EBC301C978914233D92D49B8
S3150800354001EBC30393F801C00CF1FF3C5FFA8CFC56
S31508003550A388FF2B2AD00023634529D2591C30F8AB
S315080035603110914224D30133DBB2F5E7214901EB4F
S31508003570C301C978914200D20A461E4800EBC3002F
S315080035808078121AD2B2091A8A4200DD0022194935
S3150800359001EBC3035B6833F912007047B4F9020004
S315080035A05DF8044B7047B4F90000F9E70123D3E747
S315080035B04FF47A7101FB02F200EBC3004368D31A99
S315080035C0B0F9022002EBD27103EB610393FBF2F32D
S315080035D0B4F900009842E3DBB4F902009842DFDC54
S315080035E018B2DDE704487047034870470248D7E732
S315080035F030C80008C02000200080FFFF08B5034837
S31508003600FFF7D8FE012007F03FFA08BD3CC80008BE
S3150800361030B583B00446694607F034FA00B1FEE7D0
S315080036209DF80030134A1278934217D00C2B06D116
S3150800363064251049204607F012FA28B1FEE720460D
S3150800364001F000F90546F4E72946204607F0EEF9A9
S3150800365000B1FEE7074B1B780A2B01D003B030BD3B
S315080036606946204607F00EFA9DF80020014B1A70AD
S31508003670F4E700BFFC25002008B5024808F065F904
S3150800368008BD00BFC8C9000810B58AB0EC46194C79
S315080036900FCCACE80F000FCCACE80F0094E80300A1
S315080036A08CE80300144BD3F84C3113F4002F05D0E3
S315080036B0124B1C88FF2C05D98C2403E00E4BD3F83B
S315080036C05041E4B28DF81940FEF7BAFF241803D426
S315080036D0FF2C02DDFF2400E000248DF8184008487E
S315080036E0FDF7C6FE6846FEF7D1FE3220FEF7AEFFAE
S315080036F00AB010BD94C900080080E00F0001E00F71
S31508003700C017530208B50248FFF74EF808BD00BFB8
S3150800371000B4C40408B50248FFF7C6F808BD00BFE0
S31508003720C0EA210110B5FEF7F1FF4E4C236F23F0D6
S31508003730070343F0030323670020FFF70DF8236F01
S3150800374023F474432367484BD3F8FC3013F0807F87
S3150800375075D1464B0022C3F88020424CD4F820315C
S3150800376023F0070343F00203C4F82031D4F82831C4
S3150800377023F0070343F00203C4F82831D4F8803154
S3150800378023F0030343F00103C4F88031D4F89032E0
S3150800379023F0030343F00103C4F89032D4F8403110
S315080037A023F0030343F00103C4F84031D4F8603131
S315080037B023F0030343F00103C4F86031D4F8403220
S315080037C023F0030343F00103C4F84032D4F800326F
S315080037D023F0070343F00103C4F80032D4F8083293
S315080037E023F0070343F00103C4F80832D4F8503233
S315080037F023F0030343F00103C4F85032D4F87032BF
S3150800380023F0030343F00103C4F87032D4F82032DE
S3150800381023F0070343F00103C4F82032FEF71CFE29
S315080038204FF0E022136943F004031361D4F86032C1
S3150800383023F0070343F00103C4F8603210BD0A4BB6
S31508003840D3F8FC2022F08072C3F8FC20074A002136
S31508003850C2F88010D3F8FC2042F08072C3F8FC202E
S315080038607BE700BF0080005000ED00E000900050AC
S3150800387008B5074808F069F8FFF706FFFFF742FFA3
S31508003880FFF748FFFFF7F8FEFFF74CFF002008BDDB
S31508003890C4C9000800B583B0094B93E8030000903B
S315080038A0ADF80410090C8DF806106846FFF7F0F815
S315080038B00920FFF72BF9002003B05DF804FB00BFD1
S315080038C0BCC9000810B582B0074A536F43F001031C
S315080038D05367002400948DF804406846FFF704F8FF
S315080038E0204602B010BD00BF00400050002808DB8B
S315080038F00901C9B200F1604000F5614080F8001383
S31508003900704700F00F000901C9B2014B19547047FE
S3150800391014ED00E0002807DB00F01F024009012330
S315080039209340024A42F82030704700BF00E100E0A9
S3150800393000280CDB00F01F024009012393402030C9
S31508003940034A42F82030BFF34F8FBFF36F8F70479B
S3150800395000E100E04211064B53F8223000F01F0048
S3150800396023FA00F080F0010000F00100704700BF64
S3150800397000E100E0002808DB00F01F0240090123EF
S3150800398093406030014A42F82030704700E100E079
S3150800399010B507F0CDFF0B4B1B783BB9094B01223D
S315080039A01A7007F0C0FF6FF0040408E007F0BBFFC9
S315080039B007E00521204606F0A4FC013464B24B2C2E
S315080039C0F7DD10BD3E25002010B5044607F0A7FF19
S315080039D0024B1C6007F09EFF002010BDE820002067
S315080039E010B507F09CFF034B1C6807F093FF2046B1
S315080039F010BD00BFE82000202DE9F0418EB0074633
S31508003A000E4614461D461368D3F8008091F83130E7
S31508003A10002B48D00DF1180CDFF830E2BEE80F0095
S31508003A20ACE80F009EE80F008CE80F000023009317
S31508003A3001930293039304930593A3680893237B46
S31508003A40012B3DD0022B3ED14FF44073ADF8263002
S31508003A50607B06F07BFCADF82800CDF834D0012356
S31508003A608DF80630A37B022B04D0032B02D0012B42
S31508003A7000D000238DF80030B36B6E4A1A60B36B22
S31508003A806D4A5A60B36B00229A60B36B6B4ADA6070
S31508003A9032462946384600F0AFFA0746A8B13846F6
S31508003AA00EB0BDE8F0810DF1180CDFF8A4E1BEE810
S31508003AB00F00ACE80F009EE80F008CE80F00B5E792
S31508003AC04FF40073C2E70023C0E72369C5F8A430A2
S31508003AD0237E85F8AB30E37D85F8AA30A37D85F88B
S31508003AE0A930637D85F8A830A37E85F8AD30637E5E
S31508003AF085F8AC30237F85F8AF30E37E85F8AE30A5
S31508003B002368C5F8A0304E4807F01FFF012304229A
S31508003B10A17D607DFFF718FA01230222217EE07D50
S31508003B20FFF712FA002385F8B030206907F00DFF79
S31508003B3096F83130002B5DD006A9404606F093FB77
S31508003B4095F8B03043F0040385F8B030227D3D4B3C
S31508003B50263203EB421214215160617DA07D227D3D
S31508003B6041EA004103EB4212C2F8DC14E27D207EF2
S31508003B70217D42EA004203EB4113C3F8D424A37B18
S31508003B80012B3CD0032B3AD0A37B023BDBB2012BA3
S31508003B9042D995F8B03013F0010F0CD0627EA17EA1
S31508003BA0237D42EA01425B0103F1A04303F570332A
S31508003BB041F2CC415A5095F8B03013F0010F10D0AD
S31508003BC0237D204AA63302EB431302215960E37E84
S31508003BD0207F217D43EA004302EB411241F2D041A6
S31508003BE0535008F50053184ADA640521404606F092
S31508003BF00FFB54E706A9404606F03BFBA6E795F8F7
S31508003C00B03043F0010385F8B03000230222A17ECC
S31508003C10607EFFF799F9B7E795F8B03043F00203ED
S31508003C2085F8B03000230422217FE07EFFF78CF967
S31508003C30AFE700BF75A3000815A400088FA3000806
S31508003C40CCC9000800C00350FF3F0D03ECC90008AB
S31508003C500CCA000830B583B0007D104B00EB40025B
S31508003C6003EB0212D56E00EB400203EB02131C6F46
S31508003C700DF1070107F0E6FB9DF807304BB904F094
S31508003C800204074B9D4201D0002003E024B1002026
S31508003C9000E0012003B030BD0120FBE7000004501E
S31508003CA03F250020037D0E4A03EB430102EB011179
S31508003CB0C96E03EB430302EB0312136F03F002030F
S31508003CC0084A914201D0002070470BB9002070477E
S31508003CD0036A006D984214BF00200120704700BF98
S31508003CE0000004503F25002030B583B003464169E3
S31508003CF0026902F1FF3CC5684C6F01F17C020020A5
S31508003D00C86750609060D060B1F87C006CF30E1004
S31508003D10A1F87C0091F87E0040F0100081F87E0042
S31508003D2091F87F0040F0300081F87F00C1F880509C
S31508003D30C1F88440012081F88C0091F8780000933E
S31508003D40024B6431FDF746FE03B030BD75A7000887
S31508003D502DE9F04184B0044600F1380600F1180850
S31508003D60002585637560B560F56090F83A3043F0D4
S31508003D70100380F83A3090F83B3043F0030380F89C
S31508003D803B30494FC7630764007DFDF74FFEA563C7
S31508003D907560B560F56094F83A3043F0100384F81E
S31508003DA03A3094F83B3043F0030384F83B30E7633A
S31508003DB02764207D00EB40031B0103F1A04303F5B4
S31508003DC08023DB6EBB4219D00DF10F0107F03AFBD9
S31508003DD09DF80F30ABB194F844306FF3410384F883
S31508003DE044300094314B32462146207DFDF7F2FDE2
S31508003DF0207DFDF73BFE04B0BDE8F081FDF736FEF9
S31508003E00F9E7204606F015FB054602A9207D07F0CE
S31508003E103DFB029B591E20690023A361E3612362CF
S31508003E206362228B61F30E122283A27E42F0100295
S31508003E30A276E27E42F00302E276E0612562227D06
S31508003E401B4902EB420001EB0010056FC5F3400564
S31508003E5094F8247065F3410784F82470A57E63F30B
S31508003E600415A576056FF8B265F3000084F82400FA
S31508003E7002EB420201EB02110A6F9210616A62F3C9
S31508003E809F01616294F8442042F0020284F84420BB
S31508003E90D2B263F3000284F844204FEAA808636CA0
S31508003EA068F39F0363649CE73F250020DDA50008AF
S31508003EB000000450F0B589B004460E46007DFDF7B3
S31508003EC0B5FD0DF11F01207D07F0BCFA204606F06E
S31508003ED0B0FA0546236D83424AD2A26C934216D0A5
S31508003EE0238DC3F30A12324462F30E132385236D1E
S31508003EF01E442665A26CE36C13449E426FD0236D64
S31508003F00AB426ED0207DFDF7B1FD09B0F0BD701E45
S31508003F10276904F128030021A162E1622163616334
S31508003F20B4F828C060F30E1CA4F828C094F82A0038
S31508003F3040F0100084F82A0094F82B0040F00300A3
S31508003F4084F82B00E762226394F82A2061F30412AE
S31508003F5084F82A2023F00302237D42F0020203EBB1
S31508003F6043031B0103F1A04303F580231A67BEE749
S31508003F709DF81F30B3B9227D1D4802EB420300EBC2
S31508003F800313596EC1F30A1131445B6E23F4FF43E0
S31508003F9023F0700343EA011302EB420200EB02101E
S31508003FA04366A4E70494134B0393002302930196F4
S31508003FB001230093236902462168207D05F0C2FE8D
S31508003FC0237D0B4A03EB430102EB0111496E21F4F1
S31508003FD0801103EB430302EB0312516687E7226560
S31508003FE08DE7012384F854302046FFF7B1FE89E7B0
S31508003FF000000450DDA5000870B588B006460C46DA
S315080040001546A0220021204607F028F8A446AE4609
S31508004010BEE80F00ACE80F00DEF80030CCF8003040
S3150800402004F1640C05F1140EBEE80F00ACE80F00AD
S31508004030DEF80030CCF80030AB6AA364EA6AE264C2
S31508004040236595F8302084F8952095F8332084F870
S315080040509620C4F89830012384F89C3084F85430AC
S31508004060AB6B23663460374B7360374BB360374BA3
S31508004070F360374B7361374BB361374B3361FDF7E9
S3150800408077FC10B1354A904253D1002107A8FDF7B5
S31508004090EDFB00284FD19DF81C302375002107A899
S315080040A0FDF7E4FB00283FD19DF81C3084F87830F2
S315080040B0207DFDF7BBFC002840D1E36C0494284A18
S315080040C00392002202920193012300932369A26CB2
S315080040D02168207D05F036FE90BB237D03EB430364
S315080040E01B0103F1A04303F5802342F264024FF457
S315080040F080119950AB6B93F91000FFF73BFCAB6B43
S3150800410093F9100006F0F9F804F1900005F006FEA0
S315080041103046FFF759FC2046FFF71AFE207DFDF7CB
S31508004120A5FC48B1102007E0207DFDF7F7FB10201D
S3150800413002E0102000E0102008B070BD1020FBE758
S315080041401020F9E783A5000897A500083DA70008F1
S3150800415027A400082DA40008B9A70008038000F0CA
S31508004160DDA500080346064A10680344054A93423B
S3150800417002D8034A136070474FF0FF30704700BFFC
S315080041800426002000800020BFF34F8F0549CA6827
S3150800419002F4E062044B1343CB60BFF34F8F00BFBA
S315080041A0FDE700BF00ED00E00400FA05BFF35F8FEE
S315080041B0074B5A6A22F480325A62D3F8942022F0C6
S315080041C00102C3F89420BFF34F8FBFF36F8F704778
S315080041D000ED00E070B5FFF7E9FFA02200212148B5
S315080041E006F019FB204B21498B4206D021F01F020D
S315080041F0203AB2F1005F0FD300E01D4A1D4D286832
S3150800420042F001021C4CC4F898001C4EC4F89C608D
S31508004210C4F8A020013028608B4210D01F3323F049
S315080042201F0343F00303134802681349C1F8982093
S31508004230C1F89C30124BC1F8A03001320260BFF3BE
S315080042405F8F0D4B0522C3F894205A6A42F48032D8
S315080042505A62BFF34F8FBFF36F8FBFF34F8FBFF312
S315080042606F8F70BD90ED00E0A0250020802500200E
S3150800427000800020EC20002000ED00E00300002074
S31508004280E17F002010B4194B5A6E02F4803203F510
S3150800429080514FF480304866586E4FF000434B66A5
S315080042A0134B596C01F001014AF6CD341C64104BCE
S315080042B05B6B13F0010FFAD10E4B01245C600C4BBB
S315080042C01B6B13F0010FFAD011B1094B0A49196497
S315080042D0002803DB094B4FF0004159661AB9074B12
S315080042E04FF480325A665DF8044B704700800050E0
S315080042F000400950006009503254FFFF00A00050EA
S3150800430010B507F015FB0446144B1B78DBB9144AA5
S315080043101360144A1360144A136000F02DF8012044
S3150800432007F036FC07F086FA0246104B186078B19B
S3150800433000230F4840F2E73104F066FE0D4B186083
S31508004340064B01221A70204607F0EDFA002010BD30
S31508004350204607F0E8FA2320F9E700BF42250020A7
S31508004360F8200020F420002000210020FC20002056
S3150800437018FCFFFFF020002010B586B000248DF849
S3150800438014400094019402940394049401238DF834
S315080043900030164807F0D9FABFF34F8F05A8FEF785
S315080043A0C5FF8DF8004069462046FEF7D7FF0F2166
S315080043B0204607F0A3F80F21204607F0A5F8FEF7D8
S315080043C099FF0B4B5B6813F0010F03D0084BDB69B1
S315080043D0002BF6D1064B00229A614620FFF7CAFA4F
S315080043E0462005F08AFF06B010BD00BFC4C9000804
S315080043F000800A502DE9F843DFF860900646D9F8A0
S31508004400008008461746B8F1000F03D00E24204650
S31508004410BDE8F88306B3336801331DD1E1B100F076
S3150800442067F805460028F1D0C9F8000000F086F8BC
S31508004430284606F05EFA044640B14046C9F80080B0
S3150800444000F07CF8284606F04FFAE0E73560002FC2
S31508004450DDD02846B847DAE72124D8E7042100202A
S31508004460024B1868003818BF012070470421002045
S3150800447038B505460C4601F0A9F838B1204602F0D1
S31508004480F7FD40F26512412100F0FCF944B12368BA
S3150800449033B11B68013303D0E3680BB1A3684BB98A
S315080044A006F0A4FC00204FF4C172412100F0EAF99D
S315080044B0212038BD204601F0D9FB00230A4A85F899
S315080044C03031C5E93743C2E9003363694BB1074A5E
S315080044D0422110684FF4D272C31A5842584100F06C
S315080044E0D1F90020E5E700BFA025002048230020D9
S315080044F0F8B5044607F013FA002607460E4B1B6864
S3150800450093B19E68AEB196F82420D20711D43546E9
S315080045100FCC0FC50FCC0FC523682B6096F8243037
S3150800452043F0010386F82430384607F0F3F930469D
S31508004530F8BD1B68E4E700BF0C26002010B504464A
S3150800454018B9054B054A136010BD00F0FDF9D4F8FB
S31508004550E830002BF6D1F4E7D5A800080826002095
S31508004560084B10B4002A14BF14461C46064B1C60A0
S3150800457019B15DF8044B06F003BA08465DF8044B1A
S31508004580704700BFD5A8000808260020D0F8E030FC
S315080045902DE9F04105460C4613B1C38D8B424CD02C
S315080045A0D5F8DC30002B4BD09E68002E48D0D86852
S315080045B0002845D0013800B200281ADB002106E0A1
S315080045C0128A591CA24217D209B2884211DB0B186B
S315080045D003EBD3735B1003EBC30206EB8202B2F85C
S315080045E00EC003F1FF3EA445EAD90FFA8EF08842C1
S315080045F0EDDA2120BDE8F0814FF6FF7299B29142BB
S31508004600F7D09BB203EBC30306EB83062846B6F93D
S31508004610122095F82411D5F8F080FEF7E1FE07463A
S31508004620B8F1000F04D00023324628461946C04781
S31508004630EC85C5F8E06085F82D710020BDE8F081AD
S315080046400E20BDE8F08100BF2DE9F04782B0044690
S315080046500F46164600F0AEFF00286FD1494D2B686D
S31508004660D4F8DCA0D4F8E0800BB153456AD04FF0FB
S315080046700009AF6000F0B4FF0128074604D0012105
S315080046800022084600F0B0F92B68DAF80010D8F8CE
S31508004690002013B1186888425FD0204606F019FB3F
S315080046A094F82530C5E900A813F0010F0CBF32466F
S315080046B00122D4F8F05062F3000384F825308DF80F
S315080046C00760002D50D00022204611460DF1070341
S315080046D0A847204600F06CFC0546B9F1000F10D03B
S315080046E07EB9D4F88C3013BB012F06D0002D47D0E5
S315080046F0254B002103205B689847284602B0BDE891
S31508004700F087B5FA85F040F2FA423321400900F005
S31508004710B9F83146204600F05FFD1C4B05461B687C
S31508004720414620469847D4F88C30002BDCD000222E
S315080047304FF40073204600F017F9D5E70023114D12
S315080047406B608CE76B68002B91D043458FD1AB68C3
S315080047509F4215D04FF001098BE7696811B10968C6
S3150800476091429DD0596898E794F82A1094F82D310B
S315080047703246994228BF1946204600F06BFBA8E747
S315080047800025BAE7A02500201426002008260020C8
S31508004790F8B50E46054607F0C2F8314607462846DC
S315080047A0FFF7F4FE044620B1384607F0B3F8204672
S315080047B0F8BD00F0DFFE224631462846FFF744FFE3
S315080047C004460028F0D195F92430002BECDA284667
S315080047D006F0D3FA0028E7D02246284695F82C108A
S315080047E006F089FA0446DFE770B504460E4607F078
S315080047F096F8314605462046FFF7CAFF044620B913
S31508004800044B01465B6803209847284607F082F860
S31508004810204670BD1426002010B5FFF721FE20B9EA
S31508004820054B1A68054B9A4204D1BDE81040044B63
S315080048301B68184710BD00BF5026002000800040A6
S315080048405426002013B50446694606F01BF920468F
S3150800485006F0A3F9FF28024606D020469DF8001068
S31508004860FEF74EFE02B010BD0048FBE70080FFFFD2
S3150800487008B50B460249194006F008F9002008BD9C
S315080048800700110010B550B90548064B01600648E7
S3150800489002601868054B1860186805F018FA10BD0C
S315080048A010260020042100200C23002008230020C5
S315080048B0D0F8E43013B11A68032A10D8094BDB6B19
S315080048C0C3F3C20213F0380F03F0070018BF5043B2
S315080048D013F4E07FC3F3821203D050437047986AFB
S315080048E0400E7047008001B8431C07D06FF0FF02E6
S315080048F0034B10405A62A3F580535862704700BFB5
S3150800490000E000B8F8B504460F46164607F007F863
S315080049100546A047044620B1284606F0FBFF204678
S31508004920F8BD03F0BFFC04220549D1F8003F23EA8D
S3150800493007033343C1F8003F024B5A64ECE700BF54
S31508004940003000B0002002B838B10368044A002BD2
S3150800495008BF1346034A13607047014BFAE700BFC6
S31508004960DBAA00082426002010B4D0E954412240CE
S315080049700B4052EA030104D003495DF8044B096869
S3150800498008475DF8044B704724260020024B986FB1
S3150800499000F00F00704700BF003F00B00F2938B580
S315080049A005460C460ED800F01BFE01280CD1074A16
S315080049B02846936F23F00F032343936706F0C5F940
S315080049C0002038BD2120FCE70220FAE7003F00B0AE
S315080049D0014BD86F704700BF003F00B0014B002065
S315080049E0D9677047003F00B003282DE9F74F0C46FA
S315080049F0914600F28780444B13F800A0434B1E5C97
S31508004A00434B13F800B006F08AFF804603F0FCFB20
S31508004A10074640B100230022CDE9003301200023D8
S31508004A20002103F0CFF903F0F7FB48B10023002279
S31508004A30CDE90033002000234FF4004103F0C2F90A
S31508004A40002E52D0334BDD6C05F008050AEB060044
S31508004A50314B23305844DD64C0B201F09BFD31462A
S31508004A60504603F081FC5A463146504603F020FD75
S31508004A702A4BDD64DFB12A4B1868D0F89410F83059
S31508004A8002F068F927490868FFF72EFF4FF0FF3351
S31508004A900B60254B1A68511C06D06FF07E402349DF
S31508004AA0C863A1F58051CA634FF0FF321A60B9F1A5
S31508004AB0000F04D01E4B002103205B689847B4B151
S31508004AC04FF480621B4B1D6F03F50053C5F3802519
S31508004AD01A67404606F01EFF00F082FD012808D13D
S31508004AE05DB9002003B0BDE8F08F3546AEE7254630
S31508004AF0EFE7002CF0D10520F4E74FF480620E4B67
S31508004B001A67EEE72120EDE74CCA000848CA0008F4
S31508004B1044CA0008004000B8006000B8005000B859
S31508004B2004210020202600201C26002000E000B8D2
S31508004B301426002000C001B800D001B870B50D4693
S31508004B40064620B91A4B1B68A3B10E2011E000F0E7
S31508004B5047FD012829D1174B93F90040C4F12704D2
S31508004B60641BC4F11C03002BB8BF5B42232B0CDD6E
S31508004B70212070BDA1F10B03002BB8BF5B42232B8C
S31508004B80F6DC0C4B19700020F3E786F8275006F080
S31508004B90C6FE094AE402136A04F4FF2423F4FF2339
S31508004BA01C43146206F0B6FEEDE70220E1E700BFFB
S31508004BB0042100204325002000C000B80B4B0846FE
S31508004BC01A6D92020FD4D3F84021D1070CD4D3F82A
S31508004BD03823D20708D4D3F8803013F4706F14BF83
S31508004BE00120002070470120704700BF004001B82F
S31508004BF0F8B50D46D0F8943002EA010423EA010319
S31508004C002343C0F894303B4A01F00B0323EA04011E
S31508004C10D1642340A2F580526F070646D36410D5A7
S31508004C200121FFF7CBFF60B103F03CFB4FF40073A3
S31508004C3014F0040F14BF304A304A13650422304B6F
S31508004C405A64E90606D514F0100F14BF00221B2279
S31508004C502C4B5A652A0618D5230611D54FF400128F
S31508004C60254BDA6406F05BFE0E210746032002F0A8
S31508004C7001F840F20122234B3846DA6206F04AFE72
S31508004C80214606F1F80002F065F8EF0503D5E005C0
S31508004C902AD501F0DDFFA90503D5A20527D501F020
S31508004CA0E3FF15F0600F0AD0D6F8E410304605F099
S31508004CB015FF8022144BC3F88800144B1A612B0584
S31508004CC010D503F0EFFA124A14F4006FD2F8003F39
S31508004CD014BF43F0006323F00063C2F8003F0422C8
S31508004CE0074B5A640020F8BD01F0ACFFD3E701F08A
S31508004CF0B5FFD6E7006000B8005001B8006001B8FB
S31508004D00002002B8004000B8003F00B0000002B81A
S31508004D10003000B00A78022A11D0101F42424241E0
S31508004D2052004B781201022B0BD0191F4B424B41F4
S31508004D305B000549054842EA8312FFF7E3BD0122F5
S31508004D40EFE70123F5E700BFF0FFFF00295600084B
S31508004D500B78022B10D0181F434243415B004A7858
S31508004D60022A0BD0111F4A424A4152000F21044819
S31508004D7043EA8202FFF7C6BD0123F0E70122F5E701
S31508004D8055560008F8B50D7804460A2D0E4690F8D3
S31508004D90247108D10625284600F080FF18B9013588
S31508004DA0EDB20A2DF7D1284600F078FF002848D042
S31508004DB094F82431AB4209D1B288D4F8A4309A4287
S31508004DC004D17288B4F826319A4238D084F824512E
S31508004DD0B3882846A4F82831738804F59275A4F890
S31508004DE02631B388C4F8A430FF2384F82B3006F0A4
S31508004DF028F884F82A00284601F00CF810BB284643
S31508004E0000F042FFF0B9D4F8E03053B194F8241119
S31508004E10B94206D02046B3F91220FEF7E1FA84F823
S31508004E202D01204601F016F90849A4F828010123A6
S31508004E30074AD1F8FC1004F1F80002F09FFD0020A3
S31508004E40F8BD21200C2384F82431F9E7004F00B07F
S31508004E50983F00B070B5054690F824010C460C281A
S31508004E601FD0FF2901D1212070BD1AB14FF0FF32A2
S31508004E700D4B1A6005F0E5FF064695F8240100F08B
S31508004E804BFF844228BF0446E4B2B44238BF3446D6
S31508004E90E0B285F82B0001F00DFAFF28E3D00020D8
S31508004EA0E2E70220E0E700BF2826002010B590F8C8
S31508004EB0243104460C2B44D0D0F8E03080F82A1070
S31508004EC0DBB3D0F8F020D2B990F82D318B421CD341
S31508004ED000222046FFF7BEFF48BB1B4B1B78063B4C
S31508004EE0032B23D8204601F0B5F818490123184AA0
S31508004EF0D1F8FC1004F1F80002F040FD16E0B0F914
S31508004F004220B3F912309A42E2DD0022204694F894
S31508004F102D11FFF79FFF50B9C4F8E000204605F0B1
S31508004F2053FD4FF6FF739842014601D1002010BD8C
S31508004F302046BDE81040FFF72BBCFF2380F82B3036
S31508004F40F4E70220F3E700BFE0260020004F00B098
S31508004F50983F00B0F0B51D46144B04461B780F4623
S31508004F60164685B05BB1D0F8E030E3B102AAB3F9D2
S31508004F7012300092002205F09EF905B0F0BD02A994
S31508004F8005F080FD9DF808103A462046FEF728FAF7
S31508004F90014626B92A462046FFF75CFFEDE720467C
S31508004FA0FFF784FFE9E71846E7E700BF3AC80008B5
S31508004FB0F0B5D0F89C3095B0012B03D100252846D2
S31508004FC015B0F0BD04467C4905F073FFD4F8E060DF
S31508004FD00146E58DC4F8E4002EB133681BB15B6861
S31508004FE0002B40F0A58006F09AFC01462046FFF704
S31508004FF05FFC0746084606F08DFCD4F8E410B38932
S315080050008DF80E70EB1A9BB2D6E9012000FB03223D
S315080050106A48ADF80C3003680292994208D02046D7
S3150800502005F05CFD80226649664BC1F888001A6166
S31508005030654D644E00F0D4FA0128FBD12B6CDA07D3
S31508005040F8D4736CDB01F5D494F82530DF070CD55A
S31508005050D6F878215D4BC6F8EC23D3F8F830D6F8A5
S31508005060A0209D06C6F8F02369D494F82530D4F814
S31508005070E4106FF3000384F82530204612919DF85A
S315080050800E20029908AB02F0E5F880B900F0A8FAFC
S315080050900128FBD14B4A4C49536CD801FCD40B6C04
S315080050A0DB07F9D408A901A802F01AFB18B10225F2
S315080050B0284615B0F0BDE28D454B5A6400F036FE21
S315080050C0054600287FF47BAF94F8243060F341034B
S315080050D084F8243000F034FBD4F8E030411E5B69D4
S315080050E0C9B21E68FD29024604962CD9F71C3DD97B
S315080050F038490136096818BF0126C81C42D85B68BA
S31508005100FF2A0491059344D1DF1C27D8204604A919
S3150800511005F03CFE002E7FF451AFD4F854319805C3
S315080051202AD494F8243043F0020384F8243045E75F
S315080051301A68032A7FF657AF9F6A7F0E5FE72046F5
S3150800514000F088FF91E75B680128059304D02046A4
S3150800515004A905F01BFE31E70126D5E701331D4BEF
S315080051605B6818D0D91C12D80593CFE75B68FF286F
S315080051700593F1D02A46EAE720464FF4803105F038
S3150800518093FC1BE7FF2A5B680DD00593C2E7FF2A4D
S31508005190C0D10022BAE7DD1C08D8204604A9059329
S315080051A005F0F4FDB9E701220593ADE7FF2AB4D16E
S315080051B00022204604A9F3E7FC4F00B01423002080
S315080051C0003F00B0000002B800C002B8004F00B0AF
S315080051D0008001B834260020F8B504460E4619B9F1
S315080051E090F824305A0647D43B4B3C4A5B6A618E9A
S315080051F0C3F3032313704FF6FF739942D4F8E47090
S3150800520004D0374B1B680BB120469847354D2B68A1
S31508005210BB4256D0344B1B683BB11FB13A68002AD3
S3150800522051D0BF683946204698470727204600F0E0
S3150800523011FF002E3BD006202C4B94F9272093F91A
S3150800524000302549C3F127039B1A0A6ADB0222F4B8
S31508005250FF2203F4FF2313430B62D4F8E420244B04
S315080052602A60986701F0BEF80122224B20461A7080
S3150800527005F06BFD0020F8BD4FF6FF7C66F386133C
S31508005280154A80F82430536A164D1449C3F303238C
S31508005290D0F8E4700B702B68A0F832C0BB4217D068
S315080052A0114B1B68002BB8D100F0D4FE0727124912
S315080052B03B46124AD1F8FC1004F1F80002F05EFBF6
S315080052C0B9E70127B2E71746204639469847ACE7BB
S315080052D000F0C0FE0127EAE700C000B84525002017
S315080052E01C23002014230020182300204325002017
S315080052F0006000B844250020004F00B0983F00B079
S31508005300054A12681AB190F81E1119B910470846CD
S3150800531001F0C2BC014870471023002000FEFFFFC1
S31508005320404B2DE9F7431D6801F4007900F00103AD
S31508005330174653EA090206460C4640D04FF00008C5
S3150800534093B30023002201200021CDE9008802F052
S3150800535039FD41462846FFF7D3FF012241462886F4
S31508005360104605F018FBD5F8941005F1F80001F081
S31508005370F1FC2D490868FFF7B7FA4FF0FF330B60C9
S315080053802A4B1A68511C06D06FF07E402849C8631C
S31508005390A1F58051CA634FF0FF321A6095F82430A0
S315080053A043F0040385F82430B9F1000F07D0012132
S315080053B0284605F079FB24F4007406430C4332466C
S315080053C023462846FFF7D0FA22044FF0000308D5F3
S315080053D0CDE900330022002300204FF4004102F0FB
S315080053E0F1FCFB070FD51349134A08680021136817
S315080053F011600121114A117003B19847104B002121
S3150800540002205B68984717F00E0F08D04FF4097210
S315080054103B21002003B0BDE8F043FFF733BA03B0E1
S31508005420BDE8F08304210020202600201C26002049
S3150800543000E000B820230020242300204625002071
S315080054401426002008B558220021064805F006FE55
S315080054501022FF21044805F001FE03F09BFD002001
S3150800546008BD00BF043F00B0483F00B073B58121B6
S315080054707A22A0F814118221C0F80021C0E941124D
S3150800548064220C23C0E9432207224FF0FF35002689
S3150800549080F824314FF6FF730446C28700F14C02A8
S315080054A082641F4AC385A0F8403080F82C304386B2
S315080054B04263038780F82760C0F8A450458502F048
S315080054C0B3FE2046FFF7BEFF0122164B2046C3F85F
S315080054D0382294F92710FFF731FB6023124A41F668
S315080054E0FF71D3644FF03A42116311670F4A294698
S315080054F0D36440220E4B20465A64D4F89420FFF712
S3150800550077FB0E230022CDE9003340F20223104632
S31508005510194602F057FC00F0D9FB304602B070BDC0
S315080055204000FFFF005001B8004000B8005000B826
S31508005530002002B838B506F0F2F94FF6FF710A4AAC
S3150800554013888B4203D106F0E5F90E2038BD074CC7
S31508005550074D1B046567A4F580546367118006F040
S31508005560D9F90020F2E700BFDE260020006001B866
S315080055700000FFFF08B50C4BD3F84C21531C11D083
S3150800558012F080420ED1094B1B681BB1114603204D
S31508005590FFF72AFA4FF08062054B1A6501225A6115
S315080055A002229A6208BD00BF0080E00F0421002095
S315080055B0001002B84FF40022034B586C03F5005351
S315080055C05A64C0F3C0407047000002B8034BDB6959
S315080055D013F4401F0CBF0120002070470080E00F25
S315080055E00F4BDB68C3F30363013B0B2B0FD8DFE8D4
S315080055F003F006060C06060606080A08080802202E
S315080056007047042070470520704703207047054BF4
S315080056105B6913F0060F0CBF01200420704700BF1A
S31508005620000002B800C001B8094AD368C3F303638F
S315080056300B2B08D06FF49050184100F0010080F051
S31508005640010040007047506C10F48030EDD170476F
S31508005650000002B80C4AD368C3F30363062B07D8C5
S31508005660042BD8B20BD8C31E584258414000704785
S31508005670072B06D1D2F868010028ECD17047022022
S3150800568070470020704700BF000002B8094BDB686E
S31508005690C3F303639A1E012A8CBF00220122012B41
S315080056A002701EBF4FF4026222FA03F303F00103ED
S315080056B00B707047000002B8FF28074B09BF0A683D
S315080056C051F82020C3F878224A6818BFC3F8782210
S315080056D0C3F87C22704700BF004001B8144BFF286E
S315080056E01870144A144B09D11821C2F8FC13102259
S315080056F0C3F8FC23114BD3F874320DE0C0431821CC
S31508005700C00000F00800C2F8FC13C3F8FC03002828
S31508005710F0D10A4BD3F8783240F2FF31054AC3F389
S315080057200903C2F80C11A2F58052C2F80C31704771
S3150800573047250020002002B8001002B80080E00FBC
S31508005740014B1878704700BF472500204FF03A43B1
S31508005750D3F81421D2031ED54FF480320E49C1F86E
S315080057601421A1F58051C1F818215A6DD1B2C2F39E
S315080057700722C3F8A410C3F8A4200422C3F8A4205F
S315080057800022C3F8A420C3F8A420C3F8A420C3F8B1
S31508005790A420C3F8A4207047002000BAF0220B4BBF
S315080057A001219A64A022A3F580539A644FF03A43E4
S315080057B0826CC3F8F410FC21C3F8CC10C3F8D020CF
S315080057C04FF40052C3F8F020704700BF006000B8DD
S315080057D0F8B50D464FF03A441746064606F09FF8C8
S315080057E001230421074A6363E76026616561C2F8FD
S315080057F01411054AC2F8843106F08CF80DB102235B
S315080058006363F8BD002000BA00E100E02DE9F0412D
S3150800581005460124006800F00700063004FA00F384
S31508005820A868EC685E1EA04262D000EA060E6C68A4
S3150800583010441E430640A3EB0E000EEB040C8242F6
S31508005840644618D9D31A0EEB030298B1431E052BEA
S3150800585004D94B1CACEB0303022B59D80B4608445E
S31508005860ACEB010E03EB0E0113F8014B83420C70EF
S31508005870F8D101466C688AB1531E052B01F1010364
S3150800588002D9E01A022812D80A44611E00E0013340
S3150800589013F8010C934201F8010FF8D106F03FF80E
S315080058A00223AE60AB62BDE8F04106F033B80B46A2
S315080058B0204622F0030E8E4453F804CB734540F875
S315080058C004CBF9D122F00303D01A920701EB030C9B
S315080058D004EB0307E2D0CA5C0128E254DED09CF848
S315080058E0013002287B70D9D09CF80230BB70D5E70E
S315080058F0042A35D90878043AA86148780431A86199
S3150800590011F8020CA86111F8010CA861A8688CE7C7
S315080059100B4620F003070F44ACEB010E1C684EF84B
S3150800592003400433BB42F9D120F0030310F0030F00
S3150800593001EB030EA0EB03040CEB030728D011F8C8
S315080059400380012C0CF8038022D09EF80130022C2B
S315080059507B7018BF9EF80230084418BFBB7088E7F2
S31508005960013A032A12D8DFE802F00F1507020B46A0
S3150800597013F8012B1946AA610A4612F8013BAB61D6
S31508005980114611F8013BAB610B78AB61BDE8F081BC
S3150800599008446EE70A46F3E738B50B46154601464E
S315080059A04FF03A4468B101221048C4F8F4201A4668
S315080059B0FFF72CFF25B14FF03A430422C3F8F42031
S315080059C038BD73B1D4F8D8209A4284BF0122C4F8EE
S315080059D0F4204FF03A42C2F8D4300223C2F8F43029
S315080059E0E8E70123C4F8F430E4E700BFCC0000BAC6
S315080059F038B5044605F093FF4FF03A420121638F0C
S31508005A00054651674BB3B3FA83F3C3F11903DBB207
S31508005A10A069C2F8B410C2F88C300723C2F8900007
S31508005A20C2F8B0304FF4A02302F50052C2F8143180
S31508005A30A2F58052C2F8183100220C4B1A600C4BA2
S31508005A405B6C5B0209D54FF480020A4B04F1F8003F
S31508005A505A64D4F8941001F07DF94FF4E0232846EF
S31508005A60E363BDE8384005F055BF00BF2823002092
S31508005A70000002B8002002B82DE9F84305460C4696
S31508005A80B1B1D0F81880478F05F049FFB5F83CC08A
S31508005A90791E01EA0C0323F00702032C0646DFF8F9
S31508005AA0F8E042445ED1DEF8004024B905F032FF42
S31508005AB00E20BDE8F88324F00104DEF8000020F08B
S31508005AC00100A04253D10023CEF800302388944227
S31508005AD06FEA43436FEA534323803ED1EB8F08EBCB
S31508005AE007091846083880B202F108044C4528BF51
S31508005AF04446082804D9B4F800E0BEF5804F40D2E1
S31508005B0063440F431B1A3B409BB2AB87E8879478E4
S31508005B1011884FF03A42C1F30C019165C2F89830EA
S31508005B20C2F8B0004FF48022174B04F00704C3F8FC
S31508005B3014210122154BC3F88421FFF707FE042C14
S31508005B400BD14FF48002124B05F1F8005B6C114B38
S31508005B505A64D5F8941001F0FDF8304605F0DAFEDF
S31508005B600020A6E7601E012898BF1446A5E7E88F1F
S31508005B704344E31A48BFDB1908389842A6DC304686
S31508005B8094E72246AEE700BF002000BA00E100E035
S31508005B90000002B8002002B828230020154B10B5D3
S31508005BA01968CA8F8B8F488F13440138073B8C6955
S31508005BB0034023F007031C4402F108034FF03A425E
S31508005BC09BB2CB87C2F8B0304FF480220A4BC3F899
S31508005BD014210122094BC3F88421A07800F007009C
S31508005BE0042803D1064AD3681B03FCD4054B1C6062
S31508005BF010BD00BF04210020002000BA00E100E02B
S31508005C00000002B82823002010B5064C216839B1D7
S31508005C10CB0703D4044B1868FFF72EFF0023236035
S31508005C2010BD00BF28230020042100204FF4803235
S31508005C300C4B0D49C3F818214FF03A43C1F814210B
S31508005C40D3F8AC10D3F88C20012302F007020632F1
S31508005C509340C1F30C01083B994201D8FFF776BD82
S31508005C60704700BF002000BA001000BA054BA822F2
S31508005C70D3F84C013121431C0CBF0120C0F38070BE
S31508005C80FEF700BE0080E00F034B1A6802609B888F
S31508005C9083800020704700BFE026002010B5044628
S31508005CA0084B063C9B689847074B032CD3F8F80724
S31508005CB006D800F4C020B0F5C02018BF012010BDDA
S31508005CC00020FCE754260020000002B80E4BD3F84B
S31508005CD0FC37FF2B0ED0C3F3421103F01F03013329
S31508005CE003EB4112FE2A88BFFE23084A98BF03EB3E
S31508005CF04113137041F66A02054B1B68B3FBF2F3B6
S31508005D00044A1360704700BF000002B8EB26002063
S31508005D10482300202C230020063803289ABF024B6C
S31508005D2018780020704700BFEB260020334BD3F8C5
S31508005D30F827D3F8FC17324B1B68D3F8E43013B1B5
S31508005D401A68032A2BD82F4BDB6BC3F3C20013F058
S31508005D50380F03F0070218BF424313F4E07FC3F37A
S31508005D60821000D04243C1F34213022B234919D9AA
S31508005D70062A37D9D1F8FC3313F0010335D14FF091
S31508005D80E0702149092AC1F82C012048C0F82C31B5
S31508005D906FF0FF03C1F828311DD91D4B1DE09A6A23
S31508005DA0520EE0E70023D1F8FC13C907E7D5032A0A
S31508005DB01CD84FF47C71144A43F44C73C2F82C1166
S31508005DC04FF0E071C2F82C111049C1F82C316FF070
S31508005DD0FF03C2F828314FF408530C4A0020C2F8D2
S31508005DE0283170474FF40003DDE700234FF47C7039
S31508005DF0054943F43873C1F82C01C0E7000002B81E
S31508005E0004210020008001B8002002B8001002B862
S31508005E10002DB00BF8B5834D04462978002950D1DA
S31508005E202C22814805F01AF92378804FFF223B700F
S31508005E30638800247B807E4B4FF48150C3F8DC4096
S31508005E407C4B1A7007227C4BD3F8F817D3F8FC67FB
S31508005E5003F50053C3F8FC234FF47072C3F82C21E2
S31508005E60764A4903C3F830214FF00102C3F83421BA
S31508005E70C3F86C014FF40060A3F58053C3F86C01B6
S31508005E8026D4C3F8FC234FF4307216F0E00FC3F89B
S31508005E902C2108BF4FF480524FF0080008BFC3F802
S31508005EA06C21FCF765FE4FF4780420226449C1F89A
S31508005EB06C213A78063A032A2BD8DFE802F0156BEC
S31508005EC06E7300235F4AC2F8FC305F4A1370ABE773
S31508005ED00421C3F8FC1380210920C3F82C11C3F848
S31508005EE03421FCF745FEE0E716F0E00FC6F3421250
S31508005EF004D144F40C3444F440740AE0012A1BBF6C
S31508005F002020524A44F4C134C2F86C0118BF44F444
S31508005F108024C1F83041FFF709FF002839D14C4BDE
S31508005F201A68B2F1406F474A5BD3D3F87C12013145
S31508005F303BD0D3F87C12C9B2C2F8DC10D3F8803251
S31508005F40404ADBB24249C2F8E430D1F88432013320
S31508005F5043F63F7332D0D1F884421C40C2F8D84089
S31508005F60D1F888120B40C2F8E030394BD3F88C12BE
S31508005F7001312CD0D3F88C1201F0FC01C2F8F010D4
S31508005F80D3F8903203F0FC032E4AC2F8F43001230A
S31508005F902B70F8BD44F40834ADE744F4A73444F450
S31508005FA08074B6E744F4FE44B3E72349D1F82831B0
S31508005FB0DBB2C2F8DC30D1F82831C1E71E4CD4F880
S31508005FC024111940C2F8D810D4F82411CAE71A497E
S31508005FD0D1F8343103F0FC03C2F8F030D1F834318B
S31508005FE0D0E71549D1F8F847D3F83012C9B2C2F844
S31508005FF0DC10D3F83432DBB2C2F8E430630357BF9F
S3150800600043F62B3341F61B33C2F8D830C2F8E030DA
S3150800601049BFC2F8D830FC23C2F8E030DC23C2F806
S31508006020F030B1E749250020D43F00B0E026002033
S31508006030004001B8EA260020000002B800FFFF0071
S31508006040001002B8003F00B048250020002002B822
S315080060500080E00FD0F8A4104C22022938BF022194
S315080060602DE9F04F804690F824A181480139C36C88
S31508006070D0F8DC507F48C3F38213DA40036898F8F7
S315080060802B708B42DFF828B27B4B87B002F00102F7
S3150800609019D11C78944216D1784C2478544512D1DB
S315080060A0D8F8A8407CB1AC420DD1754CD4F8F8406C
S315080060B0A60608D4734C2478BC4204D1BBF8040065
S315080060C007B0BDE8F08F01609BF800001A70FFF773
S315080060D023FEFF2F81466A4840D1AAF10603032B07
S315080060E0D0F8F800684B09D985064DD540F2FF303F
S315080060F0C3F88800FB0843F4407309E0840642D5D8
S3150800610040F2FF300127C3F88800BB0843F4387310
S315080061105E48C0F888305C4B0120C3F8E0005C4B51
S315080061201E6840F27123B6FBF3F619234E43B6FBFD
S31508006130F3F65AB3D8F8E4502DB12B68082B40F281
S31508006140948095F83850294605A8059604F055FE1A
S315080061500602059C46F011062D043CE009F1FF33C2
S31508006160BB4228BF3B46012B38BF0123D0F8F800B5
S31508006170DFB2800608D540F2FF3443481B06C0F854
S315080061808840B7D4C1E70127404BC5E7414B982162
S31508006190A3FB062303A8039304F02FFE039C3E4AA1
S315080061A0361BA2FB06120190342104A8049204F0BF
S315080061B024FE049D0090761B302105A8059604F060
S315080061C01CFE019B009A1E02059B2C4446EA0216F9
S315080061D0324D06431C44324B40F6970218682B2171
S315080061E0003818BF0120FEF74DFBFA222C4B02FBA4
S315080061F004F01B6840F6FF72B0FBF3F00A2358431D
S31508006200214B00F57A74C3F8D820A3F58053C3F858
S31508006210D860A3F58053C3F8DC50224B224E1B7876
S31508006220C6F8D4700BB9C6F8FC7086F8FB9000F572
S315080062308C50C8F8A8501D4D14302C6001F028FB6E
S315080062404FF47A72C6F89800C6F8EC002B680D4928
S31508006250B3FBF2F3ABF80430084BB4FBF2F083F867
S3150800626000A098F82B300B702AE700256BE700BFD3
S31508006270004001B8282600204A250020E9260020EB
S31508006280004F00B0E8260020006001B8005001B8B1
S315080062904823002069C2F568B97A146E3064FC0098
S315080062A02C23002048250020003F00B03023002082
S315080062B0E026002010B5104B024618780F4C0C2823
S315080062C002D1FF20207010BD831F042B34BF01218B
S315080062D0FF21FFF721FD904228BF1046C0B2884231
S315080062E038BF084623788342EDD0054B20701868DE
S315080062F0FFF7B0FE2078E6E7E0260020EA26002031
S315080063000421002008B50E4B024618780C2812D036
S31508006310FF2A13D0FFF700FD904228BF1046C2B2ED
S31508006320012A38BF0122074BC3F8FC20012306497E
S3150800633010460B7008BD0023FF22F8E70023F6E796
S31508006340E0260020003F00B0482500200020044B2E
S315080063501870044BD3F8D420C3F8FC20704700BF4C
S3150800636048250020003F00B010B50446FEF778F82F
S3150800637078B1154B1B786BB964B1144B1B784BB1CC
S31508006380134B1B78013B012B04D84FF40042114BE9
S315080063901A6510BD104B1B6D1B04FAD405F0BFFA25
S315080063A0044601F07FFF4FF400420C4B2046BDE83F
S315080063B010401A6502220A4BC3F824250422054B0D
S315080063C05A6405F0A7BA00BF4B2500204C250020CB
S315080063D034230020002002B8000002B8001002B8DA
S315080063E000D00350054BD3F8843013F0030F4FF455
S315080063F0802314BF024A034A93647047004000B8DA
S31508006400005000B8006000B8594B2DE9F34193F8E5
S315080064102E800646B8F1000F40F0A8809B68554CC0
S31508006420984701213A20FBF70DFF534B2578534F28
S315080064301E7085BB2846FFF797FF2378013B012B83
S3150800644019D8E37B01A88DF80430237C8DF8053034
S31508006450FBF7D4F8C7F824554FF6FF72484BC3F834
S315080064608420F822A3F58053C3F884200022434BE6
S31508006470C3F824250DE04FF6FF72414BC7F82455A3
S31508006480C3F88420F822A3F58053C3F88420C7F8FC
S3150800649024553C4B5BE04046FFF766FF2378013BFB
S315080064A0012B08D8E37B01A88DF80430237C8DF8EE
S315080064B00530FBF7A3F80023C7F82435002ECBD008
S315080064C062685AB3304B1B6803EB5203B3FBF2F313
S315080064D0013B1B0243F0F80326782949022E2B4A72
S315080064E01ED0032E4FF6FF75244826D0012E37D12D
S315080064F043F00203C1F88450C2F884300723C0F879
S315080065002435E37B01A88DF80430237C8DF805300B
S31508006510FBF744F80120FFF727FF17E0F823DBE72E
S315080065204FF6FF7043F00103C1F88400C2F88430C7
S315080065300622124BC3F82425E3E743F00503C1F806
S315080065408450C2F884300423C0F82435104B4FF029
S3150800655080421A65FFF746FF002002B0BDE8F081C9
S31508006560C1F88450C2F884300023EDE70E20F4E722
S3150800657054260020342300204C25002000C0035058
S31508006580006000B8002002B848230020005000B878
S31508006590001002B8034B1B6D002BBCBF024BC3F89F
S315080065A088007047000002B8004000B8304B2DE95B
S315080065B0F047DB6898474FF47A762E4BB0FBF6F631
S315080065C018604FF4FA73734307462B48190E1B02DB
S315080065D018182A4A4FF0000341F1000102F014FD91
S315080065E0274BA0F5807205461A6320B948222B214D
S315080065F0FEF748F901254FF47A724FF0000A6A430C
S3150800660053465008310202F0FFFC1D4B1D4AB7F5F0
S315080066107A7F9A601C4B4FEA056819601B4B8946BE
S31508006620044618604FEA152505D29B222B215046B1
S31508006630FEF728F901264FF47A73A8FB030103FB3A
S3150800664005117308C01841F100010023324602F013
S31508006650DBFC0F4B023419600E4B49F10009A40804
S31508006660186044EA8974064B013C9C63BDE8F087D0
S31508006670542600204823002020A1070040420F008E
S3150800668000C001B80211010058230020542300203D
S31508006690502300204C2300201022044BC3F88421E9
S315080066A05A600122024BDA60704700BF00E100E041
S315080066B000C001B838B501250A4B02019D504FF4B8
S315080066C080730446084A8340536605F028F9074A4A
S315080066D0A540137823EA05031370BDE8384005F092
S315080066E019B900BF00E101B800E001B8552500203E
S315080066F038B505F01DF9084B084A1D6A92F8CD40D1
S315080067005A6EE4B2520744BF1D6A013405F00BF90C
S31508006710284604F0030138BD00C001B8003E00B0A9
S31508006720064B1B68434303EB8171054B1B68A3FBB0
S31508006730003013F1004341EB00007047502300205E
S315080067404C2300200C4A20F04043014610B5002097
S3150800675014684FF00042E4FB0320084A890F1268C8
S3150800676002FB0300064B9B6B984204D901330131A7
S31508006770C01A01F0030110BD54230020582300203D
S3150800678000C001B8044B01F0F071103041F003016C
S3150800679000011950704700BF00C001B808B5222093
S315080067A0FFF7F8FE4FF48022014BDA6008BD00BF00
S315080067B000C001B8836833B10549C268096803F1A6
S315080067C03043032A00D8704743F8041B043AF8E715
S315080067D08826002070B51646054600B3F9B1F2B111
S315080067E04268104B006803321B68920800F130407B
S315080067F09847044688B9EA68A86803323146920879
S3150800680000F1304004F039FB044630B9D5E90402FA
S31508006810214600F1304004F021FC204670BD2124B9
S31508006820FBE700BF3026002070B50C68651C15D044
S31508006830C4F302669E42C4F3074530D1A4B294421B
S315080068402DD804EB8506B24229D2141BA50824F0DC
S3150800685003040E59340F04D0012C08D00022212439
S3150800686002E06B1C51F82320C0E9002470BD0E4CD1
S3150800687034F8133042EA03431A686B1C51F8234074
S3150800688001EB83014B6822405E4036F0704404D128
S315080068901B0F032B04BF8B681A430024E4E701355A
S315080068A001EB8501C1E700BF80CA000807B501A84A
S315080068B0FCF780FC42F201020C4B0D49C3F870222A
S315080068C04FF4FC72C3F8E0205822A3F58053C3F8AE
S315080068D0E020084AA3F61C7352F8040B43F8040B8D
S315080068E08B42F9D103B05DF804FB00BF006001B824
S315080068F0104101B854CA000870B50324134E144D4C
S31508006900B3689847134A144B1A6500F09BFFFFF7C4
S31508006910CDFF124BC3F8104101232B653368984706
S315080069204FF460736B614FF400732B65FEF708FF35
S315080069300021FEF7D3FE8022094B1C64A3F5805381
S315080069405C64084BC3F884215A6070BD5426002045
S31508006950001002B80048F000000002B8005001B864
S3150800696000A0095000E100E02DE9F04705460E4673
S315080069701446DFF88480DFF884901E4F88B01CB96F
S31508006980204608B0BDE8F087B4F5006F4FF0100256
S315080069904FF000016846A24628BF4FF4006A04F08B
S315080069A05DFB08238DF800300AF1FF339BB2009A8D
S315080069B01B0143F0036302EA090203EA08031343CF
S315080069C0102200210DEB0200CDE90036029504F0F5
S315080069D045FB6A46387804A9FCF75AFBA4EB0A0477
S315080069E006EB8A0605EB8A053878FCF7AFFB002824
S315080069F0FAD0C4E7EC260020F07F300C0F80CFF3E6
S31508006A00002210B5274B284C5A649A64DA6494F825
S31508006A102D2003F5805312B14FF000721A6594F8D1
S31508006A202E20002A39D04FF400421A6594F83030E7
S31508006A302BB14FF480521D4B1A65A36A984794F8F8
S31508006A4031201A4B12B14FF400521A6501225A61CD
S31508006A5002229A62134AD368C3F303630D2B01D04B
S31508006A60002BF8D111231249D3631248124AFFF7B3
S31508006A70B1FE01F03FF81148FFF79CFE1048FFF7FA
S31508006A8099FE1048FFF796FE4FF08062074B5A6151
S31508006A90012203F580535A6110BD01213A20FBF704
S31508006AA0D1FBC3E7000002B854260020001002B844
S31508006AB0F4CA0008D8CA0008F0CA0008A8CA00081C
S31508006AC0C0CA000890CA00080F4B10491A6801236B
S31508006AD002F58052C2F8803291660D4A53600D4A1B
S31508006AE053600D4A5360A2F580425360A2F54042B6
S31508006AF0536002F5C032536002F580425360A2F536
S31508006B0000425360704700BF50260020FF0B001656
S31508006B1000D000B8001000BA005001B808B504F05B
S31508006B20DDFB044B1B681B6FC3F300430133B0FB4B
S31508006B30F3F008BD5026002070B5044698B1B1B1EF
S31508006B403A4A52F8043B834213D10023384A116C5F
S31508006B50C907FCD4374800EB830004F097F9364B95
S31508006B60106001221A6470BD01330C2B02D1334D1B
S31508006B702CE0012352F8041BA142F5D1304A32F821
S31508006B801330E3E7C2F3016335F81300110C93B22F
S31508006B9011F0FE0F43EA0043606820D00434CAB2FD
S31508006BA0022A216808D9D4E90160033AC3E9001624
S31508006BB098600C340C33F3E704D16268C3E9001219
S31508006BC0083403E0012A01D1043419602268531CF1
S31508006BD0D8D10022164B1A6003F58053C1E7120F6D
S31508006BE0072AEDD8DFE802F00704090D1013181D6F
S31508006BF0C04303F500531860E2E71A6842401A607A
S31508006C00DEE703F58053F6E704F02CF9D8E701220E
S31508006C1003F580538240F2E7012203F500538240D0
S31508006C20EDE71A6830EA0202FBD1C9E75C230020C7
S31508006C3000C002B8404000B000D002B880CA0008C0
S31508006C40202500200122014B1A657047001002B862
S31508006C500122014B1A657047002002B84022014BF9
S31508006C601A657047002002B84022014B1A65704722
S31508006C70001002B8064BDB68C3F30363984206D1DB
S31508006C80044A936F23F0F00343EA011191677047B2
S31508006C90000002B8003F00B02DE9F743064604F0AD
S31508006CA0DAF800248046DFF8909004F038FE0DF1FB
S31508006CB0070105460DF10600FEF7E8FC9DF80630CB
S31508006CC08BB9721C29D004F0C6F8A0EB0804284634
S31508006CD004F020FE9DF8063013B99DF807303BB343
S31508006CE0A642E2D824E0D9F80C3013F4603FE8D085
S31508006CF0D9F8180004F01DF9731C074603D004F0F0
S31508006D00AAF8A0EB0804284604F004FE17F5007F4D
S31508006D10E0D0384603B0BDE8F083284604F0FAFD13
S31508006D209DF80630002BC0D19DF80730002BBCD14A
S31508006D30004FEEE700FEFFFF00C000B8044BD3F893
S31508006D40B03010B1C3F30332027003F00F0070477E
S31508006D50000002B8064B01F080015B6C03F4800367
S31508006D600B4302BF4FF40012024BDA64704700BFB0
S31508006D70000002B8006001B84FF0B052024B1B6821
S31508006D8003F580539A66704750260020044B1B680B
S31508006D90986E00F0B05000F16A4358425841704767
S31508006DA0502600200F4B1B788BB1012B11D10E4AB0
S31508006DB0012102F580528B4291600FD80A4A0B498D
S31508006DC0002B08BF0A4693689B07FCD47047074AFE
S31508006DD0EEE700224FF480539A60FFDE00239B689B
S31508006DE0FBE700BF56250020004003B8000003B8A3
S31508006DF038B50B4B0B4C002818BF1C46A569E36930
S31508006E001D4007D0084B1B682BB12846984704F548
S31508006E100054A56138BD6B05F9D5FFF7C3FFF6E742
S31508006E20004003B8000003B88C2300204FF6040185
S31508006E304FF60502044B01201B6C9BB28B4208BF20
S31508006E401346024A136670470080E00F00C001B877
S31508006E50034B1A6E596E03F500530A401A667047BB
S31508006E6000800A5030B54FF04044114B1A68D2F8EA
S31508006E70883002F50055C5F8A040C3F38803C5F865
S31508006E80A44091B1B3F5D17F28BF4FF4D173D52B68
S31508006E9038BFD52303F14605A3F1460141EA05416A
S31508006EA0D16702F58052C2F8A4400380002030BDA5
S31508006EB04C2600204FF48022034B00201B6803F564
S31508006EC081539A61704700BF4426002073B5044673
S31508006ED0234B244D9B68984701213A20FBF7B2F9CA
S31508006EE0E1782279286841EA0243C0F8F435E67960
S31508006EF0A37943EA0643C0F8F83523784BB18DF8F1
S31508006F00041004218DF805200DEB01000022FAF784
S31508006F1009FB63785BB10421A37900228DF804305C
S31508006F20E3790DEB01008DF80530FAF7FBFA2B68CB
S31508006F302178012203F5BE6359B103F580510A6031
S31508006F406178022241B103F5805300201A6002B02D
S31508006F5070BD03F50051F2E703F50053F5E700BFEE
S31508006F6054260020482600204FF08042034BC3F8E1
S31508006F708020BFF34F8FBFF36F8F704700E100E0AB
S31508006F804FF08042014B1A60704700BF00E100E0F5
S31508006F90124A10B5D2F84C315468D269104912F425
S31508006FA0401F0FD15A1C0DD124F0404424F440044C
S31508006FB0240C24040B4803F0D6FF2146BDE81040F4
S31508006FC003F0D1BF084A19409442F3D103F4FE43B3
S31508006FD0B3F5807F08BF41F4A061EBE70080E00FBE
S31508006FE0E0FFF01FCF13468B140015012DE9F0477B
S31508006FF00C4681B1B1F1006F0DD31C4BCA1C9A42E5
S3150800700009D84FF0000844F6FC7654F828104FEAE1
S3150800701088094B1C01D1BDE8F08703F0A4FFC1F332
S315080070200263032B844608F10107C1F3074514D10F
S315080070308BB2F31AB5EB930F4FEA930A0DD909F100
S3150800704004015246214403F0A9FF844608F10208C8
S31508007050013D08EB0A07A5EB0A052A46604604EB3C
S31508007060870103F09BFF07EB0508CEE7FFFF07083C
S315080070702DE9F041044668B1B0F1006F0AD3254BFB
S3150800708000F117029A4205D8234B244A197800239F
S31508007090994224D800252427FFF77AFF2168FFF7AD
S315080070A0A5FF6168FFF7A2FFE668AE4221D1226913
S315080070B0111A4B424B41B4F1006F15D3154904F12F
S315080070C017058D4210D8824222D1134A1378052B10
S315080070D009D8124941F823400133137003E052F8E6
S315080070E0040BA04203D101231846BDE8F081013301
S315080070F0CEE707FB05F3A2680135D15802EB030872
S31508007100FFF774FF042208EB020103F047FFCCE700
S315080071100023E9E7FFFF07085825002090230020F1
S3150800712070B52C4B0C461A781AB92B4AD2F86C2231
S315080071301A702A4A126D52054AD51D78284B05F051
S315080071400F06B0FBF3F040434FEA151505D140F2A0
S315080071507C622B21FDF796FB0120224A0A21724305
S31508007160B2FBF0F34843B3FBF1F602EB5002B2FB75
S31508007170F0F201FB1633042BD2B207D8C3EB831007
S31508007180C3EB80035BB283B96DB217E0C3F10B039F
S3150800719003EB8303DBB2B3FBF1F32B44DDB20F2D14
S315080071A0F2D9013AD2B2053DEEE7053B5BB293FB55
S315080071B0F1F31D44EBB26DB2002D04DB002042EA68
S315080071C00512226070BD01320533D2B25DB2F5E711
S315080071D00220F7E7592500200080E00F000002B8DA
S315080071E0403B250080969800F8B50B46002213F818
S315080071F0044B944225D91D68854224D106245A7920
S315080072001D79124B88181E6804FB0503104F33F8C6
S31508007210063C7B43B3420ED900238A5A7A439642E8
S3150800722002D804FB0300F8BD9D42FAD9013304FBDA
S3150800723003F2825AF2E740F244423D210020FDF76C
S3150800724021FB0020EFE708330132D2E7A82300200C
S3150800725040420F0000202DE9F04FA2FB016AB94F0A
S31508007260DFF824C3F7191D466AF10003BC4570EB25
S31508007270030383B008D240F23E220E21FDF702FB3B
S31508007280022003B0BDE8F08FD5F828908B46144647
S31508007290B9F1000F04D0D9F80030032B00F293811E
S315080072A0A94BAA4A9B6BD2F8FC90C3F31408A84BC7
S315080072B01B6F59074EBF4FF440039B0503F0E0735D
S315080072C048EA0308A34BD3F8EC305A0048BF48F005
S315080072D0807848EA446804F03BF80746002CCFD08B
S315080072E00028CDD09C4B6E62C3F800B09B4B9842E9
S315080072F000F0B18103F5122303F5F863984200F014
S315080073007381974B984200F0B18102460023002012
S315080073104FF0007101F078FE0023013006FB03F3FD
S3150800732000FB0A33A6FB00021344203389499B0954
S315080073302B60D1F8ECB3D1F8F033D1F878A1D1F8B5
S31508007340A01000930846584030F47F630CBF012014
S3150800735000204FF4287201911021FDF793FA8BEA69
S315080073600A0232F47F634FF0100140F2A6220CBFE6
S3150800737001200020FDF786FA7A4A009BD2F86012AF
S31508007380C9B2FF291CBF2AF47F6242EA0112764974
S3150800739008BF5A468E4207D9211F012940F2278184
S315080073A072498E4200F22381B7FBF4F7C8F3130142
S315080073B0A1FB0717AB61684BC90C41EA473118F4C2
S315080073C0801F1F686A4B08BF49421960694B0F4402
S315080073D0C5E907B21F60B9F1000F00F0328100233A
S315080073E06B60AB60D9F81C60D9F800A0002E49D0B4
S315080073F0BAF10F0F97BF574BB9F818B0D3F88C31BD
S31508007400C3F3832B524B98BF0BF1080BD3F83C31CF
S31508007410B7FBFBF2DB0216D5002381EAE17EAEEB71
S31508007420E17E5549C8F3815811F808C01946500835
S315080074304FEACC5CCCFB0E01009201F0E5FD009A08
S31508007440C0F3130068605F4504D3B2FA82F10D29D0
S3150800745040F3048133469103B1FBF3F14B004FEA45
S31508007460C23E0133520C01E002330131A3FB06C0D0
S31508007470E64572EB0000F7D2C1F30E01090341F0AD
S315080074800061A960BAF1050F40F2DF80D9F82C60D7
S31508007490002E00F0B680307804FB07F7A0F1040050
S315080074A0B0FA80F040F20B523D214009FDF7EAF9A7
S315080074B0324B9F4240F20181314B9F4240F201819B
S315080074C0304A974294BF0222032244F21421FF0B4A
S315080074D007EBC70307EB43039B0B013B5B023244F5
S315080074E06B61567801FB07F2B6EBD25F4FEAD253CF
S315080074F080F0E5802644B34240F2D7802644B34262
S3150800750040F2E1802644B34240F2DF802644B3428B
S3150800751040F2DD802644B34298BF052040F2C6807B
S31508007520002040F226523D21FDF7ACF944F6776378
S3150800753007FB03F3DB0D013BB34280F0BC80002060
S3150800754026E000BF006CCA88008001B8004F00B072
S31508007550004001B8000002B8B023002000F049023C
S31508007560005A62020080E00F00BBEEA000AE5EA7E4
S31508007570AC230020A823002088CA000820D4CB8F7B
S3150800758000DAF89AE0DF25A6807C814A042804D828
S31508007590361BB34200F10100F8D303288CBF002044
S315080075A0012040F232523D21FDF76CF901216B6949
S315080075B0A6F1140242EA86421343D9F800A06B6189
S315080075C085F82C101FE0042BD9F828807FF483AEA9
S315080075D018F0807F14BF4FF4400308F0E07328F0DA
S315080075E0E07848EA030876E600233A4896E6019BDF
S315080075F02AF47F6A23F47F6343F42A634AF4CC6B44
S31508007600D2E685F82C600023BAF1060FEB6018D98C
S31508007610D9F83030ABB103F09BFED9F83010FFF73C
S31508007620E3FD044608B183781BBB03F051FED9F885
S315080076303010FFF7D9FD20B1837813B1C3781B0446
S315080076402B61002003B0BDE8F08F0023002085F8E9
S315080076502C30EB60F6E700231F485FE6C1F10E0306
S3150800766026FA03F302FA01F10133F5E600231B4873
S3150800767054E6407940F25552003818BF01203D21A2
S31508007680FDF700F9207940F25652003818BF01205C
S315080076903D21FDF7F7F8237962791B0243EA0213C5
S315080076A0EB60E3781B042B61BFE7012003288CBF3E
S315080076B00020012035E7012073E7002205E70120B5
S315080076C02FE7012201E70220F0E70320EEE7042076
S315080076D0ECE700BF313641DC0A3BB2DFD694BFD6B1
S315080076E030B505460C468DB059B9334B827AD3F876
S315080076F0FC30416831480A9300686B46FFF7AAFDDB
S315080077006C462F4B22685A632B4BD3F8FC30002B60
S315080077103CD0636843B12B4B2B4AC3F83C216268C3
S31508007720A3F58053C3F83C21A36843B1254B274AE8
S31508007730C3F81C21A268A3F58053C3F81C21244A68
S31508007740E168D2F8983194F82C0023F4EE630B43E1
S31508007750C2F898316FF078421E4B1F499A606269E9
S31508007760A3F580539A604FF44033C1F88C312269EF
S315080077701A4BC3F88C214FF40012D8B10A65184B7E
S315080077801B6898471749606AFFF7CAFC0020A26978
S315080077900F4BC3F8A020E269C3F87821226AC3F820
S315080077A0F8232A89A3F5E0339A6203F5A03318640F
S315080077B00DB030BD1A65E2E7004F00B00421002085
S315080077C0008001B8006001B8FFFF0F0000F0FF0F4E
S315080077D0000002B800600C50002002B8001002B881
S315080077E054260020588001B84FF40022014B00208F
S315080077F01A657047002002B80E4B1B68D3F8802222
S31508007800D2070ED55B6E002B0DDA0B4B4FF48002B8
S315080078109B6813F00C0F094B09D11A654FF4804287
S315080078201A65002070474FF48002054BF5E70449B6
S315080078300A65F3E75026002000400950002002B8E8
S31508007840001002B84FF48062014B1A65704700BFFA
S31508007850001002B810B590B10468012C0FD902695E
S315080078606AB11168094B102C196051685960916802
S3150800787088BFD268996094BFD960DA6010BD1022BB
S315080078800021024803F0EAFBF8E700BFB82300200E
S31508007890084BC1171A68A2FB000302FB013310F15B
S315080078A0807043F10003400E40EAC310803820EA96
S315080078B0E0707047C82300200722194B70B51A6478
S315080078C0184B194A1D68194BEC08E005C0184FEA11
S315080078D0153141F10001002301F096FB144B154EBA
S315080078E018601548FFF7D4FF4042C6F8D00049F69D
S315080078F05800FFF7CDFFC6F89C001048FEF722FF98
S31508007900024660B1E301500818184FEA15714FF0A6
S31508007910000341F1000101F077FBC6F8A80070BD2D
S31508007920000002B84823002065CD1D00B2E60E000F
S31508007930C8230020003F00B07011010040420F002C
S3150800794010B5044698B10B4BD3F8FC00FFF782FF3D
S315080079504FF47A7303FB04F0074BA0F57A60DA68F4
S315080079609B681044C01ABDE81040FFF791BF4CF25F
S315080079705030F8E7004F00B0B82300202DE9F8434F
S315080079800546084614461E46FFF764FF05B306F08B
S31508007990020716F004061DD1D7B14FF47A706B684A
S315080079A05843002B40F08C80FFF772FF20636B6909
S315080079B0002B00F08C804A4AD0684FF47A7202FB9A
S315080079C00300A0F5FA50FFF763FFE062002E58D1D6
S315080079D0BDE8F8832869002869D04FF47A735843BC
S315080079E03F4BA0F57A609B68C01AFFF751FFA0626B
S315080079F0A88B00285ED04FF47A735843384BA0F50D
S31508007A007A609B68C01AFFF743FFE061354BE96867
S31508007A10D3F80080002950D04FF47A735943304B7D
S31508007A20A1F57A619A685B68891AC91A2E4BC81734
S31508007A301A68DFF8BC90A2FB011302FB003311F1B0
S31508007A40807143F10003490E41EAC3118039274B7F
S31508007A502162D3F8B8306362D9F8003053B1404692
S31508007A6003F070F930B12246D9F800301C49D8F82D
S31508007A70D80098470021A869FFF762FF6063002FC6
S31508007A808BD1A86830BB47F23050FFF701FF606121
S31508007A904FF47A702B6858432BB1114B1B6803F5CA
S31508007AA01C5310331844FFF7F3FEA06190E74CF21D
S31508007AB050309AE74CF25030A5E74CF25031B5E712
S31508007AC0074B1B6803F51C53103318446CE747F241
S31508007AD0305078E74FF47A735843A0F5FA50D4E754
S31508007AE0B823002004210020C8230020003F00B04E
S31508007AF0B423002070B5154C8CB001AD0FCC0FC562
S31508007B000FCC0FC594E8070085E80700AC220021D2
S31508007B100F4803F0A3FA9C2200210E4803F09EFAB0
S31508007B20202200210C4803F099FA03F042FA0B4B85
S31508007B301B784BB1054E01AD0FCD0FC60FCD0FC645
S31508007B4095E8070084E807000CB070BDD43F00B084
S31508007B50B83E00B0643F00B0E04F00B049250020B1
S31508007B6008B503F0DCFE0E4B1A78A2B90D4A126866
S31508007B7012F4843F0FD10C4A102111651B7863B9A2
S31508007B80084B1B68DB0508D4074B20221A65BDE89D
S31508007B90084003F0BFBE054AEEE7044BF5E700BF11
S31508007BA05F250020380A0020002002B8001002B81D
S31508007BB010B5104B104AD3F8B8001478596A9A6A67
S31508007BC000F00F0021F4706122F0E052844241EA8D
S31508007BD0042142EA84624FF01F04084835BF9A62BE
S31508007BE059625962C0F8B84034BFC0F8B8409A62C2
S31508007BF010BD00BF00C000B84525002000E000B851
S31508007C000A4B197801F0FF0229B1002119700849B9
S31508007C109202C1F80821597801F0FF0229B1002122
S31508007C2059709302024AC2F80C3170475A2500204F
S31508007C30005000B8084BD3F8000F084B9A6C110196
S31508007C4007D4074A926E920705D5D3F8F4339B07F3
S31508007C5001D500F580707047003000B0000002B80A
S31508007C60004000B810B503F05AFE0E210446032062
S31508007C70FFF700F840F20122034B2046BDE810400A
S31508007C80DA6203F047BE00BF004000B838B503F01B
S31508007C9046FE4FF00043244C0546C4F88030BFF337
S31508007CA04F8FBFF36F8F0123C4F88430BFF34F8F14
S31508007CB0BFF36F8F0223C4F88430BFF34F8FBFF32F
S31508007CC06F8F0423C4F88430BFF34F8FBFF36F8FD1
S31508007CD00823C4F88430BFF34F8FBFF36F8F134B5D
S31508007CE01B6A98471023C4F88430BFF34F8FBFF33D
S31508007CF06F8F2023C4F88430BFF34F8FBFF36F8F85
S31508007D004023C4F88430BFF34F8FBFF36F8F4FF40F
S31508007D108073C4F88430BFF34F8FBFF36F8F284644
S31508007D20BDE8384003F0F6BD00E100E05426002027
S31508007D3038B503F0F4FD05464FF000430C4C2360BC
S31508007D40012363600423636008236360094BDB69CE
S31508007D5098471023636020236360402363604FF4D1
S31508007D60807363602846BDE8384003F0D3BD00BF82
S31508007D7000E100E054260020012370B5074C23706B
S31508007D80074B1E68074B3240D3E900531940284079
S31508007D90FDF7C6FA0023237070BD00BF5D250020DD
S31508007DA0D0230020380A00200022044B1A70044B06
S31508007DB0197811B11A70FFF7D3BE70475E250020F7
S31508007DC05F2500202DE9F047DDF8209003EA010839
S31508007DD0099B06460D4602EA000703EA090AB9F1B5
S31508007DE0000F40F0F280031F0B4300F0A180052826
S31508007DF071F100036FD250EA010300F0D481431EEB
S31508007E000B4300F0B880FFF741FF814AD2E90043EF
S31508007E1023EA050324EA06043C4343EA08077D4BA4
S31508007E20C2E900471E6826EA090646EA0A061E60EF
S31508007E30FFF796FE16F0020F42F2020308BF02236E
S31508007E40754A7648D26E250383EA020122EA0302BE
S31508007E50C266734A03EA01038166D366C4F38042A5
S31508007E604FEA023248BF42F48072E00648BF42F445
S31508007E700052A10648BF42F400726306694B48BF28
S31508007E8042F48062DB68250648BF42F40062664811
S31508007E9082EA030123EA0203C360644B0A4017F42B
S31508007EA0007F8160DA6007F40071614B00F0D280D0
S31508007EB00121604A83F8941092F82D004FF0007360
S31508007EC0002800F0A1805C48036593695B489847E1
S31508007ED04FF48025D1E04FF40043994208BF484546
S31508007EE04B4C61D081458B418DD3A0F580630B4304
S31508007EF005D020F48063A3F500730B4383D103F008
S31508007F000EFDD4E9003223EA060322EA050242EA14
S31508007F1008023B43C4E90032494A126892F8F6104F
S31508007F20484A09B313F4C06F1ED04FF4807311E0AA
S31508007F3003F0F5FC364AD2E9003123F004033B434B
S31508007F4041EA080157EA0807C2E900314FF480639D
S31508007F503C4A0BD0C2F81431A2F58052C2F8183147
S31508007F60BDE8F04703F0D6BC4FF48073C2F8183169
S31508007F70C2F81431F4E703F0D2FC254AD2E90031FD
S31508007F8023F001033B4341EA0801C2E9003101231A
S31508007F902D4A57EA08071BBF9364A2F58052D3649B
S31508007FA0D36408BF9364DBE703F0B9FCD4E9002384
S31508007FB023F400433A4343EA0803C4E9002357EA93
S31508007FC008074FF48063204AE5E750EA01037FF487
S31508007FD01AAFB9F1010F7FF416AF03F0A0FC0D4AF2
S31508007FE0136823F0010343EA0A0313604FF480631E
S31508007FF0164ABAF1000F04D05366A2F580521367E9
S31508008000AEE713675366ABE7114A136560E700BF2F
S31508008010380A0020D0230020004000B8006000B8CD
S31508008020005000B8004001B8006001B8005001B81F
S31508008030003F00B054260020001002B8843F00B06C
S3150800804004210020002000BA00E000B800E001B8D2
S31508008050002002B893F8942072B1544883F894101B
S3150800806090F82D304FF00072002B00F08C80504BAA
S315080080701A6583694F4898470025E00448BF45F4C8
S315080080808035A10348BF45F48015A20748BF45F4CB
S31508008090800514F4001FDFF85C8106D0D8F80000CC
S315080080A002F06EFE08B945F40025E302424B48BFCC
S315080080B045F40035F8061A6A48BF45F4000561021A
S315080080C048BF45F4001585EA020323F001033B493E
S315080080D01A400A621D40CB61394A354B16F0010F2A
S315080080E01D62384B18BF13467A07374A48BF43F014
S315080080F00063126F354883EA020122EA0302026727
S31508008100334A0B4041661367324A04F00103D26CC6
S315080081103D0448BF43F480632F4883EA020122EAFC
S315080081200302C2642D4A0B408164D364D8F8002048
S31508008130200248BF2A4B92F8F62058BF294B610700
S3150800814048BF43F4806322B114F4C06F18BF43F4E8
S31508008150807332074FF03A42BDE8F047D2F818115B
S3150800816048BF43F0004383EA010222F4A0221E48D6
S315080081701140C0F818111340C0F814211B4AC2F860
S315080081801831FFF7D5BD0D490A65194AD2F8A4106A
S3150800819002F50052C2F8A410C2F8A0104FF05022FF
S315080081A0C2F8A43068E7BDE8F08700BF542600206F
S315080081B0001002B8843F00B0000002B8002002B8E0
S315080081C0041C00030418000300C001B800E001B84D
S315080081D000D001B800C000B800E000B800D000B870
S315080081E00D0A0A09090A0A09002000BA001000BA8D
S315080081F00040005004210020024B5868C0F3C0001C
S31508008200704700BF380A0020024B186800F00100CA
S31508008210704700BF380A0020024B5868C0F3C030C8
S31508008220704700BF380A002010B50446FEF764FB05
S31508008230FFF72CFD2046FDF7B1FAFEF7E1FBFEF746
S31508008240B5F9FEF729FAFFF737FB13490723134A4F
S31508008250D1F8FC1004F1F800FFF790FB4FF080719D
S315080082600020FEF78FFA4FF000720D4B4FF4001105
S315080082700120C3F80021FEF785FAFEF7D7FD20B9DD
S3150800828040F292321421FCF7FDFAFFF7ADFABDE889
S3150800829010400120FEF7B8B8004F00B0983F00B074
S315080082A000D001B8F8B5084C084D636C0423084F94
S315080082B06B64636C5B0300D4F8BD042602207E64FD
S315080082C002F0D0FD6E64F4E7000002B8001002B8B0
S315080082D0002002B8A82238B51B4B5D6C03F5005385
S315080082E05A6410229A60A3F5804302F100521A6775
S315080082F05A66FFF785FC154B1B7813B90320FEF762
S31508008300D9F90024124B9C67FFF7CCFF114A124B90
S31508008310D2F8001F0B40C2F8003F04220F4B5A64E4
S315080083200F4BC3F8D840FFF743FCAB0608D50D4BF7
S31508008330D3F88830B3F5817F22BF8022024B1A61B9
S31508008340BDE83840FDF7F6B8000002B85C25002005
S3150800835000C001B8003000B0DF0000FF002002B8FE
S31508008360003E00B0003F00B010B551B920B3154B20
S31508008370DB681B0E13F00E0F1ED1134B1B6CD907AF
S315080083801AD4FFF76FFC0F4C0020FEF7D7FC032822
S3150800839001D0092805D1A36ADA07F5D4A36CDB0353
S315080083A0F2D4FFF77FFF0122084B5A6102229A6234
S315080083B0042203F580535A644FF4C062044B9A654D
S315080083C010BD00BF000002B800C002B8001002B815
S315080083D0006001B808B503210920FEF74BFC2022EE
S315080083E0014B1A6108BD00BF000002B8144B10B556
S315080083F01B78CBB9134AD2F8A030D2F8A4100B4098
S31508008400B3F1804F0CD34FF040400F490F4CC1F8E1
S31508008410A400D467C1F8A0004FF480210C4AD161AA
S31508008420094AC2F8A03010BD0A4A0B4B92F89410BC
S315080084309B690A4898474FF48022054BDA61F2E7B0
S315080084405725002000400050006000500000FF0142
S31508008450001002B8003F00B054260020843F00B048
S3150800846038B5054603F05BFA0E4B04461868FDF767
S31508008470BFFA35B1FFF798FC2046BDE8384003F04F
S3150800848049BA094B1B78002BF6D0084B1D78002DEE
S31508008490F2D1FFF789FC2A464FF480400021FFF706
S315080084A06BFCE9E7042100205E2500205D250020FD
S315080084B02DE9F84F5B4B06460D4614465B6C002AC1
S315080084C040F0AC8013F0A00F14BF4FF001094FF035
S315080084D00009FDF72FF8FFF76BFBA0234FF0000A02
S315080084E0DFF85C810320C8F84430FEF7E3F804207F
S315080084F0FEF7E0F84C4FFFF757FC4C4B4FF0040BD8
S315080085007B67C7F878A0FFF7CDFE494B4FF480711B
S31508008510D3F8D02E42F02002C3F8D02EFF22C8F896
S315080085200820404A1161D3F8002F42491140C3F888
S31508008530001FC8F844B0C3F8D8AE7B6913F0060F1D
S3150800854004D0FEF72BF95846FEF7B4F8B9F1000F38
S3150800855009D04FF40063384A53640223C2F8F4334F
S31508008560A2F5E032936666B1344BDB6C180701D48A
S31508008570FFF778FBFFF72EFF0420FEF79BF8FFF7BF
S315080085803FFB284B5A69D10746D5DA6812F0706F57
S31508008590FBD12B4B2B4A5A642B4A936F23F0F003DB
S315080085A0936715B12046FFF75BFF284BD3F84C318C
S315080085B05A1C01D05B0002D50122214B5A615CB3DB
S315080085C01E4BDA6E03F500539A6603F5D0331B6A21
S315080085D01B4A23F00103D3611D4BD96803F50053E9
S315080085E0996003F50053D3F8841003F5005399678F
S315080085F04FF03A43D3F8181103F50053C3F8141192
S31508008600144BD96C03F500539964134903F5803369
S3150800861059664FF608435364BDE8F88F4FF00009D2
S3150800862057E700BF000002B800C001B8000001010A
S31508008630003000B0DF0000FF001002B8004000B8AC
S31508008640002002B810003000003F00B00080E00FA4
S31508008650004001B800C000B85000002FA74B2DE914
S31508008660F04F9A6EDB6E87B002EA0308A44BC3F894
S3150800867068804FF03A43D3F81461D3F818311E4096
S31508008680A04BC3F81461A04B9A68DB6802EA030A98
S315080086909E4BC3F808A003F52043DA691B6A02EA71
S315080086A003099B4B09F47702DA619A4BD3F8042243
S315080086B0D70606D4D3F80431DD06C3F3001740F114
S315080086C0F88003F02CF9944B5A695F6E12F0060F86
S315080086D014BF012200221B6F00921F408F4A27F009
S315080086E0007323F400637C07536606D58C4A92F818
S315080086F0CD300133DBB282F8CD3003F00BF9B8F197
S31508008700000F00F0F78018F0020400F0F180854BA6
S315080087100025D3F8F4B303F500530BF00702CBF3A7
S3150800872080041BF0020FC3F8F4234FEA44542ED0FA
S3150800873003F0F5F80190FFF77DFA03467A4A1268C6
S31508008740106811688842FCD010688842FCD0CDE9D0
S315080087500223FFF76FFA039B029A984240F0AB8018
S315080087600198029303F0D6F8704A029B13606D4A8B
S31508008770526C12F4E05140F0A08023F07F4323F0BE
S31508008780DF030BB9FFF7A6FD4FF080731C431BF000
S31508008790010F13D0634B5E495B6C03F460424A6475
S315080087A0002A00F09F801A0400F19F8013F4005FEE
S315080087B00CBF4FF000534FF000631C43C8F340381A
S315080087C04FEA48085A4B3340002B4BD016F4206F1B
S315080087D00AD040F6A31206210020FCF753F8002021
S315080087E0FFF73EFE26F48026F00506D5FF22484B05
S315080087F044F4C0649A60FFF735FA16F0090F0BD0F7
S3150800880040F6B81208210020FCF73CF8FFF7E2FD15
S315080088104FF03A4301225A6316F0106F0CD040F617
S31508008820C11209210020FCF72DF8FFF7D3FD00221D
S3150800883011461046FDF7B0F816F4202F0AD040F678
S31508008840C91207210020FCF71DF80020FFF708FED3
S3150800885026F48026F10301D5FDF7E8F9002EB8BF06
S3150800886048F0080872070ED54FF03A431B6B13F40D
S31508008870005F4FF4005317BF224A2E4A136344F48D
S31508008880000408BF1363730548BF44F0040416F4D4
S31508008890802B00F0B880FDF781F9013806284BD8FF
S315080088A0DFE810F033013601330139013C013F019D
S315080088B03F01009723E7034642E7CDE90121FFF789
S315080088C009FD0299124B019A5964D10407D412F48E
S315080088D0806F0CBF4FF080534FF0806356E74FF020
S315080088E0804353E74FF0007367E74FF0004364E7B0
S315080088F0254663E74446454664E700BF004000B89E
S31508008900006000B8002000BA004001B8006001B855
S31508008910002002B800E100E000C001B800E001B89C
S31508008920003E00B0000002B850CA0008CC23002060
S31508008930090B0B89001000BA40F6FA120321002031
S31508008940FBF7A0FF4FF03A420121D2F88C30D2F85B
S31508008950AC0003F00703063301FA03F3C0F30C0077
S315080089601B1A9BB2072B12D9784B5B6C58020ED494
S315080089707748D36CD26E406D58B103F007030633BF
S315080089809940C2F30C03C91A89B2072901D844F4DD
S315080089900074704B1B78002B35D04FF03A43D3F850
S315080089A0143113F4A02F2ED16B4B6C4A1B7893B954
S315080089B0FB0410D4137873B1E308694943EA457395
S315080089C083F00103D1F8001F03F001035B0021FACD
S315080089D003F3980717D10420FDF76CFE614B624933
S315080089E05967FFF7E1F95D4A137843B95F4B1B787E
S315080089F02BB15F4B5F4A1B682340134201D144F4F5
S31508008A00804427F48057BAF1000F1DD01AF4805F0E
S31508008A1018BF44F480241AF4807F18BF44F4002455
S31508008A201AF4005F18BF44F010041AF4007F18BF48
S31508008A3044F020041AF4806F18BF44F040041AF476
S31508008A40006F18BF44F08004B9F1000F3FD019F445
S31508008A50802F18BF45F4007519F4803F18BF44F4F9
S31508008A60805419F4801F18BF44F4003419F4800F99
S31508008A7018BF44F0020419F4003F18BF44F48014E8
S31508008A8019F4000F18BF45F0100519F4002F19D076
S31508008A90334BD3F8D03E13F0C00F13D02B4AD3680C
S31508008AA0C3F30363032B01D0072B05D1936CD906B7
S31508008AB002D4D36C1A0737D54FF400222E4B29F46B
S31508008AC00029DA6119F4001F18BF44F48004002F46
S31508008AD000F019813B0540F189802849DFF884A018
S31508008AE0CB78274A002B51D04FF40060013BDBB20C
S31508008AF05066CB7033B9234B1B78C3B140F601429D
S31508008B00214B5A67002300226EE044F4803419E7AB
S31508008B1044F4006416E744F4806413E744F480746C
S31508008B2010E744F008040DE744F40014CAE7DAF83D
S31508008B30783013F4A05F15BF4FF4807340F60143F5
S31508008B40CAF85830CAF87830DCE700BF000002B827
S31508008B50004000B85F2500205E2500206125002022
S31508008B60003000B000C001B80000010160250020F7
S31508008B70380A0020088D0100002002B84D25002083
S31508008B8000E001B85C25002000D001B80320FDF7FD
S31508008B9091FDDAF81430A24813F0060F04BF41F627
S31508008BA01F73A04AA04908BF53674FF400629D4B44
S31508008BB05A66DAF8143013F0060308BFCAF8783094
S31508008BC0B0F8CA3013F400625CD023F40063A0F84E
S31508008BD0CA300B7803F0FF0A002B57D1FDF7DEFDEC
S31508008BE0FFF778FB534620221C431543B80009D5E6
S31508008BF02E20FDF7CFFC4FF000528A4B45F00805B2
S31508008C001A675A66F90606D52B20FDF7C3FC10220B
S31508008C10844B1A675A6617F0306F05D1FA045FD588
S31508008C20009B002B00F0AA803B0111D52920FDF7F7
S31508008C30B1FCFFF7E1FA48B17C4B7D49794A5366A6
S31508008C400B6701F54051C968480422D445F004056C
S31508008C5017F0007328D00420FDF72CFD2720FDF718
S31508008C6099FCFFF737FB4FF000726E4B5A66714B53
S31508008C70D3F8002F52067BD46F4B02229A6045F038
S31508008C8002052AE00B784FF40053ADE74FF4004392
S31508008C9039E7136720205366FDF77CFC2D2045F045
S31508008CA00C05FDF777FCD3E717F0807FDFF88CA17A
S31508008CB049D004200093FDF7FDFC2820FDF76AFC47
S31508008CC0DAF87820009B002A3AD1FFF703FB554BC8
S31508008CD0564A45F001051A675A660022574B9A65A7
S31508008CE03A0404D5564B1B68984704430D437B0545
S31508008CF009D5544A9378002B00F08C80013B937079
S31508008D00002348EA0308424620462946FFF734F876
S31508008D10BBF1000F01D0FCF777FF01224A4B06F0A2
S31508008D200436C3F81461494B19F4002FC3F884219B
S31508008D301EBF4FF40022404BDA6107B0BDE8F08F42
S31508008D40CAF87830C3E7F904C7D50420FDF7B2FCA2
S31508008D503F4BCAF87430FDF721FDDAF8643013F09A
S31508008D60407FBAD12A20FDF715FCFFF7B3FA7EE754
S31508008D70D3F8D03E9B0682D4364B7EE7314A137928
S31508008D804BB1013BDBB2137113B9294B324A5A670F
S31508008D9000231C43A4E70420FDF78CFC0320FDF701
S31508008DA089FC264B2A4A5A6702F0B9FD82460DF11C
S31508008DB01700FDF7C3FF294B1B781BB10090FEF780
S31508008DC051FF009803280BD10020FDF7B7FF0328B1
S31508008DD006D1234B9A6AD007F6D49A6CD103F3D4FA
S31508008DE09DF81730032B06D101221E4B50461A70E8
S31508008DF002F090FDCCE74FF03A43D3F8143113F460
S31508008E00A02FF1D1FEF7D0FF504602F083FD4FF4B4
S31508008E108043BEE70220FDF74DFC012371E700BF42
S31508008E20003E00B000E001B85C25002010000020DC
S31508008E3000D001B8003000B0002002B800C001B868
S31508008E402C2600204D250020002000BA00E100E075
S31508008E5000000101001002B80000010D6225002083
S31508008E60000002B85E2500200122024B1A62DA6170
S31508008E70704700BF002002B8094A08B5D369116ACD
S31508008E800B40084923F47F00DB07C86106D5D16883
S31508008E904FF0FF30C1F3036102F094F808BD00BF3C
S31508008EA0000002B8002002B8154B10B59C6CDB6CAC
S31508008EB01C40144BE2079C640DD5134B40F66342E5
S31508008EC01878122100F00100FBF7DCFC00220120D3
S31508008ED00021FEF751FF630510D50B4B40F66A4299
S31508008EE058684D21C0F3C030FBF7CCFCBDE81040F4
S31508008EF0002200204FF40041FEF73EBF10BD00BF20
S31508008F0000C000B800E000B8380A002038B50B4D9C
S31508008F102C6C6B6C1C400A4B24F002021A64E207A4
S31508008F2005D540F6CA4200202968FBF7ABFCA30723
S31508008F3041BF0222024B1A646B6838BD0080095093
S31508008F4000A0095038B50B4C0B4DD4F88430DB071C
S31508008F5006D4A36FD4F884201340084A936738BD13
S31508008F60D5F804311A06F0D5FFF7D0FF8023C5F8E7
S31508008F708431EAE7008001B800E100E000A001B80A
S31508008F80034BD3F8D03E99430CBF0120002070470D
S31508008F90003000B0184BD3F8D02E12F0010312D0CF
S31508008FA0164B93F85C30164A43F08073C2F8D030FB
S31508008FB04FF4801302F50052C2F8B430A2F580527D
S31508008FC0C2F8B830704712F0C00FECD10B4B93F8CB
S31508008FD05B1021B1D20602D593F85830E3E74FF477
S31508008FE080120020074B0649C3F8B820C1F8D00004
S31508008FF0C3F8B420704700BF003000B0003F00B08F
S31508009000004000B8006000B853B94AB9002908BF43
S3150800901000281CBF4FF0FF314FF0FF3000F082B937
S31508009020ADF1080C6DE904CE00F006F8DDF804E0B1
S31508009030DDE9022304B070472DE9F04F099D0C467F
S31508009040002B4DD18A420F4684469646B2FA82F3E1
S3150800905060D94BB102FA03FEC3F120029F4000FA21
S3150800906003FC20FA02F217434FEA1E461FFA8EF453
S315080090704FEA1C42B7FBF6F106FB117701FB04F039
S3150800908042EA0742904208D91EEB020201F1FF3775
S3150800909002D2904200F231813946121A1FFA8CFC2C
S315080090A0B2FBF6F006FB102200FB04F44CEA024C75
S315080090B0644508D91EEB0C0C00F1FF3202D2644558
S315080090C000F21E81104640EA0140ACEB040C002178
S315080090D025B12CFA03F30022C5E90032BDE8F08F6A
S315080090E08B4205D90DB1C5E9000100210846F5E70F
S315080090F0B3FA83F100294DD1A342C0F0F380904220
S3150800910080F0F080064623460846002DE6D0C5E9DD
S315080091100063E3E7002B40F0A3808A1A4FEA1E4754
S315080091201FFA8EF60121B2FBF7F407FB14204FEA6B
S315080091301C4242EA004206FB04F090420FD91EEB9D
S31508009140020204F1FF382CBF4FF001094FF0000965
S31508009150904203D9B9F1000F00F0CC804446121AA8
S315080091601FFA8CFCB2FBF7F007FB102200FB06F691
S315080091704CEA024C664508D91EEB0C0C00F1FF328E
S3150800918002D2664500F2B3801046ACEB060C40EA04
S3150800919004409DE7C1F120068B4004FA01FE22FA3D
S315080091A006F720FA06FCF4408A401F434EEA0C03F1
S315080091B000FA01FE4FEA17484FEA13491FFA87FCDF
S315080091C0B4FBF8F008FB104449EA044400FB0CF928
S315080091D0A1450ED93C1900F1FF3A2CBF4FF0010BFF
S315080091E04FF0000BA14503D9BBF1000F00F08B80AF
S315080091F05046A4EB09041FFA83F9B4FBF8F308FBFD
S31508009200134403FB0CFC49EA0444A44506D93C195B
S3150800921003F1FF3801D2A4457BD8434643EA004010
S31508009220A4EB0C04A0FB02984445CC46434602D363
S3150800923006D1CE4504D20138B9EB020C68EB070318
S31508009240002D6CD0BEEB0C0264EB030422FA01F38A
S3150800925004FA06F6CC4000211E43C5E900643DE742
S3150800926002FA03FEC3F1200104FA03F200FA03FC32
S31508009270CC404FEA1E4720FA01F11FFA8EF6B4FBDE
S31508009280F7F00A4307FB1044110C41EA044100FBBE
S3150800929006F48C420ED91EEB010100F1FF382CBFF3
S315080092A04FF001094FF000098C4202D9B9F1000FBD
S315080092B02CD04046091B92B2B1FBF7F407FB1411F8
S315080092C042EA014204FB06F1914207D91EEB02026B
S315080092D004F1FF3801D291421ED84446521A44EA94
S315080092E0004120E7861A64EB030301200DE7F444E6
S315080092F002384AE7023C724431E702397244CCE646
S31508009300F4440238DFE602383C4472E70238714416
S31508009310D0E7023B3C4481E7023C7244DEE729463B
S31508009320DCE600BF704700BF08B5064B044613B11C
S315080093300021AFF30080044B1B6803B19847204611
S3150800934000F0FFFC000000000C2500200CB4184BB0
S3150800935030B50C1E9DB01D6808DA8B234FF0FF3020
S315080093602B601DB0BDE8304002B070474FF4027361
S315080093700290069002A9ADF8143014BF04F1FF3329
S315080093802346209A2846049307934FF6FF73ADF8B1
S31508009390163021AB019300F03FF8431CBCBF8B236A
S315080093A02B60002CDDD0029B00221A70D9E700BF83
S315080093B08C26002007B5009313460A460146034843
S315080093C0006801F006FE03B05DF804FB8C26002059
S315080093D070B50D4D00260D4C641BA410A64209D18C
S315080093E00B4D00260B4C02F00BFC641BA410A64286
S315080093F005D170BD55F8043B01369847EEE755F898
S31508009400043B01369847F2E7F0260020F0260020B4
S31508009410F0260020F82600202DE9F04F98468B8983
S315080094209DB007461B060D46144610D50B6973B941
S31508009430402100F00FF92860286130B90C233B6001
S315080094404FF0FF301DB0BDE8F08F40236B6100235D
S31508009450CDF80C804FF00109DFF8A081099320238D
S315080094608DF8293030238DF82A3023469A4613F88A
S31508009470012B0AB1252AF9D1BAEB040B0BD05B46AE
S3150800948022462946384601F012FE013000F0A78030
S31508009490099A5A4409929AF80030002B00F09F80E6
S315080094A000234FF0FF320AF1010A049307938DF85F
S315080094B053301A93CDE90523544605224F4814F82C
S315080094C0011B01F0EFFE049AD8B9D00644BF202349
S315080094D08DF85330110744BF2B238DF853309AF873
S315080094E000302A2B15D0079A544600204FF00A0C54
S315080094F0214611F8013B303B092B4BD9B0B10792F5
S3150800950014E0A0EB0803A24609FA03F313430493F5
S31508009510D2E7039B191D1B68002B0391BBBF5B4257
S3150800952042F0020207930793B8BF049223782E2BC2
S315080095300AD163782A2B32D1039B02341A1D1B6881
S3150800954043EAE37303920593DFF8C0A00322217868
S31508009550504601F0A7FE38B1A0EB0A004022049B52
S31508009560013482401343049314F8011B062224484D
S315080095708DF8281001F096FE002836D0214B1BBB2B
S31508009580039B073323F0070308330393099B3344EC
S3150800959009936AE70CFB02320C460120A8E7002370
S315080095A001344FF00A0C19460593204610F8012B92
S315080095B0303A092A03D9002BC6D00591C4E70CFB1B
S315080095C0012104460123F0E703AB2A4604A93846DD
S315080095D000930D4BAFF30080421C0646D6D1AB89EB
S315080095E05B063FF52DAF09982CE703AB2A4604A97D
S315080095F038460093044B00F0A5F8EDE708FD00088F
S3150800960012FD000800000000AFB000080EFD0008BB
S3150800961070B50F4E0C460546316811B900F0CAF907
S3150800962030602146284600F0C5F9431C03D14FF0A7
S31508009630FF34204670BDC41C24F00304A042F8D0B1
S31508009640211A284600F0B6F90130F2D1EFE700BF3B
S31508009650102500202DE9F041CD1C064625F003050E
S3150800966008350C2D38BF0C25002D01DBA94204D97D
S315080096700C2333600020BDE8F081314F00F08EF9ED
S315080096803B681C4644BB29463046FFF7C1FF431CCE
S31508009690044650D13C682146002941D1002C44D0CB
S315080096A02368304604EB030800F084F980453CD172
S315080096B0216830466D1A2946FFF7AAFF013034D0D3
S315080096C023682B4423603B68002B36D05A68A24295
S315080096D029D100225A600EE02268521B1DD40B2A9B
S315080096E016D96119A342256018BF5960636808BF77
S315080096F0396062514B60304600F056F904F10B00B0
S31508009700231D20F00700C21AB5D01B1AA350B2E7D2
S31508009710A3426268DED13A60EDE723466468B1E7A2
S315080097200C464968B8E71346CEE70C233046336043
S3150800973000F03AF99EE70560DDE75B60FFDE00BFF3
S31508009740142500202DE9FF470F7E914680460C46DA
S31508009750782F9A460C9E01F1430207D8622F0AD841
S31508009760002F00F0DD80582F00F0C38004F1420678
S3150800977084F842703AE0A7F16303152BF6D801A1E5
S3150800978051F823F0DD970008F19700086D97000857
S315080097906D9700086D9700086D970008F197000807
S315080097A06D9700086D9700086D9700086D9700087B
S315080097B0079900087F980008BF9800086D97000869
S315080097C06D970008299900086D9700087F9800088A
S315080097D06D9700086D970008C798000833681A1D2A
S315080097E01B68326004F1420684F842300123A8E07F
S315080097F031682368081D30601E0601D50D6803E030
S315080098005D06FBD5B1F90050002D616878DA2D2088
S315080098100029A16084F843002DDA6D425D480A23C9
S315080098201646B5FBF3F103FB1157C75D06F8017D34
S315080098302F460D46BB42F4D9082B0BD12368DF0708
S3150800984008D5236961689942DEBF302306F8013CD2
S3150800985006F1FF36921B22614B4603AA2146404673
S31508009860CDF800A001F07EFC01306FD14FF0FF303B
S3150800987004B0BDE8F08723F004032360CDE7216830
S315080098803368080653F8045B02D4490648BFADB2EC
S315080098906F2F33603F4814BF0A230823002184F83A
S315080098A043106668002EA660BADB216821F0040121
S315080098B02160002DB4D1002EB2D11646BCE723682C
S315080098C043F02003236078273348236884F84570DB
S315080098D01F06316851F8045B02D45F0648BFADB273
S315080098E03160D90744BF43F0200323601DB110231C
S315080098F0D4E72848E9E7236823F020032360F6E73E
S3150800990024480A23CDE733682568181D6169306045
S315080099102E061B6801D5196002E06806FBD519807A
S3150800992000231646236197E7336800211A1D326023
S315080099301E686268304601F0B5FC08B1801B60609D
S3150800994063682361002384F8433085E72369324638
S3150800995049464046D047013088D023689B0714D42F
S31508009960E068039B9842B8BF184681E70123324650
S3150800997049464046D04701303FF478AF0135E368A1
S3150800998003995B1AAB42F1DCEAE7002504F11906F4
S31508009990F5E700BF19FD00082AFD0008014801F097
S315080099A065BB00BF63250020014801F060BB00BF0E
S315080099B06325002038B50023054D044608462B606C
S315080099C0FAF7D0FB431C02D12B6803B1236038BDDC
S315080099D01825002038B50546002941D051F8043C21
S315080099E00C1F002BB8BFE418FFF7D8FF1D4A1368F1
S315080099F033B9636014602846BDE83840FFF7D4BF22
S31508009A00A34208D9206821188B4201BF19685B68F0
S31508009A1009182160EDE71A465B680BB1A342FAD92B
S31508009A2011685018A0420BD12068014450181160E3
S31508009A308342E0D118685B68084453601060DAE72F
S31508009A4002D90C232B60D6E7206821188B4202BF67
S31508009A5019685B680918636008BF21605460CAE723
S31508009A6038BD00BF1425002008B5F6F73BFC08BD35
S31508009A700FB400B5B3B034AB53F8042B0193C0212F
S31508009A8002A8FFF797FC011E05DDBF2928BFBF21E5
S31508009A9002A8F6F77DFD33B05DF804EB04B0704715
S31508009AA0182805D9643880B2182803D801207047C9
S31508009AB001207047002070478446C8B10378CBB1AF
S31508009AC000229CF8003083B1A3F13000C0B2092807
S31508009AD012D802EB820203EB4203A3F13002B2F57D
S31508009AE0803F0BD20CF1010CEBE70A80012070478E
S31508009AF000207047002070470020704700207047FC
S31508009B0070B58646049E002400E001348C4218D2C3
S31508009B101EF804002028F8D0002002E0013415546D
S31508009B2060468C4208D21EF80450202D04D01DB180
S31508009B3000F1010C9C45F1D30023135406B134609F
S31508009B4070BD0020EDE708B500F093FEFFF78CFF27
S31508009B5000F0B6FEF6F7B6FDFAE70023934215D2F3
S31508009B6010B4CC5C24B100F8014B01339342F8D30E
S31508009B70934204D2202100F8011B0133F8E75DF86F
S31508009B80044B7047202100F8011B01339342F9D397
S31508009B90704700B5002296460DE0A3F1410C5FFA26
S31508009BA08CFCBCF1050F13D8373B9BB243EA0E1366
S31508009BB01FFA83FE0132032A14DC835CA3F1300CFE
S31508009BC05FFA8CFCBCF1090FE7D8303B9BB2EDE796
S31508009BD0A3F1610C5FFA8CFCBCF1050F07D8573B63
S31508009BE09BB2E3E7A1F800E001205DF804FB002042
S31508009BF0FBE70378532B1BD14378542B1AD1022247
S31508009C00042A06DC835C303BDBB2092B14D801320C
S31508009C10F6E74379522B07D0432B07D0412B01D0C7
S31508009C2000207047012070470120704701207047C7
S31508009C3000207047002070470020704784460022A5
S31508009C404FF6FF700FE0400080B20133072B09DCA6
S31508009C5010F4004FF7D0400080B280F4815080F0B5
S31508009C600100F2E701328A4205D21CF8023080EA86
S31508009C7003200023EAE7704770477047704770472C
S31508009C8008B500F027FB08BD704708B5F7F72CFCA8
S31508009C9008BD08B5F9F7B2FC00F031F808BD704701
S31508009CA0704770477047704708B500F00BF808BD55
S31508009CB008B5F7F725FA08BD08B5FFF7F5FFFFF76A
S31508009CC0F7FF08BD08B5F7F743FA08BDFEE708B57C
S31508009CD0FFF7FCFF08BD704708B5FFF7FCFF08BD96
S31508009CE0704738B504460D46F9F792FC29462046D2
S31508009CF0FFF7F6FF38BD08B501F08EFF08BD08B5B9
S31508009D00F7F7A6FA08BDFEE704E050F8042B41F879
S31508009D10042B1A46531E002AF7D170470023036006
S31508009D20704700E018460368002BFBD10B60016002
S31508009D3070470346006818B102681A60002303607A
S31508009D407047FEE700B589B084460E9807900D98CF
S31508009D5006909DF8300005900B9804909DF8280011
S31508009D60039000200290019300920B46624601215F
S31508009D70F7F79CFC09B05DF804FB70B505460E467E
S31508009D80144601F0CCFD2B685C4034405C402C60E6
S31508009D9001F0C0FD70BD38B505460C4601F09EFAC7
S31508009DA005B128600CB10D23236038BD30B583B0EA
S31508009DB005460C46002301934FF0E0231B6913F078
S31508009DC0040F0CD001F0AAFA01900C2300930DB1F0
S31508009DD0019B2B600CB1009B236003B030BD694624
S31508009DE001A8F7F7FDFFF2E708B501F0A9FA002187
S31508009DF0F8F7EEF908BD10B582B000230193009379
S31508009E00B0F5807F00F20781B0F5807F00F28B8184
S31508009E10DFE810F054018901890189018901890166
S31508009E2089018901890189018901890189018901D4
S31508009E3089018901890189018901890189018901C4
S31508009E4089018901890189018901890189018901B4
S31508009E508901890154018C0154018C01A401A401D2
S31508009E60A401A401A4018C01A90145016601B3015D
S31508009E7045018C018C018C018901890189018901BF
S31508009E8089018901890166018C018C018C01C70150
S31508009E902B018C01890189018901890189018901BF
S31508009EA08901890189018901890189017101A40151
S31508009EB0540154015401B80145014501BD01810110
S31508009EC05E01160116018901890189018901890145
S31508009ED08901890189018901890189018901890124
S31508009EE08901890189018901890189018901890114
S31508009EF08901890189018901890189018901890104
S31508009F0089018901890189018901890189018901F3
S31508009F1089018901860189018901890189018901E6
S31508009F2089018901890189018901890189018901D3
S31508009F3089018901890189018901890189018901C3
S31508009F4089018901890189018901890189018901B3
S31508009F5089018901890189018901890189018901A3
S31508009F608901890189018901890189018901890193
S31508009F708901890189018901890189018901890183
S31508009F808901890189018901890189018901890173
S31508009F908901890189018901890189018901890163
S31508009FA08901890189018901890189018901890153
S31508009FB08901890189018901890189018901890143
S31508009FC08901890189018901890189018901890133
S31508009FD08901890189018901890189018901890123
S31508009FE08901890189018901890189018901890113
S31508009FF08901890189018901890189018901890103
S3150800A00089018901890189018901890189018901F2
S3150800A01089018901AE01B0F5F06F00F0C28014D94C
S3150800A020B0F5206F00F0B3805FD9B0F5306F00F05F
S3150800A030B3806DD9B0F5386F52D0B0F5406F72D194
S3150800A040002101A8F7F76EFD6DE0B0F5607F78D0C6
S3150800A05010D9B0F5B06F00F0868033D9B0F5D06F5F
S3150800A06000F08B80B0F5E06F37D1002101A8F8F732
S3150800A07003F858E0B0F5007F0AD101F02FF904463D
S3150800A0804FF40070F8F776F8B4FBF0F401944AE060
S3150800A09011D9B0F5207F49D0B0F5407F43D101F002
S3150800A0A03DF904464FF42070F8F764F8B4FBF0F471
S3150800A0B06408019437E0B0F5C07F34D101F02EF979
S3150800A0C0019030E0B0F5806F48D0B0F5A06F2AD186
S3150800A0D0002101A8F7F758FD25E0B0F5C06F22D199
S3150800A0E0002101A8F7F77CFE1DE0B0F5106F49D0F6
S3150800A0F0B0F5186F04D1002101A8F7F779FD12E031
S3150800A100B0F5086F0FD1002101A8F7F70FFE0AE096
S3150800A110B0F5286F07D1002101A8F7F7B9FE02E0CC
S3150800A12001F0DCF80190019802B010BD01F0F6F8D4
S3150800A13004464FF42070F8F71DF8B4FBF0F40194C8
S3150800A140F1E700216846FFF726FE009C4FF4607091
S3150800A150F8F710F8B4FBF0F40194E4E7002101A83D
S3150800A160F7F70AFEDFE7002101A8F7F75BFFDAE752
S3150800A170002101A8FFF71AFED5E7002101A8F7F785
S3150800A180A1FFD0E7002101A8F7F7C8FFCBE7002118
S3150800A19001A8F7F74BFEC6E7002101A8F7F74CFD23
S3150800A1A0C1E7002101A8F7F795FEBCE708B5002925
S3150800A1B003DD0121F8F70CF808BD0021F8F708F8C7
S3150800A1C0FAE708B502214FF42070F8F745FA08BDFA
S3150800A1D07047436813F0010F19D0836813F0010F15
S3150800A1E003D0036913F0010F09D00A238363436D73
S3150800A1F013F0500FFBD1836C13F0030FFBD100F55E
S3150800A200005301225A60436813F0020FFBD17047CE
S3150800A21008B5F9B10A4600F580530121596002F0E4
S3150800A2200F01436DC3F30B03002BFAD18163436D12
S3150800A23013F07803FBD112F0010F00D0012312F0BE
S3150800A240040F01D043F00203826C02F003029A4223
S3150800A250FAD108BDFFF7BDFFFBE7836C13F0400F8B
S3150800A260FBD04164704708B500231A46F8F75CFD31
S3150800A27008BD08B500231A46F8F756FD08BD70B59F
S3150800A28005460E46144601F04AFB2B685C403440EE
S3150800A2905C402C6001F03EFB70BD70B505460E466D
S3150800A2A0144601F03CFB2B685C4034405C402C6053
S3150800A2B001F030FB70BD0020704708B5002100F0A2
S3150800A2C068FB002008BD09B12120704708B5FFF7D3
S3150800A2D0F4FF08BD08B500F001F808BD0020704776
S3150800A2E008B5F9F7C5FA08BD08B540B2F9F7FEFA98
S3150800A2F008BD08B5F9F71CFB08BD08B5F9F70AFB50
S3150800A30008BD08B5FFF7F0FF08BD2DE9F04182B09A
S3150800A3100E4617461C46054670B18CB195B1D5F860
S3150800A3200C80B8F1000F0FD023463A46314628680C
S3150800A330C04702B0BDE8F081F9F752FB0546ECE7E5
S3150800A34001ACEBE72320F4E72320F2E703280BD838
S3150800A350DFE800F0020D0407002070474FF4805034
S3150800A36070474FF4405070474FF4805070474FF491
S3150800A37000507047D0F8A0301B689A6C12F0800F16
S3150800A38003D0DB6B0B70002070471B20704738B575
S3150800A3900446D0F8A0301D68AB6C13F0400FFBD014
S3150800A3A000231A4694F8A91094F8A800F8F7CCFDEB
S3150800A3B000231A4694F8AB1094F8AA00F8F7C4FDDF
S3150800A3C094F8B03013F0010F12D194F8B03013F0AE
S3150800A3D0020F16D105F5005304221A6500212846F6
S3150800A3E0FFF716FFD4F8A40001F0B4FA002038BD30
S3150800A3F000231A4694F8AD1094F8AC00F8F7A4FDBB
S3150800A400E3E700231A4694F8AF1094F8AE00F8F77D
S3150800A4109BFDDFE708B5D0F8A0301868FFF71DFFE9
S3150800A420002008BD704780F89510704790F8950091
S3150800A430704710B582B004460DF10701007D01F0A2
S3150800A44001F89DF807303BB1206DA26CE36C13440C
S3150800A45083420BD002B010BD237D03EB43031B01DF
S3150800A46003F1A04303F58023D86EEEE71046F1E723
S3150800A47010B50446FFF7DDFF236D834201D2C01AEB
S3150800A48010BDA26CE16C0A44D01AF9E738B5044647
S3150800A490007DF7F7CBFA2046F9F704FC0546207D40
S3150800A4A0F7F7E4FA284638BDF8B50446FFF7EEFF95
S3150800A4B000B1F8BD01F03CFA0646207DF7F7B6FA7A
S3150800A4C02046FFF7B6FF451EA36CAB4202D9E56CE2
S3150800A4D0013D1D4494F85470207DF7F7C7FACFB9AB
S3150800A4E02B46D4F898209A4212D01A78112A09D005
S3150800A4F0132A07D0013BA26C9A42F2D9E36C013BBE
S3150800A5001344EEE7112A14BF0022012284F89C2086
S3150800A510C4F89850304601F006FACAE72DE9F84320
S3150800A52004460F46154690F8959000264FF0010808
S3150800A53002E094F89C304BB9AE421FD294F896309C
S3150800A540002BF6D02046FFF7AFFFF2E7B9F1000F70
S3150800A55002D03B780A2B09D0236E5B6839782046EF
S3150800A5609847804650B901370136E5E7236E5B68A0
S3150800A5700D212046984780460028EDD04046BDE884
S3150800A580F88308B590F894301BB9FFF7C7FF002089
S3150800A59008BD0E20FCE790F89430DBB170B5044690
S3150800A5A00D460B69B3F5006F16D801F0C1F90646DA
S3150800A5B06C6194F88C304BB1294604F19000FFF792
S3150800A5C0B0FB304601F0AFF9002070BD2846F9F718
S3150800A5D08BFBF6E70E2070472120F6E730B583B0EF
S3150800A5E0144692F8543033B1936D0BB1D06D984739
S3150800A5F0002384F8543094F8963023B9002084F860
S3150800A600540003B030BD2046F9F724FB0028F5D0E6
S3150800A610236E5B68132120469847002507E0112B17
S3150800A62014BF0023012384F89C300135EDB20F2DA9
S3150800A6300DD8236E1B680DF107012046984730B9DF
S3150800A6409DF80730112BEAD0132BEED1E7E7204609
S3150800A650F9F77EFBD2E72DE9F04F83B090464AB171
S3150800A66004460D46002966D0FFF710FF814628B13B
S3150800A6704FF00008404603B0BDE8F08F2046FFF7CC
S3150800A680F7FE4746804528BF074694F896A0BAF1D4
S3150800A690000F48D001F04CF90190266D2046F9F7D5
S3150800A6A0D9FA8346B846002211E00133C4F8983037
S3150800A6B0D14612E008F1FF38B9F1000F05D0112B89
S3150800A6C014BF0023012384F89C3001320136BA42B4
S3150800A6D00BD2D4F89830B342E7D03378112BE9D0AF
S3150800A6E0132BE7D005F8013BEFE7D4F89810A26CD6
S3150800A6F0E36C1344994213D0019801F014F93946D2
S3150800A7002046F9F7D7FB94F89630002BB2D0BBF168
S3150800A710000FAFD0236E5B68112120469847A9E742
S3150800A720C4F89820E8E73A46216D284600F0A0FCD0
S3150800A730B846D346E3E74FF000089BE72DE9F0411A
S3150800A74080460F4616461D4600232B602968721A56
S3150800A75039444046FFF77FFF034620B12C681C4466
S3150800A7602C60B442F2D32B6813B10020BDE8F08107
S3150800A7701B20FBE710B514465069002380F88C307F
S3150800A7809030FFF7D6FA08B1F9F7AEFA63681BB14D
S3150800A790A268002120469847002010BD50B138B560
S3150800A7A0056801F0C5F80024AC65EC6501F0BBF856
S3150800A7B0204638BD2220704738B5056895F894308C
S3150800A7C03BBB0446FFF7EAFFF9F70AF984421CD0B7
S3150800A7D02B6E93F91000F9F7CDF82B6E93F910004C
S3150800A7E0FFF787FD287D00F00DFE287DF7F796F820
S3150800A7F0F7F76EF8002323606360E3606361A36183
S3150800A8002B6EDB682846984738BD0020F9F7DCF838
S3150800A810DEE70F20F8E701F00303DB004FF0FF0C3B
S3150800A8200CFA03FC07290ED810B54FEA910E0EF163
S3150800A8300C0150F821409A40624002EA0C0262403C
S3150800A84040F8212010BD704708B5F9F79DFC08B5FA
S3150800A850FFF7FAFF08BD7047704708B5FFF710FA0B
S3150800A860FFF713FAFFF728FAFFF713FAFFF717FAB5
S3150800A87008BD08B5F9F706FDFFF7EDFFF9F788F803
S3150800A880F9F708F8FFF72CFDF9F71CF8F9F738FD82
S3150800A890F9F7A0FCFFF7E0FF00F006F8FFF7F4F978
S3150800A8A0FFF7DBFF08BD704708B5FFF7E5F9FFF7C7
S3150800A8B0E4F9FFF7E3F9FFF7E2F9FFF7F4FF08BD5C
S3150800A8C008B5FFF7EDF9FFF7ECF9FFF7EBF9FFF736
S3150800A8D0EAF908BD7047431E012B03D9031F5842E6
S3150800A8E058417047012070474FF4D872002100F094
S3150800A8F0B5BB70B50446FAF7B9FD0546A8B9A1690E
S3150800A900F1B1238AD3B1204604F1100200F0B9F957
S3150800A91038BBE16919B3638AA3B1204604F1120270
S3150800A92000F084F978B1054603E00023A3612361AA
S3150800A930E361002328466361236270BDA061E8E7EE
S3150800A9402082E6E7E361216A0029F2D0A28A002A7A
S3150800A950EFD02046E38ABDE8704000F026B9618250
S3150800A960F1E76582E561DEE711B9D0F8DC1021B1BF
S3150800A970CB6813B18B68D88970474FF6FF7070475C
S3150800A98010B5F9F775FD044608B900F035FA204602
S3150800A99010BDFAF703B8FAF727B870B500232425CF
S3150800A9A0D0F8DC00C4689C4201D1212070BD8268C1
S3150800A9B005FB0322D6898E4202D8128A8A4201D220
S3150800A9C00133F0E70020F1E7C08D70470A7838B503
S3150800A9D005461046FFF77FFF60B14C782046FFF723
S3150800A9E07AFF38B12243530704D42846BDE83840D5
S3150800A9F0FAF790B9212038BDFFF7E8BF10B504462D
S3150800AA000878FFF768FF58B14A781046FFF763FFE2
S3150800AA1030B1042A04D02046BDE81040FAF798B9A8
S3150800AA20212010BDFFF7EABF00F071B870B50446E3
S3150800AA3000200E4600F0DCF9D4F8F0503DB10023B2
S3150800AA4031462046AC46BDE870401A4660472B465C
S3150800AA50012231462046FAF77DFA284670BD38B5F8
S3150800AA60044648880D4600F0C3F9D4F8F0302BB9EF
S3150800AA7029462046BDE83840FAF784B9022038BD91
S3150800AA8000F0B8B900F080B800F0E1B938B504466E
S3150800AA900D4600F044FF0023C4F89050C4F88C30EB
S3150800AAA0BDE8384000F036BF38B505460C4600F01C
S3150800AAB036FFD5F890301C40D5F88C302343C5F8BE
S3150800AAC08C3000F027FF211E18BF01210020490203
S3150800AAD038BD00207047002070477047D0F8943082
S3150800AAE003F06003402B0DD0602B03D0203B584267
S3150800AAF05841704749B10B68012B06D9486940F09F
S3150800AB000100704740F20110704700207047F7B502
S3150800AB1004461046D4E954C7DDE908268CEA02053E
S3150800AB2087EA06010540194085EA0C057940C4E91B
S3150800AB305451002523F4004106EA010320F00100E0
S3150800AB4043F40073024043F00203CDE90055FDF7D4
S3150800AB5039F994F824309A0713D5D4F854319B055B
S3150800AB600FD54FF488112046FFF79EFF94F824303E
S3150800AB70024665F3410384F8243020460B46F9F76C
S3150800AB80F3FE002003B0F0BD0346D0F824010860A8
S3150800AB90B3F8283100208B80704790F824310C2BAD
S3150800ABA014BF90F82B00FF2070472DE9F041884626
S3150800ABB018F0030706461546194633D1B2F5805FE5
S3150800ABC030D89A422ED33F2A28D9B2FA82F40122E3
S3150800ABD00120C4F11F03DBB29A4092B2AA422CBFED
S3150800ABE0C4F11904C4F11A04E2B2931DDBB2984009
S3150800ABF080B2A84214D096F8F530ABB9012096F881
S3150800AC00253060F3410386F825304046FAF7E0FD23
S3150800AC10C6F82080B5823846BDE8F0813A46EAE7AC
S3150800AC200020ECE72127F6E70E27F4E7F8B511F040
S3150800AC30030607460D46144621D102B313883F2B57
S3150800AC401DD9B3FA83F3C3F11901C9B2062901D88C
S3150800AC50192B12D0062928BF062101238A1DD2B234
S3150800AC6093402846238000F0B7F823883846FD61CC
S3150800AC707B82FAF7BDFE3046F8BD3146EDE7212660
S3150800AC80F9E738B5148811F003054FEAC4041ED154
S3150800AC903F2C1CD9B4FA84F4C4F11903DBB2052B92
S3150800ACA001D8192C11D0052B28BF052301240633FA
S3150800ACB0DBB204FA03F3C3F3CF0414808161048280
S3150800ACC04387FAF795FE284638BD2B46EEE7212539
S3150800ACD0F9E738B51546044608460121FBF72CFF67
S3150800ACE001212846FBF728FF94F8253043F0010395
S3150800ACF084F8253038BD38B50446154680F82C103A
S3150800AD005AB100F03AF808B900201AE094F824304D
S3150800AD1043F0800384F82430F6E70846FBF7F2FA96
S3150800AD20FF2884F82C0009D0204600F026F80028D1
S3150800AD30EAD094F8243065F3C713EBE7FBF706FB74
S3150800AD40212038BD8021FEF71BB938B50546F9F72D
S3150800AD503FFE04462846F9F719FE072804BF24F4DF
S3150800AD607F4121F00801284614BF24F0800141F0F4
S3150800AD708001BDE83840F9F731BE4021FEF700B939
S3150800AD8090F8F400431E58425841704738B50546B6
S3150800AD9010460C46FAF790FCD5B1D5F8E030BBB1B1
S3150800ADA05B69ABB1421ED2B2FD2A13D90A680132D9
S3150800ADB004BF6FF001020A600A68FF281A6007D10B
S3150800ADC06268013202D16FF00102626062685A60FD
S3150800ADD0002038BD0128F2E74FF03A4301225A67AE
S3150800ADE041F6FF72D96418651A677047FAF7C2BB4D
S3150800ADF00020704700207047704710B50468024667
S3150800AE00090494B9D9B1B1FA81F3C3F12003C3F1A6
S3150800AE100F00012838BF012003F01F03D9408C42D8
S3150800AE2001D201384908116010BDB4FA84F331B172
S3150800AE30B1FA81F01B1A002BE9DC0F20EFE70F208F
S3150800AE40F1E70638042834BF0120FF207047704711
S3150800AE5000200021704708B5FBF74AFCBDE808400A
S3150800AE60FBF75EBC38B50446FFF7F5FF0546FFF766
S3150800AE70F2FF431BA342FAD338BD08B521B19200AD
S3150800AE8000F0F6F8002008BD2120FCE700F06F432B
S3150800AE90B3F1804F02D0B3F1204F02D120F07040B9
S3150800AEA0704700F06043B3F1204F08BF20F0805090
S3150800AEB070470B0C23F48053B3F5284FF7B50D46AE
S3150800AEC08FB2064699B216D04AF60103994214D0B3
S3150800AED04AF60203994212D0B1F5204F14BF042452
S3150800AEE00324D6F8E0300BB1196851B9D6F8DC302E
S3150800AEF093B928680EE00024F3E70124F1E7022459
S3150800AF00EFE7234668463A46FBF78EFCDDE9000381
S3150800AF10002BEBD103B0F0BD19680029E9D0234610
S3150800AF2068463A46FBF780FCDDE90003002BE0D1D2
S3150800AF30F0E70204C0F3891307D56FEA83536FEA73
S3150800AF40935313F5007F18B206D0A3F1C8006FF427
S3150800AF50FF739842B8BF184670470020FBF748BFF2
S3150800AF600120FBF745BF00EB8023C0EB831353FAA0
S3150800AF7081F303EB8322C3EB8213C1F30722134445
S3150800AF8003EB8322C3EB8213C1F30742134403EB9B
S3150800AF908322C3EB821303EB1160704738B50D4665
S3150800AFA0144604B938BD55F8041BFFF7DCFF013C0D
S3150800AFB0F7E77047FDF752BBFDF750BBFDF74EBBF1
S3150800AFC0FDF74CBB08B50846FDF74EFF08BDFDF773
S3150800AFD045BB30B514469BB005461A46002C05DA23
S3150800AFE08B2303604FF0FF301BB030BD4FF4027364
S3150800AFF0009104916946ADF80C3014BF04F1FF3393
S3150800B0002346029305934FF6FF73ADF80E301E9B49
S3150800B010FEF702FA431CBCBF8B232B60002CE3D03F
S3150800B020009B00221A70DFE7884210B501EB020484
S3150800B03002D98442234607D8431EA14208D011F8F4
S3150800B040012B03F8012FF8E7024401468A4200D192
S3150800B05010BD13F8014D02F8014DF7E70244034607
S3150800B060934200D1704703F8011BF9E77047704710
S3150800B0700A44431E914200D1704710B511F8014B9E
S3150800B080914203F8014FF9D110BD034613F8012B7D
S3150800B090002AFBD1181A0138704710F8012B11F84D
S3150800B0A0013B012A28BF9A42F7D0D01A70472DE9EA
S3150800B0B0F0471F468E6882460C46BE4290460B688D
S3150800B0C02DD8B1F90C2012F4906F26D0656909695C
S3150800B0D005EB4505A3EB01097B1C05EBD5754B4430
S3150800B0E06D109D4238BF1D46530527D52946FEF7E4
S3150800B0F0B1FA064660B34A462169FFF7B9FFA38944
S3150800B10023F4906343F08003A38126614E4465616E
S3150800B110A5EB090526603E46A560BE4200D93E4617
S3150800B120324641462068FFF77FFFA36800209B1B35
S3150800B130A360236833442360BDE8F0872A4600F0FD
S3150800B14083F806460028E0D121695046FEF742FCFE
S3150800B1500C234FF0FF30CAF80030A38943F04003B0
S3150800B160A381E9E72DE9F047164698468A68074617
S3150800B1700B690C46DDF820909342B8BF134633603E
S3150800B18091F843200AB1013333602368990642BF18
S3150800B190336802333360256815F0060506D104F1D5
S3150800B1A0190AE36832689B1AAB422BDC94F84330E1
S3150800B1B02268003B18BF0123920630D404F14302EB
S3150800B1C041463846C847013023D023681A3454F814
S3150800B1D00A2C03F00603042B0ABF54F80E5C00255C
S3150800B1E033684FF0000608BFED1A54F8123C08BF42
S3150800B1F025EAE5759342C4BF9B1AED18B5421AD1E4
S3150800B200002008E00123524641463846C847013027
S3150800B21003D14FF0FF30BDE8F0870135C1E7E118EB
S3150800B2205A1C30200233224481F8430094F8451012
S3150800B23082F84310C2E70123224641463846C847EA
S3150800B2400130E6D00136D9E72DE9F04180461546AA
S3150800B2500C4621B91146BDE8F041FEF7FBB92AB9FB
S3150800B260FEF7B8FB00242046BDE8F08100F028F878
S3150800B2708542064602D8B5EB500FF4D82946404613
S3150800B280FEF7E8F907460028ECD0B5422A462146DB
S3150800B29028BF3246FFF7ECFE214640463C46FEF7FD
S3150800B2A099FBE0E7C9B20346024410B59342184633
S3150800B2B001D1002003E0047801338C42F6D110BD99
S3150800B2C051F8043C181F002BBCBF0B58C018704718
S3150800B2D0014B1868704700BFF025002008B50B4BD6
S3150800B2E01B6F03F00703013B032B09D8DFE803F0C4
S3150800B2F00B020509FFF7ECFF04E0054B186801E0AF
S3150800B300FEE7044808BD0448FCE700BF008000507B
S3150800B310F825002080D54302002D310108B5FFF736
S3150800B320DDFF054B1B6FC3F303330133B0FBF3F0AB
S3150800B330024B186008BD00BF00800050EC250020B5
S3150800B3400048704700B4C40400487047002D310116
S3150800B350014B1868704700BFF82500200048704761
S3150800B36080D543021A4B4FF400225A664FF0B44375
S3150800B3709868C0F304400C2808D8DFE800F00907ED
S3150800B3800707070722181A071C1E20000020704707
S3150800B3904FF0B4439B6803F04073B3F1807F12D03B
S3150800B3A0B3F1007F11D003B170470A4870470A48C5
S3150800B3B070470A4870470A4870470A4870470A485B
S3150800B3C070470A4870470A4870470A48ECE700BFC2
S3150800B3D00090005000093D000024F400C0EA210155
S3150800B3E080BA8C010048E801005A6202405DC60036
S3150800B3F080841E0040420F00014B1868704700BF4A
S3150800B400F425002008B50A4B1B7853B107280AD83B
S3150800B410084B03EB00131B7B3BB1F7F785FE0020B7
S3150800B42008BD0548FCE70548FAE70548F8E700BF00
S3150800B4303C2500203C200020028000F0018000F01E
S3150800B440078000F00C4B1B7873B110B50C46072823
S3150800B4500CD869B1094B03EB00131B7B53B1F7F703
S3150800B46075FE2070002010BD054870470548FAE7AC
S3150800B4700448F8E70448F6E73C2500203C2000206D
S3150800B480028000F0018000F0078000F00C4B1B786A
S3150800B49073B110B50C4607280CD869B1094B03EBF4
S3150800B4A000131B7B53B1F7F76BFE2060002010BD1D
S3150800B4B0054870470548FAE70448F8E70448F6E7F8
S3150800B4C03C2500203C200020028000F0018000F08E
S3150800B4D0078000F040B9054B5B6813F0010F03D0F5
S3150800B4E0024B9B6D002BF6D1704700BF00800A50B7
S3150800B4F008B9014B5964704700900A5008B9014BC6
S3150800B5005964704700A00A5008B9014B196470477E
S3150800B51000A00A5010B9024B186C704700207047FB
S3150800B52000800A5038B505460C46FFF7D3FF55B9D3
S3150800B5301CB1012C04D0002006E0044BD86C03E0B3
S3150800B540024B186D00E0002038BD00BF00800A508D
S3150800B55070B505460C461646FFF7BCFF15B914B17B
S3150800B560012C03D070BD034BDE64FBE7014B1E655F
S3150800B570F8E700BF00800A50B8B1036803F03F003F
S3150800B580C3F3821213F4E07F03D0012A0FD1094ACC
S3150800B59000E0094A31B102F5805201238340136065
S3150800B5A00020704702F50052F7E70E2070470E207C
S3150800B5B0704700BF68800050648000504161114B9D
S3150800B5C01B68CBB110B4002403E0891A41611C46FC
S3150800B5D09B6823B15A698A42F7D9002AF5D044B143
S3150800B5E0A060836013B15A69521A5A615DF8044B18
S3150800B5F07047044A1060F4E7024B18600023836022
S3150800B600704700BFF8200020104B1B680246B8B1EF
S3150800B610002101E019469B680BB19342FAD1934287
S3150800B62010D149B193688B6093686BB159695269B7
S3150800B63011445961002070479168044B1960F3E77B
S3150800B640222070470220704700207047F82000200B
S3150800B65008B500F0E1F80B4B1B680B4A1268821A12
S3150800B66003E0521A002159619B683BB132B159690E
S3150800B6709142F6D3891A59610022F5E7024B186000
S3150800B68008BD00BFF8200020F42000200B4B1B68E3
S3150800B69000220B490A70012A0ED86BB1D98811F01D
S3150800B6A0020F05D19B68002BF5D059690A44F2E7C9
S3150800B6B0034B01221A707047704700BFF82000201C
S3150800B6C0412500200D4B1B68B3B110B55B6963B10A
S3150800B6D00B4A14681C44022000F05AFA204600F06F
S3150800B6E0B7F8FFF7D3FF002010BD022000F050FA8C
S3150800B6F0022000F0FFF8F4E722207047F820002027
S3150800B700F420002070B500F013F9054600F084F81F
S3150800B7100446084B1E68012000F023FA28B928467B
S3150800B72000F001F92046314670BD00F075F8044670
S3150800B7300136F4E700210020014B1868704700BF66
S3150800B740FC20002008B5084B1968A1FB000140F24F
S3150800B750E733C0184FF47A724FF0000341F1000145
S3150800B760FDF752FC08BD00BFFC200020F8B50446D2
S3150800B77010F0010F03D114F0020F09D1F8BD234AC6
S3150800B780136801331360FFF763FFFFF79BFFF2E7C8
S3150800B79000F0CEF80546FFF75BFF00273E4616E0A9
S3150800B7A09B683BB15A692AB921791A799142F7D926
S3150800B7B01C46F5E7284600F0B6F8204600F083F95F
S3150800B7C0E788013600F0B4F80546FFF741FF104B4D
S3150800B7D01C681CB163690BB92346E2E70D4B0022CE
S3150800B7E01A70012E07D0FFF76DFF222809D02846C8
S3150800B7F000F099F8C2E717F0020FF4D001221A7088
S3150800B800F1E7022000F05CF8F1E700BF0021002014
S3150800B810F820002040250020054B5B6813F0010F37
S3150800B82003D0034BDB69002BF6D1014B98697047AF
S3150800B83000800A5000B583B001A9044B187900F0BE
S3150800B8407DF8019803B05DF804FB00BFD4C9000871
S3150800B850F8B5044600F063F80646FFF7DDFF05462F
S3150800B86000F090F907460020FFF754FE10F0020F8B
S3150800B87004D17B1B032B01D8BD420FD1631B022BBE
S3150800B88000D8EC1CB4F1FF3F2CBF2246621E0021F3
S3150800B8900846FFF75DFE022000F07AF9304600F010
S3150800B8A039F8054B1B782BB1044B01229A64024BDD
S3150800B8B000221A70F8BD00BFE726002000900A5043
S3150800B8C008B510F0010F0ED1002110F0020F06D0B6
S3150800B8D041F002010123054A1370054A93640020CA
S3150800B8E0FFF70CFE08BD0121EFE700BFE7260020A1
S3150800B8F000A00A5010F0020F02D0024B02221A646E
S3150800B900704700BF00900A504FF4004070474FF44C
S3150800B9107A70704710B962B6BFF36F8F7047EFF34E
S3150800B920108072B6704780F31188BFF36F8F704727
S3150800B930EFF31180302383F31188704719B108B5E6
S3150800B94000F00DF808BD2220704708B50121FFF761
S3150800B95013FE08BD08B50021FFF70EFE08BD70B539
S3150800B96004460E46FFF7E4FF05461F2C00F2A780A3
S3150800B970DFE804F01019A520272EA5353CA543A518
S3150800B9804A51A5585F66A56DA574A59EA57BA58297
S3150800B990A5899097FFF7A2FC306000242846FFF798
S3150800B9A0C2FF204670BD4FF4C070FEF724FA30601F
S3150800B9B00024F3E74FF42070FEF71DFA30600024E8
S3150800B9C0ECE74FF44070FEF716FA30600024E5E71E
S3150800B9D04FF46070FEF70FFA30600024DEE74FF48C
S3150800B9E00070FEF708FA30600024D7E74FF480604D
S3150800B9F0FEF701FA30600024D0E74FF44060FEF706
S3150800BA00FAF930600024C9E74FF4C060FEF7F3F98D
S3150800BA1030600024C2E74FF4F060FEF7ECF93060BE
S3150800BA200024BBE74FF4B060FEF7E5F93060002468
S3150800BA30B4E74FF4D060FEF7DEF930600024ADE7D6
S3150800BA404FF41060FEF7D7F930600024A6E74FF4EC
S3150800BA50E060FEF7D0F9306000249FE74FF4A0605D
S3150800BA60FEF7C9F93060002498E74FF41860FEF72E
S3150800BA70C2F93060002491E74FF42860FEF7BBF95D
S3150800BA80306000248AE74FF48070FEF7B4F930601E
S3150800BA90002483E74FF43060FEF7ADF930600024E8
S3150800BAA07CE74FF42060FEF7A6F93060002475E7BE
S3150800BAB04FF40860FEF79FF9306000246EE7002314
S3150800BAC0336021246AE72DE9F041044605696DBB18
S3150800BAD000252F462E46002D39D02369FBB1F5B92E
S3150800BAE0BE1BA38B6BB1E28B13449BB2E383B3F506
S3150800BAF07A7F06D3A3F57A73E383013EA369013BF4
S3150800BB00A361FFF715FF054631462046FFF756FDA8
S3150800BB10A36922691344A3612846FFF704FFE36873
S3150800BB2013B1216820469847BDE8F0812F46FFF7F4
S3150800BB3073FEA369C61AF217AE4272F1000204DB5D
S3150800BB4022691344A3610125C5E70025C3E7FFF76A
S3150800BB50EFFE80462046FFF757FD4046FFF7E3FE17
S3150800BB60BBE710B504460020FFF7D4FC012C04D02F
S3150800BB70022C05D1C0F3400003E000F0010000E00C
S3150800BB80002010BD08B500210846FFF7CBFC08BD0C
S3150800BB9008B510F0010F09D1002110F0020F01D0ED
S3150800BBA041F002010020FFF7A3FC08BD0121F4E7DC
S3150800BBB038B5FFF7BDFE04460020FFF7ABFC10F0D2
S3150800BBC0010F11D1002510F0020F01D045F0020532
S3150800BBD000F003010020FFF797FC2846FFF7C6FD93
S3150800BBE02046FFF7A0FE38BD0125ECE7000000005F
S3150800BBF00000000000000000000000000000000037
S3150800BC00F8B500BFF8BC08BC9E467047F8B500BF3B
S3150800BC10F8BC08BC9E4670475FF800F081250020F6
S3150800BC2050415353000000004641494C00000000B3
S3150800BC3076616C6964000000696E76616C696400FF
S3150800BC400D0A3D3D3D204E6574416E616C797A65FD
S3150800BC50725F464732335F563031202846535F4E6F
S3150800BC603D256429203D3D3D0D0A5541525420315C
S3150800BC70313532303020382D4E2D31202F2050428C
S3150800BC8030313D545820504230323D52580D0A004A
S3150800BC905B53325D2043524331362F434349545454
S3150800BCA02D46414C53452025730D0A00202020209F
S3150800BCB0202231323334353637383922203D202593
S3150800BCC030345820286578702025303458290D0AD4
S3150800BCD0000000002020202020224142432220206C
S3150800BCE020202020203D20253034582028657870D3
S3150800BCF02025303458290D0A000000005B533361B3
S3150800BD005D206672616D65206275696C64202573B5
S3150800BD1020206C656E3D2575202865787020257570
S3150800BD2029202043484B3D25303458202865787013
S3150800BD302025303458290D0A000000005B53336172
S3150800BD405D206672616D653E3E0D0A000D0A5B5305
S3150800BD5033615D203C3C656E640D0A0052494E47CE
S3150800BD602B504F4C4C0000005B5333625D207478B7
S3150800BD705F6D6F64653D2573202063616C6C5F722F
S3150800BD80657475726E3D256C75207469636B202821
S3150800BD90256C752075732920206C696D69743C3192
S3150800BDA030303075730D0A005B5333625D20746959
S3150800BDB0636B5F667265713D256C7520487A202035
S3150800BDC070656E64696E673D2575202064726F70B4
S3150800BDD07065643D256C750D0A0000005B53355D82
S3150800BDE0204641494C207261696C2068616E646C1A
S3150800BDF065206973204E554C4C0D0A005B53355D22
S3150800BE00207261696C2068616E646C65204F4B0D09
S3150800BE100A0000005B53355D2063683D25303375A5
S3150800BE2020252D3773202865787020252D3773290E
S3150800BE302025730D0A0000005B53355D207265737B
S3150800BE40756C743A2025752F257520504153530D6E
S3150800BE500A000000010101010000000000001800AE
S3150800BE6064007C001900320063007D005B53346176
S3150800BE705D207278204F4B202020747970653D250F
S3150800BE8063206C656E3D253033752043484B3D2550
S3150800BE9030345820726573796E633D256C750D0ACA
S3150800BEA0000000005B5334615D20727820435243E2
S3150800BEB0204641494C2063616C633D253034582047
S3150800BEC0726563763D2530345820726573796E63E2
S3150800BED03D256C750D0A00005B5334615D20727850
S3150800BEE0204241445F484452202866616C736520AD
S3150800BEF073796E632C2072656A656374656420695C
S3150800BF006E2036422920726573796E633D256C75FD
S3150800BF100D0A00005B5334615D207278204241446B
S3150800BF205F454420287461696C206973206E6F74BC
S3150800BF3020274544272920726573796E633D256C51
S3150800BF40750D0A005B5334615D20727820424144C6
S3150800BF505F4C454E20726573796E633D256C750D91
S3150800BF600A0000005B53315D207469636B3D256CE4
S3150800BF70750D0A00616374697665000070617373F4
S3150800BF80697665007068793D6C6F6E670000000021
S3150800BF907068793D73686F72740000006D6F646530
S3150800BFA03D616374697665006D6F64653D706173A4
S3150800BFB07369766500000000656D7074790000008D
S3150800BFC03F000000564552004E6574416E616C791B
S3150800BFD07A65725F464732335F56303120465334AE
S3150800BFE063000000535441540000000063683D2577
S3150800BFF0303375207068793D2573206D6F64653D13
S3150800C0002573207363616E5F6E3D25750000000021
S3150800C010545800006E6F745F737570706F72746534
S3150800C020642028545820656E61626C6564206672C7
S3150800C0306F6D205339290000434800006D697373FA
S3150800C040696E672061726700696E76616C69642043
S3150800C0502876616C69643A20302D32342064617424
S3150800C060612C203130302D3132342077616B6529CF
S3150800C0700000000063683D25303375207068793DFF
S3150800C08025730000504859006D697373696E6720FF
S3150800C090617267202873686F72747C6C6F6E67298B
S3150800C0A000000000696E76616C6964202873686F09
S3150800C0B072747C6C6F6E672900000000636F6E6691
S3150800C0C06C6963747320776974682063683D2530EA
S3150800C0D033752028696D706C69657320257329206E
S3150800C0E02D206368616E6765204348206669727310
S3150800C0F0740000004D4F4445000000006D697373DD
S3150800C100696E672061726720287061737369766546
S3150800C1107C6163746976652900000000696E766142
S3150800C1206C69642028706173736976657C616374D1
S3150800C13069766529000000005343414E000000005F
S3150800C140746F6F206D616E7920286D6178203429AF
S3150800C15000000000696E76616C69642063682028B7
S3150800C160302D32342C203130302D31323429000034
S3150800C1706D697373696E67206172672028312D3483
S3150800C180206368616E6E656C732900007363616E67
S3150800C1905F6E3D25752028726F746174696F6E2015
S3150800C1A066726F6D2053382900000000756E6B6E3D
S3150800C1B06F776E5F636D64004F4B00004552520007
S3150800C1C001020304050607084142430031323334AD
S3150800C1D035363738390000003031323334353637A2
S3150800C1E038394142434445460000000076F50100CF
S3150800C1F00300B9FFD2010201050123010400000072
S3150800C200C0C1000808000000C8C2000800000000FD
S3150800C21020C200080200000000000000C0175302F8
S3150800C22098C20008ECAFA81AD4300000000000003D
S3150800C2301800FF7FB425002000000000C0C70008D2
S3150800C2400000000068C20008ECAFA81AD43000004D
S3150800C250640064007C00FF7FB42500200000000015
S3150800C260C0C7000800000000FC4F01036CC70008A7
S3150800C2707440040112007017B42B0000000000007F
S3150800C28059FF000024420101F82E0000F84F01036F
S3150800C29000000000FFFFFFFFFC4F01036CC700080A
S3150800C2A07440040112002800B42B000000000000AE
S3150800C2B0590F00002442010168000000F84F0103ED
S3150800C2C000000000FFFFFFFF0C4002000180000095
S3150800C2D0FF400000204002000000000000000000AF
S3150800C2E030400700000000000000000000000000C9
S3150800C2F0000000000000000000400000A007000049
S3150800C30050400100000000005C40020000000000F0
S3150800C31000000000A840010007000000BC4004001F
S3150800C32000000000000000000000000000000000FF
S3150800C3300841040000480000FF4C000000490000C6
S3150800C340FF4D000020C0011000F8070020C0013092
S3150800C350FE01280024C00110FF00000024C001309F
S3150800C3600013000028C00800EC80B3034375405151
S3150800C370A00F00F830400000A8AA0700000000003F
S3150800C380000000000000000054C01400872130009F
S3150800C390F400E3E6DC02000086B7CFDCE300000029
S3150800C3A088C6020080040000BA14000000000F00CE
S3150800C3B02C004D007500AC00EF00D401D502E60351
S3150800C3C0BD05BF07F709A30DAD11D916C71DB626BA
S3150800C3D0CE31FF3FD039FF3FFF3F0000A8C0050020
S3150800C3E0BD4B721511A3180510325476980A000031
S3150800C3F000000000CCC00400FE01000000000000A0
S3150800C40001000A000100280008000101C407000015
S3150800C4101800010100FF0000200001010884000047
S3150800C42040400D0100003030000000001000000000
S3150800C430000000040FC08200000000200000000079
S3150800C440000000030000002000000000F47E140035
S3150800C450400C00008801000084401501000000001F
S3150800C460300309000000066200000000040A1422D6
S3150800C47032414A4F000000000000000000000000A2
S3150800C480000000000000000000000000000000009E
S3150800C490000000000000000000000000000000008E
S3150800C4A0000000000000000000000000000000007E
S3150800C4B0E0400111F8010000E040013101020000EE
S3150800C4C010410201331E0500000000001C410E0148
S3150800C4D000E0388F00000000FF0483078813C83A7D
S3150800C4E0FF06660CFF0483078813FF03BC200AF0C7
S3150800C4F0A3C95000D756A040D42D55559F826943ED
S3150800C500893B4000C003008058410201000000003A
S3150800C510FFFD0000644101010C0100006C410B01A4
S3150800C52000000040000000000000000000000000BD
S3150800C53000000000000000000101000000000000EB
S3150800C540000000000000000000000000A4410201F5
S3150800C5500000000000000000B0410C0100000000CF
S3150800C56058963FC0000000000000000000003C0094
S3150800C570AAAA0600000000000000000055555555FF
S3150800C580E70268800600C20000000000E4411001CE
S3150800C590E6E7FF0BCDA10A00BD066A005EB04D00B6
S3150800C5A07D02420EA5B62202FF25B234EA6B8F0041
S3150800C5B0B3000E00773A0E002FBFBB0015BA4C0F1A
S3150800C5C02206A704981DF92100000080000000003B
S3150800C5D02842040100000000601800400000000026
S3150800C5E0000000003C420101000000004442030133
S3150800C5F014000000000000000800050430430F0185
S3150800C600000000000000000000000000000000001C
S3150800C610000000000000000000000000000000000C
S3150800C62000000000000000000000000000000038C4
S3150800C63000000000000000000000FF581080010103
S3150800C64003000000388002010115100005000000F3
S3150800C6509C8003010000000070B8030070B8030056
S3150800C660A8800111F6010000A880013101420101EC
S3150800C670AC800111F6010000AC80013101420101D4
S3150800C680B0800201000300020003000298000302C2
S3150800C69000000000000C00044C040000D800020250
S3150800C6A0050040AA88010000EC000112E00F000016
S3150800C6B0EC0001320D205111F00001022333000075
S3150800C6C0000101021001000004010112000000002F
S3150800C6D004010132100100001001011200FF0F00D1
S3150800C6E010010132020000422C01011200FC1F0059
S3150800C6F02C010132AA008000400101023F0000001F
S3150800C7005001011200C000005001013262005100C0
S3150800C71068010202100006000020060074010102EA
S3150800C7206901100C7801011200001C007801013221
S3150800C7304004E0CF80010112790700008001013230
S3150800C74006000000880102029000000000000000B8
S3150800C750AC010112F8010000AC010132040001002D
S3150800C760B001010200020000FFFFFFFF14000000F5
S3150800C770222222000000000008C80008F0C70008AE
S3150800C780000000000800000000000000B80B0000D0
S3150800C7900101EE000115100A00C80008C4C7000808
S3150800C7A0000000000000000000000000B80B0000B8
S3150800C7B0000000000000000000000000100000005B
S3150800C7C00000000001000000C0175302050C00001D
S3150800C7D09E0100000000CC0101010505FA010101D6
S3150800C7E00605280201010606560201010706000091
S3150800C7F09859090098590900151605000000000007
S3150800C80004A5B4C3CD0000001429020000311100AC
S3150800C8100000010002640001012F0000070000006B
S3150800C82056636F6D00000000010100001E00000342
S3150800C830040404040404000102030000000901F0D2
S3150800C84048C90008000901F0FCC80008000901F001
S3150800C850B0C80008000901F064C80008000000001C
S3150800C86000000000CEFF84FEFF00CEFF0A00000095
S3150800C870F00094077D240500D300C8084A72050015
S3150800C880BA00DB07482C0500A6004F07B4FD0400D4
S3150800C89094007506A9AC04008500F4050178040027
S3150800C8A07600C004A6EE03004F00A5015B27020030
S3150800C8B01E0084FEFF001E000A000000F0001F088C
S3150800C8C045CA0200D400220AB0AD0200BA003809EF
S3150800C8D025B20200A500960703AA020090009F064B
S3150800C8E0609B02008100E1051E8902007300430572
S3150800C8F0987402004B005A011E7B01006E00A2FECE
S3150800C900FF006E001E000000F000C40B7391FEFFCE
S3150800C91088004606813600005B00C30357AF000057
S3150800C9203C0070022CC500002A00B6012DBC000090
S3150800C9301D001F0151A200001400B80083840000E6
S3150800C9400C003A009648000096001AFFFF00960071
S3150800C9501E000000F000671427ADF7FF5300870498
S3150800C9601126FFFF2E001902C2FBFFFF1E00500111
S3150800C970A92800001400D0008C3600000D008500A0
S3150800C9803C35000009005A004D2F00000500220022
S3150800C9906F1E00000B0000000C00000003000000E2
S3150800C9A00000202000000000020000003C3C3C0083
S3150800C9B00000000000000000000000000103100154
S3150800C9C0010903001E000000160000001A000000FE
S3150800C9D05600000000800A5013000000C4C9000871
S3150800C9E00000015B15000000D0C900080500000022
S3150800C9F00000000000C20100000200000010000054
S3150800CA000000000000000000000000000500000013
S3150800CA1000000000802500008002000000100000D1
S3150800CA2000000040000000000000000000000000B8
S3150800CA30B0010000080800200002100008210020AC
S3150800CA40B8090020000000010000010100010101F1
S3150800CA5020C001B86090A31AF26EEF0341082106C0
S3150800CA606310420AA518630EE720941249A9B5185F
S3150800CA70AC39F72251CA3929D55EAC39BDFB0F004E
S3150800CA8000B801B802B800B003040408080500009D
S3150800CA90C43B0000C80000008C3C00000C000000ED
S3150800CAA0703E000000000000CC360000F8040000CC
S3150800CAB09C3C000004000000783E000003000000D3
S3150800CAC014320000B8040000983C0000040000007E
S3150800CAD0703E00000800000000000000143200004C
S3150800CAE07C3E0000000000007C3E00003C00000088
S3150800CAF000000000703E0000CD2C0000E52C000070
S3150800CB00E52C0000E52C0000E52C0000E52C0000D3
S3150800CB100000000000000000000000000000000007
S3150800CB20E52C0000E52C0000E52C00001D31000076
S3150800CB30E52C0000FB2500000B260000B3260000AC
S3150800CB402B270000B527000049290000D52700003B
S3150800CB50DD2900002928000089280000FD2800009A
S3150800CB60412B00000D2C0000C92500005B2E00009B
S3150800CB7019220000792E0000FD2E0000E52C000089
S3150800CB80F52F0000C12F0000E52C0000E52C000061
S3150800CB9045300000E52C0000E52C0000E52C0000DF
S3150800CBA0E52C0000E52C0000E52C00001D13000014
S3150800CBB01313000056488068000200D4704780B5F9
S3150800CBC08020800253490860CF2000F0C9FA10205F
S3150800CBD051490968014003D0B849C8630220086072
S3150800CBE001BDF8B54D48816B4D4F802292033A60DE
S3150800CBF04C4E336840241D050BD41C402AD0012016
S3150800CC0003F085F8002825D08020C0058E490860E5
S3150800CC1020E0130BA0250D4002D10068C00601D5FF
S3150800CC203B6017E00A403FD18020884A1060884A56
S3150800CC301060194038D0364D287A400705D50120AE
S3150800CC40844908600002844908602878002801D0D1
S3150800CC50062801DB0020F2BD00F094FB71688968A4
S3150800CC604E682978052907D1E105B9606E60B6686E
S3150800CC70CC218901784A116000F08DFB012E00DA7B
S3150800CC800226BC2080058E490860942080058D49BF
S3150800CC9008606E480021C9430164714241648021DD
S3150800CCA0894A11600460D5E7A3480360FFF782FF4D
S3150800CCB00120F2BD18480168890504D5C06E000434
S3150800CCC0000F022801D0002070470120704738B5B0
S3150800CCD080245E48046000F055FB0500974800680C
S3150800CCE000F0C2F9280000F056FBFFF763FF08487A
S3150800CCF0007A000705D5A0000949086000F022FC63
S3150800CD0031BD60038C4908608D48046031BD000060
S3150800CD107C3E00001C1002A8440002A80C0002A8D1
S3150800CD20442002A8D03E0000FEB50400854D8C20A4
S3150800CD3080016860012684480660FFF7BBFF00286B
S3150800CD4026D08248007800287DD031020194052833
S3150800CD5002D022460A4076D1CC2292012A607C4A29
S3150800CD60126881231B02134001D0032301E05307F5
S3150800CD705B0F0C01022804D1022B62D336480460EB
S3150800CD805CE04D01032804D1022B5AD932480560CC
S3150800CD90F7BD042802D1114053D0F7BD052850D15C
S3150800CDA0019800284DD0C005C10F6846417001980A
S3150800CDB0C004C10F6846017000F0E4FA02906348A7
S3150800CDC0406869464978002903D006688021204AC8
S3150800CDD01160670495496A461278002A0CD0C26821
S3150800CDE00B68D21A924B1B683B4001D0066800E0DC
S3150800CDF04668964200DD1600684640786A4612780C
S3150800CE00024308D008684242B01E824202DA7042E3
S3150800CE10886000E00026029800F0BDFA01988005B7
S3150800CE2001D5984807600198054001D096480760E3
S3150800CE30002E06D0CC20800107490860B648046059
S3150800CE40F7BDFFF744FFF7BD4C6201A80CC001A867
S3150800CE5090E001A8C4D000A8145001A838B58024D1
S3150800CE608A480460012038490860384D2878052822
S3150800CE7002D06000A9490860FFF71CFF002812D0FD
S3150800CE802E480068000A80214140A868000EC9B2F1
S3150800CE90814208D22E4800684007400F022802D275
S3150800CEA0FFF715FF31BD9E480168C0220A4002D12E
S3150800CEB0C06F204001D00448046031BD082002A894
S3150800CEC008E001A808D001A894D001A80A0000D15A
S3150800CED0704780B51822514340180C304069002825
S3150800CEE003D08021090300F0DDF901BD38B500F053
S3150800CEF049FA04008B480568A86881782800FFF776
S3150800CF00E5FF688801210143698002208649086097
S3150800CF1086490860200000F03EFA31BD10B500F0E1
S3150800CF2031FA04007F4800688168C978FFF7CEFFA8
S3150800CF30200000F030FA10BD441002A818C000A85E
S3150800CF40100002A8106001A8C4E000A87C3E0000FA
S3150800CF50184001A8F1B582B00F00A020384003D1CF
S3150800CF6073480068C00603D580208000714959E0DF
S3150800CF7000F008FA00906B480468F80204D5A06827
S3150800CF800069029000F07CFB00F0D5FB80210903C4
S3150800CF90606800F087F926780020761C6178B1422F
S3150800CFA000D200261821714365180C3529780829FE
S3150800CFB0F3DA2670A56060492A780A70BA0507D59B
S3150800CFC0584800688068C068FA0201D40322904372
S3150800CFD08860012738400DD158480299426B891854
S3150800CFE00068081A56494018012803DB00F09CFC23
S3150800CFF001F01DF8F904686900F054F93C2000F0C6
S3150800D000AFF8F0B200F0ACF860884E490140618094
S3150800D010009800F0C0F93805464908604A48076094
S3150800D02038024A4908600298FEBD000048C001A8B7
S3150800D0304C0002A810B546480068800501D4FE20B9
S3150800D04010BDC02080034349086000F09BF93549AC
S3150800D05009688A78D20702D589688C7800E00C7846
S3150800D06000F099F9200010BD2E4909688A688B7866
S3150800D070DB0704D5927818235A438A180C32906035
S3150800D080704700004C1002A84C2002A894E001A8A2
S3150800D090F1B582B0304F3C680026200F000702D158
S3150800D0A0E00102902AE000F0C2FF00F06BF901905F
S3150800D0B080210903606800F0F5F825786D1C607812
S3150800D0C0A84200D20025E80020180C30009000681D
S3150800D0D00290802109030098406800F0E3F83D209B
S3150800D0E000F03EF8E8B200F03BF825700098A06022
S3150800D0F0019800F050F902A801F035F817480068C1
S3150800D100800407D5F86901F0A4FC02990818029072
S3150800D11000D502960298FEBDB03E0000146001A834
S3150800D12014C001A8D43E0000284000A8448001A8E5
S3150800D1300C0002A8442002A87C3E00009C3F000088
S3150800D1400010FFFFFEFF0000C0E000A8106001A865
S3150800D150440002A8441002A8D83E0000FC0302A816
S3150800D16045490968002901D5444908607047F2B560
S3150800D17082B0434CA168434D4A004ED501260901A9
S3150800D18000D521260100404A1068526800922A6894
S3150800D1909206920E23689B0080273B4013437A0031
S3150800D1A01A430192394F0A0026D0890601D5012073
S3150800D1B008E0F021014007D16946097A0C220A40A5
S3150800D1C002D0022000F042F8396EBC229200914249
S3150800D1D00DD12F490968C90309D52168490306D520
S3150800D1E02168090701D4022100E00321009148368D
S3150800D1F0019A3968890002E0019AB96B0909402346
S3150800D200194011439A00009B002B02D013432B664A
S3150800D2100836296602432A662E66E86D45076D0FAD
S3150800D22000F09AF8A8070BD0052D09D0A0680004CD
S3150800D23006D400F0A7F80221164A116000F0ABF8F0
S3150800D24000F093F8002000F001F8F7BD0E490A68CF
S3150800D250F0239A43000110430860C0B2704780204B
S3150800D260C0020D490968890701D10C4900E00C493B
S3150800D2700860704700000000500002A8884000A817
S3150800D280480002A8284000A8783F0000184001A8D6
S3150800D290D03E000024D50350844000A8486000A86A
S3150800D2A0485000A880B5494A116001F0FDFBFFF718
S3150800D2B0D6FF01BD70B500F065F8454A454BD16803
S3150800D2C08C0819002140D1246400D52901D2D52122
S3150800D2D002E0A14200D921000D0046352D041E04A6
S3150800D2E02E400D00463D2B4033431360C0221206E4
S3150800D2F0394B1A60394A137C002B0AD0384BD5298A
S3150800D30002D98025ED051D60A14202D2802424069B
S3150800D3101C600023334C23605388002B00D11180F6
S3150800D32000F039F870BD80B52F483049086030489C
S3150800D330C1680902090A19225143416005210160A1
S3150800D340FFF7B8FF01BD2A480068C00300D470473C
S3150800D35080B5FFF7AFFF01BD8020C0021B490860FA
S3150800D360244800684007FBD470478020C002224941
S3150800D3700860704701E021490860214909680140B1
S3150800D380F9D170471F48006820211F4A11601021F3
S3150800D3901E4A116070473021014002D110201A49F7
S3150800D3A0086070471748006830210140102901D1EC
S3150800D3B00120704700207047154801210160C160AF
S3150800D3C0704701201349086070470000441002A8FE
S3150800D3D07C400050FF010000A0600050843F000020
S3150800D3E0A450005018E000E07F1A0601540002A875
S3150800D3F010E000E0440002A8442002A8282002A861
S3150800D400280002A8600002A8602002A8601002A8EE
S3150800D410789001A884A001A8F8B54C488021490253
S3150800D420C16102214A4A516000214A4A11604A4AAA
S3150800D43011800321464A11600221016000204749F4
S3150800D4400860202046490860802046490860CC20AC
S3150800D4508001454908600124444804603D48806FBE
S3150800D46000900F26070B374041480068C505ED0DAB
S3150800D470103DC0202843C0B2FFF772FE3548006948
S3150800D480800303D5092F01D001F060F90098064002
S3150800D4900096384806680098032803D0022806D163
S3150800D4A0032F32D000F0B0FA0098032803D0062FD5
S3150800D4B02BD1062D29D030480068C00B204001D05A
S3150800D4C001F024FCFC2080010068000108D5052D28
S3150800D4D006D10125294804606005FFF74BFF00E0E7
S3150800D4E000253100380000F0E9FA0600002D06D0C4
S3150800D4F000F098FC22480460022022490860600572
S3150800D5001F494865800920490860114821040162BD
S3150800D510002F08D10221416000200E490861C02071
S3150800D520C000114948643000F2BD80B5FFF714FF0A
S3150800D53016480078800602D4022015490860FFF7CD
S3150800D54014FF01BD02201349086070472C1002A879
S3150800D550282002A8380002A8B43E0000B03E000009
S3150800D56094E001A80CC001A8146001A8C4E000A8B2
S3150800D57004ED00E0B44000A800E200E0645000A812
S3150800D580646000A82C4000A880E200E0D03E0000BD
S3150800D590081002A8082002A870B5794C794D802693
S3150800D5A0760179480068304005D06660062001F0AB
S3150800D5B07BFC6E6004E06E60062001F075FC666018
S3150800D5C03D20A060702129600F222A602160A86092
S3150800D5D070BDF8B56C4C8025ED028D4E6F097068EC
S3150800D5E0384002D16068800529D58A480068C00499
S3150800D5F005D4FFF7C7FE88490D60FFF7CCFE7068B3
S3150800D6008649014090204001084370608448854956
S3150800D6100860002060607068384002D1F020800001
S3150800D6206060706807402AD07A480068C00726D527
S3150800D6307D480078800722D401F03EFC1DE0306862
S3150800D640C0071CD5AE0973480068304005D1FFF7FE
S3150800D65099FE71490D60FFF79EFE7448FF21FE3161
S3150800D6604160F12149026F4A116021680E4001D0DC
S3150800D670822100E0C32149020160FFF78DFFF1BD59
S3150800D68080B568480121624A12680A4006D0684A8D
S3150800D6901268920501D4CA0202608160C021416005
S3150800D6A05C480068C00407D4FFF76CFE8021C902F5
S3150800D6B0BB4A1160FFF76FFE01BDF8B5554804680F
S3150800D6C05C4D8027022634420AD092480068E02141
S3150800D6D0C900014004D02F600420686101206861F8
S3150800D6E0FFF750FED021C903214007D18A490968AE
S3150800D6F0314003D1894901224A600E60210507D5C8
S3150800D7002F6004216961C2490D220A600F220A604E
S3150800D710FFF741FEF1BD80B5FFF734FE0121804ACF
S3150800D7201160804A0223136051600021B94A1160D2
S3150800D730FFF731FE01BD90480068C007FBD4B64824
S3150800D740042141618021016070478C4908680122E3
S3150800D750104200D1704710B5E023DB000340FF24D8
S3150800D760A41CA34207D3AD4B9C6BA40602D41B682A
S3150800D770DB0600D54868024001D000F001F910BD6B
S3150800D780A82102A8A81102A8AC0102A8F8B5C821C8
S3150800D790844A11600621844A116080214903834A1C
S3150800D7A01160834C8909216082490A684B691C25E6
S3150800D7B01D40102D01D1012300E00023050007209C
S3150800D7C0824313430B6028688E490F68874200D34B
S3150800D7D00700C01B28600121280000F08AFB06000C
S3150800D7E02868C0192860FFF768FF8D480168C906D0
S3150800D7F003D584208000E06107E095490822006887
S3150800D800104001D00A6000E04A603000F2BD000016
S3150800D810EC0002A8500002A83850005AFFE3FFFFA8
S3150800D82000FEFFFFAC2102A8843E0000AC1102A84E
S3150800D830B00102A8841102A8F1B586488649086095
S3150800D8408020C00185490860854C0827A765042003
S3150800D850A0650125834805601D20A062824EE93037
S3150800D860B061072001F020FB0220A06210216C4A5B
S3150800D87013680B4003D022007C4B23600AE00D237B
S3150800D88012683A4003D032001032A56502E0320031
S3150800D8901432A0651360764A1268002A00D4B7616C
S3150800D8A0744A3260C022D200734B1B68F824E40124
S3150800D8B01C4001D1F26201E06A4B5A616F4A126854
S3150800D8C02A4007D075666E490968890503D481021E
S3150800D8D0F16500E0716361490A6C2A4008D0496B1A
S3150800D8E0C90705D467490968084001D101F01CFB3E
S3150800D8F00020C04364490860584C606B054001D15C
S3150800D900FFF7DBFE009801F0BDFA606B8001FCD4DE
S3150800D910F1BD0000980102A800400C5000500C50C0
S3150800D920982102A800600C50F8B54C4F786BC007D8
S3150800D93001D4FFF7F0FE4B4CB72040002060534D52
S3150800D94003262E634B48A8660020E061504908600C
S3150800D9500D2033490968090701D5A86700E0E8677B
S3150800D960FFF78EFE1020E0612E600C2028638020D1
S3150800D97000023860F1BD00009C0102A8883F000043
S3150800D980F0210901434A1160014043480160202003
S3150800D9904249086042490968084042490860704798
S3150800D9A03860005A548001A80C9001A8982002A853
S3150800D9B0A41002A8740102A880B53B483B498268B6
S3150800D9C00A4002D1C268114001D0224901602648A6
S3150800D9D00821374A13680B4000D081611178C906BF
S3150800D9E002D5862109010160FFF7AFFE1420FE214A
S3150800D9F089010860BA480168490701D0FF214161D9
S3150800DA0001BD00009C3F000012481349086070479A
S3150800DA1000100C5000000C50842102A80C0002A82B
S3150800DA20FC0302A82348006823490968890F890767
S3150800DA300CD0AC490968C90708D5AB4980229203BE
S3150800DA400A60B64B1A60104000D00A6070470000A2
S3150800DA50601102A801200000706201A8100002A847
S3150800DA60C01002A8682102A8501102A8FF030000EE
S3150800DA7028C000A8043E0000A88001A8EC0002A85F
S3150800DA80B00102A8843E0000B46000A8E82002A8FD
S3150800DA90C00002A8586001A8585001A8482002A84A
S3150800DAA0184001A8481002A8704201A8008000800A
S3150800DAB0F84F00004C4001A84C4201A8F0B587B0C9
S3150800DAC005000C0096480068400102D52000402455
S3150800DAD004439448006805909348C66AFFF752FCC9
S3150800DAE00690B00503D591480068FFF7BDFA0020F7
S3150800DAF0019001237006C00F02908D4A916800209C
S3150800DB009060B82040008B4E30606608B8203040E0
S3150800DB101278F0261640402E02D10200402010430B
S3150800DB200D2D02D10A00042111434A0704D502002B
S3150800DB3014201043102294437F4A12686D462B70B6
S3150800DB40D20506D5802252007C4B1A6002000120BD
S3150800DB501043029A002A11D10C220240082A0DD03D
S3150800DB600200714B9B6BDD0601D41025AA439B0668
S3150800DB7001D420239A43B12313404FD06A46127822
S3150800DB80002A4ED0A54A956B966D01236D076D0F39
S3150800DB90AD1DAB40F504ED0C5B1B9BB2082B09D2FF
S3150800DBA080200623604D2B6043029D4D2B60002389
S3150800DBB06D462B708123034036D00823029D002D25
S3150800DBC000D113620D000821294310239C43042326
S3150800DBD01D05984E3560DD04434E35606D462D783B
S3150800DBE0002D1ED0062B24D34D4DEE6CF60620D5FF
S3150800DBF0914E3668360E01966D69ADB28E4EF66B4D
S3150800DC00360603D02E0080256D01354315612D1289
S3150800DC101561494A1268D50592D40AE008227F4B55
S3150800DC201A620491009031E030A34506ED0E5B5D63
S3150800DC30D4E7049100903C48026B7F490968774D08
S3150800DC402E686F463E81282616401E43930CDB013C
S3150800DC5033431600120E3240102632401A4389000A
S3150800DC6040231940114302AA9170406B000A02A989
S3150800DC70C870FFF7DFF902A90871019848716F4863
S3150800DC800068C8800298E8660398E8660698FFF771
S3150800DC9082FB600602D50820664988600498C1B2EE
S3150800DCA00098C0B2FFF763FAFFF7BCFEBC208000FD
S3150800DCB061490A6E824207D1059AD20301D4086ED9
S3150800DCC00BE05F4A5F4B1A60096E814205D10598E1
S3150800DCD0C00302D55C4800688047200007B0F0BD45
S3150800DCE00C4000A8384301A84C5001A803010706B8
S3150800DCF003010706050106060501060603020706CF
S3150800DD00030207060502060605020606081A03D2D6
S3150800DD104E4909684018401C704700004C6001A82D
S3150800DD20084000A8D03E0000180002A81CC000A8A1
S3150800DD30783F0000B46000A81C0100AA1C2100AAB4
S3150800DD40F8B5434E0F24012542491027B06B3840D9
S3150800DD501BD0012008704048006840490968FFF751
S3150800DD60D5FF3F490968401801284BDB01F09EF9A9
S3150800DD703C490968090B0C40022C41D1A9053A4ACD
S3150800DD8011603A490F6435603AE0306CC0001ED520
S3150800DD9037480068E0218905014033D0314D2868AD
S3150800DDA021030140780281422CD1FFF7EBFA314A70
S3150800DDB031490968C90502D53049096811602968D9
S3150800DDC0090B21400229F3D0FFF7E5FAF1BD2C4EE5
S3150800DDD03068002816D00D7001F054F8002811D1CB
S3150800DDE001F064F91F490968090B0C40022C07D198
S3150800DDF029041D4A116002211C4A11600021316064
S3150800DE0001F058F9F1BD802080041E49086070476A
S3150800DE10802040041B49086070470000540000AA8F
S3150800DE20141100AA18480168490701D0FF21416169
S3150800DE3070470000441002A8184001A8448001A8B1
S3150800DE4008000400482002A88C3C000038C001A83D
S3150800DE50100002A8B63E00001CC101A820C001A8F7
S3150800DE60F03E0000B00002A81C1002A8082002A874
S3150800DE704C4001A8800000AA084000A8904000A8CD
S3150800DE809C3E00003C2002A80C4000A8F0B580206B
S3150800DE90000208217B4A11600A227B4B01210124DA
S3150800DEA0944004438AA5AD5C25431D60F025774E52
S3150800DEB03560744D89A6B65C022737432F60042661
S3150800DEC02E60734D2D680D4001D00220F0BD1D6CEB
S3150800DED02D03FCD41D6C5E6C6D036D0BAE4200D237
S3150800DEE02000521EDBD50822684C226018600020EC
S3150800DEF0F0BDF3B581B00600FFF70DFC6548006874
S3150800DF0000906548006863490860644D3068296870
S3150800DF1047180024012F12DB00F04FFDC001381A04
S3150800DF2001280CDBFFF707FC00F081F83068296848
S3150800DF30401800F0A7FF050001D0346072E0584F82
S3150800DF408026B6003E605748006F07282CD005216A
S3150800DF500840052806D0534801670C2000F0A4FFA6
S3150800DF6005005FD1504DFF207A3068620420A86210
S3150800DF70FFF7E1FB02202860E020C0044B49486017
S3150800DF803004786002203860012000F08DFF6E6250
S3150800DF90022000F089FF700068620820A86202204B
S3150800DFA000F082FF0220A8626846007A002805D0A1
S3150800DFB03C480068C00701D5FFF70BFB3C4EE02044
S3150800DFC040003060042000F06FFF050024D10220D5
S3150800DFD0364908608002B062C001B062354F102031
S3150800DFE038600120F065402633480068304003D188
S3150800DFF0FFF74CFF05000FD101203860FC670220AF
S3150800E00000F052FF2D4C2660B0002060022000F080
S3150800E0104BFF8120C002A06227480068800101D416
S3150800E020FFF791F900981B4908602800FEBD70B5F6
S3150800E030FFF771FBFFF77FFB02241E480460204EA2
S3150800E0400820B062C0017062012000F02DFF250291
S3150800E050756234600620B0621A487062E02040009B
S3150800E06016490860114E3460FFF776F916480078AD
S3150800E070002800D0052015490860FFF776F93560B5
S3150800E08070BD0000889001A84C8001A888A001A84E
S3150800E090140002A8780102A8F80302A8D03F0000DD
S3150800E0A0981002A8EC0002A85C1102A8982002A801
S3150800E0B02C9001A80C8001A8500002A82CA001A849
S3150800E0C05C2102A8F9610000703F00005C0102A80B
S3150800E0D000000001010202020808100050505040DA
S3150800E0E04030303030202000F8B504000F00444D91
S3150800E0F0A878FF2801D12E880FE0424800688001E1
S3150800E10008D4FFF73FF9404909684905CE0DFFF7DE
S3150800E11042F901E03D4806882E80E92E01D2E9261B
S3150800E12004E0CC204000864200D906002000397859
S3150800E130814200DA080001217A5601005143022281
S3150800E140BA5E891841430420385E081830497118A8
S3150800E15048438015001901D50020F2BDE9788142AF
S3150800E16000DA0800F2BD38B5040010202949086015
S3150800E170FFF7E1FAC020C00027490968F822D20152
S3150800E1800A4001D1254900E0254908602548C821EB
S3150800E19081640A21016024488021490301608909B4
S3150800E1A0C160224801684269E0231340802B01D1EF
S3150800E1B0012200E00022072399430A4302601C4813
S3150800E1C00068C821C90145182068854200D30500A2
S3150800E1D0401B206000212000FFF78BFE21684919AB
S3150800E1E0216032BD802000011249086000031249EF
S3150800E1F0086002201149086011490860704700004C
S3150800E200F83F0000500002A888400050843F0000F4
S3150800E210D6FEFFFF984101A8AC8001A87C1102A890
S3150800E2207C2102A80C8001A8981002A8740102A8F3
S3150800E230983F0000441002A8442002A8F41302A83C
S3150800E240685000A8F1B584B0BD4800680190BD4883
S3150800E250C068C821C90140180499884204D2081A1E
S3150800E26000F010FE002803D10124C94D686820403B
S3150800E27000D0BAE10420C749C8628003C64988624B
S3150800E280C6480668A86B8007800F009067040328B5
S3150800E29003D01020BF49C86222E008468762E96BAE
S3150800E2A0890601D5012041E0310610D5E96B8907B9
S3150800E2B00DD4CF4905220A60EA6B10231A400223BF
S3150800E2C013430B6000220A60AA6B120A0A60042133
S3150800E2D0C162E86B002803D5AE488762002000902B
S3150800E2E0A86B400704D5A86BC0002102084003E0CC
S3150800E2F094480068204201D0FFF742FB264009D027
S3150800E300BC48009989014018006AC004C00C401E28
S3150800E310B9490860C0208000B849486500990902D3
S3150800E320B74A1160B54B986551600020296C942254
S3150800E33092050A40160000D001263043000635D063
S3150800E34096483021405CC0210140402902D1FFF7A0
S3150800E350ECF801E0FFF7F6F820202860360600D131
S3150800E36043E1B54FA74EA86B40070CD5A0038A49D1
S3150800E370886240028749886234600220386000F06B
S3150800E3803BFA00280BD004208249C8624002824921
S3150800E390886200037F4988620220306038607F48BF
S3150800E3A00078000600D420E1E0041CE168682040FB
S3150800E3B000D01AE17848C762FEF7CEFF8E48406E55
S3150800E3C0296C090408D4C00606D5FEF7DBFF02212E
S3150800E3D09A4A1160FEF7DFFFFEF7C7FF20032860A1
S3150800E3E0974EC02000063063200496490860A86B43
S3150800E3F04007C10F68460170FEF7C4FF92490C60DA
S3150800E400FEF7C9FF914F9248B861686B000206D5BE
S3150800E4109048801C0068E1055E4A916201E049481F
S3150800E420806C296CC90208D5202806D976A1019ADC
S3150800E430520700D4891DFFF757FE0100854A107060
S3150800E440002809D041091F221040062904D9400096
S3150800E4502043202800D31F204A01024348021043C4
S3150800E460306001217C48C26F7C4B1343C3677466D6
S3150800E4708022F2620822734B1A66019AD20603D5E5
S3150800E480AA6B920603D403E0019A120700D400216E
S3150800E490AB4A3A60FC223A6100290BD039003C317C
S3150800E4A00291284A116DD36C664DEB66526E2B4667
S3150800E4B0DA6709E0390040310291224B996D614AC9
S3150800E4C05D6DD5669B6ED3670268FF239A43114339
S3150800E4D00160A020C0003063052000F0E5FC04259B
S3150800E4E00198284001D0802000E040200299086069
S3150800E4F002203063062000F0D7FC08203063052090
S3150800E50000F0D2FC34632002B864042000F0CCFC8E
S3150800E51064027460022000F0C7FC84208000306327
S3150800E520022000F0C1FCFC61062000F0BDFC029848
S3150800E5308449401801990D4006D0202105E000BF06
S3150800E540FC0302A88C3F000010210160062000F0A1
S3150800E550ABFCB4640020C0432849086000F02DFADB
S3150800E5607949401DC001CA6886189E4F60017C6FB4
S3150800E57004409D4A10609D4D0498864211D2C96890
S3150800E580401A00F07FFC00280AD02C602DE000BF5E
S3150800E590100002A81C2002A81C1002A8D03E0000E9
S3150800E5A0049E012000F080FC802040002549086078
S3150800E5B0300000F067FC8E4E68460078002805D1CA
S3150800E5C038687062802000048A4908602C606846B2
S3150800E5D00078002809D0012000F066FC3078000693
S3150800E5E003D5802000039B49086005B0F0BD00BF35
S3150800E5F0E40000AA0C0000AA204000A8B46000A805
S3150800E600085100A8F41302A8C0350C109E8DAF1B44
S3150800E6103813460D80B5FEF7B5FE8F4900220A600D
S3150800E6200A22CA61FEF7B7FE8C48832109040160F5
S3150800E6308B49416001BD0000685000A824E50350DD
S3150800E6403C1102A8B81002A800500C50242102A8B8
S3150800E650FF0E0000FA3F0000280102A8FF3FFF3F17
S3150800E6608048806B800300D47047F8B57E480468FC
S3150800E6707E4D0826E00629D57A48806B800627D481
S3150800E680280048300090012000F00EFC002778484A
S3150800E69007607848066078480068C00403D477485D
S3150800E6A000683040FBD0022000F0FEFB842080008A
S3150800E6B06865022000F0F8FB7001714908600420C3
S3150800E6C000F0F2FB600706D5202005E03442D7D1DA
S3150800E6D028004C30D6E7102000990860FEF752FE55
S3150800E6E00121684A1160FEF756FE0220686500F0AF
S3150800E6F0DBFB09206865C02000066865022000F07B
S3150800E700D3FB00980F494018610701D5802100E026
S3150800E71040210160A020C0006865082000F0C4FB05
S3150800E720B001E8662E60E020286557480760476014
S3150800E730B0024C490860000154490860F1BD000068
S3150800E7403F3F000000F0FFFF8C3F0000F8B550483F
S3150800E75000680D2707400424002F00D104274D48E0
S3150800E7600225102608214C4A4C4B1B682340126888
S3150800E77018D04260394005D00220FEF767FD6003D5
S3150800E780474908603C4007D0464800680643454864
S3150800E7900660280342490860012043490860434847
S3150800E7A0056018E00260394005D00220FEF74EFDEC
S3150800E7B0A0023B4908603C4006D03A4801680E432F
S3150800E7C006606802364908603748056037480560BC
S3150800E7D0A8062E490860FFF743FF00210020FEF730
S3150800E7E0C6FCF1BD20C001A894E001A894D001A8F8
S3150800E7F0D03E00001C1002A810B580202C490A68DB
S3150800E80002400AD02B4B1A680624144005D15C6EC8
S3150800E810294A22401B6D9C0101D5002010BD0968BC
S3150800E82008400DD02548824203D1180501D501209C
S3150800E83010BD23480068C107C90F481E8041C00F94
S3150800E84010BD204803210164A821C163102101607D
S3150800E850704700001C2002A8D80000AA442002A87D
S3150800E86004000080100002A8FC0302A8182102A8D0
S3150800E870B80002A8106001A8D84001A8104001A855
S3150800E8806C1102A800600C50A00102A8482002A83A
S3150800E890B44000A8F83E00001CC101A8480002A820
S3150800E8A0441002A8783F0000F41302A8685000A894
S3150800E8B0440002A814C001A81F1F0000010C000094
S3150800E8C030C101A8082002A86C4800680121084246
S3150800E8D009D16B4A12686B4B000C1840F032914014
S3150800E8E00B40984201D00220704700207047F8B5C7
S3150800E8F007000F386A461080604CE0680A0004D1A9
S3150800E9006B461B8882B29A423AD200226B461A801C
S3150800E910012502263A0013D02268324007D0002982
S3150800E9202ED059480088401C5749088000203900D5
S3150800E930216156490E6080B2B84201D369460D80FE
S3150800E9405348456000E030BF2068304003D1FFF7E8
S3150800E950BBFF0028F7D04D484560390010D0216824
S3150800E960314005D048490A886B461B88D2180A8068
S3150800E970066000202061E068B84201D2444806607B
S3150800E980FFF7A2FFF2BD38B5050000F08FFB0400C3
S3150800E990012199204543A8093E4A12688018123871
S3150800E9A080B2FFF7A4FF05008020C0013A4908603D
S3150800E9B0200000F07FFB280032BD33480388354924
S3150800E9C0096802889342F9D1100408187047FEB501
S3150800E9D01238070C6946088000F068FB0190274C3E
S3150800E9E0294D2888B8421ADA01202C490860274E92
S3150800E9F030BF02202168014006D030604003264916
S3150800EA0008602888401C2880FFF75EFF002802D18E
S3150800EA102988B942ECDB0121716000280DD12888CC
S3150800EA20B8420AD1E06869460988884205D20021B9
S3150800EA3068460088FFF75BFF01E0FFF745FF040023
S3150800EA408020C00114490860019800F033FB2000BB
S3150800EA50FEBD10B512490A680E4B1B680C68944235
S3150800EA60FAD0DB014033141A02D288692418641CD0
S3150800EA700C4800684443181B10BD0000280002A873
S3150800EA8004ED00E0FF3F0000B43E0000282002A885
S3150800EA90281002A8340002A880E200E02C1002A880
S3150800EAA020C001A8A83F0000F0B502E00A601C607B
S3150800EAB02E607EC84F1C07D05F1C04D06F1CF5D192
S3150800EAC00A601C60F0BD0A60F0BD000080B5FEF764
S3150800EAD0BDFB01208249086001BD38B581490C6833
S3150800EAE0082581490D60FFF7F1FF2C4001D07F48CA
S3150800EAF0056031BD80B5EB2000F001F801BD30B5E9
S3150800EB00FE2189010B6818401022134210D0784B59
S3150800EB10784C2468224008D0774A14682402FF25D6
S3150800EB202D0225401D6300241460802252031A60BA
S3150800EB30086030BDF3B5010016001C0000250095DD
S3150800EB406E48019A330000270BE0BC464F5D4743E9
S3150800EB50AE009E597E40575D474337406646374369
S3150800EB606D1CA542F1D3390939438A080A4351086D
S3150800EB7011430840C10901430F208A0B0A4302408A
S3150800EB805040F6BDF1B582B00E0000205A49086023
S3150800EB905B4DEF7AA87A01900F21394000910ED08B
S3150800EBA00B46584A58490298FFF7C4FF0199014095
S3150800EBB051480160994841439948084001D10124C8
S3150800EBC000E04401380915D032003B0929000298B3
S3150800EBD0009E6D7A75194019FFF7ACFF0199091166
S3150800EBE00140454802680B0113430360002901D020
S3150800EBF0480044438B480068204001D10420FEBDEC
S3150800EC000020FEBD80B50A00002111808649528881
S3150800EC108018FFF7B7FF02BDF0B50F22834B5C796A
S3150800EC2005780F202040C5402009284001259C79F9
S3150800EC30C4402C4001D10320F0BD2E4C2468254049
S3150800EC4008D07B4D9E684700F65B761E2E608026B0
S3150800EC50B601EE60DD78DE79C640F00711D5E0062C
S3150800EC600FD5002D0DD0734848600888488008885D
S3150800EC701C7800192A4080185A7880182A098018A2
S3150800EC8000E0002008800020F0BD80B56A480168D1
S3150800EC906A4A0820014200D09061C90602D5862139
S3150800ECA0090111606649674A1368034005D0664B37
S3150800ECB01B689B0F9B0700D008600E480078C0238E
S3150800ECC0034002D1802040050860106820221040C9
S3150800ECD008605E480068C00101D4FFF70BFF01BD5C
S3150800ECE02C4000A84C4000A84C6000A84C5000A836
S3150800ECF01C1002A8D03E0000A03E00000101010140
S3150800ED00503F0000083F0000483F0000F8B5504B50
S3150800ED10586F9E6F06404F4830404F4908604F4F26
S3150800ED2002200021012234041FD500923C7E002CCB
S3150800ED3007D13C695C60FC687D6964191C603A7699
S3150800ED4006E0FC685C603C697D6964191C6039767C
S3150800ED507B7E002B00D000917976009B002B04D097
S3150800ED6004233F4C23603F4B186004053E4DF302D5
S3150800ED702BD53B681F0605D53C490968A9602A704A
S3150800ED80A88016E0134203D03948A860AA8010E08C
S3150800ED90D80610D52748A860364A907803071B0F6F
S3150800EDA012789A1800091018A880E980A8880028FF
S3150800EDB009D0264309E0580604D5281D2E490968B6
S3150800EDC08847F3E7A980FFF795FE264024D0224E10
S3150800EDD074603460294FA88800280BD039688142AE
S3150800EDE008D3291D2648AA6890470100F3D0FFF7E3
S3150800EDF06DFEF1BD01000CD0FC218902F1611949B3
S3150800EE0002038A6634600C653A68824204D3CC648D
S3150800EE10F1BDEB20FFF773FEF1BD000011110000F4
S3150800EE2021840000043F0000283F0000583F0000EE
S3150800EE30204000A811210000F84F0000502102A828
S3150800EE40481002A8184001A84C4201A8D04000A8C2
S3150800EE50404000A8FFFFDFFFB46000A8D03E0000D6
S3150800EE60F41302A8685000A8A43E00009C3C0000C9
S3150800EE7025210000593F0000983C0000D44000A816
S3150800EE80D84000A810B5C409FFF797FD201A312805
S3150800EE9006DAC000183801D4C01EFDD5002010BD02
S3150800EEA02000FFF794FD10BDC32148436F3801D4F5
S3150800EEB01E38FDD50020704752480121017052497D
S3150800EEC00A684260496881605049E02252010A6036
S3150800EED0802292004E4B1A60FD224A604D4909680D
S3150800EEE001614D494D4A11608121C9004C4A1160A2
S3150800EEF04C490968C16007204B49086002204B4904
S3150800EF00086070473F48017800290CD00169414ADA
S3150800EF10116000210170C168424A11603A4982684D
S3150800EF204A60406808607047FEB5C020C004404982
S3150800EF300860404C404860654048A0651020FFF7CF
S3150800EF40B3FF00285CD1FF2000053D4908603D4815
S3150800EF503D4908603D48206080256D0338480560B6
S3150800EF603B4807680820FFF79FFF002848D1082676
S3150800EF70384806600120FFF797FF354880680190FA
S3150800EF8035480660354820602D4805600820FFF79B
S3150800EF908BFF002834D12F4806600120FFF784FF35
S3150800EFA02B4DA86800902C4806602D4820600199D2
S3150800EFB0009800F05FF80004FC26B60306400198A6
S3150800EFC0C10B0098C00B00F055F80106FC2080051F
S3150800EFD0084030432349020C4A40FF239B1CD218A1
S3150800EFE01140014321602F60802000031449086006
S3150800EFF01D481E4901601E494160FFF783FF002036
S3150800F000FEBD0000883E0000AC0102A8AC1102A8B3
S3150800F010B02102A8F00002A8083E0000F02002A8CD
S3150800F020F01002A8704001A8706001A8705001A8ED
S3150800F03020E000A84C0102A857140000FF3FFF3F3C
S3150800F040B42002A80000380EB41002A81010303000
S3150800F050104101A8105101A8106101A83030101004
S3150800F060202020203F3F0000A02102A8F703F0003F
S3150800F070FF3F000010B54904CA104004C310991A8E
S3150800F08000209A18D30F9A18521052188B115B0E3B
S3150800F0905B18DB11D2182023541A01D42200184316
S3150800F0A0CC0F611849105B08F6D110BDEFF310803C
S3150800F0B072B67047002800D162B6704780B5FEF771
S3150800F0C0ABF9A548006800030CD4FEF79DFCFFF7D2
S3150800F0D0C7FAFEF729FC0120FFF79CFAFEF7A7FFFF
S3150800F0E0FFF710FF80208005FEF744F901BD80B5C3
S3150800F0F0FEF792F980204002FEF73CF901BDF8B50B
S3150800F100FEF72AF9844D05206865FEF72EF993481F
S3150800F11006680124264201D1FEF7FDFA6003C021E4
S3150800F12089018F4A1268D205D20D012A00D108003A
S3150800F1308C4A11602860E0058B490860FEF76CF977
S3150800F1408A4801680091406889490860B005C70F78
S3150800F150884D00202860380004D031000098FDF75B
S3150800F160F9FE00902868204005D16846FEF70EFB98
S3150800F17000280BD107E0002F05D07F480068204003
S3150800F18001D0FEF726FA0098FEF756FB764804608B
S3150800F190022096490860C820C0049F490860600498
S3150800F1A0FEF7E8F8F1BDF8B59C4F9B4C01259C4845
S3150800F1B09C490968014081420FD19B480068284054
S3150800F1C00BD09A4801689A4805606805E063B863F9
S3150800F1D0014000D1E06397480560974E306CC00542
S3150800F1E006D580200006306000BF00BF40083060AA
S3150800F1F0FEF7E2FBFEF710F9280320603860FDF7FA
S3150800F200F0FC0400A848A9490860A804FEF7B2F86B
S3150800F210002C01D080203060A5480570F1BDF8B5F6
S3150800F220FEF7FAF8FC27BF0138780521014002D01D
S3150800F230FEF77BF901E0FEF785F97F4C01250226EA
S3150800F2403868304000D025601020C04399490860CE
S3150800F2500020E06398490860FEF77EF89748006842
S3150800F260216C090407D4000705D5FEF78BF89449E5
S3150800F2700E60FEF790F8FEF778F8FFF706FD91485E
S3150800F280006805400CD0802000068F4909680140B7
S3150800F29006D08E490968084002D10D20FFF71DFCEB
S3150800F2A0B004FEF767F8F1BD80B5FEF7B5F82A4851
S3150800F2B00068000303D4FEF737FBFEF7B8FE80208C
S3150800F2C04003FEF757F801BD38B5FEF7A5F85A4CC6
S3150800F2D02025FFF791FA002806D0606B000704D5B1
S3150800F2E0FFF7AFFAFEF77EFF2560FEF71DFBFEF778
S3150800F2F09EFEFC20800100780C210140042902D1E1
S3150800F300FEF713F901E0FEF71DF96804FEF732F877
S3150800F3104020206031BD0000081102A880B5FEF724
S3150800F3201BF80520BE490860FEF71FF8FEF774F8BB
S3150800F330FFF787FAFF208001006800906846FEF70D
S3150800F34012FF002802D10098FEF77CFF80204004B7
S3150800F350FEF710F801BD00000C0002A8440002A840
S3150800F3603C8001A8082102A8442002A8AC3F00005E
S3150800F3709C3E0000843E0000EC0002A8F8B5FEF7AB
S3150800F3804BF8A84CA56A5020284002D0FEF7CDF8C5
S3150800F39001E0FEF7D7F8284FFFF72EFA00281BD111
S3150800F3A0B86B40071DD4786BE0214901014018D19C
S3150800F3B0A80611D4FDF7D0FFA56A9B4E354207D0A3
S3150800F3C0FF20C0432D18A5628020000597490860D4
S3150800F3D0FDF7CBFF2E4002D00120386001E0002067
S3150800F3E0206080208004FDF7C5FFF1BD305201A8DA
S3150800F3F080B5FEF711F8BE480068C00501D5FEF7CE
S3150800F40093FA0120FFF706F9FEF711FE8020C004E3
S3150800F410FDF7B0FF01BD0000106001A8145001A857
S3150800F42040000800D03E0000884101A84C4001A8D1
S3150800F430405101A8406101A8100002A810B5FC209F
S3150800F44080010468FDF7E8FF79490968090326D4AD
S3150800F4500321C00601D5214001E0A0080140012989
S3150800F46002D1FEF762F80BE0200107D50E20FFF760
S3150800F4702DFBA0480421016008210160FEF762F80F
S3150800F4809D4801699D4A11600068002807D0400020
S3150800F490122802D2FFF708FD01E0FFF774FA802070
S3150800F4A08003FDF767FF10BD70012000B46000A857
S3150800F4B0B63E0000482002A8A03E0000844000A8EE
S3150800F4C024E50350404101A8D44101A8304001A8D1
S3150800F4D0F0B585B001276846077000240394FDF748
S3150800F4E09BFF0490524D286800036FD40320A5495A
S3150800F4F00864A54800680290A44EA5490007000FB5
S3150800F500032804D002980004000F06283AD1A1481F
S3150800F51000684A6803922A6C920701D589680391A4
S3150800F520FFF797FA0399401801D5019400E0019076
S3150800F530A86B0107C80F0321326B0A40022A1BD1A8
S3150800F540049AD20618D53268D30513D5EF6B924BB9
S3150800F5501F409F4203D110218A4A11640CE092058C
S3150800F5600AD42A6C2823134006D16B461C702F4AEE
S3150800F570116001E06A461470039068460778002F08
S3150800F58002D10EE008680190FFF736F9002808D086
S3150800F590FFF757F90398002802D0FEF723FE00E08C
S3150800F5A00027022077490860002F10D03020305CF1
S3150800F5B00C210140042902D0E86BC00602D5FDF7EC
S3150800F5C0B4FF01E0FDF7BEFF2020686021E0FEF7EA
S3150800F5D0ABF980200006154908600020C0436F4932
S3150800F5E0086001A8FEF7BFFD002812D1029800079F
S3150800F5F0000F03280AD1A86B800507D5A020400074
S3150800F60031680140814201D1FDF788FC0198FEF777
S3150800F61019FE80200004FDF7ADFE05B0F0BD000020
S3150800F6205C1102A8D83E000000FFFF00481002A89F
S3150800F6300C0002A8FEB500240194FDF7EDFE584E15
S3150800F640F06E584D0007000F072807D1706800288C
S3150800F65004D40020FEF7DEFF286841E001210320DC
S3150800F6604A4A73685B070BD44F4B1B680B4007D09D
S3150800F6701368DF050BD55B0502D43368DB0503D4B5
S3150800F6800191116B890904E01021484B1960116B2F
S3150800F6900909084000900020FEF7BCFF00980028E2
S3150800F6A005D17068C00602D4FDF74CFF01E0FDF7EE
S3150800F6B03CFF00200199002903D13D480068FFF767
S3150800F6C0C8F96969401801D5009400E000906846B9
S3150800F6D0FEF75CF8002805D10098FEF7ADF8A86992
S3150800F6E00649086080200005FDF744FEF7BD0000C6
S3150800F6F0680102A880E200E0A03F00009C3E0000EE
S3150800F700F8B5FDF789FE002400252A48466B8027B0
S3150800F7107F05300606D5300709D5FFF792F8FEF7BC
S3150800F72061FD2AE0012520480068284019D00020FC
S3150800F730FEF770FF0220064002D01F490C60C86120
S3150800F7401E480468002D03D02000FDF7A1FC040024
S3150800F750FFF777F82000FEF775FD3800FDF70AFE7B
S3150800F760F1BDFC2080010078C0210140402902D16A
S3150800F770FDF7DBFE01E0FDF7E5FE20200D490860F8
S3150800F780EBE70000082002A8B00002A8D03E00005F
S3150800F790B43F00000CC101A810000010B46000A816
S3150800F7A0440002A8B03F0000B44000A8481002A8D0
S3150800F7B01CC101A8100002A8180000AACC3F00002E
S3150800F7C000F03CF802480349486000F053F800BFCF
S3150800F7D0812D00000000000080B5EFF305800B289E
S3150800F7E001D23A2100E02921FF221632002000F03A
S3150800F7F039FAFEE710B5C20018231340FF249C40CF
S3150800F800E2438907090E9940030004D46E489B0811
S3150800F8109B00C01806E0A14B0007000F08388008B7
S3150800F8208000181803681A401143016010BD80B59E
S3150800F83073225421002000F015FA01BD10B5FFF718
S3150800F84035FC624901220A60614B624C2360624CB6
S3150800F85023600323614C2360614C2360614B1A606B
S3150800F860614B1A60614A9F4B1A6011228A63FFF73F
S3150800F87021FC10BDFFF71AFC05000024012160B227
S3150800F880FFF7B8FF641C0E2CF8D301210F20FFF7F1
S3150800F890B1FF01211120FFF7ADFF01211320FFF76A
S3150800F8A0A9FF01211720FFF7A5FF03210120C04367
S3150800F8B0FFF7A0FF01211E20FFF79CFF7848794932
S3150800F8C008600220784908600120904908604704CA
S3150800F8D0764C20693840FCD02068800101D4FDF7B9
S3150800F8E022FD2800FFF7E6FB714D0AE000281BD031
S3150800F8F0FDF748FD18E020693840FCD03000FFF7D6
S3150800F900D9FB206E0004000F022801D1FEF718FA71
S3150800F910FFF7CCFB0600FDF745FD00286878E5D023
S3150800F920002801D1FDF737FD01202978002906D1E5
S3150800F93077490968890601D45B49086030BF002108
S3150800F94029700221584A116070490860D3E7714846
S3150800F950016842680A40704810401E4908608007DE
S3150800F96003D5A9480188491C01807047F8B56B483A
S3150800F970016840680840070E3F0669480468802504
S3150800F9806D02F8010DD567480068BC2189008842D8
S3150800F99004D12C4202D0644800688047022063499B
S3150800F9A00860634E680207420BD070605D480068C5
S3150800F9B0BC218900884204D1254002D0A5480068A8
S3150800F9C080473760F1BD000000E400E0040002A8AB
S3150800F9D00000FF3F282002A82C1002A840E002A839
S3150800F9E044C002A804C001A8044001A8200060067B
S3150800F9F0F8B5864C206865680540974805608026F6
S3150800FA00F6054C4AB00C95490B68002B10D10542F7
S3150800FA100ED0934B5F68FF070AD51B68DB0007D536
S3150800FA2080231B06136000BF00BF16608A4B186050
S3150800FA309B4F3B78062B0FDA08688C218901014316
S3150800FA4029401BD0FFF732FB00902800FDF76CF920
S3150800FA500098FFF72FFB11E00B68526B92050DD546
S3150800FA60C822D2041A432A4005D0FDF7DBFF280036
S3150800FA70FDF75AF902E0AA0200D50860894800682D
S3150800FA80064009D0A80607D5A068000704D5387827
S3150800FA90072801D1FDF72AFAF1BD00001CED00E0A8
S3150800FAA0FFFF9B4000E100E0602002A8500002A88A
S3150800FAB0B63E000010B57C48016844680C407B4897
S3150800FAC0046080210C4205D041607948016000201D
S3150800FAD0FDF72AF9600403D58020400575490860BA
S3150800FAE010BD0000145001A838B573480168446871
S3150800FAF00C40E00707D5FFF7D9FA0500FDF7AEF980
S3150800FB002800FFF7D7FA6D48046031BD601002A8D7
S3150800FB10F40302A8280002A8FFFF00C0B44000A80A
S3150800FB20D03E0000784001A8903C00002C4000A878
S3150800FB30B46000A8100002A8FEB5614C206C676C82
S3150800FB40074001252F4216D02E065E48066020681B
S3150800FB505D490D60002802D00021FDF7A3FB5B4834
S3150800FB600068A021C90188428041C043C00F584996
S3150800FB70487058480660FDF705FC019002200740CA
S3150800FB803ED06168CEB20F0A53490822474B440358
S3150800FB90012E24D0022E31D1012F22D14F4EF678D4
S3150800FBA000964E4E37780126BE404D4F3E604B4E6E
S3150800FBB03678760590277F04F71903263E43494F82
S3150800FBC03E601C60484B1C600B68009C1B194B650B
S3150800FBD0424909788D4045490D6045490DE0009038
S3150800FBE0DFE7002F0AD1434E356000254D655C607E
S3150800FBF01C60C104404B196040490A6032490860DC
S3150800FC000198FDF7C8FBF7BDB43E0000104001A8F7
S3150800FC1070B5FDF7B7FB0400FFF748FA31490A68E3
S3150800FC20D20710D52C4A566D1368FB25AD012E60F8
S3150800FC30CE686E604968E9818021C904214E316029
S3150800FC40297B59185165FFF735FA2000FDF7A3FB04
S3150800FC5070BD0000943C0000106001A8B03E000092
S3150800FC60344301A8002800D0704770B50C00FDF792
S3150800FC7089FB0500FFF71AFA0600FDF79DFB2048E9
S3150800FC80046001211F4A1160026C0A40FCD1FDF78D
S3150800FC9098FB3000FFF70EFA2800FDF77CFB70BDD5
S3150800FCA07C3E00004C4201A890C001A890E001A843
S3150800FCB00CC001A804ED00E0C0C000A8C0E000A880
S3150800FCC000C002A8441002A840E002A8404000A8CC
S3150800FCD0B63E0000442002A818800A50C93E00001B
S3150800FCE068A00A5060C101A894D001A868900A507B
S3150800FCF0F42302A860E101A880E200E0F41302A858
S3150800FD000080095040900950232D302B2000686C44
S3150800FD104C00656667454647003031323334353620
S3150800FD203738394142434445460030313233343559
S3110800FD3036373839616263646566000086
S30D0800FD3CF404FF7F010000003A
S3110800FD4450FD0008A02500205700000014
S3150800FD500000000000000000FFFF000008C20008C5
S3150800FD6000000000FFFFFFFFFFFFFFFFC025002088
S3150800FD70B81D002020C80008020000005111000824
S3150800FD800000000000000000000000000000000065
S3150800FD900B000000B81D0020FFFFFFFFC0EA21018D
S3150800FDA0C0EA210100800000C01753020A00E40CD3
S3150800FDB00A00000000270020D5A800082CCA000861
S3150800FDC0FFFFFFFFD7AA0008D3AA0008FFFFFFFF1F
S3150800FDD0FFFFFFFFDBAA0008FFFFFFFF51AE000889
S3150800FDE07BAE0008FFFFFFFFFFFFFFFFFFFFFFFFE0
S3150800FDF0FFFFFFFF0040005A00C0035000400050BC
S3150800FE0000800050F9770008CD6E0008C96A00081E
S3150800FE101D6B0008796D00088D6D0008656E000879
S3150800FE20816F0008696F000869690008B56E0008E7
S3150800FE3000000000000000003B2D00009026002076
S3150800FE4000000000D42300203C240020A424002025
S3150800FE500000000000000000000000000000000094
S3150800FE600000000000000000000000000000000084
S3150800FE700000000000000000000000000000000074
S3150800FE80000000000000000000000000FFFFFFFF68
S3150800FE900C00000000002801FF0CFFF0FF00000026
S3110800FEA00D020008AD020008E50100088C
S705080013954A
