S01B00004E6574416E616C797A65725F464732335F5630312E73333705
S31508000000000800201916000863A3000863A3000867
S31508000010ABAE000863A3000863A3000863A3000847
S3150800002063A3000863A3000863A3000863A300088A
S3150800003063A3000863A3000863A3000863A300087A
S3150800004063A3000863A3000863A3000863A300086A
S3150800005063A3000863A3000863A3000863A300085A
S3150800006063A3000863A3000863A30008C514000877
S31508000070B514000863A3000863A3000863A3000877
S3150800008063A3000863A3000863A3000863A300082A
S3150800009063A3000863A30008311D000863A30008D2
S315080000A063A3000863A3000809190008E1180008FB
S315080000B063A3000863A30008218A0008DD940008EA
S315080000C0BDB60008B9B60008918C0008D3B600087A
S315080000D0C1B60008AD940008C5B6000841950008E9
S315080000E07995000863A3000863A3000863A30008C2
S315080000F063A3000863A3000863A3000863A30008BA
S3150800010063A3000863A3000863A3000863A30008A9
S3150800011063A3000863A3000863A3000863A3000899
S3150800012063A3000863A3000863A3000863A3000889
S3150800013063A3000863A3000863A3000863A3000879
S3150800014063A3000863A3000863A3000863A3000869
S3150800015063A3000863A30008B5C200083174000849
S3150800016063A3000863A300085FB6000865B6000825
S3150800018012F0080F00D1704708B500F00DF8044AC0
S31508000190136801331360034B01221A7008BD00BFB0
S315080001A060120020432500205FF800F065B10008C2
S315080001B00000000000000000000000000000000031
S315080001C00348044B834202D0034B03B118477047D8
S315080001D01C2700201C27002000000000064B0749AA
S315080001E0C91A891048BF0131491003D0044B0BB115
S315080001F001481847704700BF1C2700201C2700200D
S315080002000000000010B5064C237843B9FFF7D8FF65
S31508000210044B13B10448AFF300800123237010BDCB
S3150800022042250020000000009C06010808B5054B81
S315080002301BB105490548AFF30080BDE80840FFF744
S31508000240CDBF00BF00000000400A00209C06010840
S31508000250A3F5803A704700BF174B002B08BF134B16
S315080002609D46FFF7F5FF00218B460F461348144AB3
S31508000270121A0BF075FA0E4B002B00D098470D4B4F
S31508000280002B00D098470020002104000D000D48DF
S31508000290002802D00C48AFF3008009F0C7FB200005
S315080002A0290009F07EFF09F06DFB00BF0000080079
S315080002B000000000000000000008002000080020E0
S315080002C080250020000000000000000000B583B073
S315080002D00B4B4FF080625A66012304220921022043
S315080002E002F074FF0023019302E0019B013301939E
S315080002F0019A49F63F439A42F7D903B05DF804FBE1
S31508000300009000502DE9F04186B000F06BF9022309
S31508000310009301234FF4612206217E4809F0D6FE98
S315080003200023ADF81030ADF8143005A904A800F084
S31508000330ABFD00283AD07849784809F0C7FE42F65E
S31508000340B112BDF81010764809F0C0FE4FF20852F7
S31508000350BDF81410734809F0B9FE0023ADF80E3045
S315080003600493059305AA04A90DF10E0000F08CFE6E
S31508000370F0B169494EF67D330193BDF80E3000930E
S315080003804FF40C73049A684809F0A0FE059B0BB15C
S31508000390049B7BB9002001F021F9804600284DD046
S315080003A0624809F093FE0024274657E06049C3E7F0
S315080003B05F49DFE75F4809F089FE0BF025FD054632
S315080003C00499059800F040F90BF01EFD04465A48BA
S315080003D009F07CFE0BF032FD641B054660B3E20EA5
S315080003E063011B1B62F10002520242EAD3525B020E
S315080003F01B1942F10002910141EA93619801C01A62
S3150800040061EB020100192A464FF0000341F1000191
S3150800041009F028F9034622464849494809F056FE94
S3150800042000F02AF9044600F021F903462246294637
S31508000430444809F04BFEADE70346ECE7424809F0AD
S3150800044045FE57E0414A1DE0404B8D421ED03849D3
S31508000450009131463E4809F039FE0134072C17D879
S315080004603C4B33F81460314640460AF0C6FDB0FAF4
S3150800047080F14909384B1D5D8D4208BF01370028B8
S31508000480E0D1364A002DDFD0344BDEE72249DFE7DC
S3150800049008223946324809F019FE08220023CDE918
S315080004A0002340460AF0F0FD0222114640460AF0B3
S315080004B0EDFD2C4B1B88ADF8143005A940460AF013
S315080004C0E1FD0446C8B92849284809F0FFFDB4B932
S315080004D00022652140460AF02BFD044698B9224AB7
S315080004E001236521224809F0F1FD74B1214621480E
S315080004F009F0ECFD06B0BDE8F0810D49E4E71E48B9
S3150800050009F0E4FDE4E70A4AEAE71C4809F0DEFDDB
S31508000510F0E700BF44C3000820C3000898C30008DA
S31508000520B4C30008DCC3000804C4000804C50008F6
S3150800053028C3000844C4000854C4000864C400085A
S3150800054070C40008B0C40008E4C4000838C3000832
S315080005501CC50008A8C60008A0C6000830C30008C5
S3150800056040C50008B8C6000840C300085CC50008B6
S31508000570D8C5000808C600088CC5000854C6000877
S3150800058031B300B58E46144B1B889BB2134A1288AA
S3150800059092B29B1AC3F30A03C3F5FF6307338B4270
S315080005A018D30D4B1B889BB2002208E010F802C036
S315080005B00B4901F803C00133C3F30A03013272453C
S315080005C0F4D3BFF35F8F044A138001205DF804FB60
S315080005D0012070470020F9E7262500202425002061
S315080005E05C0A00200023034A1380034A1380034A47
S315080005F0136070472625002024250020580A00206D
S315080006000CE00D4A13889BB20C49C95C0C4B596423
S3150800061013889BB20133C3F30A031380064B1A8867
S3150800062092B2084B1B889BB29A4204D0044B9B6C2F
S3150800063013F0400FE5D17047242500205C0A0020FE
S315080006400000015B2625002060B110B50C4601B9F3
S3150800065010BDFFF795FF0028FAD1034A1368234413
S315080006601360F5E7704700BF580A0020014B186869
S31508000670704700BF580A0020044B188880B2044B04
S315080006801B889BB2C01AC0F30A00704726250020B3
S3150800069024250020F0B597B00023059305AB40222A
S315080006A006A9304800680AF05EF910B90446059BA9
S315080006B03BBB17B0F0BD9DF80850BDF80A60BDF801
S315080006C0107000F0DFFD00903B463246294626486A
S315080006D009F0FCFC9DF80830432B11D1BDF80A102F
S315080006E0039800F073F90BE0BDF81050BDF81260DE
S315080006F000F0C8FD0346324629461C4809F0E6FCC8
S315080007000134059BA342D4D902A904F158036B44CA
S3150800071013F8400C00F0FEFC01380428F0D801A3B9
S3150800072053F820F0B70600083907000847070008FD
S31508000730E90600085507000800F0A4FD01460C4824
S3150800074009F0C4FCDCE700F09DFD0146094809F004
S31508000750BDFCD5E700F096FD0146074809F0B6FC52
S31508000760CEE700BF04260020BCC60008F4C6000871
S3150800077028C7000864C7000894C70008644B1B789C
S3150800078003B970472DE9F04FADB00020604B1870E3
S3150800079000F024FF8346002800F0A4800027B8460E
S315080007A062E004AA1CA958460AF0E0FC10B9BDF894
S315080007B012507CE000257AE06522002324B99DF8D2
S315080007C0300090B1534C00E0534CBDF81200BAF11A
S315080007D0400F0CD9DFF864C1CDF808C00190009429
S315080007E04E4809F073FC002438E04D4CEDE7DFF87D
S315080007F050C1F1E703F1B0026A4412F8402C11091E
S31508000800484E16F8019000F1B001694401F8749C4D
S3150800081002F00F0116F801E000F1B101694401F890
S3150800082074EC00F1B2026A440330202102F8741C09
S3150800083001339BB2214604F11002934201D29D4234
S31508000840D8D800F1B0030DEB0300002300F8743C80
S315080008500FAA354809F03AFC1034A4B2A54202D9C9
S3150800086023460020E6E70137072F32D800230493F2
S31508000870059306930793089304AA022158460AF09B
S315080008806DFC814628B3002309930A930B930C93B6
S315080008900D930E9309AA014658460AF061FC0446D0
S315080008A0BDF812A0BAF1400F7FF67BAF0025494686
S315080008B058460AF059FC1D4B19680131196008F1B0
S315080008C00108002C7FF478AFBDF838209DF9323046
S315080008D074E7B8F1000F08D1154B1B68134A126864
S315080008E093420ED12DB0BDE8F08F002265215846FF
S315080008F00AF01EFB01460028EED00E4809F0E6FB7A
S31508000900EAE70B4B19680C4809F0E0FBEAE700BF79
S315080009104325002020C30008B4C70008D8C700082C
S3150800092028C30008B4C8000804C800085C120020E0
S315080009306012002018C8000860C80008BCC7000874
S3150800094000C4000838B5FFF75BFE0BF05DFA104BE4
S315080009501A685B68904271EB030304D2FFF79AFEAC
S31508000960FFF70CFF38BD05460C460A4B19680131DE
S315080009701960094809F0AAFB4FF47A700BF064FA7B
S31508000980401944F10004024B18605C60E6E700BFBA
S315080009900008002064120020A4C8000800B583B02F
S315080009A00B46009202464FF40C71074800F070FCA3
S315080009B0B0F50C7F02D003B05DF804FB014602488F
S315080009C0FFF742FEF7E700BF681200202DE9F04165
S315080009D0A6B0002878D00446002975D0B1F5077F5F
S315080009E001D94FF40771002320930D4620AB0093DD
S315080009F0112321AA204609F0B1FB00286CD09149A1
S31508000A0021A80AF0CCFE00286CD08F4921A80AF04C
S31508000A10C6FE00286CD08D4921A80AF0C0FE002821
S31508000A2000F08980209F3C44BD4240F28A80EF1B3B
S31508000A30874921A80AF0B3FE002800F0848085497A
S31508000A4021A80AF0ACFE002800F0B580824921A84A
S31508000A500AF0A5FE002800F02781804921A80AF09F
S31508000A609EFE002840F0808100252E46BD4280F07B
S31508000A7058810023089308AB0093082306AA791B1C
S31508000A80601909F06BFB002800F04B81089B1D4498
S31508000A90032E00F23A810DF1120106A809F03AFB7D
S31508000AA0002800F03881BDF81280404609F026FB80
S31508000AB0002800F03081731C06F198020DEB02063F
S31508000AC006F8848CDEB2D1E7654A00216548FFF74F
S31508000AD065FF26B0BDE8F081614A00216148FFF74D
S31508000AE05DFFF6E7604A012121A8FFF757FFF0E707
S31508000AF05E4A13889278B2B15D4A5C49C978A1B159
S31508000B005C495A48007A0290019100925A4A60213B
S31508000B1008A808F049FF002809DB08AA012121A82E
S31508000B20FFF73CFFD5E7554AE7E75549E9E70023CC
S31508000B308DF82030F1E7534A002121A8FFF72EFF50
S31508000B40C7E7002774E700230093082306AA394657
S31508000B50204609F003FB80B105A906A809F0DAFAD0
S31508000B6028B1BDF81440204609F0C8FA58B9464AD3
S31508000B70002121A8FFF712FFABE7444A002121A86C
S31508000B80FFF70CFFA5E7394A1480632C94BF0023AE
S31508000B90012393706BB1364B009323463C4A3021B0
S31508000BA008A808F001FF08AA012121A8FFF7F6FE08
S31508000BB08FE7324BF0E700230093082306AA39464D
S31508000BC0204609F0CBFA58B12C4906A80AF0E7FDE9
S31508000BD090B1274906A80AF0E2FD38B901220CE0CF
S31508000BE02C4A002121A8FFF7D9FE72E72A4A0021DC
S31508000BF021A8FFF7D3FE6CE700221C4B1B88632B4A
S31508000C0094BF002101218A4210D0632B0CD9184ABF
S31508000C100092224A502108A808F0C6FE08AA002118
S31508000C2021A8FFF7BBFE54E7144AF1E70F4B9A7069
S31508000C302AB11B4A012121A8FFF7B0FE49E7194A44
S31508000C40F8E700BF18C9000838C9000864C90008D1
S31508000C508CC90008D8C9000848CA00088CCA000808
S31508000C600CC9000814C900081CC9000898140020FB
S31508000C70DCC80008C8C8000840C90008E8C8000859
S31508000C80D0C8000868C900089CC9000890C90008AF
S31508000C90C8C90008DCC90008F8C9000810CA000855
S31508000CA0D8C80008E4C80008002300930A2308AA45
S31508000CB03946204609F052FAA8B12E4908A80AF082
S31508000CC06EFDB0B12C4908A80AF069FDA8B92B4BEE
S31508000CD00122DA70294BDB78ABB1294A012121A818
S31508000CE0FFF75CFEF5E6274A002121A8FFF756FE26
S31508000CF0EFE6224B0022DA70ECE7234A002121A80E
S31508000D00FFF74CFEE5E6214AE8E7214A002121A83B
S31508000D10FFF744FEDDE61F4A002121A8FFF73EFE45
S31508000D20D7E60EB100230FE01B4A002121A8FFF7E2
S31508000D3035FECEE603F198026A4412F8841C0F4A7F
S31508000D401A4411710133DBB29E42F3D80B4B1E7263
S31508000D503346124A302108A808F026FE08AA0121BF
S31508000D6021A8FFF71BFEB4E60D4A002121A8FFF7CC
S31508000D7015FEAEE6D0C80008C8C8000898140020BA
S31508000D80F0C8000850CA000870CA0008FCC8000865
S31508000D9094CA0008A8CA0008C4CA0008E0CA00081D
S31508000DA000CB000810B414460CE0094BA3FB01C3A2
S31508000DB0DB089C4603EB8303A1EB4303013C30337A
S31508000DC003556146002CF0D110445DF8044B70477A
S31508000DD0CDCCCCCC13467AB110B401F00F0C013B44
S31508000DE0064C14F80CC000F803C00909002BF4D10E
S31508000DF010445DF8044B70471044704728CB000830
S31508000E0038B51D4A136801331360012408E0012B25
S31508000E1018D9631C194AD35C542B13D00134A4B2D5
S31508000E20174B1D88A5420DD9144B1B5D532BF5D1C5
S31508000E302B1B9BB2052BEAD91048204409F007FA68
S31508000E400028EBD0A54205D800230D4A13800D4A89
S31508000E50137038BD2D1BADB208482A4601190AF091
S31508000E6065FC074B1D80012D03D90222054B1A701C
S31508000E70EFE70122FAE700BFA4140020A814002017
S31508000E80282500204425002070B506460D46092170
S31508000E900C4809F001FA044603210B4809F0FCF94D
S31508000EA006B1348005B1288042F6B1139C4201D0C0
S31508000EB0002070BD4FF20853984201D00020F8E791
S31508000EC00120F6E71CCB000818CB0008002800F024
S31508000ED0CC802DE9F04715460746002A00F0C78062
S31508000EE0B1F50C7FC0F0C580B2F818A05369002B85
S31508000EF06AD0BAF1F30F6AD8B846532308F8023B0A
S31508000F0054237B70BE1D52237B710A222968304602
S31508000F10FFF748FF2C2400F8014B0322A988FFF7A6
S31508000F2041FF0470B5F90610002953DB2B234370E3
S31508000F300029B8BF4942032289B20230FFF732FFBF
S31508000F402C2400F8014B0322297AFFF72BFF00F81F
S31508000F50014B6B7A002B3FD04849042209F02BF944
S31508000F602C2400F8014B0222A97AFFF733FF00F878
S31508000F70014B0222E97AFFF72DFF00F8014B022206
S31508000F80297BFFF727FF00F8014B0222697BFFF751
S31508000F9021FF00F8014B0422E989FFF71BFF00F83F
S31508000FA0014B0222297CFFF715FF00F8014BD146B9
S31508000FB003225146FFF7F6FE00F8014B831B352B3B
S31508000FC05AD1044600231DE04FF0000A94E74FF07B
S31508000FD0F30A91E72D23AAE72949BEE76A69D25C95
S31508000FE01209DFF8A0C01CF80210224602F8021BFC
S31508000FF06969C95C01F00F011CF8011061700133C1
S315080010009BB214469A45E9D802E0202304F8013B2E
S31508001010231AB3F5F37FF8D34FEA49010322353192
S315080010204046FFF7BFFE02E0202304F8013BA31B5E
S31508001030B3F5077FF8D3002303E0202204F8012B39
S315080010400133072BF9D94FF40A71404609F024F900
S31508001050014604222046FFF7BDFE0346452203F853
S31508001060022B44224270D81B04E00020704700205F
S3150800107000E00020BDE8F0870020FBE740C3000839
S3150800108028C3000828CB0008F0B589B007460E46E5
S3150800109015460DF1040C1C4C0FCCACE80F0094E877
S315080010A007008CE8070001AA4FF40C711748FFF7F0
S315080010B00DFFB0F50C7F1CD0002207B13A8006B1AF
S315080010C030600DB1114B2B60B0F50C7F14D00020A9
S315080010D009B0F0BD303B9BB243EA021292B201312D
S315080010E00329EADC0A4B5B5C402BF3D9373B9BB2FE
S315080010F0F2E700210A46F3E74EF67D339A4201D01D
S315080011000020E5E70120E3E73CCB0008D8160020DD
S31508001110021900200346574A107848B370B582B0C2
S315080011200C4601282FD054490A88551CADB20D80AB
S3150800113052498B54062D41D0B5F50C7FC0F09780E7
S3150800114044B14E4B5A79227006336360002363809C
S3150800115023816381494B93F82E32452B04D1474BA3
S3150800116093F82F32442B3BD0FFF74AFE032013E0B7
S31508001170532B00D07047414A137001233E4A13800F
S315080011803C4A13707047542B08D0532B0FD00020BD
S31508001190394B1880374B187002B070BD374A5370F8
S315080011A00223354A1380334A13700020F4E7334A82
S315080011B01370314B01221A800020EDE7084609F02A
S315080011C046F80028B8D13CB12C4B5B792370002334
S315080011D06380636023816381FFF712FE0220DBE7E9
S315080011E0274E4FF40A71304609F056F80546002393
S315080011F0ADF806300DF1060106F50A7008F0F7FF9E
S315080012001CB12581BDF80630638130B1BDF80630C2
S31508001210AB4202D1022200230CE0FFF7F1FD0420C5
S31508001220BAE703EB83035B009BB203449BB2303BF4
S315080012309BB20132042A0ADC1049885CA0F130010D
S31508001240C9B20929EDD9FFF7DBFD0520A4E7B3F5F7
S31508001250077F08D804B163800023074A1380054A2C
S315080012601370012098E7FFF7CBFD052094E70020CF
S3150800127092E700BF4425002028250020A814002056
S31508001280AA140020014B1868704700BFA414002058
S315080012902DE9F047DDF82090002866D014469A46D6
S315080012A00546002A63D0B1F50C7F62D3B9F1000F69
S315080012B026D048460AF06BFA804640F20623984242
S315080012C000D998462E46532306F8023B54236B70E2
S315080012D0AF1D41236B7110222146384608F06BFF7B
S315080012E02C2300F8013BBAF1000F0CD02249042246
S315080012F008F061FF04462C2304F8013B002309E0AB
S31508001300DFF87C90D5E71D49F1E719F8032004F8C2
S31508001310012B01339845F8D8032208F11601304607
S31508001320FFF740FD02E0202304F8013BE31BB3F579
S31508001330077FF8D3002303E0202204F8012B0133AA
S31508001340072BF9D94FF40A71304608F0A5FF014674
S3150800135004222046FFF73EFD0346452203F8022BEA
S3150800136044224270581BBDE8F0870020FBE70020A6
S31508001370F9E70020F7E700BF40C300080CCB0008D8
S3150800138000C400080023062073B1704754B224B97C
S31508001390013353B15DF8044B70470228F8D008684A
S315080013A00A4908601046F3E710B4094A52F82310B0
S315080013B00A7A022AEAD9032AEAD1441EE4B2012C9F
S315080013C0E6D90868014908601046E1E708190020CF
S315080013D0DC25002010B5A2B0202200211AA80AF0A8
S315080013E0BFF92B4B1A934FF461231C9302238DF8F4
S315080013F07530284A1E9201248DF87D408DF87E406E
S315080014008DF87F408DF8803000211591169117913F
S31508001410189119914FF4801315931F4B1993109136
S3150800142011911291139114911C4B10931C4B149308
S315080014303C2201A80AF094F90DF1040E0DF1540CA2
S31508001440BCE80F00AEE80F00DCF80030CEF800303C
S315080014500DF1180E0DF1400CBCE80F00AEE80F00B8
S31508001460DCF80030CEF800300E4B0B934FF4806357
S315080014700C938DF835408DF836400B4B0F930B4B7C
S315080014801AAA01A90A4802F0F9FB22B010BD00BF4A
S3150800149030D3000820D300083C00015B010010008F
S315080014A04400015B0C190020F02500200C1D0020CB
S315080014B0C01D002008B5024809F0E2FA08BD00BFC1
S315080014C0C01D002008B5024809F0DAFA08BD00BFB9
S315080014D0C01D002010B58EB02422002105A80AF0F0
S315080014E03FF9334B0593334B1B88ADF82430324B09
S315080014F01B88ADF82630314B1B680B93304B1B68A5
S315080015000C93304A05A9304803F0B6F800B1FEE757
S315080015102E4B1C682E4A21462B4B186803F062F99D
S3150800152000B1FEE74CB12146274B186809F04CFD7F
S3150800153001464FF6FF73984206D10021224B1868E0
S3150800154009F0EFF938B1FEE71F4B186803F08EFA79
S315080015500028F2D0FEE71F491B4B186803F0CAFAA9
S3150800156000B1FEE76FF0C00240F2FF33CDE9002379
S315080015704FF0FF324FF0FF331349086809F084FD36
S3150800158000B1FEE7144B1B88ADF81030ADF80C30EF
S3150800159004A90D4B186809F05FFD00B1FEE703A921
S315080015A0094B186809F06EFD00B1FEE70EB010BDD4
S315080015B053A300088AD3000888D3000890D30008EC
S315080015C08CD3000835A3000808260020CC25002067
S315080015D03FA300080700110078D1000882B0054B28
S315080015E0019302AB03EB800050F8043C186802B084
S315080015F0704700BF0826002008B50448044A121A96
S315080016009210044908F0AEFE08BD00BF800100082C
S31508001610C00100088025002008B5154B83F30A8809
S3150800162000F030F8FFF7E8FF124A0AE01068516840
S3150800163050F8230041F82300013391688B42F5D313
S315080016400C320D4B9A4201D20023F6E70B4A08E00A
S315080016501168002041F82300013351688B42F7D303
S315080016600832074B9A4201D20023F6E7FEF7F4FD4B
S3150800167000000020A4060108B0060108B00601080B
S31508001680B006010870B5134B134A9A60D3F8882040
S3150800169042F47002C3F88820104A4FF480419166DC
S315080016A00F4D05F500544FF0FF3222660D4A62666B
S315080016B00222C3F8D020BFF34F8FBFF36F8F0020ED
S315080016C002F09AFA4FF44036E660002009F043F932
S315080016D02E6170BD00ED00E000000008009000508B
S315080016E0008000447FFF7F01014B1860704700BFF0
S315080016F01026002008B5064B1860064B1B6F03F032
S315080017000703032B00D008BD0AF08AF9FBE700BFE0
S31508001710182600200080005010B504460FE001236B
S31508001720834024EA03040F2814D800EB40020E4B2A
S3150800173003EB82035A6812B19968C0B2904794B114
S31508001740234600201F28EAD813F0010FE7D10130FD
S315080017505B08F7E7103800EB40039B00B033024AFA
S3150800176013440433E6E710BDDC1D002008B50D4818
S315080017700AF06DFC1A2002F02FFA28B91B2002F095
S315080017802BFA40B9002008BD1A2002F035FA1A20B3
S3150800179009F0E1F8F2E71B2002F02EFA1B2009F007
S315080017A0DAF8EFE71CD300082DE9F04170B30C46D0
S315080017B0174605460F292BD803784BB1022B20D0A4
S315080017C0032B21D0012B01D0002303E00F2301E0D6
S315080017D040F2FF736A78D34013F0010F1AD00F4B0B
S315080017E0D3F81063C6B90AF025FC80463A46214666
S315080017F0284601F033FE40460AF017FC3046BDE89D
S31508001800F08140F2FF33E5E73F23E3E72226F5E7D9
S315080018102126F3E72126F1E70226EFE700C0035069
S3150800182040B310B5044603784BB1022B1DD0032BE9
S315080018301ED0012B01D0002303E00F2301E040F264
S31508001840FF736278D34013F0010F15D00AF0F2FB4C
S31508001850237862780121914003EB43031B01074A71
S31508001860D1500AF0E2FB002010BD40F2FF33E8E752
S315080018703F23E6E7222070472120F5E740D00350B2
S3150800188040B310B5044603784BB1022B1DD0032B89
S315080018901ED0012B01D0002303E00F2301E040F204
S315080018A0FF736278D34013F0010F15D00AF0C2FB1C
S315080018B0237862780121914003EB43031B01074A11
S315080018C0D1500AF0B2FB002010BD40F2FF33E8E722
S315080018D03F23E6E7222070472120F5E740E0035042
S315080018E008B5084BD3F82404D3F82024104000F098
S315080018F0553020F0502003F50053C3F82004FFF7B5
S315080019000BFF08BD00C0035008B5084BD3F82404E4
S31508001910D3F82024104000F0AA3020F0A02003F5C8
S315080019200053C3F82004FFF7F7FE08BD00C00350B4
S31508001930F0B585B00C4694469DF83410664A127880
S31508001940002A00F0BD800546BCF1070F00F2BA80F8
S315080019500A9A002A00F0B8800B9A002A00F0B6808E
S315080019600E9AB2F5006F00F3B38001285BD05B4A8C
S3150800197002EB0C12127B002A00F0AC8000220092C7
S31508001980019202920392564A02EB4C1E002C4FD14A
S315080019904FEA4C1600209051CEF80400CEF8080005
S315080019A0CEF80C009EF8020040F010008EF80200F7
S315080019B09EF8030040F030008EF8030021B9C1B24A
S315080019C041F003018EF8031000930E9B013B444A35
S315080019D04FEA4C1002EB4C11165A63F30E161652C8
S315080019E00A9B8B600B9B4B60CB789DF83C2062F37F
S315080019F08303CB70012D36D0109B002B56D0374A67
S31508001A004FEA0C1102EB0C1310985050119A5A60B9
S31508001A1000249C605D7372466946604601F07AFC54
S31508001A20204605B0F0BD0C9A002AA0D12D48F8E74B
S31508001A302B4F4FEA4C1607EB4C120020B85150605A
S31508001A409060D060907840F010009070D07840F0A8
S31508001A500300D0700029B7D107EB4C12C1B241F090
S31508001A603001D170B0E70E460A7B42F001020A73D4
S31508001A70D2B242F002020A73CA68042161F39F02D5
S31508001A80F26006F1100796E80F0087E80F00F26982
S31508001A906FF0030161F39F02F2610C9B7361012CE5
S31508001AA0AAD10B9AB2610C9A7260A5E7002DA6D14D
S31508001AB00B4B03EB4C139A786FF304129A709EE75C
S31508001AC00948AEE70748ACE70648AAE70548A8E785
S31508001AD00448A6E70548A4E7452500204420002039
S31508001AE0441F0020018000F0028000F0078000F00B
S31508001AF0134B1B78FBB110B50446F0B10AF09AFAFD
S31508001B000023072B13D80F4A02EB0312127B0AB1E4
S31508001B100133F6E723600B4A190102EB031301248C
S31508001B201C73002454500AF080FA204602E00AF09A
S31508001B307CFA054810BD054870470548FAE700BF16
S31508001B404525002044200020048000F0028000F093
S31508001B50018000F038B50AF06DFA04460023072B19
S31508001B6006DC0C4A02EB0312127B12B90133F6E7C4
S31508001B70002222B120460AF058FA074838BD01F07B
S31508001B8075FB0025054B1D7020460AF04EFA2846BF
S31508001B90F4E700BF44200020058000F0452500201A
S31508001BA00F4B1B78BBB110B50446072815D80AF0A9
S31508001BB041FA0C4B03EB04131B7B1BB90AF035FAED
S31508001BC009480BE0074B03EB041300241C730AF0C7
S31508001BD02CFA204602E005487047054810BD00BFAC
S31508001BE04525002044200020068000F0028000F0F1
S31508001BF0018000F000B583B0134B1B6801930023E6
S31508001C008DF804300AF016FA104B1B7833B90F4BCF
S31508001C1001221A700AF009FA002309E00AF005FA07
S31508001C200B480EE00B4A02EB031200211173013335
S31508001C30072BF7DD08238DF8073001A801F03AFBDA
S31508001C40002003B05DF804FB7CD100084525002080
S31508001C50038000F04420002010B5104C2478BCB155
S31508001C60072817DC0E4C04EB0014247BA4B10C4C9B
S31508001C704FEA001E04EB001C44F80E30029BCCF819
S31508001C8004300024CCF8084001F044FB204610BD7F
S31508001C900448FCE70448FAE70448F8E74525002025
S31508001CA044200020028000F0018000F0078000F048
S31508001CB008B50A4B1B785BB107280BD8084B03EB12
S31508001CC000131B7B43B1002101F0E6FA002008BD92
S31508001CD00448FCE70448FAE70448F8E745250020E5
S31508001CE044200020028000F0018000F0078000F008
S31508001CF008B50A4B1B785BB107280BD8084B03EBD2
S31508001D0000131B7B43B1012101F0C6FA002008BD70
S31508001D100448FCE70448FAE70448F8E745250020A4
S31508001D2044200020028000F0018000F0078000F0C7
S31508001D30F8B5194B1F6D5B6D1F4002D401250024B1
S31508001D4002E0FEE701346D00072C24D83D42F9D0A5
S31508001D50124B1D652301124AD358002BF2D002EB11
S31508001D600416B1680131B16072682046984780F060
S31508001D700100C0B2737B012BE4D10028E2D0094BE5
S31508001D8003EB44131A7B6FF341021A731A7F6FF33E
S31508001D9041021A77D6E7F8BD000004500020045027
S31508001DA044200020441F002038B505460C46164B33
S31508001DB0D3F8283103F00703013B052B20D8DFE8C9
S31508001DC003F003131B0F0B1709F004FE052305B1D7
S31508001DD0286004B1236038BD09F0FCFD0623F6E748
S31508001DE009F042FE0723F2E709F034FE0323EEE783
S31508001DF009F030FE0423EAE709F028FE0223E6E7A5
S31508001E0000231846E3E700BF0080005030B583B0D2
S31508001E1005460C4600230193154BD3F8203203F0F0
S31508001E200703042B21D8DFE803F0030B11161B0068
S31508001E3001230DB1019A2A6004B1236003B030BDB5
S31508001E40002101A8FFF7B0FF1123F2E709F00CFE05
S31508001E5001900723EDE70AF0D9F801900A23E8E78D
S31508001E6009F04CFE01900923E3E70023E1E700BFF0
S31508001E700080005038B505460C460F4BD3F8503253
S31508001E8003F00303022B12D0032B08D0012B0AD030
S31508001E900023184605B1286004B1236038BD0AF04E
S31508001EA0B8F80B23F6E70AF0B1F80A23F2E709F0C7
S31508001EB025FE0923EEE700BF0080005038B5054629
S31508001EC00C460C4BD3F8903203F00303012B05D0D4
S31508001ED0022B07D109F0C8FD072305E009F0B6FD76
S31508001EE0022301E00023184605B1286004B12360E7
S31508001EF038BD00BF00800050024B4FF480321A678D
S31508001F00704700BF00900050204B984236D009D940
S31508001F101F4B984236D01F4B984222D11E4BD3F8FE
S31508001F20D0007047A3F5B703A3F55863984221D0AC
S31508001F3006D91A4B984212D1174BD3F8BC007047F2
S31508001F40174B984202D0174B984203D1124BD3F83D
S31508001F50A0007047144B9842F8D000207047002024
S31508001F607047124B984203D10B4BD3F8C800704701
S31508001F7000207047084BD3F8B8007047064BD3F8D3
S31508001F80C0007047044BD3F8CC007047C0EA210163
S31508001F900048E801005A62020080E00F0024F400BD
S31508001FA080841E0000093D0040420F0080BA8C0163
S31508001FB038B505460C46104BD3F8000100F003006F
S31508001FC0032815D8DFE800F002080C10012305B134
S31508001FD0286004B1236038BD09F03CFD0323F6E709
S31508001FE009F08CFD0923F2E709F03AFD0823EEE72C
S31508001FF000231846EBE700BF0080005038B50546B9
S315080020000C46174BD3F8200100F00700062823D802
S31508002010DFE800F0040A0E16121A1E00012305B1A5
S31508002020286004B1236038BD09F0D4FC0523F6E71F
S3150800203009F010FD0323F2E709F016FD0723EEE782
S3150800204009F004FD0223EAE709F0C4FC0623E6E7E3
S3150800205009F000FD0423E2E700231846DFE700BF86
S315080020600080005038B505460C46104BD3F84001A1
S3150800207000F00300032815D8DFE800F002080C106A
S31508002080012305B1286004B1236038BD09F0BEFFFD
S315080020900A23F6E709F032FD0923F2E709F0B9FF4A
S315080020A00B23EEE700231846EBE700BF008000503D
S315080020B030B583B005460C4600230193144BD3F87C
S315080020C0603203F00703013B032B1FD8DFE803F058
S315080020D0020E1914002101A8FFF790FF0F230DB176
S315080020E0019A2A6004B1236003B030BD002101A81B
S315080020F0FFF7B8FF1023F2E709F0B6FC01900723B3
S31508002100EDE709F0A3FC01900223E8E70023E6E7E0
S315080021100080005030B583B005460C460023019375
S315080021200C4BD3F8703203F00303012B09D0022BB2
S315080021300DD114230DB1019A2A6004B1236003B0AE
S3150800214030BD002101A8FFF78DFF1023F2E7002319
S31508002150F0E700BF0080005038B505460C46104B26
S31508002160D3F8600100F00300032815D8DFE800F073
S3150800217002080C10012305B1286004B1236038BD9C
S3150800218009F044FF0A23F6E709F0B8FC0923F2E749
S3150800219009F03FFF0B23EEE700231846EBE700BFE5
S315080021A000800050324B984252D029D8314B984281
S315080021B048D009D9304B984247D0304B98421DD168
S315080021C02F4BD3F8800070472E4B984237D005D94D
S315080021D02D4B984210D12A4B186F70472B4B9842BB
S315080021E002D02B4B984202D1254B986D7047294B4C
S315080021F09842F9D0002070470020704700207047A9
S31508002200254B98422CD00CD9244B98422CD003F558
S31508002210740303F5105398420FD1194BD3F898005D
S3150800222070471F4B984217D01E4B984203D1144B48
S31508002230D3F88C0070470020704700207047104B79
S31508002240586E70470E4B586F70470D4B986F704716
S315080022500B4BD3F884007047094BD3F888007047B6
S31508002260074BD3F890007047054BD3F89400704796
S315080022700048E8010024F400C0EA210180BA8C0174
S315080022800080E00FC0CF6A00405DC60080841E0053
S3150800229000093D0040420F00007E56030090D0031F
S315080022A080D54302006CDC0270B582B006460D4646
S315080022B000230193104BD3F8804104F00304022C49
S315080022C016D0032C0FD0012C07D000240EB1019B89
S315080022D0336005B12C6002B070BD002101A8FFF77C
S315080022E08DFE0F24F2E709F0BFFB01900724EDE706
S315080022F009F0ACFB0190E9E70080005038B50546C7
S315080023000C46104BD3F8400200F00300032815D8FA
S31508002310DFE800F002080C10012305B1286004B1BB
S31508002320236038BD09F072FE0A23F6E709F0E6FBDA
S315080023300923F2E709F06DFE0B23EEE700231846A2
S31508002340EBE700BF0080005038B505460C46134B36
S31508002350D3F8000200F0070004281BD8DFE800F0D5
S3150800236003090D111500012305B1286004B1236086
S3150800237038BD09F04BFE0A23F6E709F0BFFB09232F
S31508002380F2E709F046FE0B23EEE709F049FB800A5F
S315080023900E23E9E700231846E6E700BF0080005051
S315080023A038B505460C46134BD3F8080200F007006B
S315080023B004281BD8DFE800F003090D1115000123D6
S315080023C005B1286004B1236038BD09F01FFE0A2351
S315080023D0F6E709F093FB0923F2E709F01AFE0B2347
S315080023E0EEE709F01DFB800A0E23E9E700231846ED
S315080023F0E6E700BF00800050B0F5207F20D00ED859
S31508002400B0F5007F16D020D810B1B0F5C07F04D142
S315080024100F4B186FC0F3033018E0002016E0B0F534
S31508002420607F05D10A4BD3F88000C0F301100DE098
S3150800243000200BE0064BD3F89000C0F3046005E0DB
S31508002440034B186FC0F3802000E00020013070476E
S315080024500080005038B505460C46174B4FF48032BD
S315080024609A660020FFF7C8FF05FB00F0134BDA69F0
S3150800247002F4803241F67131D9635B6823F4401364
S315080024806CB90F49884207D800210B430B494B60AA
S315080024900AB10022CA6338BD4FF48011F5E7002C53
S315080024A007DD0849884201D80021EEE74FF480117C
S315080024B0EBE74FF44011E8E70090005000000350A6
S315080024C0005A6202002D3101430905D0012B0DD0B7
S315080024D0022B0DD0002200E0002200F01F0049B1B7
S315080024E002F580520123834013607047034AF4E7DC
S315080024F0034AF2E702F50052F4E700BF6480005091
S315080025006880005008B5802007F0A3FF034B984267
S3150800251003D8034B4FF480321A6708BD005A62028B
S3150800252000A0005000B583B000230193B0F5807F6A
S3150800253000F0AF8011D9B0F5086F00F0B48044D927
S31508002540B0F5286F00F0C38069D9B0F5306F79D13E
S3150800255001A90020FFF7B2FC75E0802873D824286B
S3150800256071D324385C286ED8DFE800F04C4C4C4C0C
S315080025704C6D446D98546D6D6D6D6D6D6D6D6D6DB5
S315080025806D986D6D6D39A76D6D6D6D6D6D6D6D6D3C
S315080025906D6D6D6DAC4C6D6D6D676D6D5FB1A277D0
S315080025A0776D6D6D6D6D6D6D6D6D6D6D6D6D6D6D43
S315080025B06D6D6D6D6D6D6D6D6D6D6D6D6D6D6D6D3D
S315080025C06D6D6D6D6D6D6D6D7C00B0F5C06F65D010
S315080025D00AD9B0F5E06F70D0B0F5F06F17D101A940
S315080025E00020FFF7B9FD2EE0B0F5A06F60D0B0F57A
S315080025F0B06F04D101A90020FFF756FE23E0B0F51D
S31508002600806F20D101A90020FFF7F8FC1BE0B0F588
S31508002610D06F18D101A90020FFF796FE13E0B0F598
S31508002620186F4FD0B0F5206F04D101A90020FFF72D
S315080026303FFD08E0B0F5106F05D101A90020FFF7AE
S31508002640AFFE00E003D2019803B05DF804FBB0F5D5
S31508002650386F23D0B0F5406FF5D101A90020FFF7F8
S31508002660A3FBF0E71C4B1B6F03F00703013B032B8F
S31508002670E9D8DFE803F00B02050805230193E2E732
S3150800268003230193DFE708230193DCE70223019381
S31508002690D9E701A9002007F0B7FED4E701A9002071
S315080026A0FFF7E0FCCFE701A90020FFF781FCCAE7A6
S315080026B001A90020FFF7AAFBC5E701A90020FFF73B
S315080026C01DFEC0E701A90020FFF7D4FBBBE701A95F
S315080026D00020FFF71FFDB6E700800050094B596E32
S315080026E003F580534FF480325A66074A536A23F03B
S315080026F00103536211F4803F03D1044B4FF4803237
S315080027005A6670470080005000C0075000A000506D
S3150800271038B504468020FFF705FF032800F0B5808A
S31508002720604B4FF480125A665F4B45F60E02C3F8AB
S31508002730802003F580524FF0A061916203F50053A3
S315080027404FF480329A62584B9B6D13F4803FFAD14E
S31508002750554B9B6D13F0804FFAD1226863681B05B1
S3150800276043EA0263227B43EA0243627B43EA02337B
S31508002770A27B43EA8213E27B13434B4D2B61AB6981
S3150800278003F00043226943EA8263626943EA02630B
S31508002790227E43EA0243627E43EA0223A27E134371
S315080027A0AB614FF400624FF44061404807F013FEF6
S315080027B02B6A23F00F03E269002A46D111460B4320
S315080027C0E17E43EA81031A43374B1A62E369002B19
S315080027D03DD1354A916A364B0B4094F8201043EAAE
S315080027E0411394F8211043EA011394F8241043EA9C
S315080027F0C10343F4803393622B4B9A6D2D4B93435D
S31508002800FAD1294A02F580514FF080738B62136919
S3150800281023F47003A06843EA005313614FF00043A2
S315080028208B6194F822301BB9234B4FF080729A6261
S3150800283094F8233013BB204B4FF480329A621A4B1C
S315080028409B6D13F0804FFAD118E00821B7E7022BE9
S315080028501CD0154A916A164B0B4094F8201043EA8F
S31508002860411394F8221043EA016394F8241043EACA
S31508002870C10394F8231043EA0143936294F8253080
S315080028801BB1094B0D4AC3F8802038BD064B002200
S315080028901A619A614FF408524FF47F41084807F0CD
S315080028A09AFDD6E7009000500040005A3840005A7A
S315080028B0C7FFFEFE030001000060005AF1A7FFFFF4
S315080028C03440005A014B93F9000070470627002050
S315080028D0014B1880704700BFFC260020B0F5207F0A
S315080028E048D02DD8B0F5007F39D04CD810B1B0F506
S315080028F0C07F24D110B54C1E07F0A4FD07F08FFF4A
S31508002900FFF7FAFA204A136F23F4704343EA0433B5
S31508002910136709F085F81D4BD3F8843013F0100FB0
S31508002920F9D11A4BD3F88410C1F38111C1F1020110
S3150800293007F06AFF00F040F8FFF7E4FD10BD7047A6
S31508002940B0F5607F0AD101390F4AD2F8803023F0FA
S31508002950300343EA0113C2F88030704770470139E3
S31508002960094AD2F8903023F0F85343EA0163C2F8D3
S31508002970903070470139044A136F23F4806343EAA1
S31508002980812313677047704700800050004000504D
S3150800299008B50121022000F0F3F84FF42070FFF784
S315080029A02BFD044B187007F04DFD07F038FFFFF7B5
S315080029B0A3FA08BD4625002008B54FF4C07007F0F5
S315080029C048FD054B984205D902214FF42070FFF7C0
S315080029D085FF08BD0121F8E780F0FA0210B5044624
S315080029E009F01EF80F4BD3F8843013F0100FF9D105
S315080029F00C4BD3F88410C1F38111C1F1020107F021
S31508002A0003FF0121002000F001F924B1FFF7D4FFEC
S31508002A10FFF778FD10BD044B19784FF42070FFF7C7
S31508002A205DFFF5E7004000504625002070B50446D6
S31508002A30FFF7B8FB0546364B4FF4C0225A6603F536
S31508002A4098335B68012B29D08020FFF76BFD05289A
S31508002A502DD025F040752F4B9C422FD02E4B9C42F3
S31508002A602FD008F0B7FF064684422DD82B4BDB68DB
S31508002A7013F0060FFAD1294B9A689D609B686B4044
S31508002A8013F4F81F25D0254B9A6034468020FFF7AB
S31508002A9049FD052821D0B44235D970BD204B012205
S31508002AA05A60204B5B6813F0020FFAD1CCE707F0A7
S31508002AB0C9FC07F0B4FEFFF71FFACAE745F0007530
S31508002AC0CFE745F08075CCE70121204600F09EF857
S31508002AD0CCE72046FEF708FED8E708F0A1FF124B20
S31508002AE0D3F8843013F0100FF9D10F4BD3F88410B4
S31508002AF0C1F38111C1F1020107F086FEFFF75CFF01
S31508002B00FFF700FDC7E70121002000F07FF8C4E7C2
S31508002B100090005040420F0080841E0000000150C3
S31508002B2000E0015000C001500040005010B50446B6
S31508002B30FFF7EAF90A4B4FF400225A6620F0407074
S31508002B40084A944206D0084A944206D04FF0B44246
S31508002B50906010BD40F00070F8E740F08070F5E72F
S31508002B600090005040420F0080841E00034AD36E36
S31508002B7023F0300301790B43D366704700400050B9
S31508002B80F8B50446204BD3F8843013F0100FF9D16A
S31508002B901D4BD3F88430C3F381139C422DD008F023
S31508002BA01FFF0646012C11D009F03BFA0546164FC1
S31508002BB007F500534FF000725A66204607F036FEB6
S31508002BC0621E4FF4806393403B6706E0012107F0DD
S31508002BD01BFEE9E70C4BD3F884300B4B5B6E13F006
S31508002BE0007F05D1084BD3F8843013F0200FF1D0BD
S31508002BF0284609F011FA022C00D0F8BD002130460B
S31508002C0007F002FEF9E700BF0040005010B50C4679
S31508002C10034650B1094A127812B1094A934208D9B3
S31508002C2021460220FFF7ACFF10BD08F0D9FE034687
S31508002C30F0E721460120FFF7A3FFF5E7C4200020AF
S31508002C40005A620238B52F4B4FF000425A6603F518
S31508002C500B235C6C04F001044AF6CD321A64E8B919
S31508002C60294B5B6B13F00103FAD1274A556815F017
S31508002C70010539D002F50052012151601A46224950
S31508002C80096B11F0010F04D120498A4201D801329B
S31508002C90F5E71E498A422FD81D4625E000231A4A21
S31508002CA0126B12F0080F04D0184A934201D8013368
S31508002CB0F5E7164A934221D8134B03F50052202113
S31508002CC0916203F5805301225A60002300E0013324
S31508002CD00D4A926A12F0200F02D10C4A9342F6D995
S31508002CE00A4A93420CD8002514B1074B084A1A64BD
S31508002CF001F0D4FE284638BD0725F5E70725F3E792
S31508002D000725F1E700900050004009503F420F00A8
S31508002D103254FFFF10B51A4B4FF000425A6603F5BE
S31508002D200B235C6C04F001044AF6CD321A6443782E
S31508002D305B0043F00103134AD363134B5B6B13F039
S31508002D400B0FFAD1104A536823F4F873817843EAD3
S31508002D5001135360C178437943EA012393600179EB
S31508002D60837943EA012313610078FFF76BFF14B1F7
S31508002D70054B064A1A6401F091FE012010BD00BFFA
S31508002D800090005000400050004009503254FFFFA8
S31508002D9010B50F2800D90F20124B5C6E03F580532F
S31508002DA04FF000425A6603F50B235A6C02F00102F3
S31508002DB04AF6CD3119640C4B5B6B13F0800FFAD1D0
S31508002DC009490B6A23F00F0303430B620AB1074A4A
S31508002DD00A64002C03DB064B4FF000425A6601F0EA
S31508002DE05DFE10BD00800050004009503254FFFFC0
S31508002DF000A0005010B5134B5C6E03F580534FF0DE
S31508002E0000425A6603F50B235A6C02F001024AF691
S31508002E10CD3119640C4B5B6B13F0800FFAD10A495C
S31508002E200B6A23F4F85343EA00230B620AB1074AF4
S31508002E300A64002C03DB064B4FF000425A6601F089
S31508002E402DFE10BD00800050004009503254FFFF8F
S31508002E5000A00050084B98420AD0084B984209D067
S31508002E6003F58043984201D00020704758207047E8
S31508002E7056207047572070470000015B00000A5033
S31508002E8010B5044607F0D3FC042307E004F5805385
S31508002E9004221A6104F500531A610B46591E002BC9
S31508002EA0F4D1202323610023E360A36041F20202E8
S31508002EB06261A3614FF4A0226262E3612362A362A6
S31508002EC0E3626363236504F500520249D164236310
S31508002ED010BD00BFFF3F0D03F8B50446154608466A
S31508002EE0E1B1A36813F0010F34D06668B0FBF5F0C2
S31508002EF0451E16F001062BD0636D13F0280FFBD183
S31508002F00A36C13F0030F0FD1A36C13F0010F1BD1A1
S31508002F10A36C13F0020F19D1002706E02046FFF72D
S31508002F2099FF07F096FADCE70527204607F07FFCAD
S31508002F30236923F07F4343EA0563236146B3394691
S31508002F40204607F093FC23E00927EEE70627ECE77F
S31508002F500027EDE76368A36803F0E003402B1DD064
S31508002F6017D9602B1ED0802B12D10123400105FBF7
S31508002F7003F3B0FBF3F020380B4A02EAC002636D94
S31508002F8013F0010FFBD12263636D13F0010FFBD120
S31508002F90F8BD2BB1202BFBD10823E7E70623E5E78D
S31508002FA01023E3E70423E1E7F8FF7F0070B5044642
S31508002FB00D461646436823B1636DC3F30B03002B16
S31508002FC0FAD12046FFF75CFF636923F44C5323F0DC
S31508002FD00F036A7B1343EA8913432A8A13436361FF
S31508002FE0A36823F0804323F0E2032A7B13432A7E57
S31508002FF013436A691343A360AB681BB9A36843F01C
S315080030000043A360EA69002A70D0A168694B0B40A7
S31508003010117A43EA8153917A43EA4143918801F44C
S31508003020C0410B43517843EA8103517B43EAC1030C
S31508003030917B43EA0113927843EA8223A360E2680C
S315080030405D4B1340EA6911690B4351690B4391794A
S3150800305043EA8123D27943EA4223E360EB691B788A
S31508003060012B01D0032B03D1E36843F00403E3608B
S31508003070EB691B78023BDBB2012B51D94F4B9C42C3
S315080030806BD04F4B9C426AD003F580439C4262D07A
S315080030904FF0FF3303F593735B0103F1A04303F588
S315080030A0703302225A60EB695A7A04F580539A62A1
S315080030B0EB695B7A1BB1E36843F40063E360EB6991
S315080030C0DB7A63B1E36843F40043E3603B4B9C421D
S315080030D047D03B4B9C424BD03A4B9C424FD0636AFD
S315080030E023F00303EA69D27B134363623EB196F881
S315080030F02030002B4AD004F5805301221A6204F5C9
S31508003100805301225A60AA68002A4ED1297820469F
S3150800311007F0ACFBA36CDB4313F4405FFAD170BD38
S31508003120264B9C4213D0264B9C4212D003F5804373
S315080031309C420AD04FF0FF33A6335B0103F1A0434C
S3150800314003F5703302225A60ADE70223F4E7002341
S31508003150F2E70123F0E702239CE700239AE701231D
S3150800316098E7EB691B7B03F00F03174A5366B0E732
S31508003170EB691B7B03F00F03134A1367ACE7EB6994
S315080031801B7B03F00F03104AD367A8E7E36923F014
S31508003190090396F82220134396F82120134343F097
S315080031A0010304F58052D361A9E769682046FFF751
S315080031B093FEABE7E39BBDFFFFF9F0870000015BD9
S315080031C000000A5000400A5000900350F8B5044623
S315080031D00D461E4617463AB1FBB101228A4000EB5E
S315080031E0400109011D4B5A50072D1ED8A90004EBB2
S315080031F044031B0107FA01F20F2000FA01F11848EF
S31508003200184407F06AFB3FB9FEB10122AA4004EB55
S3150800321044042401114B1A51F8BD01228A4000EBDF
S31508003220400109010F4B5A50DEE7A5F108039B0040
S3150800323004EB440C4FEA0C1C07FA03F20F219940E1
S315080032400948604407F049FBDDE70122AA4004EB80
S3150800325044042401034B1A51DEE700BF40D0035053
S3150800326034C0035040E003503CC0035010B516204C
S3150800327007F06DFB074B00245C65FF229A625C60D1
S3150800328021462020FFF720F921462120FFF71CF9C7
S3150800329010BD00BF0000045029B9044A012303FAEF
S315080032A000F010607047024AF8E700BF401004506B
S315080032B04020045010B5044601212020FFF704F9E8
S315080032C001212120FFF700F9114B01225A602278CB
S315080032D012069A606178A27842EA01429A61FF2250
S315080032E09A6200229A631A644FF000425A6503F5FF
S315080032F000534FF0FF321A65162000F07DFCE17886
S31508003300162007F02CFB162007F025FB10BD00BF82
S315080033100000045070B50C46C3B201259D402149F2
S3150800332001F500531D65830003F1A04303F58823C7
S3150800333026685E60637B00EB400C01EB0C1CCCF846
S31508003340603094F80AE0E37A1B0543EA0E4394F8E2
S315080033500CE043EA4E53CCF85C3022F00302CCF87A
S31508003360702008F067FE104B5D65237A0BB10E4B93
S315080033701D64637A0BB10C4B9D632379A27942EAEB
S315080033800342084B03F500518A6194F805C0E279B7
S3150800339042EA0C4203F58054A2614D639D6408F02D
S315080033A044FE70BD000004500010045010B5C0B2B1
S315080033B00124844008F03EFE044B5A6D22EA0402BA
S315080033C05A659C6208F031FE10BD00BF000004502B
S315080033D010B5C0B20124844008F02CFE084BDB6A05
S315080033E0234205D1064B5B6B9C4306D0002400E0C4
S315080033F0002408F01AFE204610BD0124F9E700BF94
S315080034000000045070B50446C3B201259D4008F07B
S3150800341011FE084B5E6B04EB440403EB04135C6E6D
S3150800342008F003FE354203D1C4F30A10013070BD1B
S315080034300020FCE700000450074B4FF480325A6620
S3150800344003F5E6239B69C3F38512827003F03F02F6
S3150800345042701B0B037070470090005070B504460D
S315080034600D461646037841782C4AD2F810236A1E70
S315080034700E2A09D8DFE802F00A0A0A0A0A0A0A0A1C
S315080034800A0A0A0A0A0A0A00002200E02A463DB188
S3150800349016B30120884003EB43031B012049C8509B
S315080034A06178072920D82378890003EB43031B0199
S315080034B08A400F2000FA01F11A48184407F01BFA4F
S315080034C04DB906B3237862780121914003EB430393
S315080034D01B01134AD15070BD0120884003EB4303FA
S315080034E01B011149C850DBE723780839890003EB2B
S315080034F043031B018A400F2000FA01F10B481844C8
S3150800350007F0F9F9DCE7237862780121914003EBAB
S3150800351043031B01044AD150DDE700BF00C0035036
S3150800352040D0035034C0035040E003503CC0035021
S31508003530074B9B6813F0020FFAD1054B5B6813F033
S31508003540020FF5D1024BDB69002BF1D1704700BFA2
S3150800355000800A50074B5B68064B5B6813F0010F47
S3150800356003D0044BDB69002BF6D1024B02221A6109
S31508003570704700BF00800A5008B5FFF7D9FF034B14
S3150800358003F5805101224A601A6108BD00800A507D
S3150800359008B5054B5B68012B00D008BDFFF7DAFFBD
S315080035A0024B01225A60F8E700800A5000A00A5030
S315080035B010B50446FFF7BCFF084B5B68012B05D026
S315080035C0237843B10122054BDA6010BDFFF7E0FF0F
S315080035D0FFF7AEFFF4E70022F5E700BF00800A50C8
S315080035E038B505460C4608F0F7FADDB92378D3B1A5
S315080035F00123626812B1127843EAC2036278A2B163
S3150800360002221343A26812B1127843EA8213E278BF
S315080036106AB104221343226912B1127843EA42239B
S31508003620044A936438BD0023E3E70022E9E7002251
S31508003630F0E700BF00800A5038B5044607F065FD7C
S31508003640864658B9064DA446BCE80F000FC5BCE827
S315080036500F000FC59CE8030085E80300704638BDD7
S31508003660C820002047F6FF739A427DD009297DD8E5
S3150800367070B5414B13F801E0BEF1030F78D83F4B04
S3150800368003EBCE0191F802C0604613F83E30012BD9
S3150800369026D03A4B03EBCE035C68002C6AD0B4F90B
S315080036A00030934204DBB4F90230934200DC13463F
S315080036B0A288FF2A2CD000212826C8221D46D21A05
S315080036C092FBF6F20A4412B22C4B03EBCE0393F8A4
S315080036D001E0964501DD002A2FDA0EF1FF322CE0D3
S315080036E0CB78A3EB0C0300249C420ED2191BA3EB48
S315080036F05101224800EBCE00406830F91100904293
S3150800370001DC0C46F0E74B1EEEE76344D8B230E026
S31508003710B4F90620B4F908600121CFE75C331849EB
S31508003720A1FB03139B09013212B2164696450FDD1B
S3150800373004EBC201898899420AD304EBC2018B685B
S31508003740B1F9061001FB0533002BE7DA0023E5E79C
S31508003750013E04EBC604A2889A4200D31A46944551
S3150800376000D81046C0B204E0FF207047002070471A
S31508003770002070BD0020FCE780D10008C82000208A
S31508003780D34D621009296FD83A4B5B5C032B6DD871
S31508003790394911F8331001292AD010B4364901EBFA
S315080037A0C3014C68002C63D0201D334901EBC301CB
S315080037B08978914234D2304901EBC301C9789142E4
S315080037C033D92D4901EBC30393F801C00CF1FF3C33
S315080037D05FFA8CFCA388FF2B2AD00023634529D2E5
S315080037E0591C30F83110914224D30133DBB2F5E786
S315080037F0214901EBC301C978914200D20A461E4805
S3150800380000EBC3008078121AD2B2091A8A4200DD88
S315080038100022194901EBC3035B6833F912007047AC
S31508003820B4F902005DF8044B7047B4F90000F9E7F3
S315080038300123D3E74FF47A7101FB02F200EBC300D0
S315080038404368D31AB0F9022002EBD27103EB610385
S3150800385093FBF2F3B4F900009842E3DBB4F90200F3
S315080038609842DFDC18B2DDE7044870470348704722
S315080038700248D7E780D10008C82000200080FFFF53
S3150800388008B50348FFF7D8FE012007F042FC08BD3B
S315080038908CD1000830B583B00446694607F037FC7A
S315080038A000B1FEE79DF80030134A1278934217D00C
S315080038B00C2B06D164251049204607F015FC28B1C3
S315080038C0FEE7204601F000F90546F4E729462046BA
S315080038D007F0F1FB00B1FEE7074B1B780A2B01D076
S315080038E003B030BD6946204607F011FC9DF800205C
S315080038F0014B1A70F4E700BF1C26002008B50248E1
S3150800390008F0A5FB08BD00BF18D3000810B58AB09B
S31508003910EC46194C0FCCACE80F000FCCACE80F0006
S3150800392094E803008CE80300144BD3F84C3113F4E5
S31508003930002F05D0124B1C88FF2C05D98C2403E0D8
S315080039400E4BD3F85041E4B28DF81940FEF7BAFF92
S31508003950241803D4FF2C02DDFF2400E000248DF890
S3150800396018400848FDF7C6FE6846FEF7D1FE322025
S31508003970FEF7AEFF0AB010BDE4D200080080E00FE3
S315080039800001E00FC017530208B50248FFF74EF8CA
S3150800399008BD00BF00B4C40408B50248FFF7C6F85E
S315080039A008BD00BFC0EA210110B5FEF7F1FF4E4C75
S315080039B0236F23F0070343F0030323670020FFF771
S315080039C00DF8236F23F474432367484BD3F8FC3070
S315080039D013F0807F75D1464B0022C3F88020424CF5
S315080039E0D4F8203123F0070343F00203C4F820314A
S315080039F0D4F8283123F0070343F00203C4F828312A
S31508003A00D4F8803123F0030343F00103C4F880316E
S31508003A10D4F8903223F0030343F00103C4F890323C
S31508003A20D4F8403123F0030343F00103C4F84031CE
S31508003A30D4F8603123F0030343F00103C4F860317E
S31508003A40D4F8403223F0030343F00103C4F84032AC
S31508003A50D4F8003223F0070343F00103C4F8003218
S31508003A60D4F8083223F0070343F00103C4F80832F8
S31508003A70D4F8503223F0030343F00103C4F850325C
S31508003A80D4F8703223F0030343F00103C4F870320C
S31508003A90D4F8203223F0070343F00103C4F8203298
S31508003AA0FEF71CFE4FF0E022136943F0040313618E
S31508003AB0D4F8603223F0070343F00103C4F86032F8
S31508003AC010BD0A4BD3F8FC2022F08072C3F8FC2004
S31508003AD0074A0021C2F88010D3F8FC2042F0807211
S31508003AE0C3F8FC207BE700BF0080005000ED00E033
S31508003AF00090005008B5074808F0A9FAFFF706FF36
S31508003B00FFF742FFFFF748FFFFF7F8FEFFF74CFF06
S31508003B10002008BD14D3000800B583B0094B93E80C
S31508003B2003000090ADF80410090C8DF806106846DD
S31508003B30FFF7F0F80920FFF72BF9002003B05DF82E
S31508003B4004FB00BF0CD3000810B582B0074A536FB8
S31508003B5043F001035367002400948DF80440684637
S31508003B60FFF704F8204602B010BD00BF0040005021
S31508003B70002808DB0901C9B200F1604000F5614080
S31508003B8080F80013704700F00F000901C9B2014B15
S31508003B901954704714ED00E0002807DB00F01F02F7
S31508003BA0400901239340024A42F82030704700BF7B
S31508003BB000E100E000280CDB00F01F0240090123A9
S31508003BC093402030034A42F82030BFF34F8FBFF3AB
S31508003BD06F8F704700E100E04211064B53F8223020
S31508003BE000F01F0023FA00F080F0010000F0010049
S31508003BF0704700BF00E100E0002808DB00F01F0264
S31508003C004009012393406030014A42F8203070474A
S31508003C1000E100E010B508F00DFA0B4B1B783BB934
S31508003C20094B01221A7008F000FA6FF0040408E044
S31508003C3008F0FBF907E00521204606F090FE01345E
S31508003C4064B24B2CF7DD10BD4725002010B504469D
S31508003C5008F0E7F9024B1C6008F0DEF9002010BDF9
S31508003C60F020002010B508F0DCF9034B1C6808F0BA
S31508003C70D3F9204610BD00BFF02000202DE9F04101
S31508003C808EB007460E4614461D461368D3F80080C4
S31508003C9091F83130002B48D00DF1180CDFF830E2DE
S31508003CA0BEE80F00ACE80F009EE80F008CE80F0096
S31508003CB00023009301930293039304930593A36847
S31508003CC00893237B012B3DD0022B3ED14FF4407342
S31508003CD0ADF82630607B06F067FEADF82800CDF813
S31508003CE034D001238DF80630A37B022B04D0032B96
S31508003CF002D0012B00D000238DF80030B36B6E4A3A
S31508003D001A60B36B6D4A5A60B36B00229A60B36B44
S31508003D106B4ADA6032462946384600F0AFFA07465B
S31508003D20A8B138460EB0BDE8F0810DF1180CDFF8E1
S31508003D30A4E1BEE80F00ACE80F009EE80F008CE88F
S31508003D400F00B5E74FF40073C2E70023C0E7236905
S31508003D50C5F8A430237E85F8AB30E37D85F8AA3014
S31508003D60A37D85F8A930637D85F8A830A37E85F8FC
S31508003D70AD30637E85F8AC30237F85F8AF30E37EBF
S31508003D8085F8AE302368C5F8A0304E4808F05FF9CC
S31508003D9001230422A17D607DFFF718FA0123022280
S31508003DA0217EE07DFFF712FA002385F8B0302069FE
S31508003DB008F04DF996F83130002B5DD006A940463B
S31508003DC006F07FFD95F8B03043F0040385F8B0306F
S31508003DD0227D3D4B263203EB421214215160617D50
S31508003DE0A07D227D41EA004103EB4212C2F8DC14B1
S31508003DF0E27D207E217D42EA004203EB4113C3F8AF
S31508003E00D424A37B012B3CD0032B3AD0A37B023BC3
S31508003E10DBB2012B42D995F8B03013F0010F0CD064
S31508003E20627EA17E237D42EA01425B0103F1A04343
S31508003E3003F5703341F2CC415A5095F8B03013F07F
S31508003E40010F10D0237D204AA63302EB431302212B
S31508003E505960E37E207F217D43EA004302EB41124D
S31508003E6041F2D041535008F50053184ADA64052147
S31508003E70404606F0FBFC54E706A9404606F027FD37
S31508003E80A6E795F8B03043F0010385F8B030002373
S31508003E900222A17E607EFFF799F9B7E795F8B03060
S31508003EA043F0020385F8B03000230422217FE07E28
S31508003EB0FFF78CF9AFE700BFD1A9000871AA00087F
S31508003EC0EBA900081CD3000800C00350FF3F0D03F0
S31508003ED03CD300085CD3000830B583B0007D104B96
S31508003EE000EB400203EB0212D56E00EB400203EB37
S31508003EF002131C6F0DF1070107F026FE9DF8073027
S31508003F004BB904F00204074B9D4201D0002003E0A0
S31508003F1024B1002000E0012003B030BD0120FBE7FA
S31508003F200000045048250020037D0E4A03EB430198
S31508003F3002EB0111C96E03EB430302EB0312136F85
S31508003F4003F00203084A914201D0002070470BB9DA
S31508003F5000207047036A006D984214BF00200120B4
S31508003F60704700BF000004504825002030B583B0D4
S31508003F7003464169026902F1FF3CC5684C6F01F1CD
S31508003F807C020020C86750609060D060B1F87C0061
S31508003F906CF30E10A1F87C0091F87E0040F010003A
S31508003FA081F87E0091F87F0040F0300081F87F00AC
S31508003FB0C1F88050C1F88440012081F88C0091F83E
S31508003FC078000093024B6431FDF746FE03B030BD1E
S31508003FD0D1AD00082DE9F04184B0044600F1380659
S31508003FE000F11808002585637560B560F56090F8DE
S31508003FF03A3043F0100380F83A3090F83B3043F0FB
S31508004000030380F83B30494FC7630764007DFDF71B
S315080040104FFEA5637560B560F56094F83A3043F0D5
S31508004020100384F83A3094F83B3043F0030384F8DD
S315080040303B30E7632764207D00EB40031B0103F157
S31508004040A04303F58023DB6EBB4219D00DF10F01A7
S3150800405007F07AFD9DF80F30ABB194F844306FF352
S31508004060410384F844300094314B32462146207D82
S31508004070FDF7F2FD207DFDF73BFE04B0BDE8F081BB
S31508004080FDF736FEF9E7204606F001FD054602A9CA
S31508004090207D07F07DFD029B591E20690023A36140
S315080040A0E36123626362228B61F30E122283A27E8E
S315080040B042F01002A276E27E42F00302E276E06166
S315080040C02562227D1B4902EB420001EB0010056FB9
S315080040D0C5F3400594F8247065F3410784F8247005
S315080040E0A57E63F30415A576056FF8B265F300009F
S315080040F084F8240002EB420201EB02110A6F9210C7
S31508004100616A62F39F01616294F8442042F00202F8
S3150800411084F84420D2B263F3000284F844204FEABC
S31508004120A808636C68F39F0363649CE7482500202E
S3150800413039AC000800000450F0B589B004460E46B4
S31508004140007DFDF7B5FD0DF11F01207D07F0FCFC94
S31508004150204606F09CFC0546236D83424AD2A26C93
S31508004160934216D0238DC3F30A12324462F30E1318
S315080041702385236D1E442665A26CE36C13449E4278
S315080041806FD0236DAB426ED0207DFDF7B1FD09B02F
S31508004190F0BD701E276904F128030021A162E162BF
S315080041A021636163B4F828C060F30E1CA4F828C024
S315080041B094F82A0040F0100084F82A0094F82B009E
S315080041C040F0030084F82B00E762226394F82A2063
S315080041D061F3041284F82A2023F00302237D42F0B7
S315080041E0020203EB43031B0103F1A04303F58023FB
S315080041F01A67BEE79DF81F30B3B9227D1D4802EB4A
S31508004200420300EB0313596EC1F30A1131445B6E86
S3150800421023F4FF4323F0700343EA011302EB42023F
S3150800422000EB02104366A4E70494134B03930023A0
S315080042300293019601230093236902462168207D93
S3150800424006F0AEF8237D0B4A03EB430102EB01119E
S31508004250496E21F4801103EB430302EB0312516606
S3150800426087E722658DE7012384F854302046FFF757
S31508004270B1FE89E70000045039AC000870B588B073
S3150800428006460C461546A0220021204607F068FA85
S31508004290A446AE46BEE80F00ACE80F00DEF80030D4
S315080042A0CCF8003004F1640C05F1140EBEE80F00DA
S315080042B0ACE80F00DEF80030CCF80030AB6AA36437
S315080042C0EA6AE264236595F8302084F8952095F823
S315080042D0332084F89620C4F89830012384F89C305B
S315080042E084F85430AB6B23663460374B7360374BB6
S315080042F0B360374BF360374B7361374BB361374B5A
S315080043003361FDF777FC10B1354A904253D100214D
S3150800431007A8FDF7EDFB00284FD19DF81C30237543
S31508004320002107A8FDF7E4FB00283FD19DF81C30C3
S3150800433084F87830207DFDF7BBFC002840D1E36C7B
S315080043400494284A039200220292019301230093BF
S315080043502369A26C2168207D06F022F890BB237D94
S3150800436003EB43031B0103F1A04303F5802342F249
S3150800437064024FF480119950AB6B93F91000FFF764
S315080043803BFCAB6B93F9100006F0E5FA04F19000DC
S3150800439005F0F2FF3046FFF759FC2046FFF71AFEF4
S315080043A0207DFDF7A5FC48B1102007E0207DFDF72C
S315080043B0F7FB102002E0102000E0102008B070BDC6
S315080043C01020FBE71020F9E7DFAB0008F3AB000885
S315080043D099AD000883AA000889AA000815AE000846
S315080043E0038000F039AC00080346064A1068034407
S315080043F0054A934202D8034A136070474FF0FF30CC
S31508004400704700BF2426002000800020BFF34F8F8E
S315080044100549CA6802F4E062044B1343CB60BFF354
S315080044204F8F00BFFDE700BF00ED00E00400FA056E
S31508004430BFF35F8F074B5A6A22F480325A62D3F869
S31508004440942022F00102C3F89420BFF34F8FBFF3E4
S315080044506F8F704700ED00E070B5FFF7E9FFA02207
S315080044600021214806F005FD204B21498B4206D044
S3150800447021F01F02203AB2F1005F0FD300E01D4A77
S315080044801D4D286842F001021C4CC4F898001C4EC9
S31508004490C4F89C60C4F8A020013028608B4210D074
S315080044A01F3323F01F0343F003031348026813491D
S315080044B0C1F89820C1F89C30124BC1F8A0300132DF
S315080044C00260BFF35F8F0D4B0522C3F894205A6A2A
S315080044D042F480325A62BFF34F8FBFF36F8FBFF338
S315080044E04F8FBFF36F8F70BD90ED00E0C0250020A1
S315080044F08025002000800020F420002000ED00E048
S3150800450003000020E17F002010B4194B5A6E02F414
S31508004510803203F580514FF480304866586E4FF06C
S3150800452000434B66134B596C01F001014AF6CD3432
S315080045301C64104B5B6B13F0010FFAD10E4B012470
S315080045405C600C4B1B6B13F0010FFAD011B1094BD1
S315080045500A491964002803DB094B4FF000415966E4
S315080045601AB9074B4FF480325A665DF8044B704708
S315080045700080005000400950006009503254FFFF87
S3150800458000A0005010B507F055FD0446144B1B78E3
S31508004590DBB9144A1360144A1360144A136000F016
S315080045A02DF8012007F076FE07F0C6FC0246104BF0
S315080045B0186078B100230F4840F2E73105F052F849
S315080045C00D4B1860064B01221A70204607F02DFD88
S315080045D0002010BD204607F028FD2320F9E700BF7C
S315080045E04B25002000210020FC2000200821002067
S315080045F00421002018FCFFFFF820002010B586B023
S3150800460000248DF8144000940194029403940494B1
S3150800461001238DF80030164807F019FDBFF34F8FB8
S3150800462005A8FEF7C5FF8DF8004069462046FEF747
S31508004630D7FF0F21204607F0E3FA0F21204607F09F
S31508004640E5FAFEF799FF0B4B5B6813F0010F03D0F1
S31508004650084BDB69002BF6D1064B00229A614620EF
S31508004660FFF7CAFA462006F076F906B010BD00BF75
S3150800467014D3000800800A502DE9F843DFF860904B
S315080046800646D9F8008008461746B8F1000F03D049
S315080046900E242046BDE8F88306B3336801331DD1DE
S315080046A0E1B100F067F805460028F1D0C9F8000026
S315080046B000F086F8284606F04CFC044640B1404611
S315080046C0C9F8008000F07CF8284606F03DFCE0E7D3
S315080046D03560002FDDD02846B847DAE72124D8E729
S315080046E00C210020024B1868003818BF01207047BB
S315080046F00C21002038B505460C4601F099F938B169
S31508004700204602F0A5FF40F26512412100F0FCF9AF
S3150800471044B1236833B11B68013303D0E3680BB196
S31508004720A3684BB906F0CBFE00204FF4C1724121B5
S3150800473000F0EAF9212038BD204601F087FD002364
S315080047400A4A85F83031C5E93743C2E90033636957
S315080047504BB1074A422110684FF4D272C31A584225
S31508004760584100F0D1F90020E5E700BFC025002038
S3150800477050230020F8B5044607F053FC00260746E8
S315080047800E4B1B6893B19E68AEB196F82420D207EB
S3150800479011D435460FCC0FC50FCC0FC523682B6037
S315080047A096F8243043F0010386F82430384607F09B
S315080047B033FC3046F8BD1B68E4E700BF2C26002012
S315080047C010B5044618B9054B054A136010BD00F02C
S315080047D01FFAD4F8E830002BF6D1F4E735AF000815
S315080047E028260020084B10B4002A14BF14461C467D
S315080047F0064B1C6019B15DF8044B06F0F1BB084680
S315080048005DF8044B704700BF35AF00082826002026
S31508004810D0F8E0302DE9F04105460C4613B1C38DBA
S315080048208B424CD0D5F8DC30002B4BD09E68002E3E
S3150800483048D0D868002845D0013800B200281ADBCD
S31508004840002106E0128A591CA24217D209B28842F0
S3150800485011DB0B1803EBD3735B1003EBC30206EBF8
S315080048608202B2F80EC003F1FF3EA445EAD90FFA58
S315080048708EF08842EDDA2120BDE8F0814FF6FF720E
S3150800488099B29142F7D09BB203EBC30306EB8306BA
S315080048902846B6F9122095F82411D5F8F080FEF7C7
S315080048A0E1FE0746B8F1000F04D000233246284639
S315080048B01946C047EC85C5F8E06085F82D710020DB
S315080048C0BDE8F0810E20BDE8F08100BF2DE9F04774
S315080048D082B004460F46164601F09EF800286FD1AE
S315080048E0494D2B68D4F8DCA0D4F8E0800BB15345C9
S315080048F06AD04FF00009AF6001F0A4F80128074616
S3150800490004D001210022084600F0D2F92B68DAF813
S315080049100010D8F8002013B1186888425FD02046E6
S3150800492006F040FD94F82530C5E900A813F0010FFC
S315080049300CBF32460122D4F8F05062F3000384F823
S3150800494025308DF80760002D50D0002220461146EC
S315080049500DF10703A847204600F0B4FC0546B9F157
S31508004960000F10D07EB9D4F88C3013BB012F06D0B7
S31508004970002D47D0254B002103205B689847284621
S3150800498002B0BDE8F087B5FA85F040F2FA42332165
S31508004990400900F0B9F83146204600F04FFE1C4B9E
S315080049A005461B68414620469847D4F88C30002BAC
S315080049B0DCD000224FF40073204600F039F9D5E721
S315080049C00023114D6B608CE76B68002B91D0434533
S315080049D08FD1AB689F4215D04FF001098BE7696804
S315080049E011B1096891429DD0596898E794F82A1040
S315080049F094F82D313246994228BF1946204600F0D0
S31508004A00B3FBA8E70025BAE7C02500203426002016
S31508004A1028260020F8B50E46054607F002FB314663
S31508004A2007462846FFF7F4FE044620B1384607F045
S31508004A30F3FA2046F8BD00F0CFFF22463146284655
S31508004A40FFF744FF04460028F0D195F92430002BDF
S31508004A50ECDA284606F0FAFC0028E7D02246284673
S31508004A6095F82C1006F0B0FC0446DFE770B504464E
S31508004A700E4607F0D6FA314605462046FFF7CAFF26
S31508004A80044620B9044B01465B680320984728462C
S31508004A9007F0C2FA204670BD3426002010B5FFF78D
S31508004AA021FE20B9054B1A68054B9A4204D1BDE888
S31508004AB01040044B1B68184710BD00BF7026002025
S31508004AC0008000407426002013B50446694606F0A7
S31508004AD01EFB204606F0CAFBFF28024606D02046E3
S31508004AE09DF80010FEF74EFE02B010BD0048FBE729
S31508004AF00080FFFF08B50B460249194006F00BFB7C
S31508004B00002008BD0700110010B550B90548064B2E
S31508004B100160064802601868054B1860186805F0B9
S31508004B2004FC10BD302600200C2100201423002090
S31508004B301023002010B50446D0F818210B4B4FF46B
S31508004B400061C3F8D42090F82420D20102F4006250
S31508004B5004F030FD94F8243013F0100F4FF400736E
S31508004B6014BF034A034A536410BD00BF003E00B099
S31508004B70001002B8002002B8D0F8E43013B11A6861
S31508004B80032A10D8094BDB6BC3F3C20213F0380FA4
S31508004B9003F0070018BF504313F4E07FC3F38212F3
S31508004BA003D050437047986A400E7047008001B89A
S31508004BB0431C07D06FF0FF02034B10405A62A3F55F
S31508004BC080535862704700BF00E000B8F8B5044645
S31508004BD00F46164607F025FA0546A047044620B1B3
S31508004BE0284607F019FA2046F8BD03F075FE042298
S31508004BF00549D1F8003F23EA07033343C1F8003FCC
S31508004C00024B5A64ECE700BF003000B0002002B83F
S31508004C1038B10368044A002B08BF1346034A1360D9
S31508004C207047014BFAE700BFADB1000844260020E3
S31508004C3010B4D0E9544122400B4052EA030104D093
S31508004C4003495DF8044B096808475DF8044B70474B
S31508004C5044260020024B986F00F00F00704700BFF3
S31508004C60003F00B00F2938B505460C460ED800F0AF
S31508004C70E9FE01280CD1074A2846936F23F00F0353
S31508004C802343936706F0CAFB002038BD2120FCE7C2
S31508004C900220FAE7003F00B0014BD86F704700BF0B
S31508004CA0003F00B0014B0020D9677047003F00B0B5
S31508004CB003282DE9F74F0C46914600F28780444BAE
S31508004CC013F800A0434B1E5C434B13F800B007F0E3
S31508004CD0A8F9804603F0B2FD074640B1002300223A
S31508004CE0CDE9003301200023002103F085FB03F002
S31508004CF0ADFD48B100230022CDE900330020002392
S31508004D004FF4004103F078FB002E52D0334BDD6C94
S31508004D1005F008050AEB0600314B23305844DD64DC
S31508004D20C0B201F027FF3146504603F037FE5A4617
S31508004D303146504603F0D6FE2A4BDD64DFB12A4BD6
S31508004D401868D0F89410F83002F0F4FA2749086881
S31508004D50FFF72EFF4FF0FF330B60254B1A68511CE7
S31508004D6006D06FF07E402349C863A1F58051CA6317
S31508004D704FF0FF321A60B9F1000F04D01E4B002124
S31508004D8003205B689847B4B14FF480621B4B1D6FD4
S31508004D9003F50053C5F380251A67404607F03CF92A
S31508004DA000F050FE012808D15DB9002003B0BDE827
S31508004DB0F08F3546AEE72546EFE7002CF0D1052003
S31508004DC0F4E74FF480620E4B1A67EEE72120EDE711
S31508004DD09CD3000898D3000894D30008004000B874
S31508004DE0006000B8005000B80C21002040260020C2
S31508004DF03C26002000E000B83426002000C001B898
S31508004E0000D001B870B50D46064620B91A4B1B6886
S31508004E10A3B10E2011E000F015FE012829D1174B89
S31508004E2093F90040C4F12704641BC4F11C03002B4A
S31508004E30B8BF5B42232B0CDD212070BDA1F10B030B
S31508004E40002BB8BF5B42232BF6DC0C4B19700020F5
S31508004E50F3E786F8275007F0E4F8094AE402136AEC
S31508004E6004F4FF2423F4FF231C43146207F0D4F848
S31508004E70EDE70220E1E700BF0C2100204C250020C9
S31508004E8000C000B810B5FFF755FE0D4B1B689847D4
S31508004E9007F0C7F80B4A0121D2F8D03E044623F0A2
S31508004EA02003C2F8D03E0222074B08469A60074BF9
S31508004EB05B689847204607F0AFF8002010BD00BF92
S31508004EC074260020003000B0001002B834260020F6
S31508004ED00B4B08461A6D92020FD4D3F84021D1071E
S31508004EE00CD4D3F83823D20708D4D3F8803013F477
S31508004EF0706F14BF0120002070470120704700BF63
S31508004F00004001B8F8B50D46D0F8943002EA01041D
S31508004F1023EA01032343C0F894303B4A01F00B030C
S31508004F2023EA0401D1642340A2F580526F0706469E
S31508004F30D36410D50121FFF7CBFF60B103F0CCFC99
S31508004F404FF4007314F0040F14BF304A304A136547
S31508004F500422304B5A64E90606D514F0100F14BF24
S31508004F6000221B222C4B5A652A0618D5230611D572
S31508004F704FF40012254BDA6407F053F80E21074662
S31508004F80032002F067F940F20122234B3846DA6221
S31508004F9007F042F8214606F1F80002F0CBF9EF05D2
S31508004FA003D5E0052AD502F043F9A90503D5A205DC
S31508004FB027D502F049F915F0600F0AD0D6F8E410A3
S31508004FC0304606F0F4F88022144BC3F88800144BD8
S31508004FD01A612B0510D503F07FFC124A14F4006FF2
S31508004FE0D2F8003F14BF43F0006323F00063C2F811
S31508004FF0003F0422074B5A640020F8BD02F012F95C
S31508005000D3E702F01BF9D6E7006000B8005001B8F4
S31508005010006001B8002002B8004000B8003F00B0A8
S31508005020000002B8003000B00A78022A11D0101F1A
S315080050304242424152004B781201022B0BD0191FF3
S315080050404B424B415B000549054842EA8312FFF78C
S31508005050BDBD0122EFE70123F5E700BFF0FFFF0022
S315080050608D5A00080B78022B10D0181F4342434173
S315080050705B004A78022A0BD0111F4A424A41520065
S315080050800F21044843EA8202FFF7A0BD0123F0E797
S315080050900122F5E7B95A0008F8B50D7804460A2D35
S315080050A00E4690F8247108D10625284601F0E6F840
S315080050B018B90135EDB20A2DF7D1284601F0DEF808
S315080050C0002848D094F82431AB4209D1B288D4F8E4
S315080050D0A4309A4204D17288B4F826319A4238D05C
S315080050E084F82451B3882846A4F82831738804F52F
S315080050F09275A4F82631B388C4F8A430FF2384F83F
S315080051002B3006F007FA84F82A00284601F072F9CF
S3150800511010BB284601F0A8F8F0B9D4F8E03053B12E
S3150800512094F82411B94206D02046B3F91220FEF7A6
S3150800513099FA84F82D01204601F07CFA0849A4F86A
S3150800514028010123074AD1F8FC1004F1F80002F0FF
S3150800515013FF0020F8BD21200C2384F82431F9E739
S31508005160004F00B0983F00B070B5054690F824018E
S315080051700C460C281FD0FF2901D1212070BD1AB179
S315080051804FF0FF320D4B1A6006F0C4F9064695F843
S31508005190240101F0B1F8844228BF0446E4B2B442BF
S315080051A038BF3446E0B285F82B0001F073FBFF28C0
S315080051B0E3D00020E2E70220E0E700BF482600200F
S315080051C010B590F8243104460C2B44D0D0F8E030C2
S315080051D080F82A10DBB3D0F8F020D2B990F82D3138
S315080051E08B421CD300222046FFF7BEFF48BB1B4B51
S315080051F01B78063B032B23D8204601F01BFA1849D7
S315080052000123184AD1F8FC1004F1F80002F0B4FEA4
S3150800521016E0B0F94220B3F912309A42E2DD0022D4
S31508005220204694F82D11FFF79FFF50B9C4F8E00007
S31508005230204605F0F9FE4FF6FF739842014601D164
S31508005240002010BD2046BDE81040FFF7E3BBFF2352
S3150800525080F82B30F4E70220F3E700BF0027002090
S31508005260004F00B0983F00B0F0B51D46144B0446F9
S315080052701B780F46164685B05BB1D0F8E030E3B12F
S3150800528002AAB3F912300092002205F042FB05B0DB
S31508005290F0BD02A905F03BFF9DF808103A462046E6
S315080052A0FEF7E0F9014626B92A462046FFF75CFFD5
S315080052B0EDE72046FFF784FFE9E71846E7E700BF72
S315080052C08AD10008F0B5D0F89C3095B0012B03D1EF
S315080052D00025284615B0F0BD04467C4906F06BF952
S315080052E0D4F8E0600146E58DC4F8E4002EB13368D1
S315080052F01BB15B68002B40F0A58006F092FE0146C4
S315080053002046FFF739FC0746084606F085FED4F81E
S31508005310E410B3898DF80E70EB1A9BB2D6E901201A
S3150800532000FB03226A48ADF80C30036802929942E2
S3150800533008D0204605F03BFF80226649664BC1F837
S3150800534088001A61654D644E00F07CFB0128FBD18C
S315080053502B6CDA07F8D4736CDB01F5D494F8253096
S31508005360DF070CD5D6F878215D4BC6F8EC23D3F8C1
S31508005370F830D6F8A0209D06C6F8F02369D494F82C
S315080053802530D4F8E4106FF3000384F8253020465E
S3150800539012919DF80E20029908AB02F04BFA80B9DB
S315080053A000F050FB0128FBD14B4A4C49536CD801FD
S315080053B0FCD40B6CDB07F9D408A901A802F080FC21
S315080053C018B10225284615B0F0BDE28D454B5A6442
S315080053D000F09CFF054600287FF47BAF94F8243044
S315080053E060F3410384F8243000F0DCFBD4F8E030A5
S315080053F0411E5B69C9B21E68FD29024604962CD96E
S31508005400F71C3DD938490136096818BF0126C81C5A
S3150800541042D85B68FF2A0491059344D1DF1C27D83C
S31508005420204604A906F01BF8002E7FF451AFD4F8E5
S31508005430543198052AD494F8243043F0020384F8AA
S31508005440243045E71A68032A7FF657AF9F6A7F0E0E
S315080054505FE7204601F0EEF891E75B6801280593BF
S3150800546004D0204604A905F0FAFF31E70126D5E75E
S3150800547001331D4B5B6818D0D91C12D80593CFE7AA
S315080054805B68FF280593F1D02A46EAE720464FF4E1
S31508005490803105F04EFE1BE7FF2A5B680DD00593A9
S315080054A0C2E7FF2AC0D10022BAE7DD1C08D8204689
S315080054B004A9059305F0D3FFB9E701220593ADE7E3
S315080054C0FF2AB4D10022204604A9F3E7FC4F00B016
S315080054D01C230020003F00B0000002B800C002B83C
S315080054E0004F00B0008001B8542600202DE9F04195
S315080054F00B460646154611B92120BDE8F081002A5B
S31508005500FAD0032905D8002200F0EEFD034600284C
S31508005510F2D01C889A78B4F5804F02F0070180F023
S315080055208680A1F1070C1879DF88DCF1000343EBCC
S315080055300C0305292B7394BF0023C2F30013C2F38F
S31508005540801C6B73930985F810C003F00203C2F33D
S31508005550C00C43EA0C03C2F34012E8746B74AA74D5
S31508005560D6F89430AF82D8064DD4063901294AD8E0
S31508005570B6F81280F76908F1FF38083C04EA08040F
S31508005580395D2C4B80295B6D08BF6FF07F014FF0AA
S3150800559000031CBF323949B2A973AB6096F82600DE
S315080055A0013404EA080460BB3B5D5B0103F47E63D7
S315080055B0FF2B9CBFDB43D8B2D6F8EC3003B1984733
S315080055C0631CE87303EA0803F95C013303EA08037A
S315080055D0FA5C013303EA080341EA0221FA5C013363
S315080055E003EA0803F85C41EA0241002341EA006144
S315080055F06A7C304602F07CFD06232860AB710020E9
S315080056007BE71846DCE700230020EB730A4BDA69D0
S31508005610C2F30723120448BF63F0FF035AB212F11C
S31508005620800F1CBF323B5AB2AA730346E5E7022035
S3150800563063E700BF004000B800C000B8F8B50446EC
S315080056400E4619B990F824305A0647D43B4B3C4AC3
S315080056505B6A618EC3F3032313704FF6FF73994297
S31508005660D4F8E47004D0374B1B680BB12046984732
S31508005670354D2B68BB4256D0344B1B683BB11FB126
S315080056803A68002A51D0BF68394620469847072706
S31508005690204600F0CFFF002E3BD006202C4B94F975
S315080056A0272093F900302549C3F127039B1A0A6A74
S315080056B0DB0222F4FF2203F4FF2313430B62D4F820
S315080056C0E420244B2A60986701F07CF90122224BDA
S315080056D020461A7005F0A2FE0020F8BD4FF6FF7CA2
S315080056E066F38613154A80F82430536A164D144912
S315080056F0C3F30323D0F8E4700B702B68A0F832C00C
S31508005700BB4217D0114B1B68002BB8D100F092FF93
S31508005710072712493B46124AD1F8FC1004F1F80053
S3150800572002F02AFCB9E70127B2E7174620463946B0
S315080057309847ACE700F07EFF0127EAE700C000B80B
S315080057404E250020242300201C230020202300208F
S315080057504C250020006000B84D250020004F00B001
S31508005760983F00B0054A12681AB190F81E1119B987
S315080057701047084601F080BD0148704718230020ED
S3150800578000FEFFFF404B2DE9F7431D6801F4007941
S3150800579000F00103174653EA090206460C4640D0B4
S315080057A04FF0000893B30023002201200021CDE921
S315080057B0008802F021FE41462846FFF7D3FF012262
S315080057C041462886104605F016FCD5F8941005F1D2
S315080057D0F80001F0AFFD2D490868FFF7E9F94FF029
S315080057E0FF330B602A4B1A68511C06D06FF07E40B7
S315080057F02849C863A1F58051CA634FF0FF321A6081
S3150800580095F8243043F0040385F82430B9F1000FE5
S3150800581007D00121284605F08CFC24F400740643C1
S315080058200C43324623462846FFF702FA22044FF075
S31508005830000308D5CDE900330022002300204FF4E9
S31508005840004102F0D9FDFB070FD51349134A086832
S315080058500021136811600121114A117003B198479C
S31508005860104B002102205B68984717F00E0F08D0EE
S315080058704FF409723B21002003B0BDE8F043FFF75F
S3150800588043B903B0BDE8F0830C2100204026002070
S315080058903C26002000E000B8282300202C23002006
S315080058A04F2500203426002008B558220021064836
S315080058B005F056FF1022FF21044805F051FF03F0BA
S315080058C097FE002008BD00BF043F00B0483F00B067
S315080058D073B581217A22A0F814118221C0F800211B
S315080058E0C0E9411264220C23C0E9432207224FF083
S315080058F0FF35002680F824314FF6FF730446C28729
S3150800590000F14C0282641F4AC385A0F8403080F833
S315080059102C3043864263038780F82760C0F8A4507A
S31508005920458502F09BFF2046FFF7BEFF0122164B76
S315080059302046C3F8382294F92710FFF763FA602344
S31508005940124A41F6FF71D3644FF03A421163116768
S315080059500F4A2946D36440220E4B20465A64D4F88F
S315080059609420FFF7CFFA0E230022CDE9003340F248
S3150800597002231046194602F03FFD00F097FC304618
S3150800598002B070BD4000FFFF005001B8004000B8EB
S31508005990005000B8002002B838B506F042FB4FF6B2
S315080059A0FF710A4A13888B4203D106F035FB0E2095
S315080059B038BD074C074D1B046567A4F5805463671B
S315080059C0118006F029FB0020F2E700BFFE26002022
S315080059D0006001B80000FFFF08B50C4BD3F84C2156
S315080059E0531C11D012F080420ED1094B1B681BB113
S315080059F011460320FFF75CF94FF08062054B1A65E4
S31508005A0001225A6102229A6208BD00BF0080E00F97
S31508005A100C210020001002B84FF40022034B586CEA
S31508005A2003F500535A64C0F3C0407047000002B83B
S31508005A30034BDB6913F4401F0CBF0120002070479D
S31508005A400080E00F0F4BDB68C3F30363013B0B2BAE
S31508005A500FD8DFE803F006060C06060606080A084D
S31508005A600808022070470420704705207047032065
S31508005A707047054B5B6913F0060F0CBF0120042025
S31508005A80704700BF000002B800C001B8094AD368D1
S31508005A90C3F303630B2B08D06FF49050184100F042
S31508005AA0010080F0010040007047506C10F480300F
S31508005AB0EDD17047000002B80C4AD368C3F30363FC
S31508005AC0062B07D8042BD8B20BD8C31E5842584108
S31508005AD040007047072B06D1D2F868010028ECD1A0
S31508005AE07047022070470020704700BF000002B8C8
S31508005AF0094BDB68C3F303639A1E012A8CBF002295
S31508005B000122012B02701EBF4FF4026222FA03F330
S31508005B1003F001030B707047000002B8FF28074B1B
S31508005B2009BF0A6851F82020C3F878224A6818BFC6
S31508005B30C3F87822C3F87C22704700BF004001B83A
S31508005B40144BFF281870144A144B09D11821C2F8AF
S31508005B50FC131022C3F8FC23114BD3F874320DE062
S31508005B60C0431821C00000F00800C2F8FC13C3F8AF
S31508005B70FC030028F0D10A4BD3F8783240F2FF3103
S31508005B80054AC3F30903C2F80C11A2F58052C2F8FC
S31508005B900C31704750250020002002B8001002B8CA
S31508005BA00080E00F014B1878704700BF5025002091
S31508005BB04FF03A43D3F81421D2031ED54FF480325E
S31508005BC00E49C1F81421A1F58051C1F818215A6D62
S31508005BD0D1B2C2F30722C3F8A410C3F8A420042242
S31508005BE0C3F8A4200022C3F8A420C3F8A420C3F84D
S31508005BF0A420C3F8A420C3F8A4207047002000BA44
S31508005C00F0220B4B01219A64A022A3F580539A64D3
S31508005C104FF03A43826CC3F8F410FC21C3F8CC1059
S31508005C20C3F8D0204FF40052C3F8F020704700BFE5
S31508005C30006000B8F8B50D464FF03A4417460646D8
S31508005C4006F0EFF901230421074A6363E76026613A
S31508005C506561C2F81411054AC2F8843106F0DCF908
S31508005C600DB102236363F8BD002000BA00E100E02D
S31508005C702DE9F04105460124006800F007000630CA
S31508005C8004FA00F3A868EC685E1EA04262D000EA37
S31508005C90060E6C6810441E430640A3EB0E000EEB7E
S31508005CA0040C8242644618D9D31A0EEB030298B143
S31508005CB0431E052B04D94B1CACEB0303022B59D806
S31508005CC00B460844ACEB010E03EB0E0113F8014B2F
S31508005CD083420C70F8D101466C688AB1531E052BB5
S31508005CE001F1010302D9E01A022812D80A44611EFA
S31508005CF000E0013313F8010C934201F8010FF8D1C3
S31508005D0006F08FF90223AE60AB62BDE8F04106F0FB
S31508005D1083B90B46204622F0030E8E4453F804CB73
S31508005D20734540F804CBF9D122F00303D01A920741
S31508005D3001EB030C04EB0307E2D0CA5C0128E2542A
S31508005D40DED09CF8013002287B70D9D09CF802304E
S31508005D50BB70D5E7042A35D90878043AA86148788B
S31508005D600431A86111F8020CA86111F8010CA861A8
S31508005D70A8688CE70B4620F003070F44ACEB010E2E
S31508005D801C684EF803400433BB42F9D120F00303E4
S31508005D9010F0030F01EB030EA0EB03040CEB030753
S31508005DA028D011F80380012C0CF8038022D09EF825
S31508005DB00130022C7B7018BF9EF80230084418BFC9
S31508005DC0BB7088E7013A032A12D8DFE802F00F15FC
S31508005DD007020B4613F8012B1946AA610A4612F860
S31508005DE0013BAB61114611F8013BAB610B78AB6126
S31508005DF0BDE8F08108446EE70A46F3E738B50B4676
S31508005E00154601464FF03A4468B101221048C4F8D5
S31508005E10F4201A46FFF72CFF25B14FF03A43042227
S31508005E20C3F8F42038BD73B1D4F8D8209A4284BF99
S31508005E300122C4F8F4204FF03A42C2F8D4300223C3
S31508005E40C2F8F430E8E70123C4F8F430E4E700BF09
S31508005E50CC0000BA38B5044606F0E3F84FF03A42EB
S31508005E600121638F054651674BB3B3FA83F3C3F138
S31508005E701903DBB2A069C2F8B410C2F88C30072344
S31508005E80C2F89000C2F8B0304FF4A02302F50052D1
S31508005E90C2F81431A2F58052C2F8183100220C4B10
S31508005EA01A600C4B5B6C5B0209D54FF480020A4BF7
S31508005EB004F1F8005A64D4F8941001F03BFA4FF450
S31508005EC0E0232846E363BDE8384006F0A5B800BFDE
S31508005ED030230020000002B8002002B8044B1868DE
S31508005EE020B140F001021A6020F00100704700BF9F
S31508005EF0302300202DE9F84305460C46B1B1D0F809
S31508005F001880478F06F08DF8B5F83CC0791E01EA6F
S31508005F100C0323F00702032C0646DFF8F8E0424498
S31508005F205ED1DEF8004024B906F076F80E20BDE80A
S31508005F30F88324F00104DEF8000020F00100A042F6
S31508005F4053D10023CEF80030238894426FEA4343A6
S31508005F506FEA534323803ED1EB8F08EB07091846B7
S31508005F60083880B202F108044C4528BF4446082880
S31508005F7004D9B4F800E0BEF5804F40D263440F431D
S31508005F801B1A3B409BB2AB87E887947811884FF081
S31508005F903A42C1F30C019165C2F89830C2F8B000D4
S31508005FA04FF48022174B04F00704C3F8142101228A
S31508005FB0154BC3F88421FFF7FBFD042C0BD14FF4D6
S31508005FC08002124B05F1F8005B6C114B5A64D5F848
S31508005FD0941001F0AFF9304606F01EF80020A6E747
S31508005FE0601E012898BF1446A5E7E88F4344E31AC4
S31508005FF048BFDB1908389842A6DC304694E72246A3
S31508006000AEE700BF002000BA00E100E0000002B8D9
S31508006010002002B830230020154B10B51968CA8F26
S315080060208B8F488F13440138073B8C69034023F054
S3150800603007031C4402F108034FF03A429BB2CB8790
S31508006040C2F8B0304FF480220A4BC3F8142101225B
S31508006050094BC3F88421A07800F00700042803D16F
S31508006060064AD3681B03FCD4054B1C6010BD00BF51
S315080060700C210020002000BA00E100E0000002B870
S315080060803023002010B5064C216839B1CB0703D45C
S31508006090044B1868FFF72EFF0023236010BD00BFCE
S315080060A0302300200C2100204FF480320C4B0D4980
S315080060B0C3F818214FF03A43C1F81421D3F8AC10AD
S315080060C0D3F88C20012302F0070206329340C1F36D
S315080060D00C01083B994201D8FFF76ABD704700BF1B
S315080060E0002000BA001000BA2DE9F04780460C4699
S315080060F016468769458F05F094FFB8F83C2005F1E8
S31508006100FF3C02EA0C0323F00701032C82463944BC
S31508006110B8F83E0019D14A4C24689CB90244073A9B
S3150800612002EA0C0222F00702BC183B44E31A48BFF5
S315080061305B19834210DB504605F06EFF00242046AB
S31508006140BDE8F08724F00104EFE7012C02D0022C09
S31508006150EBD108380C46E8E7002E3FD08C4241D1F7
S315080061604FF03A42D2F858904FF03A41D1F8AC2065
S31508006170B8F81270C2F30C02934247DA2588B5F5CF
S31508006180804FD8D2A378C5F30C0503F007037A1E0F
S31508006190A5EB09053A43052B337005EA02052DD808
S315080061A02DB2E84340F241420421C00FFEF7ACFC91
S315080061B07580E3783374D8F81C207B1E03EA09033C
S315080061C0D118B160A9B213FA85F5AF422FBF0023E3
S315080061D0FF1AB780F26024BFB180F360504605F01D
S315080061E01BFFACE7A4F10802974284BFED0802EB57
S315080061F0C502B2F80090C9F30C09B5E7114B5B6DFF
S31508006200003B18BF0123A5EBC305C9E74B6D7A1EF2
S31508006210A3EB09033A431A400B4915B2002DCB6884
S315080062200BDCC3F30363D81E43424341DB003370E0
S31508006230CB6C72801B0A3374BDE70823F7E700BFEF
S3150800624030230020004000B8000002B8054BA82201
S31508006250D3F84C013121431C0CBF0120C0F38070D8
S31508006260FEF752BC0080E00F034B1A6802609B8859
S3150800627083800020704700BF0027002010B5044621
S31508006280084B063C9B689847074B032CD3F8F8073E
S3150800629006D800F4C020B0F5C02018BF012010BDF4
S315080062A00020FCE774260020000002B80E4BD3F845
S315080062B0FC37FF2B0ED0C3F3421103F01F03013343
S315080062C003EB4112FE2A88BFFE23084A98BF03EB58
S315080062D04113137041F66A02054B1B68B3FBF2F3D0
S315080062E0044A1360704700BF000002B80B2700205D
S315080062F05023002034230020063803289ABF024B77
S3150800630018780020704700BF0B270020334BD3F8BE
S31508006310F827D3F8FC17324B1B68D3F8E43013B1CF
S315080063201A68032A2BD82F4BDB6BC3F3C20013F072
S31508006330380F03F0070218BF424313F4E07FC3F394
S31508006340821000D04243C1F34213022B234919D9C4
S31508006350062A37D9D1F8FC3313F0010335D14FF0AB
S31508006360E0702149092AC1F82C012048C0F82C31CF
S315080063706FF0FF03C1F828311DD91D4B1DE09A6A3D
S31508006380520EE0E70023D1F8FC13C907E7D5032A24
S315080063901CD84FF47C71144A43F44C73C2F82C1180
S315080063A04FF0E071C2F82C111049C1F82C316FF08A
S315080063B0FF03C2F828314FF408530C4A0020C2F8EC
S315080063C0283170474FF40003DDE700234FF47C7053
S315080063D0054943F43873C1F82C01C0E7000002B838
S315080063E00C210020008001B8002002B8001002B875
S315080063F0002DB00BF8B5834D04462978002950D1F5
S315080064002C22814805F0ACF92378804FFF223B7097
S31508006410638800247B807E4B4FF48150C3F8DC40B0
S315080064207C4B1A7007227C4BD3F8F817D3F8FC6715
S3150800643003F50053C3F8FC234FF47072C3F82C21FC
S31508006440764A4903C3F830214FF00102C3F83421D4
S31508006450C3F86C014FF40060A3F58053C3F86C01D0
S3150800646026D4C3F8FC234FF4307216F0E00FC3F8B5
S315080064702C2108BF4FF480524FF0080008BFC3F81C
S315080064806C21FCF7B7FC4FF4780420226449C1F864
S315080064906C213A78063A032A2BD8DFE802F0156B06
S315080064A06E7300235F4AC2F8FC305F4A1370ABE78D
S315080064B00421C3F8FC1380210920C3F82C11C3F862
S315080064C03421FCF797FCE0E716F0E00FC6F342121A
S315080064D004D144F40C3444F440740AE0012A1BBF86
S315080064E02020524A44F4C134C2F86C0118BF44F45F
S315080064F08024C1F83041FFF709FF002839D14C4BF9
S315080065001A68B2F1406F474A5BD3D3F87C1201315F
S315080065103BD0D3F87C12C9B2C2F8DC10D3F880326B
S31508006520404ADBB24249C2F8E430D1F8843201333A
S3150800653043F63F7332D0D1F884421C40C2F8D840A3
S31508006540D1F888120B40C2F8E030394BD3F88C12D8
S3150800655001312CD0D3F88C1201F0FC01C2F8F010EE
S31508006560D3F8903203F0FC032E4AC2F8F430012324
S315080065702B70F8BD44F40834ADE744F4A73444F46A
S315080065808074B6E744F4FE44B3E72349D1F82831CA
S31508006590DBB2C2F8DC30D1F82831C1E71E4CD4F89A
S315080065A024111940C2F8D810D4F82411CAE71A4998
S315080065B0D1F8343103F0FC03C2F8F030D1F83431A5
S315080065C0D0E71549D1F8F847D3F83012C9B2C2F85E
S315080065D0DC10D3F83432DBB2C2F8E430630357BFB9
S315080065E043F62B3341F61B33C2F8D830C2F8E030F5
S315080065F049BFC2F8D830FC23C2F8E030DC23C2F821
S31508006600F030B1E752250020D43F00B00027002023
S31508006610004001B80A270020000002B800FFFF006A
S31508006620001002B8003F00B051250020002002B833
S315080066300080E00FD0F8A4104C22022938BF0221AE
S315080066402DE9F04F804690F824A181480139C36CA2
S31508006650D0F8DC507F48C3F38213DA40036898F811
S315080066602B708B42DFF828B27B4B87B002F0010211
S3150800667019D11C78944216D1784C2478544512D1F5
S31508006680D8F8A8407CB1AC420DD1754CD4F8F84086
S31508006690A60608D4734C2478BC4204D1BBF804007F
S315080066A007B0BDE8F08F01609BF800001A70FFF78D
S315080066B023FEFF2F81466A4840D1AAF10603032B21
S315080066C0D0F8F800684B09D985064DD540F2FF3059
S315080066D0C3F88800FB0843F4407309E0840642D5F2
S315080066E040F2FF300127C3F88800BB0843F438732B
S315080066F05E48C0F888305C4B0120C3F8E0005C4B6C
S315080067001E6840F27123B6FBF3F619234E43B6FB17
S31508006710F3F65AB3D8F8E4502DB12B68082B40F29B
S31508006720948095F83850294605A8059604F0CEFEBB
S315080067300602059C46F011062D043CE009F1FF33DC
S31508006740BB4228BF3B46012B38BF0123D0F8F800CF
S31508006750DFB2800608D540F2FF3443481B06C0F86E
S315080067608840B7D4C1E70127404BC5E7414B98217C
S31508006770A3FB062303A8039304F0A8FE039C3E4A42
S31508006780361BA2FB06120190342104A8049204F0D9
S315080067909DFE049D0090761B302105A8059604F001
S315080067A095FE019B009A1E02059B2C4446EA02169A
S315080067B0324D06431C44324B40F6970218682B218B
S315080067C0003818BF0120FEF79FF9FA222C4B02FB6E
S315080067D004F01B6840F6FF72B0FBF3F00A23584337
S315080067E0214B00F57A74C3F8D820A3F58053C3F873
S315080067F0D860A3F58053C3F8DC50224B224E1B7891
S31508006800C6F8D4700BB9C6F8FC7086F8FB9000F58C
S315080068108C50C8F8A8501D4D14302C6001F036FB7A
S315080068204FF47A72C6F89800C6F8EC002B680D4942
S31508006830B3FBF2F3ABF80430084BB4FBF2F083F881
S3150800684000A098F82B300B702AE700256BE700BFED
S31508006850004001B8482600205325002009270020BB
S31508006860004F00B008270020006001B8005001B8AA
S315080068705023002069C2F568B97A146E3064FC00AA
S315080068803423002051250020003F00B03823002083
S315080068900027002010B5104B024618780F4C0C281C
S315080068A002D1FF20207010BD831F042B34BF0121A5
S315080068B0FF21FFF721FD904228BF1046C0B288424B
S315080068C038BF084623788342EDD0054B20701868F8
S315080068D0FFF7B0FE2078E6E7002700200A27002009
S315080068E00C21002008B50E4B024618780C2812D049
S315080068F0FF2A13D0FFF700FD904228BF1046C2B208
S31508006900012A38BF0122074BC3F8FC200123064998
S3150800691010460B7008BD0023FF22F8E70023F6E7B0
S3150800692000270020003F00B0512500200020044B1E
S315080069301870044BD3F8D420C3F8FC20704700BF66
S3150800694051250020003F00B010B50446FDF7CAFEE9
S3150800695078B1154B1B786BB964B1144B1B784BB1E6
S31508006960134B1B78013B012B04D84FF40042114B03
S315080069701A6510BD104B1B6D1B04FAD405F051FBAC
S31508006980044601F0A9FF4FF400420C4B2046BDE82F
S3150800699010401A6502220A4BC3F824250422054B27
S315080069A05A6405F039BB00BF542500205525002040
S315080069B03C230020002002B8000002B8001002B8EC
S315080069C000D00350054BD3F8843013F0030F4FF46F
S315080069D0802314BF024A034A93647047004000B8F4
S315080069E0005000B8006000B8594B2DE9F34193F800
S315080069F02E800646B8F1000F40F0A8809B68554CDB
S31508006A00984701213A20FBF75FFD534B2578534FF2
S31508006A101E7085BB2846FFF797FF2378013B012B9D
S31508006A2019D8E37B01A88DF80430237C8DF805304E
S31508006A30FAF726FFC7F824554FF6FF72484BC3F8F6
S31508006A408420F822A3F58053C3F884200022434B00
S31508006A50C3F824250DE04FF6FF72414BC7F82455BD
S31508006A60C3F88420F822A3F58053C3F88420C7F816
S31508006A7024553C4B5BE04046FFF766FF2378013B15
S31508006A80012B08D8E37B01A88DF80430237C8DF808
S31508006A900530FAF7F5FE0023C7F82435002ECBD0CB
S31508006AA062685AB3304B1B6803EB5203B3FBF2F32D
S31508006AB0013B1B0243F0F80326782949022E2B4A8C
S31508006AC01ED0032E4FF6FF75244826D0012E37D147
S31508006AD043F00203C1F88450C2F884300723C0F893
S31508006AE02435E37B01A88DF80430237C8DF8053026
S31508006AF0FAF796FE0120FFF727FF17E0F823DBE7F2
S31508006B004FF6FF7043F00103C1F88400C2F88430E1
S31508006B100622124BC3F82425E3E743F00503C1F820
S31508006B208450C2F884300423C0F82435104B4FF043
S31508006B3080421A65FFF746FF002002B0BDE8F081E3
S31508006B40C1F88450C2F884300023EDE70E20F4E73C
S31508006B50742600203C2300205525002000C0035041
S31508006B60006000B8002002B850230020005000B88A
S31508006B70001002B8034B1B6D002BBCBF024BC3F8B9
S31508006B8088007047000002B8004000B8304B2DE975
S31508006B90F047DB6898474FF47A762E4BB0FBF6F64B
S31508006BA018604FF4FA73734307462B48190E1B02F5
S31508006BB018182A4A4FF0000341F1000102F052FD6D
S31508006BC0274BA0F5807205461A6320B948222B2167
S31508006BD0FDF79AFF01254FF47A724FF0000A6A43CF
S31508006BE053465008310202F03DFD1D4B1D4AB7F5CC
S31508006BF07A7F9A601C4B4FEA056819601B4B8946D9
S31508006C00044618604FEA152505D29B222B215046CB
S31508006C10FDF77AFF01264FF47A73A8FB030103FBFD
S31508006C2005117308C01841F100010023324602F02D
S31508006C3019FD0F4B023419600E4B49F10009A408DF
S31508006C40186044EA8974064B013C9C63BDE8F087EA
S31508006C50742600205023002020A1070040420F0080
S31508006C6000C001B802110100602300205C23002047
S31508006C7058230020542300201022044BC3F88421F3
S31508006C805A600122024BDA60704700BF00E100E05B
S31508006C9000C001B838B501250A4B02019D504FF4D2
S31508006CA080730446084A8340536605F0BAF9074AD2
S31508006CB0A540137823EA05031370BDE8384005F0AC
S31508006CC0ABB900BF00E101B800E001B85E250020BD
S31508006CD038B505F0AFF9084B084A1D6A92F8CD4059
S31508006CE05A6EE4B2520744BF1D6A013405F09DF995
S31508006CF0284604F0030138BD00C001B8003E00B0C4
S31508006D00064B1B68434303EB8171054B1B68A3FBCA
S31508006D10003013F1004341EB000070475823002070
S31508006D20542300200C4A20F04043014610B50020A9
S31508006D3014684FF00042E4FB0320084A890F1268E2
S31508006D4002FB0300064B9B6B984204D901330131C1
S31508006D50C01A01F0030110BD5C2300206023002047
S31508006D6000C001B8044B01F0F071103041F0030186
S31508006D7000011950704700BF00C001B808B52220AD
S31508006D80FFF7F8FE4FF48022014BDA6008BD00BF1A
S31508006D9000C001B8836833B10549C268096803F1C0
S31508006DA03043032A00D8704743F8041B043AF8E72F
S31508006DB0A826002070B51646054600B3F9B1F2B10B
S31508006DC04268104B006803321B68920800F1304095
S31508006DD09847044688B9EA68A86803323146920893
S31508006DE000F1304004F0CBFB044630B9D5E9040283
S31508006DF0214600F1304004F0B3FC204670BD212442
S31508006E00FBE700BF5026002070B50C68651C15D03E
S31508006E10C4F302669E42C4F3074530D1A4B2944235
S31508006E202DD804EB8506B24229D2141BA50824F0F6
S31508006E3003040E59340F04D0012C08D00022212453
S31508006E4002E06B1C51F82320C0E9002470BD0E4CEB
S31508006E5034F8133042EA03431A686B1C51F823408E
S31508006E6001EB83014B6822405E4036F0704404D142
S31508006E701B0F032B04BF8B681A430024E4E7013574
S31508006E8001EB8501C1E700BFD0D3000807B501A80B
S31508006E90FCF7D2FA42F201020C4B0D49C3F87022F4
S31508006EA04FF4FC72C3F8E0205822A3F58053C3F8C8
S31508006EB0E020084AA3F61C7352F8040B43F8040BA7
S31508006EC08B42F9D103B05DF804FB00BF006001B83E
S31508006ED0104101B8A4D3000870B50324134E144D0D
S31508006EE0B3689847134A144B1A6500F09BFFFFF7DF
S31508006EF0CDFF124BC3F8104101232B653368984721
S31508006F004FF460736B614FF400732B65FEF74AFE0E
S31508006F100021FEF715FE8022094B1C64A3F5805359
S31508006F205C64084BC3F884215A6070BD742600203F
S31508006F30001002B80048F000000002B8005001B87E
S31508006F4000A0095000E100E02DE9F04705460E468D
S31508006F501446DFF88480DFF884901E4F88B01CB989
S31508006F60204608B0BDE8F087B4F5006F4FF0100270
S31508006F704FF000016846A24628BF4FF4006A04F0A5
S31508006F80EFFB08238DF800300AF1FF339BB2009A15
S31508006F901B0143F0036302EA090203EA08031343E9
S31508006FA0102200210DEB0200CDE90036029504F00F
S31508006FB0D7FB6A46387804A9FCF7ACF9A4EB0A04AF
S31508006FC006EB8A0605EB8A053878FCF701FA0028ED
S31508006FD0FAD0C4E70C270020F07F300C0F80CFF3DF
S31508006FE0002210B5274B284C5A649A64DA6494F840
S31508006FF02D2003F5805312B14FF000721A6594F8EC
S315080070002E20002A39D04FF400421A6594F8303001
S315080070102BB14FF480521D4B1A65A36A984794F812
S3150800702031201A4B12B14FF400521A6501225A61E7
S3150800703002229A62134AD368C3F303630D2B01D065
S31508007040002BF8D111231249D3631248124AFFF7CD
S31508007050B1FE01F069F81148FFF79CFE1048FFF7EA
S3150800706099FE1048FFF796FE4FF08062074B5A616B
S31508007070012203F580535A6110BD01213A20FBF71E
S3150800708023FAC3E7000002B874260020001002B8ED
S3150800709054D4000838D4000850D4000808D400088E
S315080070A020D40008F0D300080F4B10491A680123B2
S315080070B002F58052C2F8803291660D4A53600D4A35
S315080070C053600D4A5360A2F580425360A2F54042D0
S315080070D0536002F5C032536002F580425360A2F550
S315080070E000425360704700BF70260020FF0B001651
S315080070F000D000B8001000BA005001B808B504F076
S315080071006FFC044B1B681B6FC3F300430133B0FBD2
S31508007110F3F008BD7026002070B5044698B1B1B1E9
S315080071203A4A52F8043B834213D10023384A116C79
S31508007130C907FCD4374800EB830004F029FA364B1C
S31508007140106001221A6470BD01330C2B02D1334D35
S315080071502CE0012352F8041BA142F5D1304A32F83B
S315080071601330E3E7C2F3016335F81300110C93B249
S3150800717011F0FE0F43EA0043606820D00434CAB217
S31508007180022A216808D9D4E90160033AC3E900163E
S3150800719098600C340C33F3E704D16268C3E9001233
S315080071A0083403E0012A01D1043419602268531C0B
S315080071B0D8D10022164B1A6003F58053C1E7120F87
S315080071C0072AEDD8DFE802F00704090D1013181D89
S315080071D0C04303F500531860E2E71A6842401A6094
S315080071E0DEE703F58053F6E704F0A5F9D8E70122B0
S315080071F003F580538240F2E7012203F500538240EB
S31508007200EDE71A6830EA0202FBD1C9E764230020D9
S3150800721000C002B8404000B000D002B8D0D3000881
S31508007220282500200122014B1A657047001002B874
S315080072300122014B1A657047002002B84022014B13
S315080072401A657047002002B84022014B1A6570473C
S31508007250001002B8064BDB68C3F30363984206D1F5
S31508007260044A936F23F0F00343EA011191677047CC
S31508007270000002B8003F00B02DE9F743064604F0C7
S3150800728053F900248046DFF8909004F0CAFE0DF109
S31508007290070105460DF10600FEF72AFC9DF80630A3
S315080072A08BB9721C29D004F03FF9A0EB08042846D4
S315080072B004F0B2FE9DF8063013B99DF807303BB3CB
S315080072C0A642E2D824E0D9F80C3013F4603FE8D09F
S315080072D0D9F8180004F0AFF9731C074603D004F078
S315080072E023F9A0EB0804284604F096FE17F5007F5C
S315080072F0E0D0384603B0BDE8F083284604F08CFE9B
S315080073009DF80630002BC0D19DF80730002BBCD164
S31508007310004FEEE700FEFFFF00C000B8044BD3F8AD
S31508007320B03010B1C3F30332027003F00F00704798
S31508007330000002B8064B01F080015B6C03F4800381
S315080073400B4302BF4FF40012024BDA64704700BFCA
S31508007350000002B8006001B84FF0B052024B1B683B
S3150800736003F580539A66704770260020044B1B6805
S31508007370986E00F0B05000F16A4358425841704781
S31508007380702600200F4B1B788BB1012B11D10E4AAA
S31508007390012102F580528B4291600FD80A4A0B49A7
S315080073A0002B08BF0A4693689B07FCD47047074A18
S315080073B0EEE700224FF480539A60FFDE00239B68B5
S315080073C0FBE700BF5F250020004003B8000003B8B4
S315080073D038B50B4B0B4C002818BF1C46A569E3694A
S315080073E01D4007D0084B1B682BB12846984704F563
S315080073F00054A56138BD6B05F9D5FFF7C3FFF6E75D
S31508007400004003B8000003B8942300204FF6040197
S315080074104FF60502044B01201B6C9BB28B4208BF3A
S315080074201346024A136670470080E00F00C001B891
S31508007430034B1A6E596E03F500530A401A667047D5
S3150800744000800A5030B54FF04044114B1A68D2F804
S31508007450883002F50055C5F8A040C3F38803C5F87F
S31508007460A44091B1B3F5D17F28BF4FF4D173D52B82
S3150800747038BFD52303F14605A3F1460141EA054184
S31508007480D16702F58052C2F8A4400380002030BDBF
S315080074906C2600204FF48022034B00201B6803F55E
S315080074A081539A61704700BF6426002073B504466D
S315080074B0234B244D9B68984701213A20FBF704F893
S315080074C0E1782279286841EA0243C0F8F435E6797A
S315080074D0A37943EA0643C0F8F83523784BB18DF80B
S315080074E0041004218DF805200DEB01000022FAF79F
S315080074F05BF963785BB10421A37900228DF8043027
S31508007500E3790DEB01008DF80530FAF74DF92B6894
S315080075102178012203F5BE6359B103F580510A604B
S315080075206178022241B103F5805300201A6002B047
S3150800753070BD03F50051F2E703F50053F5E700BF08
S3150800754074260020682600204FF08042034BC3F8BB
S315080075508020BFF34F8FBFF36F8F704700E100E0C5
S315080075604FF08042014B1A60704700BF00E100E00F
S31508007570124A10B5D2F84C315468D269104912F43F
S31508007580401F0FD15A1C0DD124F0404424F4400466
S31508007590240C24040B4804F068F82146BDE8104082
S315080075A004F063B8084A19409442F3D103F4FE4341
S315080075B0B3F5807F08BF41F4A061EBE70080E00FD8
S315080075C0E0FFF01FCF13468B140015012DE9F04795
S315080075D00C4681B1B1F1006F0DD31C4BCA1C9A42FF
S315080075E009D84FF0000844F6FC7654F828104FEAFC
S315080075F088094B1C01D1BDE8F08704F036F8C1F3C1
S315080076000263032B844608F10107C1F3074514D129
S315080076108BB2F31AB5EB930F4FEA930A0DD909F11A
S3150800762004015246214404F03BF8844608F1020856
S31508007630013D08EB0A07A5EB0A052A46604604EB56
S31508007640870104F02DF807EB0508CEE7FFFF0708CA
S315080076502DE9F041044668B1B0F1006F0AD3254B15
S3150800766000F117029A4205D8234B244A19780023B9
S31508007670994224D800252427FFF77AFF2168FFF7C7
S31508007680A5FF6168FFF7A2FFE668AE4221D122692D
S31508007690111A4B424B41B4F1006F15D3154904F149
S315080076A017058D4210D8824222D1134A1378052B2A
S315080076B009D8124941F823400133137003E052F800
S315080076C0040BA04203D101231846BDE8F08101331B
S315080076D0CEE707FB05F3A2680135D15802EB03088C
S315080076E0FFF774FF042208EB020103F0D9FFCCE789
S315080076F00023E9E7FFFF07086125002098230020FB
S3150800770070B52C4B0C461A781AB92B4AD2F86C224B
S315080077101A702A4A126D52054AD51D78284B05F06B
S315080077200F06B0FBF3F040434FEA151505D140F2BA
S315080077307C622B21FDF7E8F90120224A0A217243CF
S31508007740B2FBF0F34843B3FBF1F602EB5002B2FB8F
S31508007750F0F201FB1633042BD2B207D8C3EB831021
S31508007760C3EB80035BB283B96DB217E0C3F10B03B9
S3150800777003EB8303DBB2B3FBF1F32B44DDB20F2D2E
S31508007780F2D9013AD2B2053DEEE7053B5BB293FB6F
S31508007790F1F31D44EBB26DB2002D04DB002042EA82
S315080077A00512226070BD01320533D2B25DB2F5E72B
S315080077B00220F7E7622500200080E00F000002B8EB
S315080077C0403B250080969800F8B50B46002213F832
S315080077D0044B944225D91D68854224D106245A793A
S315080077E01D79124B88181E6804FB0503104F33F8E1
S315080077F0063C7B43B3420ED900238A5A7A43964203
S3150800780002D804FB0300F8BD9D42FAD9013304FBF4
S3150800781003F2825AF2E740F244423D210020FDF786
S3150800782073F90020EFE708330132D2E7B0230020CE
S3150800783040420F0000202DE9F04FA2FB016AB94F24
S31508007840DFF824C3F7191D466AF10003BC4570EB3F
S31508007850030383B008D240F23E220E21FDF754F905
S31508007860022003B0BDE8F08FD5F828908B46144661
S31508007870B9F1000F04D0D9F80030032B00F2938138
S31508007880A94BAA4A9B6BD2F8FC90C3F31408A84BE1
S315080078901B6F59074EBF4FF440039B0503F0E07377
S315080078A048EA0308A34BD3F8EC305A0048BF48F01F
S315080078B0807848EA446804F0CDF80746002CCFD013
S315080078C00028CDD09C4B6E62C3F800B09B4B984203
S315080078D000F0B18103F5122303F5F863984200F02E
S315080078E07381974B984200F0B1810246002300202D
S315080078F04FF0007101F0B6FE0023013006FB03F3DA
S3150800790000FB0A33A6FB00021344203389499B096E
S315080079102B60D1F8ECB3D1F8F033D1F878A1D1F8CF
S31508007920A01000930846584030F47F630CBF01202E
S3150800793000204FF4287201911021FDF7E5F88BEA33
S315080079400A0232F47F634FF0100140F2A6220CBF00
S3150800795001200020FDF7D8F87A4A009BD2F8601279
S31508007960C9B2FF291CBF2AF47F6242EA011276498E
S3150800797008BF5A468E4207D9211F012940F227819E
S3150800798072498E4200F22381B7FBF4F7C8F313015C
S31508007990A1FB0717AB61684BC90C41EA473118F4DC
S315080079A0801F1F686A4B08BF49421960694B0F441C
S315080079B0C5E907B21F60B9F1000F00F03281002354
S315080079C06B60AB60D9F81C60D9F800A0002E49D0CE
S315080079D0BAF10F0F97BF574BB9F818B0D3F88C31D7
S315080079E0C3F3832B524B98BF0BF1080BD3F83C31EA
S315080079F0B7FBFBF2DB0216D5002381EAE17EAEEB8C
S31508007A00E17E5549C8F3815811F808C0194650084F
S31508007A104FEACC5CCCFB0E01009201F023FE009AE3
S31508007A20C0F3130068605F4504D3B2FA82F10D29EA
S31508007A3040F3048133469103B1FBF3F14B004FEA5F
S31508007A40C23E0133520C01E002330131A3FB06C0EA
S31508007A50E64572EB0000F7D2C1F30E01090341F0C7
S31508007A600061A960BAF1050F40F2DF80D9F82C60F1
S31508007A70002E00F0B680307804FB07F7A0F104006A
S31508007A80B0FA80F040F20B523D214009FDF73CF870
S31508007A90324B9F4240F20181314B9F4240F20181B5
S31508007AA0304A974294BF0222032244F21421FF0B64
S31508007AB007EBC70307EB43039B0B013B5B0232440F
S31508007AC06B61567801FB07F2B6EBD25F4FEAD253E9
S31508007AD080F0E5802644B34240F2D7802644B3427C
S31508007AE040F2E1802644B34240F2DF802644B342A6
S31508007AF040F2DD802644B34298BF052040F2C68096
S31508007B00002040F226523D21FCF7FEFF44F677633B
S31508007B1007FB03F3DB0D013BB34280F0BC8000207A
S31508007B2026E000BF006CCA88008001B8004F00B08C
S31508007B30004001B8000002B8B823002000F049024E
S31508007B40005A62020080E00F00BBEEA000AE5EA7FE
S31508007B50B4230020B0230020D8D3000820D4CB8F2C
S31508007B6000DAF89AE0DF25A6807C814A042804D842
S31508007B70361BB34200F10100F8D303288CBF00205E
S31508007B80012040F232523D21FCF7BEFF01216B690C
S31508007B90A6F1140242EA86421343D9F800A06B61A3
S31508007BA085F82C101FE0042BD9F828807FF483AEC3
S31508007BB018F0807F14BF4FF4400308F0E07328F0F4
S31508007BC0E07848EA030876E600233A4896E6019BF9
S31508007BD02AF47F6A23F47F6343F42A634AF4CC6B5E
S31508007BE0D2E685F82C600023BAF1060FEB6018D9A7
S31508007BF0D9F83030ABB103F02DFFD9F83010FFF7C4
S31508007C00E3FD044608B183781BBB03F0E3FED9F80D
S31508007C103010FFF7D9FD20B1837813B1C3781B0460
S31508007C202B61002003B0BDE8F08F0023002085F803
S31508007C302C30EB60F6E700231F485FE6C1F10E0320
S31508007C4026FA03F302FA01F10133F5E600231B488D
S31508007C5054E6407940F25552003818BF01203D21BC
S31508007C60FCF752FF207940F25652003818BF01201F
S31508007C703D21FCF749FF237962791B0243EA021387
S31508007C80EB60E3781B042B61BFE7012003288CBF58
S31508007C900020012035E7012073E7002205E70120CF
S31508007CA02FE7012201E70220F0E70320EEE7042090
S31508007CB0ECE700BF313641DC0A3BB2DFD694BFD6CB
S31508007CC030B505460C468DB059B9334B827AD3F890
S31508007CD0FC30416831480A9300686B46FFF7AAFDF5
S31508007CE06C462F4B22685A632B4BD3F8FC30002B7B
S31508007CF03CD0636843B12B4B2B4AC3F83C216268DE
S31508007D00A3F58053C3F83C21A36843B1254B274A02
S31508007D10C3F81C21A268A3F58053C3F81C21244A82
S31508007D20E168D2F8983194F82C0023F4EE630B43FB
S31508007D30C2F898316FF078421E4B1F499A60626903
S31508007D40A3F580539A604FF44033C1F88C31226909
S31508007D501A4BC3F88C214FF40012D8B10A65184B98
S31508007D601B6898471749606AFFF7CAFC0020A26992
S31508007D700F4BC3F8A020E269C3F87821226AC3F83A
S31508007D80F8232A89A3F5E0339A6203F5A033186429
S31508007D900DB030BD1A65E2E7004F00B00C21002097
S31508007DA0008001B8006001B8FFFF0F0000F0FF0F68
S31508007DB0000002B800600C50002002B8001002B89B
S31508007DC074260020588001B84FF40022014B002089
S31508007DD01A657047002002B80E4B1B68D3F880223C
S31508007DE0D2070ED55B6E002B0DDA0B4B4FF48002D3
S31508007DF09B6813F00C0F094B09D11A654FF48042A2
S31508007E001A65002070474FF48002054BF5E70449D0
S31508007E100A65F3E77026002000400950002002B8E2
S31508007E20001002B84FF48062014B1A65704700BF14
S31508007E30001002B840B10368012B05D90069034B4D
S31508007E40002808BF1846704700487047E0D3000866
S31508007E5010B590B10468012C0FD902696AB111688E
S31508007E60094B102C196051685960916888BFD2680F
S31508007E70996094BFD960DA6010BD102200210248CB
S31508007E8003F06EFCF8E700BFC0230020084BC117BB
S31508007E901A68A2FB000302FB013310F1807043F15C
S31508007EA00003400E40EAC310803820EAE0707047AD
S31508007EB0D02300200722194B70B51A64184B194AAB
S31508007EC01D68194BEC08E005C0184FEA153141F159
S31508007ED00001002301F0C6FB144B154E1860154827
S31508007EE0FFF7D4FF4042C6F8D00049F65800FFF71E
S31508007EF0CDFFC6F89C001048FEF714FF024660B195
S31508007F00E301500818184FEA15714FF0000341F1C4
S31508007F10000101F0A7FBC6F8A80070BD000002B872
S31508007F205023002065CD1D00B2E60E00D0230020A8
S31508007F30003F00B07011010040420F0010B5044622
S31508007F4098B10B4BD3F8FC00FFF782FF4FF47A7316
S31508007F5003FB04F0074BA0F57A60DA689B681044C7
S31508007F60C01ABDE81040FFF791BF4CF25030F8E751
S31508007F70004F00B0C02300202DE9F8430546084607
S31508007F8014461E46FFF764FF05B306F0020716F00F
S31508007F9004061DD1D7B14FF47A706B685843002B8D
S31508007FA040F08C80FFF772FF20636B69002B00F0AE
S31508007FB08C804A4AD0684FF47A7202FB0300A0F517
S31508007FC0FA50FFF763FFE062002E58D1BDE8F88348
S31508007FD02869002869D04FF47A7358433F4BA0F5B7
S31508007FE07A609B68C01AFFF751FFA062A88B002829
S31508007FF05ED04FF47A735843384BA0F57A609B6885
S31508008000C01AFFF743FFE061354BE968D3F80080F3
S31508008010002950D04FF47A735943304BA1F57A6151
S315080080209A685B68891AC91A2E4BC8171A68DFF846
S31508008030BC90A2FB011302FB003311F1807143F1DE
S315080080400003490E41EAC3118039274B2162D3F850
S31508008050B8306362D9F8003053B1404603F0DBF913
S3150800806030B12246D9F800301C49D8F8D8009847CC
S315080080700021A869FFF762FF6063002F8BD1A8680B
S3150800808030BB47F23050FFF701FF60614FF47A705A
S315080080902B6858432BB1114B1B6803F51C5310333F
S315080080A01844FFF7F3FEA06190E74CF250309AE7C8
S315080080B04CF25030A5E74CF25031B5E7074B1B6838
S315080080C003F51C53103318446CE747F2305078E731
S315080080D04FF47A735843A0F5FA50D4E7C02300202A
S315080080E00C210020D0230020003F00B0BC23002034
S315080080F038B5054608461C4603F039FA0246D5F84F
S31508008100E400FFF797FE4368A018002B044AA8BFAF
S315080081104FF4FA721A44034B92FBF3F2104438BD3B
S315080081200CFEFFFF18FCFFFF70B5154C8CB001ADB7
S315080081300FCC0FC50FCC0FC594E8070085E80700DC
S31508008140AC2200210F4803F00BFB9C2200210E48AD
S3150800815003F006FB202200210C4803F001FB03F084
S31508008160AAFA0B4B1B784BB1054E01AD0FCD0FC6C6
S315080081700FCD0FC695E8070084E807000CB070BD60
S31508008180D43F00B0B83E00B0643F00B0E04F00B046
S315080081905225002008B503F044FF0E4B1A78A2B901
S315080081A00D4A126812F4843F0FD10C4A102111654A
S315080081B01B7863B9084B1B68DB0508D4074B2022DC
S315080081C01A65BDE8084003F027BF054AEEE7044BE9
S315080081D0F5E700BF68250020380A0020002002B80D
S315080081E0001002B810B5104B104AD3F8B80014782E
S315080081F0596A9A6A00F00F0021F4706122F0E05281
S31508008200844241EA042142EA84624FF01F04084886
S3150800821035BF9A6259625962C0F8B84034BFC0F88F
S31508008220B8409A6210BD00BF00C000B84E250020B5
S3150800823000E000B80A4B197801F0FF0229B10021C5
S31508008240197008499202C1F80821597801F0FF020D
S3150800825029B1002159709302024AC2F80C317047BD
S3150800826063250020005000B8084BD3F8000F084BD0
S315080082709A6C110107D4074A926E920705D5D3F86E
S31508008280F4339B0701D500F580707047003000B0C5
S31508008290000002B8004000B810B503F0C2FE0E2177
S315080082A004460320FEF7D6FF40F20122034B204680
S315080082B0BDE81040DA6203F0AFBE00BF004000B868
S315080082C038B503F0AEFE4FF00043244C0546C4F81B
S315080082D08030BFF34F8FBFF36F8F0123C4F884300C
S315080082E0BFF34F8FBFF36F8F0223C4F88430BFF3F9
S315080082F04F8FBFF36F8F0423C4F88430BFF34F8FBB
S31508008300BFF36F8F0823C4F88430BFF34F8FBFF3D2
S315080083106F8F134B1B6A98471023C4F88430BFF33A
S315080083204F8FBFF36F8F2023C4F88430BFF34F8F6E
S31508008330BFF36F8F4023C4F88430BFF34F8FBFF36A
S315080083406F8F4FF48073C4F88430BFF34F8FBFF339
S315080083506F8F2846BDE8384003F05EBE00E100E0B6
S315080083607426002038B503F05CFE05464FF000433E
S315080083700C4C236001236360042363600823636055
S31508008380094BDB6998471023636020236360402309
S3150800839063604FF4807363602846BDE8384003F095
S315080083A03BBE00BF00E100E074260020012370B543
S315080083B0074C2370074B1E68074B3240D3E900531E
S315080083C019402840FDF7DEF90023237070BD00BF71
S315080083D066250020D8230020380A00200022044BF6
S315080083E01A70044B197811B11A70FFF7D3BE70478B
S315080083F067250020682500202DE9F047DDF8209044
S3150800840003EA0108099B06460D4602EA000703EA45
S31508008410090AB9F1000F40F0F280031F0B4300F080
S31508008420A180052871F100036FD250EA010300F01C
S31508008430D481431E0B4300F0B880FFF741FF814A01
S31508008440D2E9004323EA050324EA06043C4343EA47
S3150800845008077D4BC2E900471E6826EA090646EA70
S315080084600A061E60FFF796FE16F0020F42F2020396
S3150800847008BF0223754A7648D26E250383EA0201AD
S3150800848022EA0302C266734A03EA01038166D366D7
S31508008490C4F380424FEA023248BF42F48072E006D3
S315080084A048BF42F40052A10648BF42F40072630670
S315080084B0694B48BF42F48062DB68250648BF42F430
S315080084C00062664882EA030123EA0203C360644B3A
S315080084D00A4017F4007F8160DA6007F40071614B87
S315080084E000F0D2800121604A83F8941092F82D009A
S315080084F04FF00073002800F0A1805C48036593697B
S315080085005B4898474FF48025D1E04FF400439942E1
S3150800851008BF48454B4C61D081458B418DD3A0F5AA
S3150800852080630B4305D020F48063A3F500730B43E7
S3150800853083D103F076FDD4E9003223EA060322EA62
S31508008540050242EA08023B43C4E90032494A126876
S3150800855092F8F610484A09B313F4C06F1ED04FF4C8
S31508008560807311E003F05DFD364AD2E9003123F04D
S3150800857004033B4341EA080157EA0807C2E9003108
S315080085804FF480633C4A0BD0C2F81431A2F58052EE
S31508008590C2F81831BDE8F04703F03EBD4FF48073CA
S315080085A0C2F81831C2F81431F4E703F03AFD254A47
S315080085B0D2E9003123F001033B4341EA0801C2E94D
S315080085C0003101232D4A57EA08071BBF9364A2F519
S315080085D08052D364D36408BF9364DBE703F021FDBC
S315080085E0D4E9002323F400433A4343EA0803C4E9E1
S315080085F0002357EA08074FF48063204AE5E750EA64
S3150800860001037FF41AAFB9F1010F7FF416AF03F037
S3150800861008FD0D4A136823F0010343EA0A031360B1
S315080086204FF48063164ABAF1000F04D05366A2F5D8
S3150800863080521367AEE713675366ABE7114A1365B3
S3150800864060E700BF380A0020D8230020004000B8A1
S31508008650006000B8005000B8004001B8006001B8DA
S31508008660005001B8003F00B074260020001002B880
S31508008670843F00B00C210020002000BA00E000B8BA
S3150800868000E001B8002002B893F8942072B154486B
S3150800869083F8941090F82D304FF00072002B00F0FC
S315080086A08C80504B1A6583694F4898470025E0042B
S315080086B048BF45F48035A10348BF45F48015A20795
S315080086C048BF45F4800514F4001FDFF85C8106D026
S315080086D0D8F8000002F0BDFE08B945F40025E3020B
S315080086E0424B48BF45F40035F8061A6A48BF45F4B8
S315080086F00005610248BF45F4001585EA020323F028
S3150800870001033B491A400A621D40CB61394A354B81
S3150800871016F0010F1D62384B18BF13467A07374A01
S3150800872048BF43F00063126F354883EA020122EA24
S3150800873003020267334A0B4041661367324A04F064
S315080087400103D26C3D0448BF43F480632F4883EA93
S31508008750020122EA0302C2642D4A0B408164D364F3
S31508008760D8F80020200248BF2A4B92F8F62058BFB6
S31508008770294B610748BF43F4806322B114F4C06FE4
S3150800878018BF43F4807332074FF03A42BDE8F0470A
S31508008790D2F8181148BF43F0004383EA010222F4D5
S315080087A0A0221E481140C0F818111340C0F8142121
S315080087B01B4AC2F81831FFF7D5BD0D490A65194A93
S315080087C0D2F8A41002F50052C2F8A410C2F8A010FC
S315080087D04FF05022C2F8A43068E7BDE8F08700BF22
S315080087E074260020001002B8843F00B0000002B8CA
S315080087F0002002B8041C00030418000300C001B8D6
S3150800880000E001B800D001B800C000B800E000B828
S3150800881000D000B80D0A0A09090A0A09002000BA98
S31508008820001000BA004000500C210020024B586886
S31508008830C0F3C000704700BF380A0020024B186812
S3150800884000F00100704700BF380A0020024B586844
S31508008850C0F3C030704700BF380A002010B5044680
S31508008860FEF73AFBFFF72CFD2046FDF7C9F9FEF7A0
S31508008870B7FBFEF78BF9FEF7FFF9FFF71BFB13496A
S315080088800723134AD1F8FC1004F1F800FFF774FB2C
S315080088904FF080710020FEF765FA4FF000720D4B1D
S315080088A04FF400110120C3F80021FEF75BFAFEF72A
S315080088B0ADFD20B940F292321421FCF725F9FFF7F5
S315080088C083FABDE810400120FEF78EB8004F00B0CD
S315080088D0983F00B000D001B8F8B5084C084D636C55
S315080088E00423084F6B64636C5B0300D4F8BD04264D
S315080088F002207E6402F01FFE6E64F4E7000002B8F0
S31508008900001002B8002002B8A82238B51B4B5D6CCF
S3150800891003F500535A6410229A60A3F5804302F1C6
S3150800892000521A675A66FFF785FC154B1B7813B970
S315080089300320FEF7AFF90024124B9C67FFF7CCFF24
S31508008940114A124BD2F8001F0B40C2F8003F04220E
S315080089500F4B5A640F4BC3F8D840FFF743FCAB06DE
S3150800896008D50D4BD3F88830B3F5817F22BF802216
S31508008970024B1A61BDE83840FDF70EB8000002B890
S315080089806525002000C001B8003000B0DF0000FFF8
S31508008990002002B8003E00B0003F00B010B551B943
S315080089A020B3154BDB681B0E13F00E0F1ED1134BAD
S315080089B01B6CD9071AD4FFF76FFC0F4C0020FEF783
S315080089C0ADFC032801D0092805D1A36ADA07F5D436
S315080089D0A36CDB03F2D4FFF77FFF0122084B5A6131
S315080089E002229A62042203F580535A644FF4C06245
S315080089F0044B9A6510BD00BF000002B800C002B85B
S31508008A00001002B8006001B808B503210920FEF776
S31508008A1021FC2022014B1A6108BD00BF000002B8E4
S31508008A20144B10B51B78CBB9134AD2F8A030D2F83C
S31508008A30A4100B40B3F1804F0CD34FF040400F49C0
S31508008A400F4CC1F8A400D467C1F8A0004FF48021E8
S31508008A500C4AD161094AC2F8A03010BD0A4A0B4B2C
S31508008A6092F894109B690A4898474FF48022054B60
S31508008A70DA61F2E7602500200040005000600050EF
S31508008A800000FF01001002B8003F00B07426002065
S31508008A90843F00B038B5054603F0C3FA0E4B0446CA
S31508008AA01868FDF7D7F935B1FFF798FC2046BDE8F9
S31508008AB0384003F0B1BA094B1B78002BF6D0084BA7
S31508008AC01D78002DF2D1FFF789FC2A464FF4804025
S31508008AD00021FFF76BFCE9E70C2100206725002041
S31508008AE0662500202DE9F84F5B4B06460D461446D1
S31508008AF05B6C002A40F0AC8013F0A00F14BF4FF057
S31508008B0001094FF00009FCF747FFFFF76BFBA023AD
S31508008B104FF0000ADFF85C810320C8F84430FEF7FE
S31508008B20B9F80420FEF7B6F84C4FFFF757FC4C4B44
S31508008B304FF0040B7B67C7F878A0FFF7CDFE494BCB
S31508008B404FF48071D3F8D02E42F02002C3F8D02E0D
S31508008B50FF22C8F80820404A1161D3F8002F42497D
S31508008B601140C3F8001FC8F844B0C3F8D8AE7B69F3
S31508008B7013F0060F04D0FEF701F95846FEF78AF8F7
S31508008B80B9F1000F09D04FF40063384A5364022341
S31508008B90C2F8F433A2F5E032936666B1344BDB6C67
S31508008BA0180701D4FFF778FBFFF72EFF0420FEF71E
S31508008BB071F8FFF73FFB284B5A69D10746D5DA68A3
S31508008BC012F0706FFBD12B4B2B4A5A642B4A936FCA
S31508008BD023F0F003936715B12046FFF75BFF284B98
S31508008BE0D3F84C315A1C01D05B0002D50122214B27
S31508008BF05A615CB31E4BDA6E03F500539A6603F5A9
S31508008C00D0331B6A1B4A23F00103D3611D4BD96875
S31508008C1003F50053996003F50053D3F8841003F560
S31508008C20005399674FF03A43D3F8181103F50053E8
S31508008C30C3F81411144BD96C03F5005399641349FE
S31508008C4003F5803359664FF608435364BDE8F88F39
S31508008C504FF0000957E700BF000002B800C001B88E
S31508008C6000000101003000B0DF0000FF001002B86C
S31508008C70004000B8002002B810003000003F00B0E5
S31508008C800080E00F004001B800C000B85000002F77
S31508008C90A74B2DE9F04F9A6EDB6E87B002EA030800
S31508008CA0A44BC3F868804FF03A43D3F81461D3F85D
S31508008CB018311E40A04BC3F81461A04B9A68DB68B4
S31508008CC002EA030A9E4BC3F808A003F52043DA69B3
S31508008CD01B6A02EA03099B4B09F47702DA619A4B8D
S31508008CE0D3F80422D70606D4D3F80431DD06C3F335
S31508008CF0001740F1F88003F094F9944B5A695F6EB7
S31508008D0012F0060F14BF012200221B6F00921F40AB
S31508008D108F4A27F0007323F400637C07536606D551
S31508008D208C4A92F8CD300133DBB282F8CD3003F0AD
S31508008D3073F9B8F1000F00F0F78018F0020400F09C
S31508008D40F180854B0025D3F8F4B303F500530BF0F7
S31508008D500702CBF380041BF0020FC3F8F4234FEA93
S31508008D6044542ED003F05DF90190FFF77DFA0346CF
S31508008D707A4A1268106811688842FCD010688842DE
S31508008D80FCD0CDE90223FFF76FFA039B029A9842BB
S31508008D9040F0AB800198029303F03EF9704A029BBB
S31508008DA013606D4A526C12F4E05140F0A08023F033
S31508008DB07F4323F0DF030BB9FFF7A6FD4FF080735F
S31508008DC01C431BF0010F13D0634B5E495B6C03F425
S31508008DD060424A64002A00F09F801A0400F19F80CE
S31508008DE013F4005F0CBF4FF000534FF000631C43B1
S31508008DF0C8F340384FEA48085A4B3340002B4BD04B
S31508008E0016F4206F0AD040F6A31206210020FBF7BD
S31508008E107BFE0020FFF73EFE26F48026F00506D5E9
S31508008E20FF22484B44F4C0649A60FFF735FA16F0FF
S31508008E30090F0BD040F6B81208210020FBF764FE94
S31508008E40FFF7E2FD4FF03A4301225A6316F0106F1E
S31508008E500CD040F6C11209210020FBF755FEFFF79A
S31508008E60D3FD002211461046FCF7C8FF16F4202F42
S31508008E700AD040F6C91207210020FBF745FE00205C
S31508008E80FFF708FE26F48026F10301D5FDF70CF955
S31508008E90002EB8BF48F0080872070ED54FF03A43BF
S31508008EA01B6B13F4005F4FF4005317BF224A2E4A78
S31508008EB0136344F4000408BF1363730548BF44F002
S31508008EC0040416F4802B00F0B880FDF7A5F80138E5
S31508008ED006284BD8DFE810F0330136013301390193
S31508008EE03C013F013F01009723E7034642E7CDE9EE
S31508008EF00121FFF709FD0299124B019A5964D10421
S31508008F0007D412F4806F0CBF4FF080534FF0806384
S31508008F1056E74FF0804353E74FF0007367E74FF08B
S31508008F20004364E7254663E74446454664E700BFD1
S31508008F30004000B8006000B8002000BA004001B840
S31508008F40006001B8002002B800E100E000C001B8E6
S31508008F5000E001B8003E00B0000002B8A0D3000847
S31508008F60D4230020090B0B89001000BA40F6FA1228
S31508008F7003210020FBF7C8FD4FF03A420121D2F841
S31508008F808C30D2F8AC0003F00703063301FA03F37A
S31508008F90C0F30C001B1A9BB2072B12D9784B5B6CDB
S31508008FA058020ED47748D36CD26E406D58B103F090
S31508008FB0070306339940C2F30C03C91A89B2072975
S31508008FC001D844F40074704B1B78002B35D04FF051
S31508008FD03A43D3F8143113F4A02F2ED16B4B6C4AB5
S31508008FE01B7893B9FB0410D4137873B1E308694965
S31508008FF043EA457383F00103D1F8001F03F0010328
S315080090005B0021FA03F3980717D10420FDF742FE07
S31508009010614B62495967FFF7E1F95D4A137843B92D
S315080090205F4B1B782BB15F4B5F4A1B68234013428B
S3150800903001D144F4804427F48057BAF1000F1DD0BB
S315080090401AF4805F18BF44F480241AF4807F18BF8E
S3150800905044F400241AF4005F18BF44F010041AF40C
S31508009060007F18BF44F020041AF4806F18BF44F03C
S3150800907040041AF4006F18BF44F08004B9F1000FD9
S315080090803FD019F4802F18BF45F4007519F4803FB6
S3150800909018BF44F4805419F4801F18BF44F40034F0
S315080090A019F4800F18BF44F0020419F4003F18BFE2
S315080090B044F4801419F4000F18BF45F0100519F48C
S315080090C0002F19D0334BD3F8D03E13F0C00F13D06E
S315080090D02B4AD368C3F30363032B01D0072B05D1AF
S315080090E0936CD90602D4D36C1A0737D54FF40022ED
S315080090F02E4B29F40029DA6119F4001F18BF44F42D
S315080091008004002F00F019813B0540F18980284929
S31508009110DFF884A0CB78274A002B51D04FF40060A3
S31508009120013BDBB25066CB7033B9234B1B78C3B116
S3150800913040F60142214B5A67002300226EE044F4B0
S31508009140803419E744F4006416E744F4806413E7AE
S3150800915044F4807410E744F008040DE744F400145E
S31508009160CAE7DAF8783013F4A05F15BF4FF48073B6
S3150800917040F60143CAF85830CAF87830DCE700BF31
S31508009180000002B8004000B86825002067250020C6
S315080091906A250020003000B000C001B800000101B7
S315080091A069250020380A0020088D0100002002B831
S315080091B05625002000E001B86525002000D001B83A
S315080091C00320FDF767FDDAF81430A24813F0060FFE
S315080091D004BF41F61F73A04AA04908BF53674FF45E
S315080091E000629D4B5A66DAF8143013F0060308BF7E
S315080091F0CAF87830B0F8CA3013F400625CD023F4A9
S315080092000063A0F8CA300B7803F0FF0A002B57D189
S31508009210FDF7B4FDFFF778FB534620221C431543A0
S31508009220B80009D52E20FDF7A5FC4FF000528A4B51
S3150800923045F008051A675A66F90606D52B20FDF784
S3150800924099FC1022844B1A675A6617F0306F05D1BD
S31508009250FA045FD5009B002B00F0AA803B0111D5CC
S315080092602920FDF787FCFFF7E1FA48B17C4B7D49D9
S31508009270794A53660B6701F54051C968480422D4F8
S3150800928045F0040517F0007328D00420FDF702FD09
S315080092902720FDF76FFCFFF737FB4FF000726E4B88
S315080092A05A66714BD3F8002F52067BD46F4B0222B5
S315080092B09A6045F002052AE00B784FF40053ADE7B3
S315080092C04FF4004339E7136720205366FDF752FC35
S315080092D02D2045F00C05FDF74DFCD3E717F0807FF0
S315080092E0DFF88CA149D004200093FDF7D3FC282091
S315080092F0FDF740FCDAF87820009B002A3AD1FFF700
S3150800930003FB554B564A45F001051A675A66002273
S31508009310574B9A653A0404D5564B1B68984704433D
S315080093200D437B0509D5544A9378002B00F08C80B1
S31508009330013B9370002348EA030842462046294623
S31508009340FFF734F8BBF1000F01D0FCF79BFE0122B2
S315080093504A4B06F00436C3F81461494B19F4002F3A
S31508009360C3F884211EBF4FF40022404BDA6107B0D0
S31508009370BDE8F08FCAF87830C3E7F904C7D50420EA
S31508009380FDF788FC3F4BCAF87430FDF7F7FCDAF8AE
S31508009390643013F0407FBAD12A20FDF7EBFBFFF7C4
S315080093A0B3FA7EE7D3F8D03E9B0682D4364B7EE7E7
S315080093B0314A13794BB1013BDBB2137113B9294B0F
S315080093C0324A5A6700231C43A4E70420FDF762FCCF
S315080093D00320FDF75FFC264B2A4A5A6702F021FE56
S315080093E082460DF11700FDF799FF294B1B781BB133
S315080093F00090FEF751FF009803280BD10020FDF7D7
S315080094008DFF032806D1234B9A6AD007F6D49A6CA7
S31508009410D103F3D49DF81730032B06D101221E4B36
S3150800942050461A7002F0F8FDCCE74FF03A43D3F8ED
S31508009430143113F4A02FF1D1FEF7D0FF504602F0F5
S31508009440EBFD4FF48043BEE70220FDF723FC012322
S3150800945071E700BF003E00B000E001B865250020B6
S315080094601000002000D001B8003000B0002002B87B
S3150800947000C001B84C26002056250020002000BA5E
S3150800948000E100E000000101001002B80000010D33
S315080094906B250020000002B8672500200122024B38
S315080094A01A62DA61704700BF002002B8094A08B597
S315080094B0D369116A0B40084923F47F00DB07C861AA
S315080094C006D5D1684FF0FF30C1F3036102F0FCF80E
S315080094D008BD00BF000002B8002002B8154B10B541
S315080094E09C6CDB6C1C40144BE2079C640DD5134B3B
S315080094F040F663421878122100F00100FBF704FBDE
S31508009500002201200021FEF751FF630510D50B4B01
S3150800951040F66A4258684D21C0F3C030FBF7F4FAAA
S31508009520BDE81040002200204FF40041FEF73EBF80
S3150800953010BD00BF00C000B800E000B8380A00201F
S3150800954038B50B4D2C6C6B6C1C400A4B24F0020290
S315080095501A64E20705D540F6CA4200202968FBF7D7
S31508009560D3FAA30741BF0222024B1A646B6838BDBF
S315080095700080095000A0095038B50B4C0B4DD4F8A3
S315080095808430DB0706D4A36FD4F884201340084A36
S31508009590936738BDD5F804311A06F0D5FFF7D0FF22
S315080095A08023C5F88431EAE7008001B800E100E0CD
S315080095B000A001B838B514460D4602F032FD064B38
S315080095C0D3F8D02E54402C405440C3F8D04EBDE8B2
S315080095D0384002F021BD00BF003000B0034BD3F87D
S315080095E0D03E99430CBF012000207047003000B0E0
S315080095F0184BD3F8D02E12F0010312D0164B93F85D
S315080096005C30164A43F08073C2F8D0304FF48013AA
S3150800961002F50052C2F8B430A2F58052C2F8B8304A
S31508009620704712F0C00FECD10B4B93F85B1021B1C9
S31508009630D20602D593F85830E3E74FF4801200209B
S31508009640074B0649C3F8B820C1F8D000C3F8B420C0
S31508009650704700BF003000B0003F00B0004000B8BF
S31508009660006000B853B94AB9002908BF00281CBFD2
S315080096704FF0FF314FF0FF3000F082B9ADF1080C22
S315080096806DE904CE00F006F8DDF804E0DDE9022312
S3150800969004B070472DE9F04F099D0C46002B4DD1BB
S315080096A08A420F4684469646B2FA82F360D94BB18F
S315080096B002FA03FEC3F120029F4000FA03FC20FAD7
S315080096C002F217434FEA1E461FFA8EF44FEA1C426F
S315080096D0B7FBF6F106FB117701FB04F042EA0742F5
S315080096E0904208D91EEB020201F1FF3702D29042DE
S315080096F000F231813946121A1FFA8CFCB2FBF6F0D9
S3150800970006FB102200FB04F44CEA024C644508D917
S315080097101EEB0C0C00F1FF3202D2644500F21E81EA
S31508009720104640EA0140ACEB040C002125B12CFAA6
S3150800973003F30022C5E90032BDE8F08F8B4205D954
S315080097400DB1C5E9000100210846F5E7B3FA83F132
S3150800975000294DD1A342C0F0F380904280F0F080FA
S31508009760064623460846002DE6D0C5E90063E3E72A
S31508009770002B40F0A3808A1A4FEA1E471FFA8EF67E
S315080097800121B2FBF7F407FB14204FEA1C4242EA18
S31508009790004206FB04F090420FD91EEB020204F1C8
S315080097A0FF382CBF4FF001094FF00009904203D94A
S315080097B0B9F1000F00F0CC804446121A1FFA8CFC4F
S315080097C0B2FBF7F007FB102200FB06F64CEA024C48
S315080097D0664508D91EEB0C0C00F1FF3202D266452D
S315080097E000F2B3801046ACEB060C40EA04409DE755
S315080097F0C1F120068B4004FA01FE22FA06F720FA88
S3150800980006FCF4408A401F434EEA0C0300FA01FEA8
S315080098104FEA17484FEA13491FFA87FCB4FBF8F0DA
S3150800982008FB104449EA044400FB0CF9A1450ED98B
S315080098303C1900F1FF3A2CBF4FF0010B4FF0000B1B
S31508009840A14503D9BBF1000F00F08B805046A4EB6D
S3150800985009041FFA83F9B4FBF8F308FB134403FB66
S315080098600CFC49EA0444A44506D93C1903F1FF381F
S3150800987001D2A4457BD8434643EA0040A4EB0C0436
S31508009880A0FB02984445CC46434602D306D1CE45B2
S3150800989004D20138B9EB020C68EB0703002D6CD033
S315080098A0BEEB0C0264EB030422FA01F304FA06F693
S315080098B0CC4000211E43C5E900643DE702FA03FED9
S315080098C0C3F1200104FA03F200FA03FCCC404FEA84
S315080098D01E4720FA01F11FFA8EF6B4FBF7F00A4389
S315080098E007FB1044110C41EA044100FB06F48C42C4
S315080098F00ED91EEB010100F1FF382CBF4FF001090C
S315080099004FF000098C4202D9B9F1000F2CD040461D
S31508009910091B92B2B1FBF7F407FB141142EA0142A4
S3150800992004FB06F1914207D91EEB020204F1FF3847
S3150800993001D291421ED84446521A44EA004120E711
S31508009940861A64EB030301200DE7F44402384AE75C
S31508009950023C724431E702397244CCE6F4440238D8
S31508009960DFE602383C4472E702387144D0E7023B2E
S315080099703C4481E7023C7244DEE72946DCE600BF48
S31508009980704700BF08B5064B044613B10021AFF374
S315080099900080044B1B6803B19847204600F0FFFC83
S315080099A000000000142500200CB4184B30B50C1E1E
S315080099B09DB01D6808DA8B234FF0FF302B601DB071
S315080099C0BDE8304002B070474FF40273029006902B
S315080099D002A9ADF8143014BF04F1FF332346209AC8
S315080099E02846049307934FF6FF73ADF8163021AB5C
S315080099F0019300F03FF8431CBCBF8B232B60002C5F
S31508009A00DDD0029B00221A70D9E700BFAC260020E1
S31508009A1007B5009313460A4601460348006801F055
S31508009A205AFE03B05DF804FBAC26002070B50D4D58
S31508009A3000260D4C641BA410A64209D10B4D002626
S31508009A400B4C02F05DFC641BA410A64205D170BD48
S31508009A5055F8043B01369847EEE755F8043B0136BE
S31508009A609847F2E71027002010270020102700202B
S31508009A70182700202DE9F04F98468B899DB0074698
S31508009A801B060D46144610D50B6973B9402100F024
S31508009A900FF92860286130B90C233B604FF0FF307E
S31508009AA01DB0BDE8F08F40236B610023CDF80C8014
S31508009AB04FF00109DFF8A081099320238DF829309A
S31508009AC030238DF82A3023469A4613F8012B0AB11B
S31508009AD0252AF9D1BAEB040B0BD05B462246294658
S31508009AE0384601F066FE013000F0A780099A5A440C
S31508009AF009929AF80030002B00F09F8000234FF05F
S31508009B00FF320AF1010A049307938DF853301A932A
S31508009B10CDE90523544605224F4814F8011B01F0E8
S31508009B2043FF049AD8B9D00644BF20238DF8533092
S31508009B30110744BF2B238DF853309AF800302A2B8F
S31508009B4015D0079A544600204FF00A0C214611F802
S31508009B50013B303B092B4BD9B0B1079214E0A0EB7F
S31508009B600803A24609FA03F313430493D2E7039BB7
S31508009B70191D1B68002B0391BBBF5B4242F0020212
S31508009B8007930793B8BF049223782E2B0AD16378DC
S31508009B902A2B32D1039B02341A1D1B6843EAE3734E
S31508009BA003920593DFF8C0A003222178504601F0FE
S31508009BB0FBFE38B1A0EB0A004022049B0134824028
S31508009BC01343049314F8011B062224488DF8281021
S31508009BD001F0EAFE002836D0214B1BBB039B073356
S31508009BE023F0070308330393099B334409936AE771
S31508009BF00CFB02320C460120A8E7002301344FF083
S31508009C000A0C19460593204610F8012B303A092A02
S31508009C1003D9002BC6D00591C4E70CFB01210446E5
S31508009C200123F0E703AB2A4604A9384600930D4BF7
S31508009C30AFF30080421C0646D6D1AB895B063FF5DA
S31508009C402DAF09982CE703AB2A4604A9384600939A
S31508009C50044B00F0A5F8EDE768060108720601084E
S31508009C6000000000B3B700086E06010870B50F4E75
S31508009C700C460546316811B900F0CAF9306021462C
S31508009C80284600F0C5F9431C03D14FF0FF3420469F
S31508009C9070BDC41C24F00304A042F8D0211A28463B
S31508009CA000F0B6F90130F2D1EFE700BF1825002021
S31508009CB02DE9F041CD1C064625F0030508350C2D87
S31508009CC038BF0C25002D01DBA94204D90C233360CB
S31508009CD00020BDE8F081314F00F08EF93B681C4644
S31508009CE044BB29463046FFF7C1FF431C044650D102
S31508009CF03C682146002941D1002C44D023683046CF
S31508009D0004EB030800F084F980453CD1216830460D
S31508009D106D1A2946FFF7AAFF013034D023682B4471
S31508009D2023603B68002B36D05A68A24229D100220C
S31508009D305A600EE02268521B1DD40B2A16D96119E7
S31508009D40A342256018BF5960636808BF396062512D
S31508009D504B60304600F056F904F10B00231D20F045
S31508009D600700C21AB5D01B1AA350B2E7A34262680D
S31508009D70DED13A60EDE723466468B1E70C464968E8
S31508009D80B8E71346CEE70C233046336000F03AF9BD
S31508009D909EE70560DDE75B60FFDE00BF1C2500204F
S31508009DA02DE9FF470F7E914680460C46782F9A4646
S31508009DB00C9E01F1430207D8622F0AD8002F00F043
S31508009DC0DD80582F00F0C38004F1420684F8427003
S31508009DD03AE0A7F16303152BF6D801A151F823F051
S31508009DE0399E00084D9E0008C99D0008C99D0008B7
S31508009DF0C99D0008C99D00084D9E0008C99D000818
S31508009E00C99D0008C99D0008C99D0008639F0008F0
S31508009E10DB9E00081B9F0008C99D0008C99D000815
S31508009E20859F0008C99D0008DB9E0008C99D00089B
S31508009E30C99D0008239F000833681A1D1B683260F5
S31508009E4004F1420684F842300123A8E03168236809
S31508009E50081D30601E0601D50D6803E05D06FBD5BA
S31508009E60B1F90050002D616878DA2D200029A1602B
S31508009E7084F843002DDA6D425D480A231646B5FB81
S31508009E80F3F103FB1157C75D06F8017D2F460D4612
S31508009E90BB42F4D9082B0BD12368DF0708D5236901
S31508009EA061689942DEBF302306F8013C06F1FF36A9
S31508009EB0921B22614B4603AA21464046CDF800A0D4
S31508009EC001F0D2FC01306FD14FF0FF3004B0BDE88D
S31508009ED0F08723F004032360CDE72168336808067A
S31508009EE053F8045B02D4490648BFADB26F2F3360FE
S31508009EF03F4814BF0A230823002184F843106668E4
S31508009F00002EA660BADB216821F004012160002D2D
S31508009F10B4D1002EB2D11646BCE7236843F020031D
S31508009F20236078273348236884F845701F0631680C
S31508009F3051F8045B02D45F0648BFADB23160D90759
S31508009F4044BF43F0200323601DB11023D4E72848FB
S31508009F50E9E7236823F020032360F6E724480A2369
S31508009F60CDE733682568181D616930602E061B68C1
S31508009F7001D5196002E06806FBD51980002316464C
S31508009F80236197E7336800211A1D32601E686268EC
S31508009F90304601F009FD08B1801B606063682361E3
S31508009FA0002384F8433085E723693246494640460C
S31508009FB0D047013088D023689B0714D4E068039BF8
S31508009FC09842B8BF184681E70123324649464046BB
S31508009FD0D04701303FF478AF0135E36803995B1A3F
S31508009FE0AB42F1DCEAE7002504F11906F5E700BF04
S31508009FF0790601088A060108014801F0B9BB00BFC5
S3150800A0006C250020014801F0B4BB00BF6C25002078
S3150800A01038B50023054D044608462B60FAF7E4F9DF
S3150800A020431C02D12B6803B1236038BD20250020CC
S3150800A03038B50546002941D051F8043C0C1F002BC1
S3150800A040B8BFE418FFF7D8FF1D4A136833B9636031
S3150800A05014602846BDE83840FFF7D4BFA34208D9A4
S3150800A060206821188B4201BF19685B6809182160AE
S3150800A070EDE71A465B680BB1A342FAD91168501886
S3150800A080A0420BD120680144501811608342E0D1E8
S3150800A09018685B68084453601060DAE702D90C2335
S3150800A0A02B60D6E7206821188B4202BF19685B68C7
S3150800A0B00918636008BF21605460CAE738BD00BF4D
S3150800A0C01C25002008B5F6F71DF908BD0FB400B524
S3150800A0D0B3B034AB53F8042B0193C02102A8FFF7A1
S3150800A0E097FC011E05DDBF2928BFBF2102A8F6F788
S3150800A0F0ABFA33B05DF804EB04B07047182805D9FD
S3150800A100643880B2182803D80120704701207047A8
S3150800A110002070478446C8B10378CBB100229CF86A
S3150800A120003083B1A3F13000C0B2092812D802EB7F
S3150800A130820203EB4203A3F13002B2F5803F0BD251
S3150800A1400CF1010CEBE70A800120704700207047EC
S3150800A15000207047002070470020704770B586467B
S3150800A160049E002400E001348C4218D21EF8040034
S3150800A1702028F8D0002002E00134155460468C42AD
S3150800A18008D21EF80450202D04D01DB100F1010C90
S3150800A1909C45F1D30023135406B1346070BD0020EA
S3150800A1A0EDE708B500F093FEFFF78CFF00F0B6FE6A
S3150800A1B0F6F7C8FBFAE70023934215D210B4CC5C35
S3150800A1C024B100F8014B01339342F8D3934204D2E9
S3150800A1D0202100F8011B0133F8E75DF8044B7047AE
S3150800A1E0202100F8011B01339342F9D3704700B5CB
S3150800A1F0002296460DE0A3F1410C5FFA8CFCBCF1F7
S3150800A200050F13D8373B9BB243EA0E131FFA83FE9A
S3150800A2100132032A14DC835CA3F1300C5FFA8CFC50
S3150800A220BCF1090FE7D8303B9BB2EDE7A3F1610C0F
S3150800A2305FFA8CFCBCF1050F07D8573B9BB2E3E7E6
S3150800A240A1F800E001205DF804FB0020FBE7037895
S3150800A250532B1BD14378542B1AD10222042A06DC2D
S3150800A260835C303BDBB2092B14D80132F6E743791D
S3150800A270522B07D0432B07D0412B01D00020704723
S3150800A2800120704701207047012070470020704761
S3150800A2900020704700207047844600224FF6FF7062
S3150800A2A00FE0400080B20133072B09DC10F4004FA1
S3150800A2B0F7D0400080B280F4815080F00100F2E7C8
S3150800A2C001328A4205D21CF8023080EA03200023B4
S3150800A2D0EAE77047704770477047704708B500F05F
S3150800A2E027FB08BD704708B5F7F740FA08BD08B55B
S3150800A2F0F9F7C6FA00F031F808BD7047704770479D
S3150800A3007047704708B500F00BF808BD08B5F7F7B1
S3150800A31039F808BD08B5FFF7F5FFFFF7F7FF08BDE1
S3150800A32008B5F7F757F808BDFEE708B5FFF7FCFFCD
S3150800A33008BD704708B5FFF7FCFF08BD704738B57C
S3150800A34004460D46F9F7A6FA29462046FFF7F6FF12
S3150800A35038BD08B501F0E0FF08BD08B5F7F7BAF84B
S3150800A36008BDFEE704E050F8042B41F8042B1A4612
S3150800A370531E002AF7D1704700230360704700E098
S3150800A38018460368002BFBD10B6001607047034633
S3150800A390006818B102681A60002303607047FEE778
S3150800A3A000B589B084460E9807900D9806909DF8DA
S3150800A3B0300005900B9804909DF828000390002023
S3150800A3C00290019300920B4662460121F7F7B0FA14
S3150800A3D009B05DF804FB70B505460E46144601F053
S3150800A3E020FE2B685C4034405C402C6001F014FE73
S3150800A3F070BD38B505460C4601F0F2FA05B128607D
S3150800A4000CB10D23236038BD30B583B005460C4624
S3150800A410002301934FF0E0231B6913F0040F0CD0BF
S3150800A42001F0FEFA01900C2300930DB1019B2B60FD
S3150800A4300CB1009B236003B030BD694601A8F7F74D
S3150800A44011FEF2E708B501F0FDFA0021F8F702F867
S3150800A45008BD10B582B0002301930093B0F5807F44
S3150800A46000F20781B0F5807F00F28B81DFE810F0FB
S3150800A47054018901890189018901890189018901B3
S3150800A480890189018901890189018901890189016E
S3150800A490890189018901890189018901890189015E
S3150800A4A0890189018901890189018901890189014E
S3150800A4B054018C0154018C01A401A401A401A40136
S3150800A4C0A4018C01A90145016601B30145018C016E
S3150800A4D08C018C0189018901890189018901890118
S3150800A4E0890166018C018C018C01C7012B018C0145
S3150800A4F089018901890189018901890189018901FE
S3150800A50089018901890189017101A4015401540154
S3150800A5105401B80145014501BD0181015E011601DD
S3150800A5201601890189018901890189018901890140
S3150800A53089018901890189018901890189018901BD
S3150800A54089018901890189018901890189018901AD
S3150800A550890189018901890189018901890189019D
S3150800A560890189018901890189018901890189018D
S3150800A5708601890189018901890189018901890180
S3150800A580890189018901890189018901890189016D
S3150800A590890189018901890189018901890189015D
S3150800A5A0890189018901890189018901890189014D
S3150800A5B0890189018901890189018901890189013D
S3150800A5C0890189018901890189018901890189012D
S3150800A5D0890189018901890189018901890189011D
S3150800A5E0890189018901890189018901890189010D
S3150800A5F089018901890189018901890189018901FD
S3150800A60089018901890189018901890189018901EC
S3150800A61089018901890189018901890189018901DC
S3150800A62089018901890189018901890189018901CC
S3150800A63089018901890189018901890189018901BC
S3150800A64089018901890189018901890189018901AC
S3150800A650890189018901890189018901890189019C
S3150800A660890189018901890189018901890189018C
S3150800A670AE01B0F5F06F00F0C28014D9B0F5206FC6
S3150800A68000F0B3805FD9B0F5306F00F0B3806DD9B4
S3150800A690B0F5386F52D0B0F5406F72D1002101A8DD
S3150800A6A0F7F782FB6DE0B0F5607F78D010D9B0F58A
S3150800A6B0B06F00F0868033D9B0F5D06F00F08B808C
S3150800A6C0B0F5E06F37D1002101A8F7F717FE58E07B
S3150800A6D0B0F5007F0AD101F083F904464FF4007003
S3150800A6E0F7F78AFEB4FBF0F401944AE011D9B0F505
S3150800A6F0207F49D0B0F5407F43D101F091F9044657
S3150800A7004FF42070F7F778FEB4FBF0F46408019470
S3150800A71037E0B0F5C07F34D101F082F9019030E01E
S3150800A720B0F5806F48D0B0F5A06F2AD1002101A8F6
S3150800A730F7F76CFB25E0B0F5C06F22D1002101A820
S3150800A740F7F790FC1DE0B0F5106F49D0B0F5186F1B
S3150800A75004D1002101A8F7F78DFB12E0B0F5086FC8
S3150800A7600FD1002101A8F7F723FC0AE0B0F5286FFE
S3150800A77007D1002101A8F7F7CDFC02E001F030F976
S3150800A7800190019802B010BD01F04AF904464FF451
S3150800A7902070F7F731FEB4FBF0F40194F1E70021DD
S3150800A7A06846FFF726FE009C4FF46070F7F724FE14
S3150800A7B0B4FBF0F40194E4E7002101A8F7F71EFCC6
S3150800A7C0DFE7002101A8F7F76FFDDAE7002101A806
S3150800A7D0FFF71AFED5E7002101A8F7F7B5FDD0E780
S3150800A7E0002101A8F7F7DCFDCBE7002101A8F7F760
S3150800A7F05FFCC6E7002101A8F7F760FBC1E7002167
S3150800A80001A8F7F7A9FCBCE708B5002903DD012173
S3150800A810F7F720FE08BD0021F7F71CFEFAE708B592
S3150800A82002214FF42070F8F759F808BD70474368BD
S3150800A83013F0010F19D0836813F0010F03D00369D1
S3150800A84013F0010F09D00A238363436D13F0500FE9
S3150800A850FBD1836C13F0030FFBD100F500530122E3
S3150800A8605A60436813F0020FFBD1704708B5F9B177
S3150800A8700A4600F580530121596002F00F01436D25
S3150800A880C3F30B03002BFAD18163436D13F07803EE
S3150800A890FBD112F0010F00D0012312F0040F01D0F2
S3150800A8A043F00203826C02F003029A42FAD108BD11
S3150800A8B0FFF7BDFFFBE7836C13F0400FFBD0416445
S3150800A8C0704708B500231A46F8F770FB08BD08B5A7
S3150800A8D000231A46F8F76AFB08BD70B505460E460A
S3150800A8E0144601F09EFB2B685C4034405C402C60AB
S3150800A8F001F092FB70BD70B505460E46144601F090
S3150800A90090FB2B685C4034405C402C6001F084FB73
S3150800A91070BD0020704708B5002100F06AFB0020D2
S3150800A92008BD09B12120704708B5FFF7F4FF08BD37
S3150800A93008B500F001F808BD0020704708B5F9F71A
S3150800A940D9F808BD08B540B2F9F712F908BD08B537
S3150800A950F9F730F908BD08B5F9F71EF908BD08B5C5
S3150800A960FFF7F0FF08BD2DE9F04182B00E46174605
S3150800A9701C46054670B18CB195B1D5F80C80B8F176
S3150800A980000F0FD023463A4631462868C04702B022
S3150800A990BDE8F081F9F766F90546ECE701ACEBE7A7
S3150800A9A02320F4E72320F2E703280BD8DFE800F09A
S3150800A9B0020D0407002070474FF4805070474FF48B
S3150800A9C0405070474FF4805070474FF4005070471E
S3150800A9D0D0F8A0301B689A6C12F0800F03D0DB6B9E
S3150800A9E00B70002070471B20704738B50446D0F816
S3150800A9F0A0301D68AB6C13F0400FFBD000231A463D
S3150800AA0094F8A91094F8A800F8F7E0FB00231A4672
S3150800AA1094F8AB1094F8AA00F8F7D8FB94F8B0307D
S3150800AA2013F0010F12D194F8B03013F0020F16D1BB
S3150800AA3005F5005304221A6500212846FFF716FF7C
S3150800AA40D4F8A40001F008FB002038BD00231A46FC
S3150800AA5094F8AD1094F8AC00F8F7B8FBE3E70023D8
S3150800AA601A4694F8AF1094F8AE00F8F7AFFBDFE794
S3150800AA7008B5D0F8A0301868FFF71DFF002008BDFC
S3150800AA80704780F89510704790F89500704710B594
S3150800AA9082B004460DF10701007D01F055F89DF8D6
S3150800AAA007303BB1206DA26CE36C134483420BD094
S3150800AAB002B010BD237D03EB43031B0103F1A04342
S3150800AAC003F58023D86EEEE71046F1E710B5044685
S3150800AAD0FFF7DDFF236D834201D2C01A10BDA26CB9
S3150800AAE0E16C0A44D01AF9E738B50446007DF7F751
S3150800AAF0DFF82046F9F718FA0546207DF7F7F8F843
S3150800AB00284638BDF8B50446FFF7EEFF00B1F8BD94
S3150800AB1001F090FA0646207DF7F7CAF82046FFF7B7
S3150800AB20B6FF451EA36CAB4202D9E56C013D1D4438
S3150800AB3094F85470207DF7F7DBF8CFB92B46D4F894
S3150800AB4098209A4212D01A78112A09D0132A07D0C7
S3150800AB50013BA26C9A42F2D9E36C013B1344EEE73F
S3150800AB60112A14BF0022012284F89C20C4F89850A8
S3150800AB70304601F05AFACAE72DE9F84304460F466B
S3150800AB80154690F8959000264FF0010802E094F8D3
S3150800AB909C304BB9AE421FD294F89630002BF6D0B3
S3150800ABA02046FFF7AFFFF2E7B9F1000F02D03B7876
S3150800ABB00A2B09D0236E5B68397820469847804669
S3150800ABC050B901370136E5E7236E5B680D2120464B
S3150800ABD0984780460028EDD04046BDE8F88308B57A
S3150800ABE090F894301BB9FFF7C7FF002008BD0E2068
S3150800ABF0FCE790F89430DBB170B504460D460B6956
S3150800AC00B3F5006F16D801F015FA06466C6194F88C
S3150800AC108C304BB1294604F19000FFF7B0FB304663
S3150800AC2001F003FA002070BD2846F9F79FF9F6E708
S3150800AC300E2070472120F6E730B583B0144692F807
S3150800AC40543033B1936D0BB1D06D9847002384F817
S3150800AC50543094F8963023B9002084F8540003B091
S3150800AC6030BD2046F9F738F90028F5D0236E5B6821
S3150800AC70132120469847002507E0112B14BF00230F
S3150800AC80012384F89C300135EDB20F2D0DD8236EC3
S3150800AC901B680DF107012046984730B99DF8073023
S3150800ACA0112BEAD0132BEED1E7E72046F9F792F9F4
S3150800ACB0D2E72DE9F04F83B090464AB104460D46D7
S3150800ACC0002966D0FFF710FF814628B14FF000082B
S3150800ACD0404603B0BDE8F08F2046FFF7F7FE47462B
S3150800ACE0804528BF074694F896A0BAF1000F48D0C9
S3150800ACF001F0A0F90190266D2046F9F7EDF8834694
S3150800AD00B846002211E00133C4F89830D14612E063
S3150800AD1008F1FF38B9F1000F05D0112B14BF002335
S3150800AD20012384F89C3001320136BA420BD2D4F89A
S3150800AD309830B342E7D03378112BE9D0132BE7D0FC
S3150800AD4005F8013BEFE7D4F89810A26CE36C1344BE
S3150800AD50994213D0019801F068F939462046F9F767
S3150800AD60EBF994F89630002BB2D0BBF1000FAFD0B8
S3150800AD70236E5B68112120469847A9E7C4F89820F6
S3150800AD80E8E73A46216D284600F0F4FCB846D34673
S3150800AD90E3E74FF000089BE72DE9F04180460F46B0
S3150800ADA016461D4600232B602968721A3944404608
S3150800ADB0FFF77FFF034620B12C681C442C60B44281
S3150800ADC0F2D32B6813B10020BDE8F0811B20FBE706
S3150800ADD010B514465069002380F88C309030FFF780
S3150800ADE0D6FA08B1F9F7C2F863681BB1A268002160
S3150800ADF020469847002010BD50B138B5056801F0C7
S3150800AE0019F90024AC65EC6501F00FF9204638BD48
S3150800AE102220704738B5056895F894303BBB044640
S3150800AE20FFF7EAFFF8F71EFF84421CD02B6E93F952
S3150800AE301000F8F7E1FE2B6E93F91000FFF787FD77
S3150800AE40287D00F061FE287DF6F7AAFEF6F782FE59
S3150800AE50002323606360E3606361A3612B6EDB6894
S3150800AE602846984738BD0020F8F7F0FEDEE70F20A1
S3150800AE70F8E701F00303DB004FF0FF0C0CFA03FCC4
S3150800AE8007290ED810B54FEA910E0EF10C0150F8AD
S3150800AE9021409A40624002EA0C02624040F82120B2
S3150800AEA010BD704708B5F9F7B1FA08B5FFF7FAFF0C
S3150800AEB008BD7047704708B5FFF710FAFFF713FA91
S3150800AEC0FFF728FAFFF713FAFFF717FA08BD08B5D0
S3150800AED0F9F71AFBFFF7EDFFF8F79CFEF8F71CFEEB
S3150800AEE0FFF72CFDF8F730FEF9F74CFBF9F7B4FA43
S3150800AEF0FFF7E0FF00F006F8FFF7F4F9FFF7DBFFCE
S3150800AF0008BD704708B5FFF7E5F9FFF7E4F9FFF75D
S3150800AF10E3F9FFF7E2F9FFF7F4FF08BD08B5FFF715
S3150800AF20EDF9FFF7ECF9FFF7EBF9FFF7EAF908BDDA
S3150800AF3000F0AEB87047431E012B03D9031F5842D1
S3150800AF4058417047012070474FF4D872002100F02D
S3150800AF5007BC70B50446FAF7BBFC0546A8B9A16953
S3150800AF60F1B1238AD3B1204604F1100200F0F2F9B8
S3150800AF7038BBE16919B3638AA3B1204604F112020A
S3150800AF8000F0BDF978B1054603E00023A36123610B
S3150800AF90E361002328466361236270BDA061E8E788
S3150800AFA02082E6E7E361216A0029F2D0A28A002A14
S3150800AFB0EFD02046E38ABDE8704000F05FB96182B1
S3150800AFC0F1E76582E561DEE711B9D0F8DC1021B159
S3150800AFD0CB6813B18B68D88970474FF6FF707047F6
S3150800AFE010B5F9F787FB044608B900F06EFA204653
S3150800AFF010BDF9F737BEF9F75BBE70B500232425F7
S3150800B000D0F8DC00C4689C4201D1212070BD82685A
S3150800B01005FB0322D6898E4202D8128A8A4201D2B9
S3150800B0200133F0E70020F1E7C08D70470A7838B59C
S3150800B03005461046FFF77FFF60B14C782046FFF7BC
S3150800B0407AFF38B12243530704D42846BDE838406E
S3150800B050F9F7EABF212038BDFFF7E8BF10B5044667
S3150800B0600878FFF768FF58B14A781046FFF763FF7C
S3150800B07030B1042A04D02046BDE81040F9F7F2BFE3
S3150800B080212010BDFFF7EABF00F0AAB8F9F73ABFCA
S3150800B09038B504460D4600F07DF850B129462046DD
S3150800B0A0F9F7B8FC30B929462046BDE83840F9F723
S3150800B0B0E9BE0E2038BD70B5044600200E4600F0E5
S3150800B0C000FAD4F8F0503DB1002331462046AC468C
S3150800B0D0BDE870401A4660472B4601223146204695
S3150800B0E0FAF7C2F8284670BD38B5044648880D46B2
S3150800B0F000F0E7F9D4F8F0302BB929462046BDE828
S3150800B1003840F9F7C9BF022038BD00F0DCB900F0B5
S3150800B110A4B800F005BA38B504460D4600F081FF1C
S3150800B1200023C4F89050C4F88C30BDE8384000F0CD
S3150800B13073BF38B505460C4600F073FFD5F8903056
S3150800B1401C40D5F88C302343C5F88C3000F064FFDA
S3150800B150211E18BF01210020490238BDFAF7C4BFD5
S3150800B160FAF7C4B9FAF7BABEFAF7C4BE0B4610B571
S3150800B17014461846A168928800F0FCFAE16803466E
S3150800B18031B1A0886288121A92B2184400F0F2FA15
S3150800B190002010BD0346408A18B1188A003818BF27
S3150800B1A00120704700207047002070477047D0F88C
S3150800B1B0943003F06003402B0DD0602B03D0203B66
S3150800B1C058425841704749B10B68012B06D948695E
S3150800B1D040F00100704740F20110704700207047A8
S3150800B1E0F7B504461046D4E954C7DDE908268CEAC3
S3150800B1F0020587EA06010540194085EA0C057940EB
S3150800B200C4E95451002523F4004106EA010320F05D
S3150800B210010043F40073024043F00203CDE90055F0
S3150800B220FDF7EAF894F824309A0713D5D4F8543180
S3150800B2309B050FD54FF488112046FFF77AFF94F83F
S3150800B2402430024665F3410384F8243020460B4631
S3150800B250F9F7EEFC002003B0F0BD0346D0F8240150
S3150800B2600860B3F8283100208B80704790F82431A5
S3150800B2700C2B14BF90F82B00FF2070472DE9F041E6
S3150800B280884618F0030706461546194633D1B2F51F
S3150800B290805F30D89A422ED33F2A28D9B2FA82F450
S3150800B2A001220120C4F11F03DBB29A4092B2AA42DE
S3150800B2B02CBFC4F11904C4F11A04E2B2931DDBB21F
S3150800B2C0984080B2A84214D096F8F530ABB9012060
S3150800B2D096F8253060F3410386F825304046FAF79C
S3150800B2E0A9FCC6F82080B5823846BDE8F0813A4602
S3150800B2F0EAE70020ECE72127F6E70E27F4E7F8B59A
S3150800B30011F0030607460D46144621D102B31388E9
S3150800B3103F2B1DD9B3FA83F3C3F11901C9B2062924
S3150800B32001D8192B12D0062928BF062101238A1D08
S3150800B330D2B293402846238000F0B7F823883846CF
S3150800B340FD617B82FAF786FD3046F8BD3146EDE7AA
S3150800B3502126F9E738B5148811F003054FEAC40425
S3150800B3601ED13F2C1CD9B4FA84F4C4F11903DBB2FC
S3150800B370052B01D8192C11D0052B28BF052301242C
S3150800B3800633DBB204FA03F3C3F3CF0414808161F6
S3150800B39004824387FAF75EFD284638BD2B46EEE75A
S3150800B3A02125F9E738B51546044608460121FBF775
S3150800B3B0B3FE01212846FBF7AFFE94F8253043F08B
S3150800B3C0010384F8253038BD38B50446154680F89B
S3150800B3D02C105AB100F03AF808B900201AE094F88F
S3150800B3E0243043F0800384F82430F6E70846FBF758
S3150800B3F079FAFF2884F82C0009D0204600F026F8B0
S3150800B4000028EAD094F8243065F3C713EBE7FBF776
S3150800B4108DFA212038BD8021FEF7E0B838B50546FB
S3150800B420F9F73AFC04462846F9F714FC072804BF3E
S3150800B43024F47F4121F00801284614BF24F0800136
S3150800B44041F08001BDE83840F9F72CBC4021FEF7F1
S3150800B450C5B890F8F400431E58425841704738B5AD
S3150800B460054610460C46FAF759FBD5B1D5F8E03033
S3150800B470BBB15B69ABB1421ED2B2FD2A13D90A68C9
S3150800B480013204BF6FF001020A600A68FF281A60D9
S3150800B49007D16268013202D16FF001026260626808
S3150800B4A05A60002038BD0128F2E74FF03A430122DE
S3150800B4B05A6741F6FF72D96418651A677047FAF732
S3150800B4C08BBA0020704700207047704710B5046893
S3150800B4D00246090494B9D9B1B1FA81F3C3F120033C
S3150800B4E0C3F10F00012838BF012003F01F03D9401C
S3150800B4F08C4201D201384908116010BDB4FA84F3B0
S3150800B50031B1B1FA81F01B1A002BE9DC0F20EFE705
S3150800B5100F20F1E70638042834BF0120FF207047C2
S3150800B520704700200021704708B5FBF7D1FBBDE83E
S3150800B5300840FBF7E5BB38B50446FFF7F5FF0546B7
S3150800B540FFF7F2FF431BA342FAD338BD38B50D46C1
S3150800B5500446FBF7BDFB35B1844200D901392046C4
S3150800B56001F0030138BD844238BF0131F7E708B559
S3150800B5700121FFF7EBFFBDE80840FBF7C1BB08B5A3
S3150800B58021B1920000F0F6F8002008BD2120FCE762
S3150800B59000F06F43B3F1804F02D0B3F1204F02D1D0
S3150800B5A020F07040704700F06043B3F1204F08BFA9
S3150800B5B020F0805070470B0C23F48053B3F5284FC6
S3150800B5C0F7B50D468FB2064699B216D04AF601036C
S3150800B5D0994214D04AF60203994212D0B1F5204F87
S3150800B5E014BF04240324D6F8E0300BB1196851B906
S3150800B5F0D6F8DC3093B928680EE00024F3E7012476
S3150800B600F1E70224EFE7234668463A46FBF7FCFBD8
S3150800B610DDE90003002BEBD103B0F0BD1968002962
S3150800B620E9D0234668463A46FBF7EEFBDDE9000318
S3150800B630002BE0D1F0E70204C0F3891307D56FEABF
S3150800B64083536FEA935313F5007F18B206D0A3F11C
S3150800B650C8006FF4FF739842B8BF184670470020B9
S3150800B660FBF7B6BE0120FBF7B3BE00EB8023C0EBA9
S3150800B670831353FA81F303EB8322C3EB8213C1F3DB
S3150800B6800722134403EB8322C3EB8213C1F3074259
S3150800B690134403EB8322C3EB821303EB1160704759
S3150800B6A038B50D46144604B938BD55F8041BFFF7DE
S3150800B6B0DCFF013CF7E77047FDF7EABAFDF7E8BAA1
S3150800B6C0FDF7E6BAFDF7E4BA08B50846FDF7E6FE63
S3150800B6D008BDFDF7DDBA30B514469BB005461A46D7
S3150800B6E0002C05DA8B2303604FF0FF301BB030BD0A
S3150800B6F04FF40273009104916946ADF80C3014BFFB
S3150800B70004F1FF332346029305934FF6FF73ADF812
S3150800B7100E301E9BFEF7AEF9431CBCBF8B232B6075
S3150800B720002CE3D0009B00221A70DFE7884210B590
S3150800B73001EB020402D98442234607D8431EA142DC
S3150800B74008D011F8012B03F8012FF8E70244014647
S3150800B7508A4200D110BD13F8014D02F8014DF7E7F2
S3150800B76002440346934200D1704703F8011BF9E7E8
S3150800B770704770470A44431E914200D1704710B57E
S3150800B78011F8014B914203F8014FF9D110BD034658
S3150800B79013F8012B002AFBD1181A0138704710F844
S3150800B7A0012B11F8013B012A28BF9A42F7D0D01A7B
S3150800B7B070472DE9F0471F468E6882460C46BE4202
S3150800B7C090460B682DD8B1F90C2012F4906F26D04C
S3150800B7D06569096905EB4505A3EB01097B1C05EBC2
S3150800B7E0D5754B446D109D4238BF1D46530527D568
S3150800B7F02946FEF75DFA064660B34A462169FFF711
S3150800B800B9FFA38923F4906343F08003A3812661DB
S3150800B8104E446561A5EB090526603E46A560BE4215
S3150800B82000D93E46324641462068FFF77FFFA368A7
S3150800B83000209B1BA360236833442360BDE8F08780
S3150800B8402A4600F083F806460028E0D121695046CA
S3150800B850FEF7EEFB0C234FF0FF30CAF80030A38941
S3150800B86043F04003A381E9E72DE9F04716469846D9
S3150800B8708A6807460B690C46DDF820909342B8BFE4
S3150800B8801346336091F843200AB1013333602368C5
S3150800B890990642BF336802333360256815F00605FA
S3150800B8A006D104F1190AE36832689B1AAB422BDC0D
S3150800B8B094F843302268003B18BF0123920630D41F
S3150800B8C004F1430241463846C847013023D023686D
S3150800B8D01A3454F80A2C03F00603042B0ABF54F84A
S3150800B8E00E5C002533684FF0000608BFED1A54F8C1
S3150800B8F0123C08BF25EAE5759342C4BF9B1AED18AA
S3150800B900B5421AD1002008E001235246414638467E
S3150800B910C847013003D14FF0FF30BDE8F087013545
S3150800B920C1E7E1185A1C30200233224481F843004B
S3150800B93094F8451082F84310C2E70123224641468F
S3150800B9403846C8470130E6D00136D9E72DE9F04137
S3150800B950804615460C4621B91146BDE8F041FEF76A
S3150800B960A7B92AB9FEF764FB00242046BDE8F08192
S3150800B97000F028F88542064602D8B5EB500FF4D8F1
S3150800B98029464046FEF794F907460028ECD0B5420A
S3150800B9902A46214628BF3246FFF7ECFE2146404696
S3150800B9A03C46FEF745FBE0E7C9B20346024410B53C
S3150800B9B09342184601D1002003E0047801338C42F3
S3150800B9C0F6D110BD51F8043C181F002BBCBF0B580C
S3150800B9D0C0187047014B1868704700BF1026002032
S3150800B9E008B50B4B1B6F03F00703013B032B09D864
S3150800B9F0DFE803F00B020509FFF7ECFF04E0054B4F
S3150800BA00186801E0FEE7044808BD0448FCE700BFE3
S3150800BA10008000501826002080D54302002D3101F1
S3150800BA2008B5FFF7DDFF054B1B6FC3F3033301337F
S3150800BA30B0FBF3F0024B186008BD00BF0080005051
S3150800BA400C2600200048704700B4C404004870471C
S3150800BA50002D3101014B1868704700BF18260020D9
S3150800BA600048704780D543021A4B4FF400225A66A5
S3150800BA704FF0B4439868C0F304400C2808D8DFE8B0
S3150800BA8000F009070707070722181A071C1E2000D7
S3150800BA90002070474FF0B4439B6803F04073B3F13E
S3150800BAA0807F12D0B3F1007F11D003B170470A48E6
S3150800BAB070470A4870470A4870470A4870470A4854
S3150800BAC070470A4870470A4870470A4870470A4844
S3150800BAD0ECE700BF0090005000093D000024F40088
S3150800BAE0C0EA210180BA8C010048E801005A6202C6
S3150800BAF0405DC60080841E0040420F00014B186856
S3150800BB00704700BF1426002008B50A4B1B7853B1AE
S3150800BB1007280AD8084B03EB00131B7B3BB1F7F742
S3150800BB2045FC002008BD0548FCE70548FAE7054836
S3150800BB30F8E700BF4525002044200020028000F0D9
S3150800BB40018000F0078000F00C4B1B7873B110B52C
S3150800BB500C4607280CD869B1094B03EB00131B7B6D
S3150800BB6053B1F7F735FC2070002010BD0548704723
S3150800BB700548FAE70448F8E70448F6E745250020AB
S3150800BB8044200020028000F0018000F0078000F0C9
S3150800BB900C4B1B7873B110B50C4607280CD869B145
S3150800BBA0094B03EB00131B7B53B1F7F72BFC206003
S3150800BBB0002010BD054870470548FAE70448F8E72D
S3150800BBC00448F6E74525002044200020028000F0BE
S3150800BBD0018000F0078000F040B9054B5B6813F060
S3150800BBE0010F03D0024B9B6D002BF6D1704700BFA7
S3150800BBF000800A5008B9014B5964704700900A50F2
S3150800BC0008B9014B5964704700A00A5008B9014B9E
S3150800BC101964704700A00A5010B9024B186C704797
S3150800BC200020704700800A5038B505460C46FFF7D5
S3150800BC30D3FF55B91CB1012C04D0002006E0044BF3
S3150800BC40D86C03E0024B186D00E0002038BD00BF39
S3150800BC5000800A5070B505460C461646FFF7BCFF2D
S3150800BC6015B914B1012C03D070BD034BDE64FBE794
S3150800BC70014B1E65F8E700BF00800A50B8B103689B
S3150800BC8003F03F00C3F3821213F4E07F03D0012AC6
S3150800BC900FD1094A00E0094A31B102F58052012361
S3150800BCA0834013600020704702F50052F7E70E2024
S3150800BCB070470E20704700BF6880005064800050AF
S3150800BCC04161114B1B68CBB110B4002403E0891AFB
S3150800BCD041611C469B6823B15A698A42F7D9002AF2
S3150800BCE0F5D044B1A060836013B15A69521A5A61FB
S3150800BCF05DF8044B7047044A1060F4E7024B18607D
S3150800BD0000238360704700BF00210020104B1B688A
S3150800BD100246B8B1002101E019469B680BB193426F
S3150800BD20FAD1934210D149B193688B6093686BB18D
S3150800BD305969526911445961002070479168044B4A
S3150800BD401960F3E7222070470220704700207047E9
S3150800BD500021002008B500F0E1F80B4B1B680B4AE0
S3150800BD601268821A03E0521A002159619B683BB196
S3150800BD7032B159699142F6D3891A59610022F5E719
S3150800BD80024B186008BD00BF00210020FC200020DF
S3150800BD900B4B1B6800220B490A70012A0ED86BB19F
S3150800BDA0D98811F0020F05D19B68002BF5D0596987
S3150800BDB00A44F2E7034B01221A707047704700BF26
S3150800BDC0002100204A2500200D4B1B68B3B110B591
S3150800BDD05B6963B10B4A14681C44022000F05AFAE6
S3150800BDE0204600F0B7F8FFF7D3FF002010BD022069
S3150800BDF000F050FA022000F0FFF8F4E7222070471E
S3150800BE0000210020FC20002070B500F013F905463B
S3150800BE1000F084F80446084B1E68012000F023FA57
S3150800BE2028B9284600F001F92046314670BD00F0D1
S3150800BE3075F804460136F4E708210020014B186816
S3150800BE40704700BF0421002008B5084B1968A1FBFC
S3150800BE50000140F2E733C0184FF47A724FF000033E
S3150800BE6041F10001FDF7FEFB08BD00BF04210020DB
S3150800BE70F8B5044610F0010F03D114F0020F09D1EA
S3150800BE80F8BD234A136801331360FFF763FFFFF712
S3150800BE909BFFF2E700F0CEF80546FFF75BFF0027A9
S3150800BEA03E4616E09B683BB15A692AB921791A7948
S3150800BEB09142F7D91C46F5E7284600F0B6F8204621
S3150800BEC000F083F9E788013600F0B4F80546FFF775
S3150800BED041FF104B1C681CB163690BB92346E2E7A6
S3150800BEE00D4B00221A70012E07D0FFF76DFF22288E
S3150800BEF009D0284600F099F8C2E717F0020FF4D0E7
S3150800BF0001221A70F1E7022000F05CF8F1E700BFA1
S3150800BF10082100200021002049250020054B5B68E8
S3150800BF2013F0010F03D0034BDB69002BF6D1014B4D
S3150800BF309869704700800A5000B583B001A9044B80
S3150800BF40187900F07DF8019803B05DF804FB00BF8E
S3150800BF5024D30008F8B5044600F063F80646FFF750
S3150800BF60DDFF054600F090F907460020FFF754FE6E
S3150800BF7010F0020F04D17B1B032B01D8BD420FD151
S3150800BF80631B022B00D8EC1CB4F1FF3F2CBF2246E2
S3150800BF90621E00210846FFF75DFE022000F07AF9CE
S3150800BFA0304600F039F8054B1B782BB1044B0122BB
S3150800BFB09A64024B00221A70F8BD00BF07270020BA
S3150800BFC000900A5008B510F0010F0ED1002110F0AC
S3150800BFD0020F06D041F002010123054A1370054AF3
S3150800BFE093640020FFF70CFE08BD0121EFE700BFB0
S3150800BFF00727002000A00A5010F0020F02D0024BBB
S3150800C00002221A64704700BF00900A504FF400409D
S3150800C01070474FF47A70704710B962B6BFF36F8FE6
S3150800C0207047EFF3108072B6704780F31188BFF33C
S3150800C0306F8F7047EFF31180302383F311887047B1
S3150800C04019B108B500F00DF808BD2220704708B5EB
S3150800C0500121FFF713FE08BD08B50021FFF70EFE04
S3150800C06008BD70B504460E46FFF7E4FF05461F2CCB
S3150800C07000F2A780DFE804F01019A520272EA535C1
S3150800C0803CA543A54A51A5585F66A56DA574A59E0E
S3150800C090A57BA582A5899097FFF7A2FC30600024AE
S3150800C0A02846FFF7C2FF204670BD4FF4C070FEF762
S3150800C0B0D0F930600024F3E74FF42070FEF7C9F991
S3150800C0C030600024ECE74FF44070FEF7C2F93060A8
S3150800C0D00024E5E74FF46070FEF7BBF930600024F2
S3150800C0E0DEE74FF40070FEF7B4F930600024D7E7B6
S3150800C0F04FF48060FEF7ADF930600024D0E74FF4C6
S3150800C1004060FEF7A6F930600024C9E74FF4C06026
S3150800C110FEF79FF930600024C2E74FF4F060FEF79F
S3150800C12098F930600024BBE74FF4B060FEF791F948
S3150800C13030600024B4E74FF4D060FEF78AF9306027
S3150800C1400024ADE74FF41060FEF783F93060002451
S3150800C150A6E74FF4E060FEF77CF9306000249FE71D
S3150800C1604FF4A060FEF775F93060002498E74FF4A5
S3150800C1701860FEF76EF93060002491E74FF42860E6
S3150800C180FEF767F9306000248AE74FF48070FEF7FF
S3150800C19060F93060002483E74FF43060FEF759F900
S3150800C1A0306000247CE74FF42060FEF752F93060D7
S3150800C1B0002475E74FF40860FEF74BF93060002459
S3150800C1C06EE70023336021246AE72DE9F04104462F
S3150800C1D005696DBB00252F462E46002D39D02369EB
S3150800C1E0FBB1F5B9BE1BA38B6BB1E28B13449BB2B3
S3150800C1F0E383B3F57A7F06D3A3F57A73E383013E27
S3150800C200A369013BA361FFF715FF054631462046A2
S3150800C210FFF756FDA36922691344A3612846FFF771
S3150800C22004FFE36813B1216820469847BDE8F0810A
S3150800C2302F46FFF773FEA369C61AF217AE4272F1CC
S3150800C240000204DB22691344A3610125C5E7002522
S3150800C250C3E7FFF7EFFE80462046FFF757FD404647
S3150800C260FFF7E3FEBBE710B504460020FFF7D4FC52
S3150800C270012C04D0022C05D1C0F3400003E000F0E5
S3150800C280010000E0002010BD08B500210846FFF7B0
S3150800C290CBFC08BD08B510F0010F09D1002110F03C
S3150800C2A0020F01D041F002010020FFF7A3FC08BDF0
S3150800C2B00121F4E738B5FFF7BDFE04460020FFF775
S3150800C2C0ABFC10F0010F11D1002510F0020F01D0C0
S3150800C2D045F0020500F003010020FFF797FC284609
S3150800C2E0FFF7C6FD2046FFF7A0FE38BD0125ECE79F
S3150800C2F00000000000000000000000000000000030
S3150800C300F8B500BFF8BC08BC9E467047F8B500BF34
S3150800C310F8BC08BC9E4670475FF800F081250020EF
S3150800C32050415353000000004641494C00000000AC
S3150800C33076616C6964000000696E76616C696400F8
S3150800C3404F4B00000D0A3D3D3D204E6574416E6120
S3150800C3506C797A65725F464732335F5630312028EA
S3150800C36046535F4E3D256429203D3D3D0D0A554106
S3150800C370525420256C7520382D4E2D31202F2050F3
S3150800C38042253032753D5458205042253032753D8D
S3150800C39052580D0A000000005B53325D2043524399
S3150800C3A031362F43434954542D46414C5345202595
S3150800C3B0730D0A00202020202022313233343536EE
S3150800C3C037383922203D20253034582028657870A2
S3150800C3D02025303458290D0A00000000202020208E
S3150800C3E0202241424322202020202020203D2025B3
S3150800C3F030345820286578702025303458290D0A9D
S3150800C400000000005B5333615D206672616D652034
S3150800C4106275696C6420257320206C656E3D2575F0
S3150800C420202865787020257529202043484B3D250E
S3150800C43030345820286578702025303458290D0A5C
S3150800C440000000005B5333615D206672616D653ED6
S3150800C4503E0D0A000D0A5B5333615D203C3C656E58
S3150800C460640D0A0052494E472B504F4C4C000000B1
S3150800C4705B5333625D2074785F6D6F64653D257329
S3150800C480202063616C6C5F72657475726E3D256CF5
S3150800C49075207469636B2028256C752075732920AF
S3150800C4A0206C696D69743C3130303075730D0A0043
S3150800C4B05B5333625D207469636B5F667265713DB9
S3150800C4C0256C7520487A202070656E64696E673D14
S3150800C4D02575202064726F707065643D256C750D36
S3150800C4E00A0000005B53355D204641494C207261C5
S3150800C4F0696C2068616E646C65206973204E554CC2
S3150800C5004C0D0A005B53355D207261696C206861C9
S3150800C5106E646C65204F4B0D0A0000005B53355D59
S3150800C5202063683D2530337520252D37732028650F
S3150800C530787020252D3773292025730D0A000000F1
S3150800C5405B53355D20726573756C743A2025752FBB
S3150800C550257520504153530D0A0000005B53366180
S3150800C5605D2072785F7472616E736974696F6E7339
S3150800C57020737563636573733D5258206572726FD5
S3150800C580723D52582025730D0A0000005B53366130
S3150800C5905D207761726E3A20EC9E90EB8F9920ECC5
S3150800C5A09EACEBACB4EC9EA520EC8BA4ED8CA8203D
S3150800C5B02D2D20706F6C6C20EC9EACEBACB4EC9E11
S3150800C5C0A52866616C6C6261636B29EC979020EC18
S3150800C5D09D98ECA1B40D0A005B5336615D20737417
S3150800C5E06172745F72782063683D25752025732013
S3150800C5F020286372635F6572725F73686F773D2583
S3150800C60064290D0A000000005B5336615D2046412F
S3150800C610494C207278206E6F742061726D656420B3
S3150800C620287374617475733D307825303458292021
S3150800C6302D2D20ECB184EB84902F50485920EC84A2
S3150800C640A4ECA095EBB680ED84B020ED9995EC9D11
S3150800C650B80D0A005B5336615D206C697374656EAC
S3150800C660696E672E2E2E2028EAB090ECA780EAB8CD
S3150800C670B0204449503A2047524F55503D31202F5B
S3150800C680204E4F44453D3120ED9995EC9DB820ED5F
S3150800C6909B8420EBA6ACEC858B290D0A00000000D4
S3150800C6A001010101000000000000180064007C0080
S3150800C6B01900320063007D00020200005B533461FA
S3150800C6C05D207278204F4B202020747970653D25B7
S3150800C6D063206C656E3D253033752043484B3D25F8
S3150800C6E030345820726573796E633D256C750D0A72
S3150800C6F0000000005B5334615D207278204352438A
S3150800C700204641494C2063616C633D2530345820EE
S3150800C710726563763D2530345820726573796E6389
S3150800C7203D256C750D0A00005B5334615D207278F7
S3150800C730204241445F484452202866616C73652054
S3150800C74073796E632C2072656A6563746564206903
S3150800C7506E2036422920726573796E633D256C75A5
S3150800C7600D0A00005B5334615D2072782042414413
S3150800C7705F454420287461696C206973206E6F7464
S3150800C78020274544272920726573796E633D256CF9
S3150800C790750D0A005B5334615D207278204241446E
S3150800C7A05F4C454E20726573796E633D256C750D39
S3150800C7B00A0000003F3F3F3F0000000020286F7638
S3150800C7C0657273697A65202D2D2068657820EC835B
S3150800C7D09DEB9EB5290000005B5336615D2023253D
S3150800C7E06C752063683D257520727373693D2564F1
S3150800C7F0206372633D2573206C656E3D2575257330
S3150800C8000D0A00005B5336615D2020202530347503
S3150800C8103A2025730D0A00005B5336615D204641B8
S3150800C820494C2072652D61726D20727820287374C8
S3150800C830617475733D30782530345829202D2D20A4
S3150800C840EC9DB4ED9B8420EC8898EC8BA020ECA0A2
S3150800C85095ECA78020EAB080EB8AA50D0A000000B7
S3150800C8605B5336615D206E6F7465206576743D2571
S3150800C8706C7520706B743D256C752028ECB0A8EC9F
S3150800C8809DB4203D20EBAFB8EBB0B0ECB69C2FECD6
S3150800C890A491EBB3B520EC9DB4EBB2A4ED8AB8290C
S3150800C8A00D0A00005B53315D207469636B3D256C8E
S3150800C8B0750D0A003031323334353637383941424E
S3150800C8C043444546000000006163746976650000CC
S3150800C8D070617373697665007068793D6C6F6E6711
S3150800C8E0000000007068793D73686F72740000007C
S3150800C8F06D6F64653D616374697665006D6F646527
S3150800C9003D7061737369766500000000656D70742B
S3150800C910790000003F000000564552004E657441FC
S3150800C9206E616C797A65725F464732335F5630318D
S3150800C930204653346300000053544154000000005D
S3150800C94063683D25303375207068793D2573206D01
S3150800C9506F64653D2573207363616E5F6E3D257553
S3150800C96000000000545800006E6F745F7375707095
S3150800C9706F727465642028545820656E61626C6510
S3150800C980642066726F6D2053392900004348000001
S3150800C9906D697373696E672061726700696E766187
S3150800C9A06C6964202876616C69643A20302D3234CB
S3150800C9B020646174612C203130302D313234207777
S3150800C9C0616B65290000000063683D2530337520DA
S3150800C9D07068793D25730000504859006D69737376
S3150800C9E0696E6720617267202873686F72747C6C41
S3150800C9F06F6E672900000000696E76616C696420B5
S3150800CA002873686F72747C6C6F6E6729000000006B
S3150800CA10636F6E666C6963747320776974682063E4
S3150800CA20683D253033752028696D706C69657320FB
S3150800CA30257329202D206368616E67652043482089
S3150800CA4066697273740000004D4F4445000000008B
S3150800CA506D697373696E67206172672028706173E8
S3150800CA60736976657C6163746976652900000000E0
S3150800CA70696E76616C69642028706173736976657E
S3150800CA807C61637469766529000000005343414E52
S3150800CA9000000000746F6F206D616E7920286D614B
S3150800CAA07820342900000000696E76616C6964207C
S3150800CAB063682028302D32342C203130302D313225
S3150800CAC0342900006D697373696E67206172672087
S3150800CAD028312D34206368616E6E656C73290000F9
S3150800CAE07363616E5F6E3D25752028726F7461747D
S3150800CAF0696F6E2066726F6D20533829000000003A
S3150800CB00756E6B6E6F776E5F636D6400455252008B
S3150800CB100102030405060708414243003132333453
S3150800CB203536373839000000303132333435363748
S3150800CB3038394142434445460000000076F5010075
S3150800CB400300B9FFD2010201050123010400000018
S3150800CB5010CB00080800000018CC000800000000F0
S3150800CB6070CB00080200000000000000C017530246
S3150800CB70E8CB0008ECAFA81AD4300000000000008B
S3150800CB801800FF7FD42500200000000010D10008FF
S3150800CB9000000000B8CB0008ECAFA81AD43000009B
S3150800CBA0640064007C00FF7FD4250020000000009C
S3150800CBB010D1000800000000FC4F0103BCD000089B
S3150800CBC07440040112007017B42B00000000000026
S3150800CBD059FF000024420101F82E0000F84F010316
S3150800CBE000000000FFFFFFFFFC4F0103BCD0000858
S3150800CBF07440040112002800B42B00000000000055
S3150800CC00590F00002442010168000000F84F010393
S3150800CC1000000000FFFFFFFF0C400200018000003B
S3150800CC20FF40000020400200000000000000000055
S3150800CC30304007000000000000000000000000006F
S3150800CC40000000000000000000400000A0070000EF
S3150800CC5050400100000000005C4002000000000097
S3150800CC6000000000A840010007000000BC400400C6
S3150800CC7000000000000000000000000000000000A6
S3150800CC800841040000480000FF4C0000004900006D
S3150800CC90FF4D000020C0011000F8070020C0013039
S3150800CCA0FE01280024C00110FF00000024C0013046
S3150800CCB00013000028C00800EC80B30343754051F8
S3150800CCC0A00F00F830400000A8AA070000000000E6
S3150800CCD0000000000000000054C014008721300046
S3150800CCE0F400E3E6DC02000086B7CFDCE3000000D0
S3150800CCF088C6020080040000BA14000000000F0075
S3150800CD002C004D007500AC00EF00D401D502E603F7
S3150800CD10BD05BF07F709A30DAD11D916C71DB62660
S3150800CD20CE31FF3FD039FF3FFF3F0000A8C00500C6
S3150800CD30BD4B721511A3180510325476980A0000D7
S3150800CD4000000000CCC00400FE0100000000000046
S3150800CD5001000A000100280008000101C4070000BC
S3150800CD601800010100FF00002000010108840000EE
S3150800CD7040400D01000030300000000010000000A7
S3150800CD80000000040FC08200000000200000000020
S3150800CD90000000030000002000000000F47E1400DC
S3150800CDA0400C0000880100008440150100000000C6
S3150800CDB0300309000000066200000000040A14227D
S3150800CDC032414A4F00000000000000000000000049
S3150800CDD00000000000000000000000000000000045
S3150800CDE00000000000000000000000000000000035
S3150800CDF00000000000000000000000000000000025
S3150800CE00E0400111F8010000E04001310102000094
S3150800CE1010410201331E0500000000001C410E01EE
S3150800CE2000E0388F00000000FF0483078813C83A23
S3150800CE30FF06660CFF0483078813FF03BC200AF06D
S3150800CE40A3C95000D756A040D42D55559F82694393
S3150800CE50893B4000C00300805841020100000000E1
S3150800CE60FFFD0000644101010C0100006C410B014B
S3150800CE700000004000000000000000000000000064
S3150800CE800000000000000000010100000000000092
S3150800CE90000000000000000000000000A44102019C
S3150800CEA00000000000000000B0410C010000000076
S3150800CEB058963FC0000000000000000000003C003B
S3150800CEC0AAAA0600000000000000000055555555A6
S3150800CED0E70268800600C20000000000E441100175
S3150800CEE0E6E7FF0BCDA10A00BD066A005EB04D005D
S3150800CEF07D02420EA5B62202FF25B234EA6B8F00E8
S3150800CF00B3000E00773A0E002FBFBB0015BA4C0FC0
S3150800CF102206A704981DF9210000008000000000E1
S3150800CF2028420401000000006018004000000000CC
S3150800CF30000000003C4201010000000044420301D9
S3150800CF4014000000000000000800050430430F012B
S3150800CF5000000000000000000000000000000000C3
S3150800CF6000000000000000000000000000000000B3
S3150800CF70000000000000000000000000000000386B
S3150800CF8000000000000000000000FF5810800101AA
S3150800CF90030000003880020101151000050000009A
S3150800CFA09C8003010000000070B8030070B80300FD
S3150800CFB0A8800111F6010000A88001310142010193
S3150800CFC0AC800111F6010000AC800131014201017B
S3150800CFD0B080020100030002000300029800030269
S3150800CFE000000000000C00044C040000D8000202F7
S3150800CFF0050040AA88010000EC000112E00F0000BD
S3150800D000EC0001320D205111F0000102233300001B
S3150800D01000010102100100000401011200000000D5
S3150800D02004010132100100001001011200FF0F0077
S3150800D03010010132020000422C01011200FC1F00FF
S3150800D0402C010132AA008000400101023F000000C5
S3150800D0505001011200C00000500101326200510067
S3150800D0606801020210000600002006007401010291
S3150800D0706901100C7801011200001C0078010132C8
S3150800D0804004E0CF800101127907000080010132D7
S3150800D090060000008801020290000000000000005F
S3150800D0A0AC010112F8010000AC01013204000100D4
S3150800D0B0B001010200020000FFFFFFFF140000009C
S3150800D0C0222222000000000058D1000840D10008A2
S3150800D0D0000000000800000000000000B80B000077
S3150800D0E00101EE000115100A50D1000814D10008FC
S3150800D0F0000000000000000000000000B80B00005F
S3150800D1000000000000000000000000001000000001
S3150800D1100000000001000000C0175302050C0000C3
S3150800D1209E0100000000CC0101010505FA0101017C
S3150800D1300605280201010606560201010706000037
S3150800D14098590900985909001516050000000000AD
S3150800D15004A5B4C3CD000000142902000031110053
S3150800D1600000010002640001012F00000700000012
S3150800D17056636F6D00000000010100001E000003E9
S3150800D180040404040404000102030000000901F079
S3150800D19098D20008000901F04CD20008000901F0F5
S3150800D1A000D20008000901F0B4D100080000000010
S3150800D1B000000000CEFF84FEFF00CEFF0A0000003C
S3150800D1C0F00094077D240500D300C8084A720500BC
S3150800D1D0BA00DB07482C0500A6004F07B4FD04007B
S3150800D1E094007506A9AC04008500F40501780400CE
S3150800D1F07600C004A6EE03004F00A5015B270200D7
S3150800D2001E0084FEFF001E000A000000F0001F0832
S3150800D21045CA0200D400220AB0AD0200BA00380995
S3150800D22025B20200A500960703AA020090009F06F1
S3150800D230609B02008100E1051E8902007300430518
S3150800D240987402004B005A011E7B01006E00A2FE74
S3150800D250FF006E001E000000F000C40B7391FEFF75
S3150800D26088004606813600005B00C30357AF0000FE
S3150800D2703C0070022CC500002A00B6012DBC000037
S3150800D2801D001F0151A200001400B800838400008D
S3150800D2900C003A009648000096001AFFFF00960018
S3150800D2A01E000000F000671427ADF7FF530087043F
S3150800D2B01126FFFF2E001902C2FBFFFF1E005001B8
S3150800D2C0A92800001400D0008C3600000D00850047
S3150800D2D03C35000009005A004D2F000005002200C9
S3150800D2E06F1E00000B0000000C0000000300000089
S3150800D2F00000202000000000020000003C3C3C002A
S3150800D30000000000000000000000000001031001FA
S3150800D310010903001E000000160000001A000000A4
S3150800D3205600000000800A501300000014D30008BD
S3150800D3300000015B1500000020D30008050000006E
S3150800D3400000000000C201000002000000100000FA
S3150800D35000000000000000000000000005000000BA
S3150800D3600000000080250000800200000010000078
S3150800D370000000400000000000000000000000005F
S3150800D380B00100000808002000021000102100204B
S3150800D390B809002000000001000001010001010198
S3150800D3A020C001B86090A31AF26EEF034108210667
S3150800D3B06310420AA518630EE720941249A9B51806
S3150800D3C0AC39F72251CA3929D55EAC39BDFB0F00F5
S3150800D3D000B801B802B800B0030404080805000044
S3150800D3E0000000000000000000000000000000002F
S3150800D3F0C43B0000C80000008C3C00000C00000084
S3150800D400703E000000000000CC360000F804000062
S3150800D4109C3C000004000000783E00000300000069
S3150800D42014320000B8040000983C00000400000014
S3150800D430703E0000080000000000000014320000E2
S3150800D4407C3E0000000000007C3E00003C0000001E
S3150800D45000000000703E0000CD2C0000E52C000006
S3150800D460E52C0000E52C0000E52C0000E52C00006A
S3150800D470000000000000000000000000000000009E
S3150800D480E52C0000E52C0000E52C00001D3100000D
S3150800D490E52C0000FB2500000B260000B326000043
S3150800D4A02B270000B527000049290000D5270000D2
S3150800D4B0DD2900002928000089280000FD28000031
S3150800D4C0412B00000D2C0000C92500005B2E000032
S3150800D4D019220000792E0000FD2E0000E52C000020
S3150800D4E0F52F0000C12F0000E52C0000E52C0000F8
S3150800D4F045300000E52C0000E52C0000E52C000076
S3150800D500E52C0000E52C0000E52C00001D130000AA
S3150800D5101313000056488068000200D4704780B58F
S3150800D5208020800253490860CF2000F0C9FA1020F5
S3150800D53051490968014003D0B849C8630220086008
S3150800D54001BDF8B54D48816B4D4F802292033A6074
S3150800D5504C4E336840241D050BD41C402AD00120AC
S3150800D56003F085F8002825D08020C0058E4908607C
S3150800D57020E0130BA0250D4002D10068C00601D596
S3150800D5803B6017E00A403FD18020884A1060884AED
S3150800D5901060194038D0364D287A400705D5012045
S3150800D5A0844908600002844908602878002801D068
S3150800D5B0062801DB0020F2BD00F094FB716889683B
S3150800D5C04E682978052907D1E105B9606E60B66805
S3150800D5D0CC218901784A116000F08DFB012E00DA12
S3150800D5E00226BC2080058E490860942080058D4956
S3150800D5F008606E480021C943016471424164802174
S3150800D600894A11600460D5E7A3480360FFF782FFE3
S3150800D6100120F2BD18480168890504D5C06E0004CA
S3150800D620000F022801D0002070470120704738B546
S3150800D63080245E48046000F055FB050097480068A2
S3150800D64000F0C2F9280000F056FBFFF763FF084810
S3150800D650007A000705D5A0000949086000F022FCF9
S3150800D66031BD60038C4908608D48046031BD0000F7
S3150800D6707C3E00001C1002A8440002A80C0002A868
S3150800D680442002A8D03E0000FEB50400854D8C203B
S3150800D69080016860012684480660FFF7BBFF002802
S3150800D6A026D08248007800287DD0310201940528CA
S3150800D6B002D022460A4076D1CC2292012A607C4AC0
S3150800D6C0126881231B02134001D0032301E053078C
S3150800D6D05B0F0C01022804D1022B62D33648046082
S3150800D6E05CE04D01032804D1022B5AD93248056063
S3150800D6F0F7BD042802D1114053D0F7BD052850D1F3
S3150800D700019800284DD0C005C10F684641700198A0
S3150800D710C004C10F6846017000F0E4FA029063483D
S3150800D720406869464978002903D006688021204A5E
S3150800D7301160670495496A461278002A0CD0C268B7
S3150800D7400B68D21A924B1B683B4001D0066800E072
S3150800D7504668964200DD1600684640786A461278A2
S3150800D760024308D008684242B01E824202DA70427A
S3150800D770886000E00026029800F0BDFA019880054E
S3150800D78001D5984807600198054001D0964807607A
S3150800D790002E06D0CC20800107490860B6480460F0
S3150800D7A0F7BDFFF744FFF7BD4C6201A80CC001A8FE
S3150800D7B090E001A8C4D000A8145001A838B5802468
S3150800D7C08A480460012038490860384D28780528B9
S3150800D7D002D06000A9490860FFF71CFF002812D094
S3150800D7E02E480068000A80214140A868000EC9B288
S3150800D7F0814208D22E4800684007400F022802D20C
S3150800D800FFF715FF31BD9E480168C0220A4002D1C4
S3150800D810C06F204001D00448046031BD082002A82A
S3150800D82008E001A808D001A894D001A80A0000D1F0
S3150800D830704780B51822514340180C3040690028BB
S3150800D84003D08021090300F0DDF901BD38B500F0E9
S3150800D85049FA04008B480568A86881782800FFF70C
S3150800D860E5FF68880121014369800220864908602E
S3150800D87086490860200000F03EFA31BD10B500F078
S3150800D88031FA04007F4800688168C978FFF7CEFF3F
S3150800D890200000F030FA10BD441002A818C000A8F5
S3150800D8A0100002A8106001A8C4E000A87C3E000091
S3150800D8B0184001A8F1B582B00F00A020384003D166
S3150800D8C073480068C00603D580208000714959E076
S3150800D8D000F008FA00906B480468F80204D5A068BE
S3150800D8E00069029000F07CFB00F0D5FB802109035B
S3150800D8F0606800F087F926780020761C6178B142C6
S3150800D90000D200261821714365180C352978082994
S3150800D910F3DA2670A56060492A780A70BA0507D531
S3150800D920584800688068C068FA0201D40322904308
S3150800D9308860012738400DD158480299426B8918EA
S3150800D9400068081A56494018012803DB00F09CFCB9
S3150800D95001F01DF8F904686900F054F93C2000F05C
S3150800D960AFF8F0B200F0ACF860884E49014061802B
S3150800D970009800F0C0F93805464908604A4807602B
S3150800D98038024A4908600298FEBD000048C001A84E
S3150800D9904C0002A810B546480068800501D4FE2050
S3150800D9A010BDC02080034349086000F09BF9354943
S3150800D9B009688A78D20702D589688C7800E00C78DD
S3150800D9C000F099F9200010BD2E4909688A688B78FD
S3150800D9D0DB0704D5927818235A438A180C329060CC
S3150800D9E0704700004C1002A84C2002A894E001A839
S3150800D9F0F1B582B0304F3C680026200F000702D1EF
S3150800DA00E00102902AE000F0C2FF00F06BF90190F5
S3150800DA1080210903606800F0F5F825786D1C6078A8
S3150800DA20A84200D20025E80020180C3000900068B3
S3150800DA300290802109030098406800F0E3F83D2031
S3150800DA4000F03EF8E8B200F03BF825700098A060B8
S3150800DA50019800F050F902A801F035F81748006857
S3150800DA60800407D5F86901F0A4FC02990818029009
S3150800DA7000D502960298FEBDB03E0000146001A8CB
S3150800DA8014C001A8D43E0000284000A8448001A87C
S3150800DA900C0002A8442002A87C3E00009C3F00001F
S3150800DAA00010FFFFFEFF0000C0E000A8106001A8FC
S3150800DAB0440002A8441002A8D83E0000FC0302A8AD
S3150800DAC045490968002901D5444908607047F2B5F7
S3150800DAD082B0434CA168434D4A004ED50126090140
S3150800DAE000D521260100404A1068526800922A682B
S3150800DAF09206920E23689B0080273B4013437A00C8
S3150800DB001A430192394F0A0026D0890601D5012009
S3150800DB1008E0F021014007D16946097A0C220A403B
S3150800DB2002D0022000F042F8396EBC2292009142DF
S3150800DB300DD12F490968C90309D52168490306D5B6
S3150800DB402168090701D4022100E003210091483623
S3150800DB50019A3968890002E0019AB96B09094023DC
S3150800DB60194011439A00009B002B02D013432B66E1
S3150800DB700836296602432A662E66E86D45076D0F44
S3150800DB8000F09AF8A8070BD0052D09D0A068000464
S3150800DB9006D400F0A7F80221164A116000F0ABF887
S3150800DBA000F093F8002000F001F8F7BD0E490A6866
S3150800DBB0F0239A43000110430860C0B270478020E2
S3150800DBC0C0020D490968890701D10C4900E00C49D2
S3150800DBD00860704700000000500002A8884000A8AE
S3150800DBE0480002A8284000A8783F0000184001A86D
S3150800DBF0D03E000024D50350844000A8486000A801
S3150800DC00485000A880B5494A116001F0FDFBFFF7AE
S3150800DC10D6FF01BD70B500F065F8454A454BD16899
S3150800DC208C0819002140D1246400D52901D2D521B8
S3150800DC3002E0A14200D921000D0046352D041E043C
S3150800DC402E400D00463D2B4033431360C02212067A
S3150800DC50394B1A60394A137C002B0AD0384BD52920
S3150800DC6002D98025ED051D60A14202D28024240632
S3150800DC701C600023334C23605388002B00D111808D
S3150800DC8000F039F870BD80B52F4830490860304833
S3150800DC90C1680902090A1922514341600521016038
S3150800DCA0FFF7B8FF01BD2A480068C00300D47047D3
S3150800DCB080B5FFF7AFFF01BD8020C0021B49086091
S3150800DCC0244800684007FBD470478020C0022249D8
S3150800DCD00860704701E02149086021490968014048
S3150800DCE0F9D170471F48006820211F4A116010218A
S3150800DCF01E4A116070473021014002D110201A498E
S3150800DD00086070471748006830210140102901D182
S3150800DD100120704700207047154801210160C16045
S3150800DD20704701201349086070470000441002A894
S3150800DD307C400050FF010000A0600050843F0000B6
S3150800DD40A450005018E000E07F1A0601540002A80B
S3150800DD5010E000E0440002A8442002A8282002A8F7
S3150800DD60280002A8600002A8602002A8601002A885
S3150800DD70789001A884A001A8F8B54C4880214902EA
S3150800DD80C16102214A4A516000214A4A11604A4A41
S3150800DD9011800321464A116002210160002047498B
S3150800DDA00860202046490860802046490860CC2043
S3150800DDB08001454908600124444804603D48806F55
S3150800DDC000900F26070B374041480068C505ED0D42
S3150800DDD0103DC0202843C0B2FFF772FE35480069DF
S3150800DDE0800303D5092F01D001F060F90098064099
S3150800DDF00096384806680098032803D0022806D1FA
S3150800DE00032F32D000F0B0FA0098032803D0062F6B
S3150800DE102BD1062D29D030480068C00B204001D0F0
S3150800DE2001F024FCFC2080010068000108D5052DBE
S3150800DE3006D10125294804606005FFF74BFF00E07D
S3150800DE4000253100380000F0E9FA0600002D06D05A
S3150800DE5000F098FC22480460022022490860600508
S3150800DE601F49486580092049086011482104016254
S3150800DE70002F08D10221416000200E490861C02008
S3150800DE80C000114948643000F2BD80B5FFF714FFA1
S3150800DE9016480078800602D4022015490860FFF764
S3150800DEA014FF01BD02201349086070472C1002A810
S3150800DEB0282002A8380002A8B43E0000B03E0000A0
S3150800DEC094E001A80CC001A8146001A8C4E000A849
S3150800DED004ED00E0B44000A800E200E0645000A8A9
S3150800DEE0646000A82C4000A880E200E0D03E000054
S3150800DEF0081002A8082002A870B5794C794D80262A
S3150800DF00760179480068304005D06660062001F041
S3150800DF107BFC6E6004E06E60062001F075FC6660AE
S3150800DF203D20A060702129600F222A602160A86028
S3150800DF3070BDF8B56C4C8025ED028D4E6F09706882
S3150800DF40384002D16068800529D58A480068C0042F
S3150800DF5005D4FFF7C7FE88490D60FFF7CCFE706849
S3150800DF6086490140902040010843706084488549ED
S3150800DF700860002060607068384002D1F020800098
S3150800DF806060706807402AD07A480068C00726D5BE
S3150800DF907D480078800722D401F03EFC1DE03068F9
S3150800DFA0C0071CD5AE0973480068304005D1FFF795
S3150800DFB099FE71490D60FFF79EFE7448FF21FE31F8
S3150800DFC04160F12149026F4A116021680E4001D073
S3150800DFD0822100E0C32149020160FFF78DFFF1BDF0
S3150800DFE080B568480121624A12680A4006D0684A24
S3150800DFF01268920501D4CA0202608160C02141609C
S3150800E0005C480068C00407D4FFF76CFE8021C9028B
S3150800E010BB4A1160FFF76FFE01BDF8B555480468A5
S3150800E0205C4D8027022634420AD092480068E021D7
S3150800E030C900014004D02F6004206861012068618E
S3150800E040FFF750FED021C903214007D18A49096844
S3150800E050314003D1894901224A600E60210507D55E
S3150800E0602F6004216961C2490D220A600F220A60E5
S3150800E070FFF741FEF1BD80B5FFF734FE0121804A66
S3150800E0801160804A0223136051600021B94A116069
S3150800E090FFF731FE01BD90480068C007FBD4B648BB
S3150800E0A0042141618021016070478C49086801227A
S3150800E0B0104200D1704710B5E023DB000340FF246F
S3150800E0C0A41CA34207D3AD4B9C6BA40602D41B68C1
S3150800E0D0DB0600D54868024001D000F001F910BD02
S3150800E0E0A82102A8A81102A8AC0102A8F8B5C8215F
S3150800E0F0844A11600621844A116080214903834AB3
S3150800E1001160834C8909216082490A684B691C257C
S3150800E1101D40102D01D1012300E000230500072032
S3150800E120824313430B6028688E490F68874200D3E1
S3150800E1300700C01B28600121280000F08AFB0600A2
S3150800E1402868C0192860FFF768FF8D480168C90666
S3150800E15003D584208000E06107E09549082200681D
S3150800E160104001D00A6000E04A603000F2BD0000AD
S3150800E170EC0002A8500002A83850005AFFE3FFFF3F
S3150800E18000FEFFFFAC2102A8843E0000AC1102A8E5
S3150800E190B00102A8841102A8F1B58648864908602C
S3150800E1A08020C00185490860854C0827A76504209A
S3150800E1B0A0650125834805601D20A062824EE930CE
S3150800E1C0B061072001F020FB0220A06210216C4AF2
S3150800E1D013680B4003D022007C4B23600AE00D2312
S3150800E1E012683A4003D032001032A56502E03200C8
S3150800E1F01432A0651360764A1268002A00D4B76103
S3150800E200744A3260C022D200734B1B68F824E401BA
S3150800E2101C4001D1F26201E06A4B5A616F4A1268EA
S3150800E2202A4007D075666E490968890503D48102B4
S3150800E230F16500E0716361490A6C2A4008D0496BB0
S3150800E240C90705D467490968084001D101F01CFBD4
S3150800E2500020C04364490860584C606B054001D1F2
S3150800E260FFF7DBFE009801F0BDFA606B8001FCD475
S3150800E270F1BD0000980102A800400C5000500C5057
S3150800E280982102A800600C50F8B54C4F786BC0076F
S3150800E29001D4FFF7F0FE4B4CB72040002060534DE9
S3150800E2A003262E634B48A8660020E06150490860A3
S3150800E2B00D2033490968090701D5A86700E0E86712
S3150800E2C0FFF78EFE1020E0612E600C202863802068
S3150800E2D000023860F1BD00009C0102A8883F0000DA
S3150800E2E0F0210901434A116001404348016020209A
S3150800E2F0424908604249096808404249086070472F
S3150800E3003860005A548001A80C9001A8982002A8E9
S3150800E310A41002A8740102A880B53B483B4982684C
S3150800E3200A4002D1C268114001D02249016026483C
S3150800E3300821374A13680B4000D081611178C90655
S3150800E34002D5862109010160FFF7AFFE1420FE21E0
S3150800E35089010860BA480168490701D0FF2141616F
S3150800E36001BD00009C3F0000124813490860704731
S3150800E37000100C5000000C50842102A80C0002A8C2
S3150800E380FC0302A82348006823490968890F8907FE
S3150800E3900CD0AC490968C90708D5AB498022920355
S3150800E3A00A60B64B1A60104000D00A607047000039
S3150800E3B0601102A801200000706201A8100002A8DE
S3150800E3C0C01002A8682102A8501102A8FF03000085
S3150800E3D028C000A8043E0000A88001A8EC0002A8F6
S3150800E3E0B00102A8843E0000B46000A8E82002A894
S3150800E3F0C00002A8586001A8585001A8482002A8E1
S3150800E400184001A8481002A8704201A800800080A0
S3150800E410F84F00004C4001A84C4201A8F0B587B05F
S3150800E42005000C0096480068400102D520004024EB
S3150800E43004439448006805909348C66AFFF752FC5F
S3150800E4400690B00503D591480068FFF7BDFA00208D
S3150800E450019001237006C00F02908D4A9168002032
S3150800E4609060B82040008B4E30606608B820304077
S3150800E4701278F0261640402E02D1020040201043A2
S3150800E4800D2D02D10A00042111434A0704D50200C2
S3150800E49014201043102294437F4A12686D462B704D
S3150800E4A0D20506D5802252007C4B1A600200012054
S3150800E4B01043029A002A11D10C220240082A0DD0D4
S3150800E4C00200714B9B6BDD0601D41025AA439B06FF
S3150800E4D001D420239A43B12313404FD06A461278B9
S3150800E4E0002A4ED0A54A956B966D01236D076D0FD0
S3150800E4F0AD1DAB40F504ED0C5B1B9BB2082B09D296
S3150800E50080200623604D2B6043029D4D2B6000231F
S3150800E5106D462B708123034036D00823029D002DBB
S3150800E52000D113620D000821294310239C430423BC
S3150800E5301D05984E3560DD04434E35606D462D78D1
S3150800E540002D1ED0062B24D34D4DEE6CF60620D595
S3150800E550914E3668360E01966D69ADB28E4EF66BE3
S3150800E560360603D02E0080256D01354315612D1220
S3150800E5701561494A1268D50592D40AE008227F4BEC
S3150800E5801A620491009031E030A34506ED0E5B5DFA
S3150800E590D4E7049100903C48026B7F490968774D9F
S3150800E5A02E686F463E81282616401E43930CDB01D3
S3150800E5B033431600120E3240102632401A438900A1
S3150800E5C040231940114302AA9170406B000A02A920
S3150800E5D0C870FFF7DFF902A90871019848716F48FA
S3150800E5E00068C8800298E8660398E8660698FFF708
S3150800E5F082FB600602D50820664988600498C1B285
S3150800E6000098C0B2FFF763FAFFF7BCFEBC20800093
S3150800E61061490A6E824207D1059AD20301D4086E6F
S3150800E6200BE05F4A5F4B1A60096E814205D1059877
S3150800E630C00302D55C4800688047200007B0F0BDDB
S3150800E6400C4000A8384301A84C5001A8030107064E
S3150800E6500301070605010606050106060302070665
S3150800E660030207060502060605020606081A03D26D
S3150800E6704E4909684018401C704700004C6001A8C4
S3150800E680084000A8D03E0000180002A81CC000A838
S3150800E690783F0000B46000A81C0100AA1C2100AA4B
S3150800E6A0F8B5434E0F24012542491027B06B384070
S3150800E6B01BD0012008704048006840490968FFF7E8
S3150800E6C0D5FF3F490968401801284BDB01F09EF940
S3150800E6D03C490968090B0C40022C41D1A9053A4A64
S3150800E6E011603A490F6435603AE0306CC0001ED5B7
S3150800E6F037480068E0218905014033D0314D286844
S3150800E70021030140780281422CD1FFF7EBFA314A06
S3150800E71031490968C90502D530490968116029686F
S3150800E720090B21400229F3D0FFF7E5FAF1BD2C4E7B
S3150800E7303068002816D00D7001F054F8002811D161
S3150800E74001F064F91F490968090B0C40022C07D12E
S3150800E75029041D4A116002211C4A116000213160FA
S3150800E76001F058F9F1BD802080041E490860704701
S3150800E770802040041B49086070470000540000AA26
S3150800E780141100AA18480168490701D0FF21416100
S3150800E79070470000441002A8184001A8448001A848
S3150800E7A008000400482002A88C3C000038C001A8D4
S3150800E7B0100002A8B63E00001CC101A820C001A88E
S3150800E7C0F03E0000B00002A81C1002A8082002A80B
S3150800E7D04C4001A8800000AA084000A8904000A864
S3150800E7E09C3E00003C2002A80C4000A8F0B5802002
S3150800E7F0000208217B4A11600A227B4B0121012471
S3150800E800944004438AA5AD5C25431D60F025774EE8
S3150800E8103560744D89A6B65C022737432F600426F7
S3150800E8202E60734D2D680D4001D00220F0BD1D6C81
S3150800E8302D03FCD41D6C5E6C6D036D0BAE4200D2CD
S3150800E8402000521EDBD50822684C22601860002082
S3150800E850F0BDF3B581B00600FFF70DFC654800680A
S3150800E86000906548006863490860644D3068296807
S3150800E87047180024012F12DB00F04FFDC001381A9B
S3150800E88001280CDBFFF707FC00F081F830682968DF
S3150800E890401800F0A7FF050001D0346072E0584F19
S3150800E8A08026B6003E605748006F07282CD0052101
S3150800E8B00840052806D0534801670C2000F0A4FF3D
S3150800E8C005005FD1504DFF207A3068620420A862A7
S3150800E8D0FFF7E1FB02202860E020C0044B494860AE
S3150800E8E03004786002203860012000F08DFF6E62E7
S3150800E8F0022000F089FF700068620820A8620220E2
S3150800E90000F082FF0220A8626846007A002805D037
S3150800E9103C480068C00701D5FFF70BFB3C4EE020DA
S3150800E92040003060042000F06FFF050024D102206B
S3150800E930364908608002B062C001B062354F1020C7
S3150800E94038600120F065402633480068304003D11E
S3150800E950FFF74CFF05000FD101203860FC67022045
S3150800E96000F052FF2D4C2660B0002060022000F017
S3150800E9704BFF8120C002A06227480068800101D4AD
S3150800E980FFF791F900981B4908602800FEBD70B58D
S3150800E990FFF771FBFFF77FFB02241E480460204E39
S3150800E9A00820B062C0017062012000F02DFF250228
S3150800E9B0756234600620B0621A487062E020400032
S3150800E9C016490860114E3460FFF776F91648007844
S3150800E9D0002800D0052015490860FFF776F935604C
S3150800E9E070BD0000889001A84C8001A888A001A8E5
S3150800E9F0140002A8780102A8F80302A8D03F000074
S3150800EA00981002A8EC0002A85C1102A8982002A897
S3150800EA102C9001A80C8001A8500002A82CA001A8DF
S3150800EA205C2102A8F9610000703F00005C0102A8A1
S3150800EA300000000101020202080810005050504070
S3150800EA404030303030202000F8B504000F00444D27
S3150800EA50A878FF2801D12E880FE042480068800177
S3150800EA6008D4FFF73FF9404909684905CE0DFFF775
S3150800EA7042F901E03D4806882E80E92E01D2E926B2
S3150800EA8004E0CC204000864200D9060020003978F0
S3150800EA90814200DA080001217A5601005143022218
S3150800EAA0BA5E891841430420385E0818304971183F
S3150800EAB048438015001901D50020F2BDE978814246
S3150800EAC000DA0800F2BD38B50400102029490860AC
S3150800EAD0FFF7E1FAC020C00027490968F822D201E9
S3150800EAE00A4001D1254900E0254908602548C82182
S3150800EAF081640A210160244880214903016089094B
S3150800EB00C160224801684269E0231340802B01D185
S3150800EB10012200E00022072399430A4302601C48A9
S3150800EB200068C821C90145182068854200D3050038
S3150800EB30401B206000212000FFF78BFE2168491941
S3150800EB40216032BD80200001124908600003124985
S3150800EB5008600220114908601149086070470000E2
S3150800EB60F83F0000500002A888400050843F00008B
S3150800EB70D6FEFFFF984101A8AC8001A87C1102A827
S3150800EB807C2102A80C8001A8981002A8740102A88A
S3150800EB90983F0000441002A8442002A8F41302A8D3
S3150800EBA0685000A8F1B584B0BD4800680190BD481A
S3150800EBB0C068C821C90140180499884204D2081AB5
S3150800EBC000F010FE002803D10124C94D68682040D2
S3150800EBD000D0BAE10420C749C8628003C6498862E2
S3150800EBE0C6480668A86B8007800F0090670403284C
S3150800EBF003D01020BF49C86222E008468762E96B45
S3150800EC00890601D5012041E0310610D5E96B89074F
S3150800EC100DD4CF4905220A60EA6B10231A40022355
S3150800EC2013430B6000220A60AA6B120A0A600421C9
S3150800EC30C162E86B002803D5AE48876200200090C1
S3150800EC40A86B400704D5A86BC0002102084003E062
S3150800EC5094480068204201D0FFF742FB264009D0BD
S3150800EC60BC48009989014018006AC004C00C401EBF
S3150800EC70B9490860C0208000B8494865009909026A
S3150800EC80B74A1160B54B986551600020296C9422EB
S3150800EC9092050A40160000D001263043000635D0FA
S3150800ECA096483021405CC0210140402902D1FFF737
S3150800ECB0ECF801E0FFF7F6F820202860360600D1C8
S3150800ECC043E1B54FA74EA86B40070CD5A0038A4968
S3150800ECD0886240028749886234600220386000F002
S3150800ECE03BFA00280BD004208249C86240028249B8
S3150800ECF0886200037F4988620220306038607F4856
S3150800ED000078000600D420E1E0041CE16868204091
S3150800ED1000D01AE17848C762FEF7CEFF8E48406EEB
S3150800ED20296C090408D4C00606D5FEF7DBFF0221C4
S3150800ED309A4A1160FEF7DFFFFEF7C7FF2003286037
S3150800ED40974EC02000063063200496490860A86BD9
S3150800ED504007C10F68460170FEF7C4FF92490C6070
S3150800ED60FEF7C9FF914F9248B861686B000206D555
S3150800ED709048801C0068E1055E4A916201E04948B6
S3150800ED80806C296CC90208D5202806D976A1019A73
S3150800ED90520700D4891DFFF757FE0100854A1070F7
S3150800EDA0002809D041091F221040062904D940002D
S3150800EDB02043202800D31F204A010243480210435B
S3150800EDC0306001217C48C26F7C4B1343C36774666D
S3150800EDD08022F2620822734B1A66019AD20603D57C
S3150800EDE0AA6B920603D403E0019A120700D4002105
S3150800EDF0AB4A3A60FC223A6100290BD039003C3113
S3150800EE000291284A116DD36C664DEB66526E2B46FD
S3150800EE10DA6709E0390040310291224B996D614A5F
S3150800EE205D6DD5669B6ED3670268FF239A431143CF
S3150800EE300160A020C0003063052000F0E5FC042531
S3150800EE400198284001D0802000E0402002990860FF
S3150800EE5002203063062000F0D7FC08203063052026
S3150800EE6000F0D2FC34632002B864042000F0CCFC25
S3150800EE7064027460022000F0C7FC842080003063BE
S3150800EE80022000F0C1FCFC61062000F0BDFC0298DF
S3150800EE908449401801990D4006D0202105E000BF9D
S3150800EEA0FC0302A88C3F000010210160062000F038
S3150800EEB0ABFCB4640020C0432849086000F02DFA72
S3150800EEC07949401DC001CA6886189E4F60017C6F4B
S3150800EED004409D4A10609D4D0498864211D2C96827
S3150800EEE0401A00F07FFC00280AD02C602DE000BFF5
S3150800EEF0100002A81C2002A81C1002A8D03E000080
S3150800EF00049E012000F080FC80204000254908600E
S3150800EF10300000F067FC8E4E68460078002805D160
S3150800EF2038687062802000048A4908602C60684648
S3150800EF300078002809D0012000F066FC3078000629
S3150800EF4003D5802000039B49086005B0F0BD00BFCB
S3150800EF50E40000AA0C0000AA204000A8B46000A89B
S3150800EF60085100A8F41302A8C0350C109E8DAF1BDB
S3150800EF703813460D80B5FEF7B5FE8F4900220A60A4
S3150800EF800A22CA61FEF7B7FE8C488321090401608C
S3150800EF908B49416001BD0000685000A824E5035074
S3150800EFA03C1102A8B81002A800500C50242102A84F
S3150800EFB0FF0E0000FA3F0000280102A8FF3FFF3FAE
S3150800EFC08048806B800300D47047F8B57E48046893
S3150800EFD07E4D0826E00629D57A48806B800627D418
S3150800EFE0280048300090012000F00EFC00277848E1
S3150800EFF007607848066078480068C00403D47748F4
S3150800F00000683040FBD0022000F0FEFB8420800020
S3150800F0106865022000F0F8FB700171490860042059
S3150800F02000F0F2FB600706D5202005E03442D7D170
S3150800F03028004C30D6E7102000990860FEF752FEEB
S3150800F0400121684A1160FEF756FE0220686500F045
S3150800F050DBFB09206865C02000066865022000F011
S3150800F060D3FB00980F494018610701D5802100E0BD
S3150800F07040210160A020C0006865082000F0C4FB9C
S3150800F080B001E8662E60E0202865574807604760AB
S3150800F090B0024C490860000154490860F1BD0000FF
S3150800F0A03F3F000000F0FFFF8C3F0000F8B55048D6
S3150800F0B000680D2707400424002F00D104274D4877
S3150800F0C00225102608214C4A4C4B1B68234012681F
S3150800F0D018D04260394005D00220FEF767FD60036C
S3150800F0E0474908603C4007D04648006806434548FB
S3150800F0F006602803424908600120434908604348DE
S3150800F100056018E00260394005D00220FEF74EFD82
S3150800F110A0023B4908603C4006D03A4801680E43C5
S3150800F1200660680236490860374805603748056052
S3150800F130A8062E490860FFF743FF00210020FEF7C6
S3150800F140C6FCF1BD20C001A894E001A894D001A88E
S3150800F150D03E00001C1002A810B580202C490A6871
S3150800F16002400AD02B4B1A680624144005D15C6E5F
S3150800F170294A22401B6D9C0101D5002010BD096853
S3150800F18008400DD02548824203D1180501D5012033
S3150800F19010BD23480068C107C90F481E8041C00F2B
S3150800F1A010BD204803210164A821C1631021016014
S3150800F1B0704700001C2002A8D80000AA442002A814
S3150800F1C004000080100002A8FC0302A8182102A867
S3150800F1D0B80002A8106001A8D84001A8104001A8EC
S3150800F1E06C1102A800600C50A00102A8482002A8D1
S3150800F1F0B44000A8F83E00001CC101A8480002A8B7
S3150800F200441002A8783F0000F41302A8685000A82A
S3150800F210440002A814C001A81F1F0000010C00002A
S3150800F22030C101A8082002A86C48006801210842DC
S3150800F23009D16B4A12686B4B000C1840F0329140AA
S3150800F2400B40984201D00220704700207047F8B55D
S3150800F25007000F386A461080604CE0680A0004D13F
S3150800F2606B461B8882B29A423AD200226B461A80B3
S3150800F270012502263A0013D02268324007D0002919
S3150800F2802ED059480088401C57490880002039006C
S3150800F290216156490E6080B2B84201D369460D8095
S3150800F2A05348456000E030BF2068304003D1FFF77F
S3150800F2B0BBFF0028F7D04D484560390010D02168BB
S3150800F2C0314005D048490A886B461B88D2180A80FF
S3150800F2D0066000202061E068B84201D24448066012
S3150800F2E0FFF7A2FFF2BD38B5050000F08FFB04005A
S3150800F2F0012199204543A8093E4A12688018123808
S3150800F30080B2FFF7A4FF05008020C0013A490860D3
S3150800F310200000F07FFB280032BD334803883549BA
S3150800F320096802889342F9D1100408187047FEB597
S3150800F3301238070C6946088000F068FB0190274CD4
S3150800F340294D2888B8421ADA01202C490860274E28
S3150800F35030BF02202168014006D0306040032649AC
S3150800F36008602888401C2880FFF75EFF002802D125
S3150800F3702988B942ECDB0121716000280DD1288863
S3150800F380B8420AD1E06869460988884205D2002150
S3150800F39068460088FFF75BFF01E0FFF745FF0400BA
S3150800F3A08020C00114490860019800F033FB200052
S3150800F3B0FEBD10B512490A680E4B1B680C689442CC
S3150800F3C0FAD0DB014033141A02D288692418641C67
S3150800F3D00C4800684443181B10BD0000280002A80A
S3150800F3E004ED00E0FF3F0000B43E0000282002A81C
S3150800F3F0281002A8340002A880E200E02C1002A817
S3150800F40020C001A8A83F0000F0B502E00A601C6011
S3150800F4102E607EC84F1C07D05F1C04D06F1CF5D128
S3150800F4200A601C60F0BD0A60F0BD000080B5FEF7FA
S3150800F430BDFB01208249086001BD38B581490C68C9
S3150800F440082581490D60FFF7F1FF2C4001D07F4860
S3150800F450056031BD80B5EB2000F001F801BD30B57F
S3150800F460FE2189010B6818401022134210D0784BF0
S3150800F470784C2468224008D0774A14682402FF256D
S3150800F4802D0225401D6300241460802252031A6051
S3150800F490086030BDF3B5010016001C000025009574
S3150800F4A06E48019A330000270BE0BC464F5D474380
S3150800F4B0AE009E597E40575D474337406646374300
S3150800F4C06D1CA542F1D3390939438A080A43510804
S3150800F4D011430840C10901430F208A0B0A43024021
S3150800F4E05040F6BDF1B582B00E0000205A490860BA
S3150800F4F05B4DEF7AA87A01900F21394000910ED022
S3150800F5000B46584A58490298FFF7C4FF019901402B
S3150800F51051480160994841439948084001D101245E
S3150800F52000E04401380915D032003B092900029849
S3150800F530009E6D7A75194019FFF7ACFF01990911FC
S3150800F5400140454802680B0113430360002901D0B6
S3150800F550480044438B480068204001D10420FEBD82
S3150800F5600020FEBD80B50A00002111808649528818
S3150800F5708018FFF7B7FF02BDF0B50F22834B5C7901
S3150800F58005780F202040C5402009284001259C7990
S3150800F590C4402C4001D10320F0BD2E4C24682540E0
S3150800F5A008D07B4D9E684700F65B761E2E60802647
S3150800F5B0B601EE60DD78DE79C640F00711D5E006C3
S3150800F5C00FD5002D0DD073484860088848800888F4
S3150800F5D01C7800192A4080185A7880182A09801839
S3150800F5E000E0002008800020F0BD80B56A48016868
S3150800F5F06A4A0820014200D09061C90602D58621D0
S3150800F600090111606649674A1368034005D0664BCD
S3150800F6101B689B0F9B0700D008600E480078C02324
S3150800F620034002D18020400508601068202210405F
S3150800F63008605E480068C00101D4FFF70BFF01BDF2
S3150800F6402C4000A84C4000A84C6000A84C5000A8CC
S3150800F6501C1002A8D03E0000A03E000001010101D6
S3150800F660503F0000083F0000483F0000F8B5504BE7
S3150800F670586F9E6F06404F4830404F4908604F4FBD
S3150800F68002200021012234041FD500923C7E002C62
S3150800F69007D13C695C60FC687D6964191C603A7630
S3150800F6A006E0FC685C603C697D6964191C60397613
S3150800F6B07B7E002B00D000917976009B002B04D02E
S3150800F6C004233F4C23603F4B186004053E4DF3026C
S3150800F6D02BD53B681F0605D53C490968A9602A70E1
S3150800F6E0A88016E0134203D03948A860AA8010E023
S3150800F6F0D80610D52748A860364A907803071B0F06
S3150800F70012789A1800091018A880E980A888002895
S3150800F71009D0264309E0580604D5281D2E4909684C
S3150800F7208847F3E7A980FFF795FE264024D0224EA6
S3150800F73074603460294FA88800280BD03968814244
S3150800F74008D3291D2648AA6890470100F3D0FFF779
S3150800F7506DFEF1BD01000CD0FC218902F161194949
S3150800F76002038A6634600C653A68824204D3CC6424
S3150800F770F1BDEB20FFF773FEF1BD0000111100008B
S3150800F78021840000043F0000283F0000583F000085
S3150800F790204000A811210000F84F0000502102A8BF
S3150800F7A0481002A8184001A84C4201A8D04000A859
S3150800F7B0404000A8FFFFDFFFB46000A8D03E00006D
S3150800F7C0F41302A8685000A8A43E00009C3C000060
S3150800F7D025210000593F0000983C0000D44000A8AD
S3150800F7E0D84000A810B5C409FFF797FD201A31289C
S3150800F7F006DAC000183801D4C01EFDD5002010BD99
S3150800F8002000FFF794FD10BDC32148436F3801D48B
S3150800F8101E38FDD500207047524801210170524913
S3150800F8200A684260496881605049E02252010A60CC
S3150800F830802292004E4B1A60FD224A604D490968A3
S3150800F84001614D494D4A11608121C9004C4A116038
S3150800F8504C490968C16007204B49086002204B499A
S3150800F860086070473F48017800290CD00169414A71
S3150800F870116000210170C168424A11603A498268E4
S3150800F8804A60406808607047FEB5C020C004404919
S3150800F8900860404C404860654048A0651020FFF766
S3150800F8A0B3FF00285CD1FF2000053D4908603D48AC
S3150800F8B03D4908603D48206080256D03384805604D
S3150800F8C03B4807680820FFF79FFF002848D108260D
S3150800F8D0384806600120FFF797FF35488068019091
S3150800F8E035480660354820602D4805600820FFF732
S3150800F8F08BFF002834D12F4806600120FFF784FFCC
S3150800F9002B4DA86800902C4806602D482060019968
S3150800F910009800F05FF80004FC26B603064001983C
S3150800F920C10B0098C00B00F055F80106FC208005B5
S3150800F930084030432349020C4A40FF239B1CD21837
S3150800F9401140014321602F6080200003144908609C
S3150800F9501D481E4901601E494160FFF783FF0020CC
S3150800F960FEBD0000883E0000AC0102A8AC1102A84A
S3150800F970B02102A8F00002A8083E0000F02002A864
S3150800F980F01002A8704001A8706001A8705001A884
S3150800F99020E000A84C0102A857140000FF3FFF3FD3
S3150800F9A0B42002A80000380EB41002A81010303097
S3150800F9B0104101A8105101A8106101A8303010109B
S3150800F9C0202020203F3F0000A02102A8F703F000D6
S3150800F9D0FF3F000010B54904CA104004C310991A25
S3150800F9E000209A18D30F9A18521052188B115B0ED2
S3150800F9F05B18DB11D2182023541A01D422001843AD
S3150800FA00CC0F611849105B08F6D110BDEFF31080D2
S3150800FA1072B67047002800D162B6704780B5FEF707
S3150800FA20ABF9A548006800030CD4FEF79DFCFFF768
S3150800FA30C7FAFEF729FC0120FFF79CFAFEF7A7FF95
S3150800FA40FFF710FF80208005FEF744F901BD80B559
S3150800FA50FEF792F980204002FEF73CF901BDF8B5A1
S3150800FA60FEF72AF9844D05206865FEF72EF99348B6
S3150800FA7006680124264201D1FEF7FDFA6003C0217B
S3150800FA8089018F4A1268D205D20D012A00D10800D1
S3150800FA908C4A11602860E0058B490860FEF76CF90E
S3150800FAA08A4801680091406889490860B005C70F0F
S3150800FAB0884D00202860380004D031000098FDF7F2
S3150800FAC0F9FE00902868204005D16846FEF70EFB2F
S3150800FAD000280BD107E0002F05D07F48006820409A
S3150800FAE001D0FEF726FA0098FEF756FB7648046022
S3150800FAF0022096490860C820C0049F49086060042F
S3150800FB00FEF7E8F8F1BDF8B59C4F9B4C01259C48DB
S3150800FB109C490968014081420FD19B4800682840EA
S3150800FB200BD09A4801689A4805606805E063B8638F
S3150800FB30014000D1E06397480560974E306CC005D8
S3150800FB4006D580200006306000BF00BF4008306040
S3150800FB50FEF7E2FBFEF710F9280320603860FDF790
S3150800FB60F0FC0400A848A9490860A804FEF7B2F802
S3150800FB70002C01D080203060A5480570F1BDF8B58D
S3150800FB80FEF7FAF8FC27BF0138780521014002D0B4
S3150800FB90FEF77BF901E0FEF785F97F4C0125022681
S3150800FBA03868304000D025601020C0439949086065
S3150800FBB00020E06398490860FEF77EF897480068D9
S3150800FBC0216C090407D4000705D5FEF78BF894497C
S3150800FBD00E60FEF790F8FEF778F8FFF706FD9148F5
S3150800FBE0006805400CD0802000068F49096801404E
S3150800FBF006D08E490968084002D10D20FFF71DFC82
S3150800FC00B004FEF767F8F1BD80B5FEF7B5F82A48E7
S3150800FC100068000303D4FEF737FBFEF7B8FE802022
S3150800FC204003FEF757F801BD38B5FEF7A5F85A4C5C
S3150800FC302025FFF791FA002806D0606B000704D547
S3150800FC40FFF7AFFAFEF77EFF2560FEF71DFBFEF70E
S3150800FC509EFEFC20800100780C210140042902D177
S3150800FC60FEF713F901E0FEF71DF96804FEF732F80E
S3150800FC704020206031BD0000081102A880B5FEF7BB
S3150800FC801BF80520BE490860FEF71FF8FEF774F852
S3150800FC90FFF787FAFF208001006800906846FEF7A4
S3150800FCA012FF002802D10098FEF77CFF802040044E
S3150800FCB0FEF710F801BD00000C0002A8440002A8D7
S3150800FCC03C8001A8082102A8442002A8AC3F0000F5
S3150800FCD09C3E0000843E0000EC0002A8F8B5FEF742
S3150800FCE04BF8A84CA56A5020284002D0FEF7CDF85C
S3150800FCF001E0FEF7D7F8284FFFF72EFA00281BD1A8
S3150800FD00B86B40071DD4786BE0214901014018D132
S3150800FD10A80611D4FDF7D0FFA56A9B4E354207D039
S3150800FD20FF20C0432D18A56280200005974908606A
S3150800FD30FDF7CBFF2E4002D00120386001E00020FD
S3150800FD40206080208004FDF7C5FFF1BD305201A870
S3150800FD5080B5FEF711F8BE480068C00501D5FEF764
S3150800FD6093FA0120FFF706F9FEF711FE8020C0047A
S3150800FD70FDF7B0FF01BD0000106001A8145001A8EE
S3150800FD8040000800D03E0000884101A84C4001A868
S3150800FD90405101A8406101A8100002A810B5FC2036
S3150800FDA080010468FDF7E8FF79490968090326D444
S3150800FDB00321C00601D5214001E0A0080140012920
S3150800FDC002D1FEF762F80BE0200107D50E20FFF7F7
S3150800FDD02DFBA0480421016008210160FEF762F8A6
S3150800FDE09D4801699D4A11600068002807D04000B7
S3150800FDF0122802D2FFF708FD01E0FFF774FA802007
S3150800FE008003FDF767FF10BD70012000B46000A8ED
S3150800FE10B63E0000482002A8A03E0000844000A884
S3150800FE2024E50350404101A8D44101A8304001A867
S3150800FE30F0B585B001276846077000240394FDF7DE
S3150800FE409BFF0490524D286800036FD40320A549F0
S3150800FE500864A54800680290A44EA5490007000F4B
S3150800FE60032804D002980004000F06283AD1A148B6
S3150800FE7000684A6803922A6C920701D5896803913B
S3150800FE80FFF797FA0399401801D5019400E001900D
S3150800FE90A86B0107C80F0321326B0A40022A1BD13F
S3150800FEA0049AD20618D53268D30513D5EF6B924B50
S3150800FEB01F409F4203D110218A4A11640CE0920523
S3150800FEC00AD42A6C2823134006D16B461C702F4A85
S3150800FED0116001E06A461470039068460778002F9F
S3150800FEE002D10EE008680190FFF736F9002808D01D
S3150800FEF0FFF757F90398002802D0FEF723FE00E023
S3150800FF000027022077490860002F10D03020305C87
S3150800FF100C210140042902D0E86BC00602D5FDF782
S3150800FF20B4FF01E0FDF7BEFF2020686021E0FEF780
S3150800FF30ABF980200006154908600020C0436F49C8
S3150800FF40086001A8FEF7BFFD002812D10298000735
S3150800FF50000F03280AD1A86B800507D5A02040000A
S3150800FF6031680140814201D1FDF788FC0198FEF70E
S3150800FF7019FE80200004FDF7ADFE05B0F0BD0000B7
S3150800FF805C1102A8D83E000000FFFF00481002A836
S3150800FF900C0002A8FEB500240194FDF7EDFE584EAC
S3150800FFA0F06E584D0007000F072807D17068002823
S3150800FFB004D40020FEF7DEFF286841E00121032073
S3150800FFC04A4A73685B070BD44F4B1B680B4007D034
S3150800FFD01368DF050BD55B0502D43368DB0503D44C
S3150800FFE00191116B890904E01021484B1960116BC6
S3150800FFF00909084000900020FEF7BCFF0098002879
S3150801000005D17068C00602D4FDF74CFF01E0FDF783
S315080100103CFF00200199002903D13D480068FFF7FC
S31508010020C8F96969401801D5009400E0009068464E
S31508010030FEF75CF8002805D10098FEF7ADF8A86927
S315080100400649086080200005FDF744FEF7BD00005B
S31508010050680102A880E200E0A03F00009C3E000083
S31508010060F8B5FDF789FE002400252A48466B802746
S315080100707F05300606D5300709D5FFF792F8FEF752
S3150801008061FD2AE0012520480068284019D0002092
S31508010090FEF770FF0220064002D01F490C60C861B6
S315080100A01E480468002D03D02000FDF7A1FC0400BA
S315080100B0FFF777F82000FEF775FD3800FDF70AFE11
S315080100C0F1BDFC2080010078C0210140402902D100
S315080100D0FDF7DBFE01E0FDF7E5FE20200D4908608E
S315080100E0EBE70000082002A8B00002A8D03E0000F5
S315080100F0B43F00000CC101A810000010B46000A8AC
S31508010100440002A8B03F0000B44000A8481002A865
S315080101101CC101A8100002A8180000AACC3F0000C3
S3150801012000F03CF802480349486000F053F800BF64
S31508010130812D00000000000080B5EFF305800B2833
S3150801014001D23A2100E02921FF221632002000F0CF
S3150801015039FAFEE710B5C20018231340FF249C4064
S31508010160E2438907090E9940030004D46E489B08A7
S315080101709B00C01806E0A14B0007000F083880084D
S315080101808000181803681A401143016010BD80B534
S3150801019073225421002000F015FA01BD10B5FFF7AE
S315080101A035FC624901220A60614B624C2360624C4C
S315080101B023600323614C2360614C2360614B1A6001
S315080101C0614B1A60614A9F4B1A6011228A63FFF7D5
S315080101D021FC10BDFFF71AFC05000024012160B2BD
S315080101E0FFF7B8FF641C0E2CF8D301210F20FFF787
S315080101F0B1FF01211120FFF7ADFF01211320FFF700
S31508010200A9FF01211720FFF7A5FF03210120C043FC
S31508010210FFF7A0FF01211E20FFF79CFF78487949C7
S31508010220086002207849086001209049086047045F
S31508010230764C20693840FCD02068800101D4FDF74E
S3150801024022FD2800FFF7E6FB714D0AE000281BD0C6
S31508010250FDF748FD18E020693840FCD03000FFF76B
S31508010260D9FB206E0004000F022801D1FEF718FA07
S31508010270FFF7CCFB0600FDF745FD00286878E5D0B9
S31508010280002801D1FDF737FD01202978002906D17B
S3150801029077490968890601D45B49086030BF00219E
S315080102A029700221584A116070490860D3E77148DC
S315080102B0016842680A40704810401E490860800774
S315080102C003D5A9480188491C01807047F8B56B48D0
S315080102D0016840680840070E3F066948046880259A
S315080102E06D02F8010DD567480068BC21890088426E
S315080102F004D12C4202D06448006880470220634931
S315080103000860634E680207420BD070605D4800685A
S31508010310BC218900884204D1254002D0A54800683D
S3150801032080473760F1BD000000E400E0040002A840
S315080103300000FF3F282002A82C1002A840E002A8CE
S3150801034044C002A804C001A8044001A82000600610
S31508010350F8B5864C2068656805409748056080268B
S31508010360F6054C4AB00C95490B68002B10D105428D
S315080103700ED0934B5F68FF070AD51B68DB0007D5CC
S3150801038080231B06136000BF00BF16608A4B1860E6
S315080103909B4F3B78062B0FDA08688C2189010143AC
S315080103A029401BD0FFF732FB00902800FDF76CF9B6
S315080103B00098FFF72FFB11E00B68526B92050DD5DC
S315080103C0C822D2041A432A4005D0FDF7DBFF2800CC
S315080103D0FDF75AF902E0AA0200D5086089480068C3
S315080103E0064009D0A80607D5A068000704D53878BD
S315080103F0072801D1FDF72AFAF1BD00001CED00E03E
S31508010400FFFF9B4000E100E0602002A8500002A81F
S31508010410B63E000010B57C48016844680C407B482C
S31508010420046080210C4205D04160794801600020B2
S31508010430FDF72AF9600403D580204005754908604F
S3150801044010BD0000145001A838B573480168446806
S315080104500C40E00707D5FFF7D9FA0500FDF7AEF915
S315080104602800FFF7D7FA6D48046031BD601002A86D
S31508010470F40302A8280002A8FFFF00C0B44000A8A0
S31508010480D03E0000784001A8903C00002C4000A80E
S31508010490B46000A8100002A8FEB5614C206C676C18
S315080104A0074001252F4216D02E065E4806602068B1
S315080104B05D490D60002802D00021FDF7A3FB5B48CA
S315080104C00068A021C90188428041C043C00F58492C
S315080104D0487058480660FDF705FC01900220074060
S315080104E03ED06168CEB20F0A53490822474B4403EE
S315080104F0012E24D0022E31D1012F22D14F4EF6786A
S3150801050000964E4E37780126BE404D4F3E604B4E03
S315080105103678760590277F04F71903263E43494F17
S315080105203E601C60484B1C600B68009C1B194B65A0
S31508010530424909788D4045490D6045490DE00090CD
S31508010540DFE7002F0AD1434E356000254D655C6013
S315080105501C60C104404B196040490A603249086071
S315080105600198FDF7C8FBF7BDB43E0000104001A88D
S3150801057070B5FDF7B7FB0400FFF748FA31490A6879
S31508010580D20710D52C4A566D1368FB25AD012E608E
S31508010590CE686E604968E9818021C904214E3160BF
S315080105A0297B59185165FFF735FA2000FDF7A3FB9A
S315080105B070BD0000943C0000106001A8B03E000028
S315080105C0344301A8002800D0704770B50C00FDF728
S315080105D089FB0500FFF71AFA0600FDF79DFB20487F
S315080105E0046001211F4A1160026C0A40FCD1FDF723
S315080105F098FB3000FFF70EFA2800FDF77CFB70BD6B
S315080106007C3E00004C4201A890C001A890E001A8D8
S315080106100CC001A804ED00E0C0C000A8C0E000A815
S3150801062000C002A8441002A840E002A8404000A861
S31508010630B63E0000442002A818800A50C93E0000B0
S3150801064068A00A5060C101A894D001A868900A5010
S31508010650F42302A860E101A880E200E0F41302A8ED
S315080106600080095040900950232D302B2000686CDA
S315080106704C006566674546470030313233343536B6
S3150801068037383941424344454600303132333435EF
S311080106903637383961626364656600001C
S30D0801069CB4FBFE7F010000001A
S311080106A4B0060108C02500205700000020
S315080106B00000000000000000FFFF000058CB000802
S315080106C000000000FFFFFFFFFFFFFFFFE0250020FE
S315080106D0C01D002070D1000802000000D5130008D3
S315080106E000000000000000000000000000000000FB
S315080106F00B000000C01D0020FFFFFFFFC0EA21011B
S31508010700C0EA210100800000C01753020A00E40C68
S315080107100A0000002027002035AF00087CD3000816
S31508010720FFFFFFFFA9B10008A5B10008FFFFFFFF02
S31508010730FFFFFFFFADB10008FFFFFFFF23B500086C
S315080107407FB50008FFFFFFFFFFFFFFFFFFFFFFFF6A
S31508010750FFFFFFFF0040005A00C003500040005051
S3150801076000800050D97D0008AD740008A970000802
S31508010770FD700008597300086D7300084574000878
S315080107806175000849750008496F000895740008E5
S3150801079000000000000000003B2D0000B0260020EC
S315080107A000000000DC23002044240020AC240020A3
S315080107B0000000000000000000000000000000002A
S315080107C0000000000000000000000000000000001A
S315080107D0000000000000000000000000000000000A
S315080107E0000000000000000000000000FFFFFFFFFE
S315080107F00C00000000002801FF0CFFF0FF000000BC
S311080108002D020008CD02000805020008C0
S70508001619C3
