S01B00004E6574416E616C797A65725F464732335F5630312E73333705
S3150800000000080020BD15000807A3000807A300087C
S315080000104FAE000807A3000807A3000807A30008B7
S3150800002007A3000807A3000807A3000807A30008FA
S3150800003007A3000807A3000807A3000807A30008EA
S3150800004007A3000807A3000807A3000807A30008DA
S3150800005007A3000807A3000807A3000807A30008CA
S3150800006007A3000807A3000807A3000869140008E7
S315080000705914000807A3000807A3000807A30008E7
S3150800008007A3000807A3000807A3000807A300089A
S3150800009007A3000807A30008D51C000807A3000843
S315080000A007A3000807A30008AD180008851800086C
S315080000B007A3000807A30008C5890008819400085B
S315080000C061B600085DB60008358C000877B60008EA
S315080000D065B600085194000869B60008E59400085A
S315080000E01D95000807A3000807A3000807A3000832
S315080000F007A3000807A3000807A3000807A300082A
S3150800010007A3000807A3000807A3000807A3000819
S3150800011007A3000807A3000807A3000807A3000809
S3150800012007A3000807A3000807A3000807A30008F9
S3150800013007A3000807A3000807A3000807A30008E9
S3150800014007A3000807A3000807A3000807A30008D9
S3150800015007A3000807A3000859C20008D5730008BA
S3150800016007A3000807A3000803B6000809B6000895
S3150800018012F0080F00D1704708B500F00DF8044AC0
S31508000190136801331360034B01221A7008BD00BFB0
S315080001A060120020432500205FF800F009B100081E
S315080001B00000000000000000000000000000000031
S315080001C00348044B834202D0034B03B118477047D8
S315080001D01C2700201C27002000000000064B0749AA
S315080001E0C91A891048BF0131491003D0044B0BB115
S315080001F001481847704700BF1C2700201C2700200D
S315080002000000000010B5064C237843B9FFF7D8FF65
S31508000210044B13B10448AFF300800123237010BDCB
S3150800022042250020000000007405010808B5054BAA
S315080002301BB105490548AFF30080BDE80840FFF744
S31508000240CDBF00BF00000000400A00207405010869
S31508000250A3F5803A704700BF174B002B08BF134B16
S315080002609D46FFF7F5FF00218B460F461348144AB3
S31508000270121A0BF047FA0E4B002B00D098470D4B7D
S31508000280002B00D098470020002104000D000D48DF
S31508000290002802D00C48AFF3008009F099FB200033
S315080002A0290009F050FF09F03FFB00BF00000800D5
S315080002B000000000000000000008002000080020E0
S315080002C080250020000000000000000000B583B073
S315080002D00B4B4FF080625A66012304220921022043
S315080002E002F046FF0023019302E0019B01330193CC
S315080002F0019A49F63F439A42F7D903B05DF804FBE1
S31508000300009000502DE9F04186B000F04FF9022325
S31508000310009301234FF461220621734809F0A8FED1
S315080003200023ADF81030ADF8143005A904A800F084
S315080003307DFD00283AD06D496D4809F099FE42F6D0
S31508000340B112BDF810106B4809F092FE4FF2085230
S31508000350BDF81410684809F08BFE0023ADF80E307E
S315080003600493059305AA04A90DF10E0000F05EFE9C
S31508000370F0B15E494EF67D330193BDF80E30009319
S315080003804FF40C73049A5D4809F072FE059B0BB195
S31508000390049B7BB9002001F0F3F8804600284DD075
S315080003A0574809F065FE0024274657E05549C3E734
S315080003B05449DFE7544809F05BFE0BF0F7FC0546A5
S315080003C00499059800F024F90BF0F0FC04464F4810
S315080003D009F04EFE0BF004FD641B054660B3E20E01
S315080003E063011B1B62F10002520242EAD3525B020E
S315080003F01B1942F10002910141EA93619801C01A62
S3150800040061EB020100192A464FF0000341F1000191
S3150800041009F0FAF8034622463D493E4809F028FE07
S3150800042000F00EF9044600F005F90346224629466F
S31508000430394809F01DFEADE70346ECE7374809F0F1
S3150800044017FE48E0364A1DE0354B8D421ED02D4931
S3150800045000913146334809F00BFE0134072C17D8B2
S31508000460314B33F81460314640460AF098FDB0FA2D
S3150800047080F149092D4B1D5D8D4208BF01370028C3
S31508000480E0D12B4A002DDFD0294BDEE71749DFE7FD
S3150800049008223946274809F0EBFD08220023CDE952
S315080004A0002340460AF0C2FD0222114640460AF0E1
S315080004B0BFFD0022652140460AF00CFD044668B9D6
S315080004C01D4A012365211D4809F0D2FD44B1214684
S315080004D01B4809F0CDFD06B0BDE8F081094AF0E7F2
S315080004E0184809F0C5FDF6E7E4C20008C0C20008CE
S315080004F038C3000854C300087CC30008A4C3000816
S31508000500A4C40008C8C20008E4C30008F4C300086D
S3150800051004C4000810C4000850C4000884C40008B5
S31508000520D8C20008BCC40008CCC50008C4C5000869
S31508000530D0C20008E0C40008E0C20008FCC40008F5
S315080005402CC5000878C5000831B300B58E46144B93
S315080005501B889BB2134A128892B29B1AC3F30A03EA
S31508000560C3F5FF6307338B4218D30D4B1B889BB229
S31508000570002208E010F802C00B4901F803C0013355
S31508000580C3F30A0301327245F4D3BFF35F8F044AFB
S31508000590138001205DF804FB012070470020F9E76D
S315080005A026250020242500205C0A00200023034A73
S315080005B01380034A1380034A1360704726250020D8
S315080005C024250020580A00200CE00D4A13889BB207
S315080005D00C49C95C0C4B596413889BB20133C3F3AD
S315080005E00A031380064B1A8892B2084B1B889BB2E3
S315080005F09A4204D0044B9B6C13F0400FE5D1704728
S31508000600242500205C0A00200000015B2625002026
S3150800061060B110B50C4601B910BDFFF795FF00286B
S31508000620FAD1034A136823441360F5E7704700BFFD
S31508000630580A0020014B1868704700BF580A002066
S31508000640044B188880B2044B1B889BB2C01AC0F3AF
S315080006500A0070472625002024250020F0B597B00B
S315080006600023059305AB402206A9304800680AF026
S315080006704CF910B90446059B3BBB17B0F0BD9DF875
S315080006800850BDF80A60BDF8107000F0CDFD009066
S315080006903B4632462946264809F0EAFC9DF80830CA
S315080006A0432B11D1BDF80A10039800F061F90BE04D
S315080006B0BDF81050BDF8126000F0B6FD034632468C
S315080006C029461C4809F0D4FC0134059BA342D4D919
S315080006D002A904F158036B4413F8400C00F0ECFC33
S315080006E001380428F0D801A353F820F07F06000843
S315080006F0010700080F070008B10600081D070008D3
S3150800070000F092FD01460C4809F0B2FCDCE700F067
S315080007108BFD0146094809F0ABFCD5E700F084FDDE
S315080007200146074809F0A4FCCEE700BF04260020CE
S31508000730DCC5000814C6000848C6000884C60008B8
S31508000740B4C600085C4B1B7803B970472DE9F0471F
S31508000750ACB00020584B187000F012FF82460028F3
S3150800076000F0A080002764E004AA1CA950460AF0FD
S31508000770CFFC10B9BDF812507DE000257BE065225C
S315080007800023B8F1000F05D19DF8300090B1DFF8CD
S315080007904CC101E0DFF848C1BDF81200402C0CD965
S315080007A0464C02940190CDF800C0454809F060FC1B
S315080007B0002438E0DFF82CC1EEE7424CF1E703F1FC
S315080007C0B0026A4412F8402C11093F4E16F801800F
S315080007D000F1B001694401F8748C02F00F0116F8B3
S315080007E001E000F1B101694401F874EC00F1B202CC
S315080007F06A440330202102F8741C01339BB2214657
S3150800080004F11002934201D29D42D8D800F1B003F8
S315080008100DEB0300002300F8743C0FAA2B4809F0DF
S3150800082027FC1034A4B2A54202D923460020E6E7E5
S315080008300137072F30D800230493059306930793AF
S31508000840089304AA022150460AF05AFC814618B3B6
S31508000850002309930A930B930C930D930E9309AAFD
S31508000860014650460AF04EFC8046BDF81240402C20
S315080008707FF67AAF0025494650460AF047FC144BE6
S31508000880196801311960B8F1000F7FF478AFBDF827
S3150800089038209DF9323074E70E4B1B680C4A1268F3
S315080008A0934202D12CB0BDE8F0870A4B19680A4872
S315080008B009F0DEFBF6E700BF43250020DCC600088A
S315080008C0F8C60008A0C300088CC7000824C700089B
S315080008D05C1200206012002038C70008C0C2000859
S315080008E0D4C60008C8C2000838B5FFF76DFE0BF07D
S315080008F05DFA104B1A685B68904271EB030304D2E9
S31508000900FFF7ACFEFFF71EFF38BD05460C460A4B3F
S31508000910196801311960094809F0AAFB4FF47A7081
S315080009200BF064FA401944F10004024B18605C604D
S31508000930E6E700BF00080020641200207CC7000814
S3150800094000B583B00B46009202464FF40C71074877
S3150800095000F070FCB0F50C7F02D003B05DF804FB24
S3150800096001460248FFF754FEF7E700BF6812002069
S315080009702DE9F041A6B0002878D00446002975D0A4
S31508000980B1F5077F01D94FF40771002320930D466F
S3150800099020AB0093112321AA204609F0B1FB0028B9
S315080009A06CD0914921A80AF0CCFE00286CD08F495A
S315080009B021A80AF0C6FE00286CD08D4921A80AF0A5
S315080009C0C0FE002800F08980209F3C44BD4240F2CA
S315080009D08A80EF1B874921A80AF0B3FE002800F099
S315080009E08480854921A80AF0ACFE002800F0B5806D
S315080009F0824921A80AF0A5FE002800F0278180492F
S31508000A0021A80AF09EFE002840F0808100252E4687
S31508000A10BD4280F058810023089308AB0093082351
S31508000A2006AA791B601909F06BFB002800F04B81B8
S31508000A30089B1D44032E00F23A810DF1120106A807
S31508000A4009F03AFB002800F03881BDF812804046CC
S31508000A5009F026FB002800F03081731C06F1980285
S31508000A600DEB020606F8848CDEB2D1E7654A002152
S31508000A706548FFF765FF26B0BDE8F081614A0021A9
S31508000A806148FFF75DFFF6E7604A012121A8FFF7F5
S31508000A9057FFF0E75E4A13889278B2B15D4A5C491F
S31508000AA0C978A1B15C495A48007A0290019100922E
S31508000AB05A4A602108A808F049FF002809DB08AA55
S31508000AC0012121A8FFF73CFFD5E7554AE7E7554935
S31508000AD0E9E700238DF82030F1E7534A002121A8E1
S31508000AE0FFF72EFFC7E7002774E7002300930823C4
S31508000AF006AA3946204609F003FB80B105A906A8CF
S31508000B0009F0DAFA28B1BDF81440204609F0C8FA07
S31508000B1058B9464A002121A8FFF712FFABE7444A15
S31508000B20002121A8FFF70CFFA5E7394A1480632C9A
S31508000B3094BF0023012393706BB1364B0093234671
S31508000B403C4A302108A808F001FF08AA012121A87B
S31508000B50FFF7F6FE8FE7324BF0E7002300930823F2
S31508000B6006AA3946204609F0CBFA58B12C4906A8F8
S31508000B700AF0E7FD90B1274906A80AF0E2FD38B960
S31508000B8001220CE02C4A002121A8FFF7D9FE72E7C2
S31508000B902A4A002121A8FFF7D3FE6CE700221C4B46
S31508000BA01B88632B94BF002101218A4210D0632B36
S31508000BB00CD9184A0092224A502108A808F0C6FE05
S31508000BC008AA002121A8FFF7BBFE54E7144AF1E75B
S31508000BD00F4B9A702AB11B4A012121A8FFF7B0FED4
S31508000BE049E7194AF8E700BFF0C7000810C8000827
S31508000BF03CC8000864C80008B0C8000820C9000836
S31508000C0064C90008E4C70008ECC70008F4C7000870
S31508000C1098140020B4C70008A0C7000818C8000820
S31508000C20C0C70008A8C7000840C8000874C800085C
S31508000C3068C80008A0C80008B4C80008D0C80008DA
S31508000C40E8C80008B0C70008BCC70008002300931E
S31508000C500A2308AA3946204609F052FAA8B12E49AD
S31508000C6008A80AF06EFDB0B12C4908A80AF069FD7B
S31508000C70A8B92B4B0122DA70294BDB78ABB1294A8C
S31508000C80012121A8FFF75CFEF5E6274A002121A8E5
S31508000C90FFF756FEEFE6224B0022DA70ECE7234A0E
S31508000CA0002121A8FFF74CFEE5E6214AE8E7214A9C
S31508000CB0002121A8FFF744FEDDE61F4A002121A8EE
S31508000CC0FFF73EFED7E60EB100230FE01B4A0021D0
S31508000CD021A8FFF735FECEE603F198026A4412F81A
S31508000CE0841C0F4A1A4411710133DBB29E42F3D8B1
S31508000CF00B4B1E723346124A302108A808F026FE0E
S31508000D0008AA012121A8FFF71BFEB4E60D4A002117
S31508000D1021A8FFF715FEAEE6A8C70008A0C7000879
S31508000D2098140020C8C7000828C9000848C9000840
S31508000D30D4C700086CC9000880C900089CC9000807
S31508000D40B8C90008D8C9000810B414460CE0094B05
S31508000D50A3FB01C3DB089C4603EB8303A1EB430318
S31508000D60013C303303556146002CF0D110445DF840
S31508000D70044B7047CDCCCCCC13467AB110B401F0F5
S31508000D800F0C013B064C14F80CC000F803C0090907
S31508000D90002BF4D110445DF8044B7047104470479B
S31508000DA000CA000838B51D4A1368013313600124C8
S31508000DB008E0012B18D9631C194AD35C542B13D0AD
S31508000DC00134A4B2174B1D88A5420DD9144B1B5DDF
S31508000DD0532BF5D12B1B9BB2052BEAD9104820447F
S31508000DE009F007FA0028EBD0A54205D800230D4ADA
S31508000DF013800D4A137038BD2D1BADB208482A461C
S31508000E0001190AF065FC074B1D80012D03D9022242
S31508000E10054B1A70EFE70122FAE700BFA414002079
S31508000E20A8140020282500204425002070B5064671
S31508000E300D4609210C4809F001FA044603210B481E
S31508000E4009F0FCF906B1348005B1288042F6B113E1
S31508000E509C4201D0002070BD4FF20853984201D041
S31508000E600020F8E70120F6E7F4C90008F0C90008F1
S31508000E70002800F0CC802DE9F04715460746002AE1
S31508000E8000F0C780B1F50C7FC0F0C580B2F818A095
S31508000E905369002B6AD0BAF1F30F6AD8B8465323C0
S31508000EA008F8023B54237B70BE1D52237B710A222D
S31508000EB029683046FFF748FF2C2400F8014B032227
S31508000EC0A988FFF741FF0470B5F90610002953DB1E
S31508000ED02B2343700029B8BF4942032289B2023046
S31508000EE0FFF732FF2C2400F8014B0322297AFFF77B
S31508000EF02BFF00F8014B6B7A002B3FD048490422A0
S31508000F0009F02BF92C2400F8014B0222A97AFFF7E5
S31508000F1033FF00F8014B0222E97AFFF72DFF00F8AC
S31508000F20014B0222297BFFF727FF00F8014B02221B
S31508000F30697BFFF721FF00F8014B0422E989FFF7D7
S31508000F401BFF00F8014B0222297CFFF715FF00F86A
S31508000F50014BD14603225146FFF7F6FE00F8014B36
S31508000F60831B352B5AD1044600231DE04FF0000A97
S31508000F7094E74FF0F30A91E72D23AAE72949BEE73C
S31508000F806A69D25C1209DFF8A0C01CF80210224672
S31508000F9002F8021B6969C95C01F00F011CF801100F
S31508000FA0617001339BB214469A45E9D802E02023C2
S31508000FB004F8013B231AB3F5F37FF8D34FEA490146
S31508000FC0032235314046FFF7BFFE02E0202304F82E
S31508000FD0013BA31BB3F5077FF8D3002303E02022C8
S31508000FE004F8012B0133072BF9D94FF40A7140464F
S31508000FF009F024F9014604222046FFF7BDFE034600
S31508001000452203F8022B44224270D81B04E0002034
S315080010107047002000E00020BDE8F0870020FBE7CD
S31508001020E0C20008C8C2000800CA0008F0B589B0C6
S3150800103007460E4615460DF1040C1C4C0FCCACE8C1
S315080010400F0094E807008CE8070001AA4FF40C711A
S315080010501748FFF70DFFB0F50C7F1CD0002207B12B
S315080010603A8006B130600DB1114B2B60B0F50C7F9C
S3150800107014D0002009B0F0BD303B9BB243EA0212FF
S3150800108092B201310329EADC0A4B5B5C402BF3D9A7
S31508001090373B9BB2F2E700210A46F3E74EF67D336B
S315080010A09A4201D00020E5E70120E3E714CA0008C8
S315080010B0D8160020021900200346574A107848B36C
S315080010C070B582B00C4601282FD054490A88551CA1
S315080010D0ADB20D8052498B54062D41D0B5F50C7F23
S315080010E0C0F0978044B14E4B5A792270063363603C
S315080010F00023638023816381494B93F82E32452B65
S3150800110004D1474B93F82F32442B3BD0FFF74AFEC6
S31508001110032013E0532B00D07047414A1370012374
S315080011203E4A13803C4A13707047542B08D0532B01
S315080011300FD00020394B1880374B187002B070BD9D
S31508001140374A53700223354A1380334A13700020F6
S31508001150F4E7334A1370314B01221A800020EDE779
S31508001160084609F046F80028B8D13CB12C4B5B7903
S31508001170237000236380636023816381FFF712FE77
S315080011800220DBE7274E4FF40A71304609F056F87D
S3150800119005460023ADF806300DF1060106F50A707E
S315080011A008F0F7FF1CB12581BDF80630638130B120
S315080011B0BDF80630AB4202D1022200230CE0FFF74D
S315080011C0F1FD0420BAE703EB83035B009BB20344FB
S315080011D09BB2303B9BB20132042A0ADC1049885C78
S315080011E0A0F13001C9B20929EDD9FFF7DBFD0520C9
S315080011F0A4E7B3F5077F08D804B163800023074A3C
S315080012001380054A1370012098E7FFF7CBFD0520E8
S3150800121094E7002092E700BF4425002028250020F7
S31508001220A8140020AA140020014B1868704700BFB4
S31508001230A41400202DE9F047DDF82090002866D098
S3150800124014469A460546002A63D0B1F50C7F62D348
S31508001250B9F1000F26D048460AF06BFA804640F2EC
S315080012600623984200D998462E46532306F8023B91
S3150800127054236B70AF1D41236B71102221463846EB
S3150800128008F06BFF2C2300F8013BBAF1000F0CD0D5
S315080012902249042208F061FF04462C2304F8013B86
S315080012A0002309E0DFF87C90D5E71D49F1E719F836
S315080012B0032004F8012B01339845F8D8032208F1D6
S315080012C016013046FFF740FD02E0202304F8013BF3
S315080012D0E31BB3F5077FF8D3002303E0202204F8C5
S315080012E0012B0133072BF9D94FF40A71304608F060
S315080012F0A5FF014604222046FFF73EFD0346452288
S3150800130003F8022B44224270581BBDE8F0870020E0
S31508001310FBE70020F9E70020F7E700BFE0C2000876
S31508001320E4C90008A0C300080023062073B170476B
S3150800133054B224B9013353B15DF8044B70470228FF
S31508001340F8D008680A4908601046F3E710B4094A55
S3150800135052F823100A7A022AEAD9032AEAD1441E45
S31508001360E4B2012CE6D90868014908601046E1E7AD
S3150800137008190020DC25002010B5A2B02022002183
S315080013801AA80AF0BFF92B4B1A934FF461231C9342
S3150800139002238DF87530284A1E9201248DF87D4067
S315080013A08DF87E408DF87F408DF8803000211591AC
S315080013B016911791189119914FF4801315931F4B95
S315080013C01993109111911291139114911C4B10932A
S315080013D01C4B14933C2201A80AF094F90DF1040E53
S315080013E00DF1540CBCE80F00AEE80F00DCF8003035
S315080013F0CEF800300DF1180E0DF1400CBCE80F00C8
S31508001400AEE80F00DCF80030CEF800300E4B0B9338
S315080014104FF480630C938DF835408DF836400B4BAE
S315080014200F930B4B1AAA01A90A4802F0F9FB22B03E
S3150800143010BD00BF08D20008F8D100083C00015BC7
S31508001440010010004400015B0C190020F025002063
S315080014500C1D0020C01D002008B5024809F0E2FA5C
S3150800146008BD00BFC01D002008B5024809F0DAFA19
S3150800147008BD00BFC01D002010B58EB02422002173
S3150800148005A80AF03FF9334B0593334B1B88ADF893
S315080014902430324B1B88ADF82630314B1B680B9332
S315080014A0304B1B680C93304A05A9304803F0B6F850
S315080014B000B1FEE72E4B1C682E4A21462B4B1868B6
S315080014C003F062F900B1FEE74CB12146274B1868D4
S315080014D009F04CFD01464FF6FF73984206D10021EC
S315080014E0224B186809F0EFF938B1FEE71F4B186868
S315080014F003F08EFA0028F2D0FEE71F491B4B186846
S3150800150003F0CAFA00B1FEE76FF0C00240F2FF33FB
S31508001510CDE900234FF0FF324FF0FF331349086837
S3150800152009F084FD00B1FEE7144B1B88ADF81030B6
S31508001530ADF80C3004A90D4B186809F05FFD00B131
S31508001540FEE703A9094B186809F06EFD00B1FEE72E
S315080015500EB010BDF7A2000862D2000860D20008DB
S3150800156068D2000864D20008D9A20008082600201C
S31508001570CC250020E3A200080700110050D000087F
S3150800158082B0054B019302AB03EB800050F8043C94
S31508001590186802B0704700BF0826002008B504483E
S315080015A0044A121A9210044908F0AEFE08BD00BF9C
S315080015B080010008C00100088025002008B5154BE9
S315080015C083F30A8800F030F8FFF7E8FF124A0AE0CA
S315080015D01068516850F8230041F8230001339168D8
S315080015E08B42F5D30C320D4B9A4201D20023F6E713
S315080015F00B4A08E01168002041F8230001335168BE
S315080016008B42F7D30832074B9A4201D20023F6E7FA
S31508001610FEF722FE000000207C0501088805010867
S31508001620880501088805010870B5134B134A9A60A6
S31508001630D3F8882042F47002C3F88820104A4FF481
S31508001640804191660F4D05F500544FF0FF32226632
S315080016500D4A62660222C3F8D020BFF34F8FBFF34C
S315080016606F8F002002F09AFA4FF44036E6600020A9
S3150800167009F043F92E6170BD00ED00E00000000896
S3150800168000900050008000447FFF7F01014B1860E6
S31508001690704700BF1026002008B5064B1860064B99
S315080016A01B6F03F00703032B00D008BD0AF08AF965
S315080016B0FBE700BF182600200080005010B504463E
S315080016C00FE00123834024EA03040F2814D800EB13
S315080016D040020E4B03EB82035A6812B19968C0B2F6
S315080016E0904794B1234600201F28EAD813F0010F2B
S315080016F0E7D101305B08F7E7103800EB40039B00A1
S31508001700B033024A13440433E6E710BDDC1D00205B
S3150800171008B50D480AF06DFC1A2002F02FFA28B910
S315080017201B2002F02BFA40B9002008BD1A2002F04F
S3150800173035FA1A2009F0E1F8F2E71B2002F02EFA32
S315080017401B2009F0DAF8EFE7F4D100082DE9F0419B
S3150800175070B30C46174605460F292BD803784BB1AC
S31508001760022B20D0032B21D0012B01D0002303E02C
S315080017700F2301E040F2FF736A78D34013F0010F9C
S315080017801AD00F4BD3F81063C6B90AF025FC804669
S315080017903A462146284601F033FE40460AF017FC31
S315080017A03046BDE8F08140F2FF33E5E73F23E3E743
S315080017B02226F5E72126F3E72126F1E70226EFE7B9
S315080017C000C0035040B310B5044603784BB1022B52
S315080017D01DD0032B1ED0012B01D0002303E00F23BD
S315080017E001E040F2FF736278D34013F0010F15D081
S315080017F00AF0F2FB237862780121914003EB430358
S315080018001B01074AD1500AF0E2FB002010BD40F246
S31508001810FF33E8E73F23E6E7222070472120F5E774
S3150800182040D0035040B310B5044603784BB1022BA1
S315080018301DD0032B1ED0012B01D0002303E00F235C
S3150800184001E040F2FF736278D34013F0010F15D020
S315080018500AF0C2FB237862780121914003EB430327
S315080018601B01074AD1500AF0B2FB002010BD40F216
S31508001870FF33E8E73F23E6E7222070472120F5E714
S3150800188040E0035008B5084BD3F82404D3F82024C5
S31508001890104000F0553020F0502003F50053C3F8EF
S315080018A02004FFF70BFF08BD00C0035008B5084B1E
S315080018B0D3F82404D3F82024104000F0AA3020F0EE
S315080018C0A02003F50053C3F82004FFF7F7FE08BD70
S315080018D000C00350F0B585B00C4694469DF8341008
S315080018E0664A1278002A00F0BD800546BCF1070F4B
S315080018F000F2BA800A9A002A00F0B8800B9A002AE9
S3150800190000F0B6800E9AB2F5006F00F3B380012896
S315080019105BD05B4A02EB0C12127B002A00F0AC800B
S3150800192000220092019202920392564A02EB4C1E42
S31508001930002C4FD14FEA4C1600209051CEF80400E7
S31508001940CEF80800CEF80C009EF8020040F0100011
S315080019508EF802009EF8030040F030008EF803006F
S3150800196021B9C1B241F003018EF8031000930E9B12
S31508001970013B444A4FEA4C1002EB4C11165A63F3EA
S315080019800E1616520A9B8B600B9B4B60CB789DF804
S315080019903C2062F38303CB70012D36D0109B002BBD
S315080019A056D0374A4FEA0C1102EB0C1310985050D8
S315080019B0119A5A6000249C605D73724669466046B7
S315080019C001F07AFC204605B0F0BD0C9A002AA0D199
S315080019D02D48F8E72B4F4FEA4C1607EB4C12002020
S315080019E0B85150609060D060907840F010009070C8
S315080019F0D07840F00300D0700029B7D107EB4C121D
S31508001A00C1B241F03001D170B0E70E460A7B42F010
S31508001A1001020A73D2B242F002020A73CA680421AA
S31508001A2061F39F02F26006F1100796E80F0087E857
S31508001A300F00F2696FF0030161F39F02F2610C9BDC
S31508001A407361012CAAD10B9AB2610C9A7260A5E750
S31508001A50002DA6D10B4B03EB4C139A786FF30412A7
S31508001A609A709EE70948AEE70748ACE70648AAE732
S31508001A700548A8E70448A6E70548A4E74525002041
S31508001A8044200020441F0020018000F0028000F05E
S31508001A90078000F0134B1B78FBB110B50446F0B174
S31508001AA00AF09AFA0023072B13D80F4A02EB0312FF
S31508001AB0127B0AB10133F6E723600B4A190102EBE0
S31508001AC0031301241C73002454500AF080FA20469C
S31508001AD002E00AF07CFA054810BD0548704705483B
S31508001AE0FAE700BF4525002044200020048000F0C6
S31508001AF0028000F0018000F038B50AF06DFA04465D
S31508001B000023072B06DC0C4A02EB0312127B12B9E0
S31508001B100133F6E7002222B120460AF058FA0748B0
S31508001B2038BD01F075FB0025054B1D7020460AF0EF
S31508001B304EFA2846F4E700BF44200020058000F04E
S31508001B40452500200F4B1B78BBB110B50446072866
S31508001B5015D80AF041FA0C4B03EB04131B7B1BB98F
S31508001B600AF035FA09480BE0074B03EB0413002487
S31508001B701C730AF02CFA204602E00548704705480F
S31508001B8010BD00BF4525002044200020068000F037
S31508001B90028000F0018000F000B583B0134B1B688B
S31508001BA0019300238DF804300AF016FA104B1B78BF
S31508001BB033B90F4B01221A700AF009FA002309E01B
S31508001BC00AF005FA0B480EE00B4A02EB0312002155
S31508001BD011730133072BF7DD08238DF8073001A8A9
S31508001BE001F03AFB002003B05DF804FB54D000086E
S31508001BF045250020038000F04420002010B5104C35
S31508001C002478BCB1072817DC0E4C04EB0014247B9F
S31508001C10A4B10C4C4FEA001E04EB001C44F80E302D
S31508001C20029BCCF804300024CCF8084001F044FBB1
S31508001C30204610BD0448FCE70448FAE70448F8E7DC
S31508001C404525002044200020028000F0018000F095
S31508001C50078000F008B50A4B1B785BB107280BD83C
S31508001C60084B03EB00131B7B43B1002101F0E6FA96
S31508001C70002008BD0448FCE70448FAE70448F8E7EA
S31508001C804525002044200020028000F0018000F055
S31508001C90078000F008B50A4B1B785BB107280BD8FC
S31508001CA0084B03EB00131B7B43B1012101F0C6FA75
S31508001CB0002008BD0448FCE70448FAE70448F8E7AA
S31508001CC04525002044200020028000F0018000F015
S31508001CD0078000F0F8B5194B1F6D5B6D1F4002D4E5
S31508001CE00125002402E0FEE701346D00072C24D804
S31508001CF03D42F9D0124B1D652301124AD358002BD9
S31508001D00F2D002EB0416B1680131B1607268204660
S31508001D10984780F00100C0B2737B012BE4D10028FC
S31508001D20E2D0094B03EB44131A7B6FF341021A7393
S31508001D301A7F6FF341021A77D6E7F8BD0000045000
S31508001D400020045044200020441F002038B50546D2
S31508001D500C46164BD3F8283103F00703013B052B35
S31508001D6020D8DFE803F003131B0F0B1709F004FE56
S31508001D70052305B1286004B1236038BD09F0FCFDD0
S31508001D800623F6E709F042FE0723F2E709F034FED8
S31508001D900323EEE709F030FE0423EAE709F028FEFC
S31508001DA00223E6E700231846E3E700BF0080005059
S31508001DB030B583B005460C4600230193154BD3F87E
S31508001DC0203203F00703042B21D8DFE803F0030BC6
S31508001DD011161B0001230DB1019A2A6004B1236074
S31508001DE003B030BD002101A8FFF7B0FF1123F2E7C9
S31508001DF009F00CFE01900723EDE70AF0D9F80190E7
S31508001E000A23E8E709F04CFE01900923E3E70023DB
S31508001E10E1E700BF0080005038B505460C460F4B79
S31508001E20D3F8503203F00303022B12D0032B08D049
S31508001E30012B0AD00023184605B1286004B1236097
S31508001E4038BD0AF0B8F80B23F6E70AF0B1F80A230A
S31508001E50F2E709F025FE0923EEE700BF00800050EF
S31508001E6038B505460C460C4BD3F8903203F00303FD
S31508001E70012B05D0022B07D109F0C8FD072305E081
S31508001E8009F0B6FD022301E00023184605B12860D3
S31508001E9004B1236038BD00BF00800050024B4FF4E8
S31508001EA080321A67704700BF00900050204B984256
S31508001EB036D009D91F4B984236D01F4B984222D1AB
S31508001EC01E4BD3F8D0007047A3F5B703A3F55863A4
S31508001ED0984221D006D91A4B984212D1174BD3F8FB
S31508001EE0BC007047174B984202D0174B984203D153
S31508001EF0124BD3F8A0007047144B9842F8D0002034
S31508001F00704700207047124B984203D10B4BD3F809
S31508001F10C800704700207047084BD3F8B8007047D0
S31508001F20064BD3F8C0007047044BD3F8CC00704773
S31508001F30C0EA21010048E801005A62020080E00F69
S31508001F400024F40080841E0000093D0040420F0072
S31508001F5080BA8C0138B505460C46104BD3F80001FB
S31508001F6000F00300032815D8DFE800F002080C107B
S31508001F70012305B1286004B1236038BD09F03CFD92
S31508001F800323F6E709F08CFD0923F2E709F03AFD89
S31508001F900823EEE700231846EBE700BF0080005051
S31508001FA038B505460C46174BD3F8200100F0070054
S31508001FB0062823D8DFE800F0040A0E16121A1E00B7
S31508001FC0012305B1286004B1236038BD09F0D4FCAB
S31508001FD00523F6E709F010FD0323F2E709F016FDDD
S31508001FE00723EEE709F004FD0223EAE709F0C4FC3B
S31508001FF00623E6E709F000FD0423E2E70023184676
S31508002000DFE700BF0080005038B505460C46104B88
S31508002010D3F8400100F00300032815D8DFE800F0E4
S3150800202002080C10012305B1286004B1236038BDED
S3150800203009F0BEFF0A23F6E709F032FD0923F2E7A5
S3150800204009F0B9FF0B23EEE700231846EBE700BFBC
S315080020500080005030B583B005460C460023019336
S31508002060144BD3F8603203F00703013B032B1FD848
S31508002070DFE803F0020E1914002101A8FFF790FF0C
S315080020800F230DB1019A2A6004B1236003B030BD55
S31508002090002101A8FFF7B8FF1023F2E709F0B6FC04
S315080020A001900723EDE709F0A3FC01900223E8E776
S315080020B00023E6E70080005030B583B005460C469D
S315080020C0002301930C4BD3F8703203F00303012B62
S315080020D009D0022B0DD114230DB1019A2A6004B13F
S315080020E0236003B030BD002101A8FFF78DFF102340
S315080020F0F2E70023F0E700BF0080005038B5054638
S315080021000C46104BD3F8600100F00300032815D8DD
S31508002110DFE800F002080C10012305B1286004B1BD
S31508002120236038BD09F044FF0A23F6E709F0B8FC36
S315080021300923F2E709F03FFF0B23EEE700231846D1
S31508002140EBE700BF00800050324B984252D029D8A6
S31508002150314B984248D009D9304B984247D0304B3A
S3150800216098421DD12F4BD3F8800070472E4B9842CA
S3150800217037D005D92D4B984210D12A4B186F704786
S315080021802B4B984202D02B4B984202D1254B986D87
S315080021907047294B9842F9D00020704700207047B5
S315080021A000207047254B98422CD00CD9244B9842D6
S315080021B02CD003F5740303F5105398420FD1194B2D
S315080021C0D3F8980070471F4B984217D01E4B984279
S315080021D003D1144BD3F88C007047002070470020B9
S315080021E07047104B586E70470E4B586F70470D4B23
S315080021F0986F70470B4BD3F884007047094BD3F898
S3150800220088007047074BD3F890007047054BD3F802
S31508002210940070470048E8010024F400C0EA210150
S3150800222080BA8C010080E00FC0CF6A00405DC6000E
S3150800223080841E0000093D0040420F00007E5603C0
S315080022400090D00380D54302006CDC0270B582B0E2
S3150800225006460D4600230193104BD3F8804104F03F
S315080022600304022C16D0032C0FD0012C07D000240F
S315080022700EB1019B336005B12C6002B070BD002120
S3150800228001A8FFF78DFE0F24F2E709F0BFFB0190C6
S315080022900724EDE709F0ACFB0190E9E70080005060
S315080022A038B505460C46104BD3F8400200F003003B
S315080022B0032815D8DFE800F002080C10012305B141
S315080022C0286004B1236038BD09F072FE0A23F6E7D8
S315080022D009F0E6FB0923F2E709F06DFE0B23EEE7AA
S315080022E000231846EBE700BF0080005038B50546C6
S315080022F00C46134BD3F8000200F0070004281BD83D
S31508002300DFE800F003090D111500012305B1286067
S3150800231004B1236038BD09F04BFE0A23F6E709F03D
S31508002320BFFB0923F2E709F046FE0B23EEE709F0A7
S3150800233049FB800A0E23E9E700231846E6E700BFB3
S315080023400080005038B505460C46134BD3F80802F2
S3150800235000F0070004281BD8DFE800F003090D1178
S315080023601500012305B1286004B1236038BD09F0C2
S315080023701FFE0A23F6E709F093FB0923F2E709F0A3
S315080023801AFE0B23EEE709F01DFB800A0E23E9E788
S3150800239000231846E6E700BF00800050B0F5207F0E
S315080023A020D00ED8B0F5007F16D020D810B1B0F5E1
S315080023B0C07F04D10F4B186FC0F3033018E000201C
S315080023C016E0B0F5607F05D10A4BD3F88000C0F35C
S315080023D001100DE000200BE0064BD3F89000C0F387
S315080023E0046005E0034B186FC0F3802000E000206E
S315080023F0013070470080005038B505460C46174B2B
S315080024004FF480329A660020FFF7C8FF05FB00F0FC
S31508002410134BDA6902F4803241F67131D9635B688D
S3150800242023F440136CB90F49884207D800210B439F
S315080024300B494B600AB10022CA6338BD4FF48011BC
S31508002440F5E7002C07DD0849884201D80021EEE7A8
S315080024504FF48011EBE74FF44011E8E70090005085
S3150800246000000350005A6202002D3101430905D0CD
S31508002470012B0DD0022B0DD0002200E0002200F027
S315080024801F0049B102F5805201238340136070474B
S31508002490034AF4E7034AF2E702F50052F4E700BFFD
S315080024A0648000506880005008B5802007F0A3FFBC
S315080024B0034B984203D8034B4FF480321A6708BD82
S315080024C0005A620200A0005000B583B000230193B1
S315080024D0B0F5807F00F0AF8011D9B0F5086F00F035
S315080024E0B48044D9B0F5286F00F0C38069D9B0F537
S315080024F0306F79D101A90020FFF7B2FC75E080287A
S3150800250073D8242871D324385C286ED8DFE800F005
S315080025104C4C4C4C4C6D446D98546D6D6D6D6D6D99
S315080025206D6D6D6D6D986D6D6D39A76D6D6D6D6D9C
S315080025306D6D6D6D6D6D6D6DAC4C6D6D6D676D6DA5
S315080025405FB1A277776D6D6D6D6D6D6D6D6D6D6D2E
S315080025506D6D6D6D6D6D6D6D6D6D6D6D6D6D6D6D9D
S315080025606D6D6D6D6D6D6D6D6D6D6D6D7C00B0F520
S31508002570C06F65D00AD9B0F5E06F70D0B0F5F06FCE
S3150800258017D101A90020FFF7B9FD2EE0B0F5A06F1D
S3150800259060D0B0F5B06F04D101A90020FFF756FE50
S315080025A023E0B0F5806F20D101A90020FFF7F8FCE1
S315080025B01BE0B0F5D06F18D101A90020FFF796FEF1
S315080025C013E0B0F5186F4FD0B0F5206F04D101A90C
S315080025D00020FFF73FFD08E0B0F5106F05D101A90F
S315080025E00020FFF7AFFE00E003D2019803B05DF8C4
S315080025F004FBB0F5386F23D0B0F5406FF5D101A9CB
S315080026000020FFF7A3FBF0E71C4B1B6F03F0070343
S31508002610013B032BE9D8DFE803F00B020508052385
S315080026200193E2E703230193DFE708230193DCE73D
S3150800263002230193D9E701A9002007F0B7FED4E7E2
S3150800264001A90020FFF7E0FCCFE701A90020FFF76A
S3150800265081FCCAE701A90020FFF7AAFBC5E701A983
S315080026600020FFF71DFEC0E701A90020FFF7D4FBF5
S31508002670BBE701A90020FFF71FFDB6E70080005061
S31508002680094B596E03F580534FF480325A66074A50
S31508002690536A23F00103536211F4803F03D1044BBC
S315080026A04FF480325A6670470080005000C00750C9
S315080026B000A0005038B504468020FFF705FF032820
S315080026C000F0B580604B4FF480125A665F4B45F6B2
S315080026D00E02C3F8802003F580524FF0A061916284
S315080026E003F500534FF480329A62584B9B6D13F4EE
S315080026F0803FFAD1554B9B6D13F0804FFAD1226873
S3150800270063681B0543EA0263227B43EA0243627B52
S3150800271043EA0233A27B43EA8213E27B13434B4D1F
S315080027202B61AB6903F00043226943EA826362695D
S3150800273043EA0263227E43EA0243627E43EA0223B5
S31508002740A27E1343AB614FF400624FF440614048E8
S3150800275007F013FE2B6A23F00F03E269002A46D11D
S3150800276011460B43E17E43EA81031A43374B1A624B
S31508002770E369002B3DD1354A916A364B0B4094F8F4
S31508002780201043EA411394F8211043EA011394F800
S31508002790241043EAC10343F4803393622B4B9A6DAA
S315080027A02D4B9343FAD1294A02F580514FF0807395
S315080027B08B62136923F47003A06843EA005313611C
S315080027C04FF000438B6194F822301BB9234B4FF02E
S315080027D080729A6294F8233013BB204B4FF48032F0
S315080027E09A621A4B9B6D13F0804FFAD118E00821B4
S315080027F0B7E7022B1CD0154A916A164B0B4094F882
S31508002800201043EA411394F8221043EA016394F82E
S31508002810241043EAC10394F8231043EA0143936260
S3150800282094F825301BB1094B0D4AC3F8802038BDF2
S31508002830064B00221A619A614FF408524FF47F4101
S31508002840084807F09AFDD6E7009000500040005A65
S315080028503840005AC7FFFEFE030001000060005A18
S31508002860F1A7FFFF3440005A014B93F90000704767
S3150800287006270020014B1880704700BFFC26002061
S31508002880B0F5207F48D02DD8B0F5007F39D04CD888
S3150800289010B1B0F5C07F24D110B54C1E07F0A4FDC9
S315080028A007F08FFFFFF7FAFA204A136F23F47043F5
S315080028B043EA0433136709F085F81D4BD3F88430CF
S315080028C013F0100FF9D11A4BD3F88410C1F3811104
S315080028D0C1F1020107F06AFF00F040F8FFF7E4FDD6
S315080028E010BD7047B0F5607F0AD101390F4AD2F89A
S315080028F0803023F0300343EA0113C2F88030704772
S3150800290070470139094AD2F8903023F0F85343EA60
S315080029100163C2F8903070470139044A136F23F4F3
S31508002920806343EA8123136770477047008000502D
S315080029300040005008B50121022000F0F3F84FF4DA
S315080029402070FFF72BFD044B187007F04DFD07F0BC
S3150800295038FFFFF7A3FA08BD4625002008B54FF44F
S31508002960C07007F048FD054B984205D902214FF47F
S315080029702070FFF785FF08BD0121F8E780F0FA020D
S3150800298010B5044609F01EF80F4BD3F8843013F03F
S31508002990100FF9D10C4BD3F88410C1F38111C1F192
S315080029A0020107F003FF0121002000F001F924B11C
S315080029B0FFF7D4FFFFF778FD10BD044B19784FF4E5
S315080029C02070FFF75DFFF5E7004000504625002020
S315080029D070B50446FFF7B8FB0546364B4FF4C022E0
S315080029E05A6603F598335B68012B29D08020FFF7D8
S315080029F06BFD05282DD025F040752F4B9C422FD016
S31508002A002E4B9C422FD008F0B7FF064684422DD89D
S31508002A102B4BDB6813F0060FFAD1294B9A689D6099
S31508002A209B686B4013F4F81F25D0254B9A603446F3
S31508002A308020FFF749FD052821D0B44235D970BD5D
S31508002A40204B01225A60204B5B6813F0020FFAD123
S31508002A50CCE707F0C9FC07F0B4FEFFF71FFACAE790
S31508002A6045F00075CFE745F08075CCE70121204693
S31508002A7000F09EF8CCE72046FEF708FED8E708F0F7
S31508002A80A1FF124BD3F8843013F0100FF9D10F4B76
S31508002A90D3F88410C1F38111C1F1020107F086FE53
S31508002AA0FFF75CFFFFF700FDC7E70121002000F0F4
S31508002AB07FF8C4E70090005040420F0080841E0053
S31508002AC00000015000E0015000C0015000400050D5
S31508002AD010B50446FFF7EAF90A4B4FF400225A6686
S31508002AE020F04070084A944206D0084A944206D01C
S31508002AF04FF0B442906010BD40F00070F8E740F027
S31508002B008070F5E70090005040420F0080841E0058
S31508002B10034AD36E23F0300301790B43D36670471B
S31508002B2000400050F8B50446204BD3F8843013F023
S31508002B30100FF9D11D4BD3F88430C3F381139C428F
S31508002B402DD008F01FFF0646012C11D009F03BFADC
S31508002B500546164F07F500534FF000725A66204691
S31508002B6007F036FE621E4FF4806393403B6706E02B
S31508002B70012107F01BFEE9E70C4BD3F884300B4B19
S31508002B805B6E13F0007F05D1084BD3F8843013F041
S31508002B90200FF1D0284609F011FA022C00D0F8BD12
S31508002BA00021304607F002FEF9E700BF004000505A
S31508002BB010B50C46034650B1094A127812B1094AB3
S31508002BC0934208D921460220FFF7ACFF10BD08F052
S31508002BD0D9FE0346F0E721460120FFF7A3FFF5E7F4
S31508002BE0C4200020005A620238B52F4B4FF000422D
S31508002BF05A6603F50B235C6C04F001044AF6CD32E1
S31508002C001A64E8B9294B5B6B13F00103FAD1274A1A
S31508002C10556815F0010539D002F5005201215160B9
S31508002C201A462249096B11F0010F04D120498A423C
S31508002C3001D80132F5E71E498A422FD81D4625E0FC
S31508002C4000231A4A126B12F0080F04D0184A93424E
S31508002C5001D80133F5E7164A934221D8134B03F5F9
S31508002C6000522021916203F5805301225A60002305
S31508002C7000E001330D4A926A12F0200F02D10C4A85
S31508002C809342F6D90A4A93420CD8002514B1074B49
S31508002C90084A1A6401F0D4FE284638BD0725F5E728
S31508002CA00725F3E70725F1E7009000500040095093
S31508002CB03F420F003254FFFF10B51A4B4FF0004247
S31508002CC05A6603F50B235C6C04F001044AF6CD3210
S31508002CD01A6443785B0043F00103134AD363134B2A
S31508002CE05B6B13F00B0FFAD1104A536823F4F87391
S31508002CF0817843EA01135360C178437943EA012393
S31508002D0093600179837943EA012313610078FFF719
S31508002D106BFF14B1054B064A1A6401F091FE0120B7
S31508002D2010BD00BF00900050004000500040095000
S31508002D303254FFFF10B50F2800D90F20124B5C6ED6
S31508002D4003F580534FF000425A6603F50B235A6C7D
S31508002D5002F001024AF6CD3119640C4B5B6B13F095
S31508002D60800FFAD109490B6A23F00F0303430B625C
S31508002D700AB1074A0A64002C03DB064B4FF00042EF
S31508002D805A6601F05DFE10BD0080005000400950F3
S31508002D903254FFFF00A0005010B5134B5C6E03F5CC
S31508002DA080534FF000425A6603F50B235A6C02F023
S31508002DB001024AF6CD3119640C4B5B6B13F0800F98
S31508002DC0FAD10A490B6A23F4F85343EA00230B6243
S31508002DD00AB1074A0A64002C03DB064B4FF000428F
S31508002DE05A6601F02DFE10BD0080005000400950C3
S31508002DF03254FFFF00A00050084B98420AD0084BF7
S31508002E00984209D003F58043984201D000207047C4
S31508002E105820704756207047572070470000015BBE
S31508002E2000000A5010B5044607F0D3FC042307E057
S31508002E3004F5805304221A6104F500531A610B46FF
S31508002E40591E002BF4D1202323610023E360A360DD
S31508002E5041F202026261A3614FF4A0226262E36159
S31508002E602362A362E3626363236504F500520249A1
S31508002E70D164236310BD00BFFF3F0D03F8B50446B8
S31508002E8015460846E1B1A36813F0010F34D0666809
S31508002E90B0FBF5F0451E16F001062BD0636D13F056
S31508002EA0280FFBD1A36C13F0030F0FD1A36C13F0FB
S31508002EB0010F1BD1A36C13F0020F19D1002706E0EE
S31508002EC02046FFF799FF07F096FADCE70527204624
S31508002ED007F07FFC236923F07F4343EA05632361F8
S31508002EE046B33946204607F093FC23E00927EEE768
S31508002EF00627ECE70027EDE76368A36803F0E0031D
S31508002F00402B1DD017D9602B1ED0802B12D1012340
S31508002F10400105FB03F3B0FBF3F020380B4A02EA45
S31508002F20C002636D13F0010FFBD12263636D13F0CA
S31508002F30010FFBD1F8BD2BB1202BFBD10823E7E706
S31508002F400623E5E71023E3E70423E1E7F8FF7F001C
S31508002F5070B504460D461646436823B1636DC3F340
S31508002F600B03002BFAD12046FFF75CFF636923F4B5
S31508002F704C5323F00F036A7B1343EA8913432A8AC7
S31508002F8013436361A36823F0804323F0E2032A7B9B
S31508002F9013432A7E13436A691343A360AB681BB9BC
S31508002FA0A36843F00043A360EA69002A70D0A168C9
S31508002FB0694B0B40117A43EA8153917A43EA4143BC
S31508002FC0918801F4C0410B43517843EA8103517B50
S31508002FD043EAC103917B43EA0113927843EA8223C9
S31508002FE0A360E2685D4B1340EA6911690B435169B6
S31508002FF00B43917943EA8123D27943EA4223E3607A
S31508003000EB691B78012B01D0032B03D1E36843F04E
S315080030100403E360EB691B78023BDBB2012B51D951
S315080030204F4B9C426BD04F4B9C426AD003F5804372
S315080030309C4262D04FF0FF3303F593735B0103F1B3
S31508003040A04303F5703302225A60EB695A7A04F5F5
S3150800305080539A62EB695B7A1BB1E36843F40063B9
S31508003060E360EB69DB7A63B1E36843F40043E3604A
S315080030703B4B9C4247D03B4B9C424BD03A4B9C42E5
S315080030804FD0636A23F00303EA69D27B1343636272
S315080030903EB196F82030002B4AD004F58053012221
S315080030A01A6204F5805301225A60AA68002A4ED192
S315080030B02978204607F0ACFBA36CDB4313F4405F8A
S315080030C0FAD170BD264B9C4213D0264B9C4212D097
S315080030D003F580439C420AD04FF0FF33A6335B01C9
S315080030E003F1A04303F5703302225A60ADE70223C9
S315080030F0F4E70023F2E70123F0E702239CE7002325
S315080031009AE7012398E7EB691B7B03F00F03174A3D
S315080031105366B0E7EB691B7B03F00F03134A13678B
S31508003120ACE7EB691B7B03F00F03104AD367A8E7EC
S31508003130E36923F0090396F82220134396F8212021
S31508003140134343F0010304F58052D361A9E7696884
S315080031502046FFF793FEABE7E39BBDFFFFF9F08739
S315080031600000015B00000A5000400A50009003501E
S31508003170F8B504460D461E4617463AB1FBB101227C
S315080031808A4000EB400109011D4B5A50072D1ED8F5
S31508003190A90004EB44031B0107FA01F20F2000FA09
S315080031A001F11848184407F06AFB3FB9FEB101223D
S315080031B0AA4004EB44042401114B1A51F8BD01221C
S315080031C08A4000EB400109010F4B5A50DEE7A5F192
S315080031D008039B0004EB440C4FEA0C1C07FA03F2A5
S315080031E00F2199400948604407F049FBDDE70122B1
S315080031F0AA4004EB44042401034B1A51DEE700BF3E
S3150800320040D0035034C0035040E003503CC0035044
S3150800321010B5162007F06DFB074B00245C65FF22EE
S315080032209A625C6021462020FFF720F9214621207A
S31508003230FFF71CF910BD00BF0000045029B9044A65
S31508003240012303FA00F010607047024AF8E700BF4E
S31508003250401004504020045010B504460121202097
S31508003260FFF704F901212120FFF700F9114B01228C
S315080032705A60227812069A606178A27842EA014278
S315080032809A61FF229A6200229A631A644FF00042FA
S315080032905A6503F500534FF0FF321A65162000F001
S315080032A07DFCE178162007F02CFB162007F025FB9D
S315080032B010BD00BF0000045070B50C46C3B201250E
S315080032C09D40214901F500531D65830003F1A04384
S315080032D003F5882326685E60637B00EB400C01EBF0
S315080032E00C1CCCF8603094F80AE0E37A1B0543EA34
S315080032F00E4394F80CE043EA4E53CCF85C3022F0C7
S315080033000302CCF8702008F067FE104B5D65237A3F
S315080033100BB10E4B1D64637A0BB10C4B9D6323797D
S31508003320A27942EA0342084B03F500518A6194F8F0
S3150800333005C0E27942EA0C4203F58054A2614D6366
S315080033409D6408F044FE70BD00000450001004504F
S3150800335010B5C0B20124844008F03EFE044B5A6DF5
S3150800336022EA04025A659C6208F031FE10BD00BFCD
S315080033700000045010B5C0B20124844008F02CFEA9
S31508003380084BDB6A234205D1064B5B6B9C4306D090
S31508003390002400E0002408F01AFE204610BD01248F
S315080033A0F9E700BF0000045070B50446C3B2012512
S315080033B09D4008F011FE084B5E6B04EB440403EBDA
S315080033C004135C6E08F003FE354203D1C4F30A10F9
S315080033D0013070BD0020FCE700000450074B4FF495
S315080033E080325A6603F5E6239B69C3F38512827019
S315080033F003F03F0242701B0B0370704700900050A9
S3150800340070B504460D461646037841782C4AD2F81C
S3150800341010236A1E0E2A09D8DFE802F00A0A0A0AE9
S315080034200A0A0A0A0A0A0A0A0A0A0A00002200E01E
S315080034302A463DB116B30120884003EB43031B011E
S315080034402049C8506178072920D82378890003EBDA
S3150800345043031B018A400F2000FA01F11A48184459
S3150800346007F01BFA4DB906B323786278012191401B
S3150800347003EB43031B01134AD15070BD012088405A
S3150800348003EB43031B011149C850DBE723780839CE
S31508003490890003EB43031B018A400F2000FA01F160
S315080034A00B48184407F0F9F9DCE72378627801211C
S315080034B0914003EB43031B01044AD150DDE700BFEB
S315080034C000C0035040D0035034C0035040E00350BE
S315080034D03CC00350074B9B6813F0020FFAD1054B0B
S315080034E05B6813F0020FF5D1024BDB69002BF1D1B3
S315080034F0704700BF00800A50074B5B68064B5B6845
S3150800350013F0010F03D0044BDB69002BF6D1024BF5
S3150800351002221A61704700BF00800A5008B5FFF7FB
S31508003520D9FF034B03F5805101224A601A6108BD91
S3150800353000800A5008B5054B5B68012B00D008BD12
S31508003540FFF7DAFF024B01225A60F8E700800A50BB
S3150800355000A00A5010B50446FFF7BCFF084B5B688D
S31508003560012B05D0237843B10122054BDA6010BD43
S31508003570FFF7E0FFFFF7AEFFF4E70022F5E700BF2D
S3150800358000800A5038B505460C4608F0F7FADDB94A
S315080035902378D3B10123626812B1127843EAC203D1
S315080035A06278A2B102221343A26812B1127843EAE2
S315080035B08213E2786AB104221343226912B112789F
S315080035C043EA4223044A936438BD0023E3E7002212
S315080035D0E9E70022F0E700BF00800A5038B5044644
S315080035E007F065FD864658B9064DA446BCE80F00A7
S315080035F00FC5BCE80F000FC59CE8030085E803006B
S31508003600704638BDC820002047F6FF739A427DD021
S3150800361009297DD870B5414B13F801E0BEF1030FB7
S3150800362078D83F4B03EBCE0191F802C0604613F8F9
S315080036303E30012B26D03A4B03EBCE035C68002CB8
S315080036406AD0B4F90030934204DBB4F902309342ED
S3150800365000DC1346A288FF2A2CD000212826C8227F
S315080036601D46D21A92FBF6F20A4412B22C4B03EB11
S31508003670CE0393F801E0964501DD002A2FDA0EF114
S31508003680FF322CE0CB78A3EB0C0300249C420ED22D
S31508003690191BA3EB5101224800EBCE00406830F914
S315080036A01100904201DC0C46F0E74B1EEEE763443E
S315080036B0D8B230E0B4F90620B4F908600121CFE7A2
S315080036C05C331849A1FB03139B09013212B2164653
S315080036D096450FDD04EBC201898899420AD304EBAB
S315080036E0C2018B68B1F9061001FB0533002BE7DA36
S315080036F00023E5E7013E04EBC604A2889A4200D3FC
S315080037001A46944500D81046C0B204E0FF20704718
S3150800371000207047002070BD0020FCE758D0000844
S31508003720C8200020D34D621009296FD83A4B5B5C3C
S31508003730032B6DD8394911F8331001292AD010B452
S31508003740364901EBC3014C68002C63D0201D334970
S3150800375001EBC3018978914234D2304901EBC301A8
S31508003760C978914233D92D4901EBC30393F801C0B7
S315080037700CF1FF3C5FFA8CFCA388FF2B2AD00023B0
S31508003780634529D2591C30F83110914224D30133AC
S31508003790DBB2F5E7214901EBC301C978914200D2B2
S315080037A00A461E4800EBC3008078121AD2B2091ADC
S315080037B08A4200DD0022194901EBC3035B6833F92D
S315080037C012007047B4F902005DF8044B7047B4F96B
S315080037D00000F9E70123D3E74FF47A7101FB02F2FF
S315080037E000EBC3004368D31AB0F9022002EBD2718A
S315080037F003EB610393FBF2F3B4F900009842E3DBB1
S31508003800B4F902009842DFDC18B2DDE704487047D5
S31508003810034870470248D7E758D00008C820002058
S315080038200080FFFF08B50348FFF7D8FE012007F020
S3150800383042FC08BD64D0000830B583B0044669462A
S3150800384007F037FC00B1FEE79DF80030134A1278FE
S31508003850934217D00C2B06D164251049204607F051
S3150800386015FC28B1FEE7204601F000F90546F4E705
S315080038702946204607F0F1FB00B1FEE7074B1B7807
S315080038800A2B01D003B030BD6946204607F011FC6B
S315080038909DF80020014B1A70F4E700BF1C26002093
S315080038A008B5024808F0A5FB08BD00BFF0D100081E
S315080038B010B58AB0EC46194C0FCCACE80F000FCC0B
S315080038C0ACE80F0094E803008CE80300144BD3F827
S315080038D04C3113F4002F05D0124B1C88FF2C05D948
S315080038E08C2403E00E4BD3F85041E4B28DF819400E
S315080038F0FEF7BAFF241803D4FF2C02DDFF2400E0EC
S3150800390000248DF818400848FDF7C6FE6846FEF7FD
S31508003910D1FE3220FEF7AEFF0AB010BDBCD10008BA
S315080039200080E00F0001E00FC017530208B50248F7
S31508003930FFF74EF808BD00BF00B4C40408B5024836
S31508003940FFF7C6F808BD00BFC0EA210110B5FEF7AB
S31508003950F1FF4E4C236F23F0070343F0030323675D
S315080039600020FFF70DF8236F23F474432367484BB1
S31508003970D3F8FC3013F0807F75D1464B0022C3F88C
S315080039808020424CD4F8203123F0070343F0020389
S31508003990C4F82031D4F8283123F0070343F0020392
S315080039A0C4F82831D4F8803123F0030343F0010327
S315080039B0C4F88031D4F8903223F0030343F00103AE
S315080039C0C4F89032D4F8403123F0030343F00103DE
S315080039D0C4F84031D4F8603123F0030343F00103FF
S315080039E0C4F86031D4F8403223F0030343F00103EE
S315080039F0C4F84032D4F8003223F0070343F0010339
S31508003A00C4F80032D4F8083223F0070343F0010360
S31508003A10C4F80832D4F8503223F0030343F0010304
S31508003A20C4F85032D4F8703223F0030343F001038C
S31508003A30C4F87032D4F8203223F0070343F00103A8
S31508003A40C4F82032FEF71CFE4FF0E022136943F05B
S31508003A5004031361D4F8603223F0070343F001032B
S31508003A60C4F8603210BD0A4BD3F8FC2022F08072ED
S31508003A70C3F8FC20074A0021C2F88010D3F8FC20BE
S31508003A8042F08072C3F8FC207BE700BF008000503C
S31508003A9000ED00E00090005008B5074808F0A9FAC4
S31508003AA0FFF706FFFFF742FFFFF748FFFFF7F8FEAD
S31508003AB0FFF74CFF002008BDECD1000800B583B025
S31508003AC0094B93E803000090ADF80410090C8DF833
S31508003AD006106846FFF7F0F80920FFF72BF90020D3
S31508003AE003B05DF804FB00BFE4D1000810B582B04E
S31508003AF0074A536F43F001035367002400948DF877
S31508003B0004406846FFF704F8204602B010BD00BF1F
S31508003B1000400050002808DB0901C9B200F16040E6
S31508003B2000F5614080F80013704700F00F000901A6
S31508003B30C9B2014B1954704714ED00E0002807DBA1
S31508003B4000F01F02400901239340024A42F8203040
S31508003B50704700BF00E100E000280CDB00F01F0200
S31508003B604009012393402030034A42F82030BFF32E
S31508003B704F8FBFF36F8F704700E100E04211064B8D
S31508003B8053F8223000F01F0023FA00F080F00100FD
S31508003B9000F00100704700BF00E100E0002808DBE4
S31508003BA000F01F024009012393406030014A42F8A1
S31508003BB02030704700E100E010B508F00DFA0B4B15
S31508003BC01B783BB9094B01221A7008F000FA6FF00E
S31508003BD0040408E008F0FBF907E00521204606F092
S31508003BE090FE013464B24B2CF7DD10BD472500204A
S31508003BF010B5044608F0E7F9024B1C6008F0DEF938
S31508003C00002010BDF020002010B508F0DCF9034BA9
S31508003C101C6808F0D3F9204610BD00BFF02000202C
S31508003C202DE9F0418EB007460E4614461D46136828
S31508003C30D3F8008091F83130002B48D00DF1180CDC
S31508003C40DFF830E2BEE80F00ACE80F009EE80F0090
S31508003C508CE80F00002300930193029303930493C7
S31508003C600593A3680893237B012B3DD0022B3ED1F5
S31508003C704FF44073ADF82630607B06F067FEADF86A
S31508003C802800CDF834D001238DF80630A37B022B0B
S31508003C9004D0032B02D0012B00D000238DF800306E
S31508003CA0B36B6E4A1A60B36B6D4A5A60B36B0022E7
S31508003CB09A60B36B6B4ADA6032462946384600F09A
S31508003CC0AFFA0746A8B138460EB0BDE8F0810DF147
S31508003CD0180CDFF8A4E1BEE80F00ACE80F009EE878
S31508003CE00F008CE80F00B5E74FF40073C2E7002316
S31508003CF0C0E72369C5F8A430237E85F8AB30E37D99
S31508003D0085F8AA30A37D85F8A930637D85F8A830A3
S31508003D10A37E85F8AD30637E85F8AC30237F85F8C1
S31508003D20AF30E37E85F8AE302368C5F8A0304E483C
S31508003D3008F05FF901230422A17D607DFFF718FAD8
S31508003D4001230222217EE07DFFF712FA002385F87F
S31508003D50B030206908F04DF996F83130002B5DD067
S31508003D6006A9404606F07FFD95F8B03043F00403F7
S31508003D7085F8B030227D3D4B263203EB42121421E2
S31508003D805160617DA07D227D41EA004103EB42122C
S31508003D90C2F8DC14E27D207E217D42EA004203EB74
S31508003DA04113C3F8D424A37B012B3CD0032B3AD070
S31508003DB0A37B023BDBB2012B42D995F8B03013F056
S31508003DC0010F0CD0627EA17E237D42EA01425B018F
S31508003DD003F1A04303F5703341F2CC415A5095F8EC
S31508003DE0B03013F0010F10D0237D204AA63302EB22
S31508003DF0431302215960E37E207F217D43EA004375
S31508003E0002EB411241F2D041535008F50053184ACB
S31508003E10DA640521404606F0FBFC54E706A940464D
S31508003E2006F027FDA6E795F8B03043F0010385F8BC
S31508003E30B03000230222A17E607EFFF799F9B7E72A
S31508003E4095F8B03043F0020385F8B0300023042219
S31508003E50217FE07EFFF78CF9AFE700BF75A9000860
S31508003E6015AA00088FA90008F4D1000800C003505D
S31508003E70FF3F0D0314D2000834D2000830B583B0D2
S31508003E80007D104B00EB400203EB0212D56E00EBEF
S31508003E90400203EB02131C6F0DF1070107F026FE23
S31508003EA09DF807304BB904F00204074B9D4201D038
S31508003EB0002003E024B1002000E0012003B030BD5B
S31508003EC00120FBE70000045048250020037D0E4A28
S31508003ED003EB430102EB0111C96E03EB430302EB4B
S31508003EE00312136F03F00203084A914201D000201F
S31508003EF070470BB900207047036A006D984214BFDB
S31508003F0000200120704700BF00000450482500200B
S31508003F1030B583B003464169026902F1FF3CC568C2
S31508003F204C6F01F17C020020C86750609060D06039
S31508003F30B1F87C006CF30E10A1F87C0091F87E00B5
S31508003F4040F0100081F87E0091F87F0040F03000C4
S31508003F5081F87F00C1F88050C1F88440012081F8BB
S31508003F608C0091F878000093024B6431FDF746FE09
S31508003F7003B030BD75AD00082DE9F04184B00446A4
S31508003F8000F1380600F11808002585637560B560EC
S31508003F90F56090F83A3043F0100380F83A3090F81C
S31508003FA03B3043F0030380F83B30494FC76307644F
S31508003FB0007DFDF74FFEA5637560B560F56094F862
S31508003FC03A3043F0100384F83A3094F83B3043F023
S31508003FD0030384F83B30E7632764207D00EB400346
S31508003FE01B0103F1A04303F58023DB6EBB4219D006
S31508003FF00DF10F0107F07AFD9DF80F30ABB194F87B
S3150800400044306FF3410384F844300094314B324610
S315080040102146207DFDF7F2FD207DFDF73BFE04B02D
S31508004020BDE8F081FDF736FEF9E7204606F001FD0A
S31508004030054602A9207D07F07DFD029B591E2069D1
S315080040400023A361E36123626362228B61F30E128C
S315080040502283A27E42F01002A276E27E42F003029A
S31508004060E276E0612562227D1B4902EB420001EB04
S315080040700010056FC5F3400594F8247065F34107F1
S3150800408084F82470A57E63F30415A576056FF8B247
S3150800409065F3000084F8240002EB420201EB0211EA
S315080040A00A6F9210616A62F39F01616294F8442074
S315080040B042F0020284F84420D2B263F3000284F884
S315080040C044204FEAA808636C68F39F0363649CE77F
S315080040D048250020DDAB000800000450F0B589B083
S315080040E004460E46007DFDF7B5FD0DF11F01207D46
S315080040F007F0FCFC204606F09CFC0546236D83422F
S315080041004AD2A26C934216D0238DC3F30A123244C4
S3150800411062F30E132385236D1E442665A26CE36C99
S3150800412013449E426FD0236DAB426ED0207DFDF7BF
S31508004130B1FD09B0F0BD701E276904F128030021FE
S31508004140A162E16221636163B4F828C060F30E1CC2
S31508004150A4F828C094F82A0040F0100084F82A0031
S3150800416094F82B0040F0030084F82B00E7622263E2
S3150800417094F82A2061F3041284F82A2023F0030213
S31508004180237D42F0020203EB43031B0103F1A04324
S3150800419003F580231A67BEE79DF81F30B3B9227D61
S315080041A01D4802EB420300EB0313596EC1F30A11D3
S315080041B031445B6E23F4FF4323F0700343EA011393
S315080041C002EB420200EB02104366A4E70494134B89
S315080041D00393002302930196012300932369024661
S315080041E02168207D06F0AEF8237D0B4A03EB4301D8
S315080041F002EB0111496E21F4801103EB430302EB34
S315080042000312516687E722658DE7012384F8543047
S315080042102046FFF7B1FE89E700000450DDAB000831
S3150800422070B588B006460C461546A02200212046E1
S3150800423007F068FAA446AE46BEE80F00ACE80F00E1
S31508004240DEF80030CCF8003004F1640C05F1140EE9
S31508004250BEE80F00ACE80F00DEF80030CCF80030FE
S31508004260AB6AA364EA6AE264236595F8302084F8A9
S31508004270952095F8332084F89620C4F898300123C1
S3150800428084F89C3084F85430AB6B23663460374B23
S315080042907360374BB360374BF360374B7361374BFB
S315080042A0B361374B3361FDF777FC10B1354A90425D
S315080042B053D1002107A8FDF7EDFB00284FD19DF843
S315080042C01C302375002107A8FDF7E4FB00283FD121
S315080042D09DF81C3084F87830207DFDF7BBFC00285B
S315080042E040D1E36C0494284A039200220292019377
S315080042F0012300932369A26C2168207D06F022F829
S3150800430090BB237D03EB43031B0103F1A04303F595
S31508004310802342F264024FF480119950AB6B93F9F3
S315080043201000FFF73BFCAB6B93F9100006F0E5FABB
S3150800433004F1900005F0F2FF3046FFF759FC2046DD
S31508004340FFF71AFE207DFDF7A5FC48B1102007E00F
S31508004350207DFDF7F7FB102002E0102000E010207A
S3150800436008B070BD1020FBE71020F9E783AB000802
S3150800437097AB00083DAD000827AA00082DAA00083B
S31508004380B9AD0008038000F0DDAB00080346064A15
S3150800439010680344054A934202D8034A13607047DB
S315080043A04FF0FF30704700BF242600200080002011
S315080043B0BFF34F8F0549CA6802F4E062044B134302
S315080043C0CB60BFF34F8F00BFFDE700BF00ED00E0F5
S315080043D00400FA05BFF35F8F074B5A6A22F480324E
S315080043E05A62D3F8942022F00102C3F89420BFF34E
S315080043F04F8FBFF36F8F704700ED00E070B5FFF782
S31508004400E9FFA0220021214806F005FD204B21499D
S315080044108B4206D021F01F02203AB2F1005F0FD37B
S3150800442000E01D4A1D4D286842F001021C4CC4F8E4
S3150800443098001C4EC4F89C60C4F8A020013028607F
S315080044408B4210D01F3323F01F0343F00303134896
S3150800445002681349C1F89820C1F89C30124BC1F87C
S31508004460A03001320260BFF35F8F0D4B0522C3F8FF
S3150800447094205A6A42F480325A62BFF34F8FBFF3D0
S315080044806F8FBFF34F8FBFF36F8F70BD90ED00E056
S31508004490C02500208025002000800020F420002070
S315080044A000ED00E003000020E17F002010B4194B66
S315080044B05A6E02F4803203F580514FF48030486614
S315080044C0586E4FF000434B66134B596C01F00101CF
S315080044D04AF6CD341C64104B5B6B13F0010FFAD10E
S315080044E00E4B01245C600C4B1B6B13F0010FFAD0CA
S315080044F011B1094B0A491964002803DB094B4FF02F
S31508004500004159661AB9074B4FF480325A665DF86E
S31508004510044B704700800050004009500060095065
S315080045203254FFFF00A0005010B507F055FD0446B1
S31508004530144B1B78DBB9144A1360144A1360144AE7
S31508004540136000F02DF8012007F076FE07F0C6FC90
S315080045500246104B186078B100230F4840F2E73145
S3150800456005F052F80D4B1860064B01221A702046CA
S3150800457007F02DFD002010BD204607F028FD23205A
S31508004580F9E700BF4B25002000210020FC20002071
S31508004590082100200421002018FCFFFFF820002035
S315080045A010B586B000248DF8144000940194029446
S315080045B00394049401238DF80030164807F019FD7A
S315080045C0BFF34F8F05A8FEF7C5FF8DF80040694673
S315080045D02046FEF7D7FF0F21204607F0E3FA0F2102
S315080045E0204607F0E5FAFEF799FF0B4B5B6813F0D8
S315080045F0010F03D0084BDB69002BF6D1064B0022CE
S315080046009A614620FFF7CAFA462006F076F906B000
S3150800461010BD00BFECD1000800800A502DE9F84310
S31508004620DFF860900646D9F8008008461746B8F1C4
S31508004630000F03D00E242046BDE8F88306B333687E
S3150800464001331DD1E1B100F067F805460028F1D025
S31508004650C9F8000000F086F8284606F04CFC044627
S3150800466040B14046C9F8008000F07CF8284606F0BC
S315080046703DFCE0E73560002FDDD02846B847DAE78D
S315080046802124D8E70C210020024B1868003818BFEF
S31508004690012070470C21002038B505460C4601F06C
S315080046A099F938B1204602F0A5FF40F2651241217A
S315080046B000F0FCF944B1236833B11B68013303D019
S315080046C0E3680BB1A3684BB906F0CBFE00204FF4A4
S315080046D0C172412100F0EAF9212038BD204601F0D7
S315080046E087FD00230A4A85F83031C5E93743C2E910
S315080046F0003363694BB1074A422110684FF4D272FE
S31508004700C31A5842584100F0D1F90020E5E700BF26
S31508004710C025002050230020F8B5044607F053FCB6
S31508004720002607460E4B1B6893B19E68AEB196F8F5
S315080047302420D20711D435460FCC0FC50FCC0FC590
S3150800474023682B6096F8243043F0010386F824305A
S31508004750384607F033FC3046F8BD1B68E4E700BF6F
S315080047602C26002010B5044618B9054B054A1360D7
S3150800477010BD00F01FFAD4F8E830002BF6D1F4E7A4
S31508004780D9AE000828260020084B10B4002A14BF0A
S3150800479014461C46064B1C6019B15DF8044B06F01E
S315080047A0F1BB08465DF8044B704700BFD9AE000858
S315080047B028260020D0F8E0302DE9F04105460C46C1
S315080047C013B1C38D8B424CD0D5F8DC30002B4BD0BF
S315080047D09E68002E48D0D868002845D0013800B217
S315080047E000281ADB002106E0128A591CA24217D2B9
S315080047F009B2884211DB0B1803EBD3735B1003EB8A
S31508004800C30206EB8202B2F80EC003F1FF3EA445CE
S31508004810EAD90FFA8EF08842EDDA2120BDE8F08158
S315080048204FF6FF7299B29142F7D09BB203EBC303DE
S3150800483006EB83062846B6F9122095F82411D5F812
S31508004840F080FEF7E1FE0746B8F1000F04D000231A
S31508004850324628461946C047EC85C5F8E06085F813
S315080048602D710020BDE8F0810E20BDE8F08100BF63
S315080048702DE9F04782B004460F46164601F09EF829
S3150800488000286FD1494D2B68D4F8DCA0D4F8E08015
S315080048900BB153456AD04FF00009AF6001F0A4F898
S315080048A00128074604D001210022084600F0D2F963
S315080048B02B68DAF80010D8F8002013B11868884277
S315080048C05FD0204606F040FD94F82530C5E900A8DB
S315080048D013F0010F0CBF32460122D4F8F05062F3F0
S315080048E0000384F825308DF80760002D50D000228B
S315080048F0204611460DF10703A847204600F0B4FCF0
S315080049000546B9F1000F10D07EB9D4F88C3013BB28
S31508004910012F06D0002D47D0254B002103205B68C8
S315080049209847284602B0BDE8F087B5FA85F040F208
S31508004930FA423321400900F0B9F83146204600F022
S315080049404FFE1C4B05461B68414620469847D4F83F
S315080049508C30002BDCD000224FF40073204600F088
S3150800496039F9D5E70023114D6B608CE76B68002B8E
S3150800497091D043458FD1AB689F4215D04FF00109BE
S315080049808BE7696811B1096891429DD0596898E723
S3150800499094F82A1094F82D313246994228BF1946C0
S315080049A0204600F0B3FBA8E70025BAE7C02500209B
S315080049B03426002028260020F8B50E46054607F0BE
S315080049C002FB314607462846FFF7F4FE044620B1A7
S315080049D0384607F0F3FA2046F8BD00F0CFFF224626
S315080049E031462846FFF744FF04460028F0D195F9DA
S315080049F02430002BECDA284606F0FAFC0028E7D02B
S31508004A002246284695F82C1006F0B0FC0446DFE747
S31508004A1070B504460E4607F0D6FA314605462046D6
S31508004A20FFF7CAFF044620B9044B01465B6803201A
S31508004A309847284607F0C2FA204670BD342600205B
S31508004A4010B5FFF721FE20B9054B1A68054B9A42A7
S31508004A5004D1BDE81040044B1B68184710BD00BFC1
S31508004A6070260020008000407426002013B50446F6
S31508004A70694606F01EFB204606F0CAFBFF280246DA
S31508004A8006D020469DF80010FEF74EFE02B010BD77
S31508004A900048FBE70080FFFF08B50B4602491940AE
S31508004AA006F00BFB002008BD0700110010B550B931
S31508004AB00548064B0160064802601868054B1860F1
S31508004AC0186805F004FC10BD302600200C210020D3
S31508004AD0142300201023002010B50446D0F818210E
S31508004AE00B4B4FF40061C3F8D42090F82420D20170
S31508004AF002F4006204F030FD94F8243013F0100F2D
S31508004B004FF4007314BF034A034A536410BD00BF31
S31508004B10003E00B0001002B8002002B8D0F8E43019
S31508004B2013B11A68032A10D8094BDB6BC3F3C20208
S31508004B3013F0380F03F0070018BF504313F4E07F53
S31508004B40C3F3821203D050437047986A400E7047E9
S31508004B50008001B8431C07D06FF0FF02034B1040DA
S31508004B605A62A3F580535862704700BF00E000B848
S31508004B70F8B504460F46164607F025FA0546A04737
S31508004B80044620B1284607F019FA2046F8BD03F076
S31508004B9075FE04220549D1F8003F23EA070333438B
S31508004BA0C1F8003F024B5A64ECE700BF003000B082
S31508004BB0002002B838B10368044A002B08BF134620
S31508004BC0034A13607047014BFAE700BF51B100086A
S31508004BD04426002010B4D0E9544122400B4052EA42
S31508004BE0030104D003495DF8044B096808475DF8DA
S31508004BF0044B704744260020024B986F00F00F00C4
S31508004C00704700BF003F00B00F2938B505460C466F
S31508004C100ED800F0E9FE01280CD1074A2846936F02
S31508004C2023F00F032343936706F0CAFB002038BD21
S31508004C302120FCE70220FAE7003F00B0014BD86FBD
S31508004C40704700BF003F00B0014B0020D96770478E
S31508004C50003F00B003282DE9F74F0C46914600F2B5
S31508004C608780444B13F800A0434B1E5C434B13F854
S31508004C7000B007F0A8F9804603F0B2FD074640B138
S31508004C8000230022CDE9003301200023002103F090
S31508004C9085FB03F0ADFD48B100230022CDE90033C2
S31508004CA0002000234FF4004103F078FB002E52D079
S31508004CB0334BDD6C05F008050AEB0600314B233053
S31508004CC05844DD64C0B201F027FF3146504603F070
S31508004CD037FE5A463146504603F0D6FE2A4BDD6467
S31508004CE0DFB12A4B1868D0F89410F83002F0F4FABD
S31508004CF027490868FFF72EFF4FF0FF330B60254B57
S31508004D001A68511C06D06FF07E402349C863A1F586
S31508004D108051CA634FF0FF321A60B9F1000F04D010
S31508004D201E4B002103205B689847B4B14FF480629C
S31508004D301B4B1D6F03F50053C5F380251A674046C4
S31508004D4007F03CF900F050FE012808D15DB90020B3
S31508004D5003B0BDE8F08F3546AEE72546EFE7002CF1
S31508004D60F0D10520F4E74FF480620E4B1A67EEE7A0
S31508004D702120EDE774D2000870D200086CD2000832
S31508004D80004000B8006000B8005000B80C210020B0
S31508004D90402600203C26002000E000B834260020EB
S31508004DA000C001B800D001B870B50D46064620B956
S31508004DB01A4B1B68A3B10E2011E000F015FE01285E
S31508004DC029D1174B93F90040C4F12704641BC4F199
S31508004DD01C03002BB8BF5B42232B0CDD212070BDC2
S31508004DE0A1F10B03002BB8BF5B42232BF6DC0C4B5F
S31508004DF019700020F3E786F8275007F0E4F8094A07
S31508004E00E402136A04F4FF2423F4FF231C43146208
S31508004E1007F0D4F8EDE70220E1E700BF0C210020F7
S31508004E204C25002000C000B810B5FFF755FE0D4B05
S31508004E301B68984707F0C7F80B4A0121D2F8D03EFD
S31508004E40044623F02003C2F8D03E0222074B084648
S31508004E509A60074B5B689847204607F0AFF8002032
S31508004E6010BD00BF74260020003000B0001002B844
S31508004E70342600200B4B08461A6D92020FD4D3F83D
S31508004E804021D1070CD4D3F83823D20708D4D3F855
S31508004E90803013F4706F14BF012000207047012082
S31508004EA0704700BF004001B8F8B50D46D0F89430F9
S31508004EB002EA010423EA01032343C0F894303B4A7B
S31508004EC001F00B0323EA0401D1642340A2F58052C2
S31508004ED06F070646D36410D50121FFF7CBFF60B1F3
S31508004EE003F0CCFC4FF4007314F0040F14BF304ADF
S31508004EF0304A13650422304B5A64E90606D514F085
S31508004F00100F14BF00221B222C4B5A652A0618D5EF
S31508004F10230611D54FF40012254BDA6407F053F82F
S31508004F200E210746032002F067F940F20122234BBF
S31508004F303846DA6207F042F8214606F1F80002F030
S31508004F40CBF9EF0503D5E0052AD502F043F9A90503
S31508004F5003D5A20527D502F049F915F0600F0AD046
S31508004F60D6F8E410304606F0F4F88022144BC3F85D
S31508004F708800144B1A612B0510D503F07FFC124AE2
S31508004F8014F4006FD2F8003F14BF43F0006323F017
S31508004F900063C2F8003F0422074B5A640020F8BD9C
S31508004FA002F012F9D3E702F01BF9D6E7006000B861
S31508004FB0005001B8006001B8002002B8004000B8EF
S31508004FC0003F00B0000002B8003000B00A78022A9C
S31508004FD011D0101F4242424152004B781201022B57
S31508004FE00BD0191F4B424B415B000549054842EA65
S31508004FF08312FFF7BDBD0122EFE70123F5E700BFE6
S31508005000F0FFFF00315A00080B78022B10D0181F4A
S31508005010434243415B004A78022A0BD0111F4A4299
S315080050204A4152000F21044843EA8202FFF7A0BD15
S315080050300123F0E70122F5E75D5A0008F8B50D7877
S3150800504004460A2D0E4690F8247108D106252846EE
S3150800505001F0E6F818B90135EDB20A2DF7D1284660
S3150800506001F0DEF8002848D094F82431AB4209D183
S31508005070B288D4F8A4309A4204D17288B4F826319A
S315080050809A4238D084F82451B3882846A4F828319F
S31508005090738804F59275A4F82631B388C4F8A43049
S315080050A0FF2384F82B3006F007FA84F82A002846EE
S315080050B001F072F910BB284601F0A8F8F0B9D4F847
S315080050C0E03053B194F82411B94206D02046B3F91A
S315080050D01220FEF799FA84F82D01204601F07CFA91
S315080050E00849A4F828010123074AD1F8FC1004F15D
S315080050F0F80002F013FF0020F8BD21200C2384F8E5
S315080051002431F9E7004F00B0983F00B070B5054666
S3150800511090F824010C460C281FD0FF2901D1212024
S3150800512070BD1AB14FF0FF320D4B1A6006F0C4F984
S31508005130064695F8240101F0B1F8844228BF0446D2
S31508005140E4B2B44238BF3446E0B285F82B0001F029
S3150800515073FBFF28E3D00020E2E70220E0E700BF68
S315080051604826002010B590F8243104460C2B44D06C
S31508005170D0F8E03080F82A10DBB3D0F8F020D2B9A6
S3150800518090F82D318B421CD300222046FFF7BEFF34
S3150800519048BB1B4B1B78063B032B23D8204601F044
S315080051A01BFA18490123184AD1F8FC1004F1F80033
S315080051B002F0B4FE16E0B0F94220B3F912309A4272
S315080051C0E2DD0022204694F82D11FFF79FFF50B923
S315080051D0C4F8E000204605F0F9FE4FF6FF73984242
S315080051E0014601D1002010BD2046BDE81040FFF75A
S315080051F0E3BBFF2380F82B30F4E70220F3E700BF78
S3150800520000270020004F00B0983F00B0F0B51D46BB
S31508005210144B04461B780F46164685B05BB1D0F88A
S31508005220E030E3B102AAB3F912300092002205F089
S3150800523042FB05B0F0BD02A905F03BFF9DF808103A
S315080052403A462046FEF7E0F9014626B92A462046A0
S31508005250FFF75CFFEDE72046FFF784FFE9E718460E
S31508005260E7E700BF62D00008F0B5D0F89C3095B0EB
S31508005270012B03D10025284615B0F0BD04467C490C
S3150800528006F06BF9D4F8E0600146E58DC4F8E40051
S315080052902EB133681BB15B68002B40F0A58006F081
S315080052A092FE01462046FFF739FC0746084606F0F7
S315080052B085FED4F8E410B3898DF80E70EB1A9BB20C
S315080052C0D6E9012000FB03226A48ADF80C300368D2
S315080052D00292994208D0204605F03BFF8022664993
S315080052E0664BC1F888001A61654D644E00F07CFB78
S315080052F00128FBD12B6CDA07F8D4736CDB01F5D4E3
S3150800530094F82530DF070CD5D6F878215D4BC6F81A
S31508005310EC23D3F8F830D6F8A0209D06C6F8F0237B
S3150800532069D494F82530D4F8E4106FF3000384F8B0
S315080053302530204612919DF80E20029908AB02F0FE
S315080053404BFA80B900F050FB0128FBD14B4A4C4977
S31508005350536CD801FCD40B6CDB07F9D408A901A857
S3150800536002F080FC18B10225284615B0F0BDE28D82
S31508005370454B5A6400F09CFF054600287FF47BAF36
S3150800538094F8243060F3410384F8243000F0DCFB01
S31508005390D4F8E030411E5B69C9B21E68FD29024691
S315080053A004962CD9F71C3DD938490136096818BF27
S315080053B00126C81C42D85B68FF2A0491059344D18C
S315080053C0DF1C27D8204604A906F01BF8002E7FF418
S315080053D051AFD4F8543198052AD494F8243043F0C0
S315080053E0020384F8243045E71A68032A7FF657AF84
S315080053F09F6A7F0E5FE7204601F0EEF891E75B684B
S315080054000128059304D0204604A905F0FAFF31E7E0
S315080054100126D5E701331D4B5B6818D0D91C12D875
S315080054200593CFE75B68FF280593F1D02A46EAE79C
S3150800543020464FF4803105F04EFE1BE7FF2A5B68D5
S315080054400DD00593C2E7FF2AC0D10022BAE7DD1CBA
S3150800545008D8204604A9059305F0D3FFB9E7012229
S315080054600593ADE7FF2AB4D10022204604A9F3E745
S31508005470FC4F00B01C230020003F00B0000002B81B
S3150800548000C002B8004F00B0008001B854260020C2
S315080054902DE9F0410B460646154611B92120BDE80F
S315080054A0F081002AFAD0032905D8002200F0EEFD83
S315080054B003460028F2D01C889A78B4F5804F02F08B
S315080054C0070180F08680A1F1070C1879DF88DCF1E6
S315080054D0000343EB0C0305292B7394BF0023C2F387
S315080054E00013C2F3801C6B73930985F810C003F090
S315080054F00203C2F3C00C43EA0C03C2F34012E87479
S315080055006B74AA74D6F89430AF82D8064DD406398F
S3150800551001294AD8B6F81280F76908F1FF38083C1D
S3150800552004EA0804395D2C4B80295B6D08BF6FF0CF
S315080055307F014FF000031CBF323949B2A973AB6033
S3150800554096F82600013404EA080460BB3B5D5B015B
S3150800555003F47E63FF2B9CBFDB43D8B2D6F8EC304E
S3150800556003B19847631CE87303EA0803F95C01333F
S3150800557003EA0803FA5C013303EA080341EA022155
S31508005580FA5C013303EA0803F85C41EA02410023A6
S3150800559041EA00616A7C304602F07CFD06232860F9
S315080055A0AB7100207BE71846DCE700230020EB738D
S315080055B00A4BDA69C2F30723120448BF63F0FF03F4
S315080055C05AB212F1800F1CBF323B5AB2AA73034675
S315080055D0E5E7022063E700BF004000B800C000B856
S315080055E0F8B504460E4619B990F824305A0647D439
S315080055F03B4B3C4A5B6A618EC3F3032313704FF639
S31508005600FF739942D4F8E47004D0374B1B680BB18A
S3150800561020469847354D2B68BB4256D0344B1B68FD
S315080056203BB11FB13A68002A51D0BF6839462046B7
S3150800563098470727204600F0CFFF002E3BD00620CC
S315080056402C4B94F9272093F900302549C3F12703F9
S315080056509B1A0A6ADB0222F4FF2203F4FF23134390
S315080056600B62D4F8E420244B2A60986701F07CF991
S315080056700122224B20461A7005F0A2FE0020F8BD32
S315080056804FF6FF7C66F38613154A80F82430536A72
S31508005690164D1449C3F30323D0F8E4700B702B6836
S315080056A0A0F832C0BB4217D0114B1B68002BB8D1EB
S315080056B000F092FF072712493B46124AD1F8FC1020
S315080056C004F1F80002F02AFCB9E70127B2E7174609
S315080056D0204639469847ACE700F07EFF0127EAE7FF
S315080056E000C000B84E250020242300201C230020DB
S315080056F0202300204C250020006000B84D250020FE
S31508005700004F00B0983F00B0054A12681AB190F8E9
S315080057101E1119B91047084601F080BD01487047A7
S315080057201823002000FEFFFF404B2DE9F7431D68B4
S3150800573001F4007900F00103174653EA0902064608
S315080057400C4640D04FF0000893B3002300220120F6
S315080057500021CDE9008802F021FE41462846FFF7E0
S31508005760D3FF012241462886104605F016FCD5F8D7
S31508005770941005F1F80001F0AFFD2D490868FFF710
S31508005780E9F94FF0FF330B602A4B1A68511C06D013
S315080057906FF07E402849C863A1F58051CA634FF06F
S315080057A0FF321A6095F8243043F0040385F8243054
S315080057B0B9F1000F07D00121284605F08CFC24F426
S315080057C0007406430C43324623462846FFF702FA7E
S315080057D022044FF0000308D5CDE900330022002348
S315080057E000204FF4004102F0D9FDFB070FD51349FD
S315080057F0134A08680021136811600121114A1170C3
S3150800580003B19847104B002102205B68984717F0B0
S315080058100E0F08D04FF409723B21002003B0BDE8F3
S31508005820F043FFF743B903B0BDE8F0830C2100202D
S31508005830402600203C26002000E000B8282300204F
S315080058402C2300204F2500203426002008B5582296
S315080058500021064805F056FF1022FF21044805F0EE
S3150800586051FF03F097FE002008BD00BF043F00B0BB
S31508005870483F00B073B581217A22A0F8141182211D
S31508005880C0F80021C0E9411264220C23C0E9432272
S3150800589007224FF0FF35002680F824314FF6FF73B4
S315080058A00446C28700F14C0282641F4AC385A0F8E9
S315080058B0403080F82C3043864263038780F827609F
S315080058C0C0F8A450458502F09BFF2046FFF7BEFFAF
S315080058D00122164B2046C3F8382294F92710FFF701
S315080058E063FA6023124A41F6FF71D3644FF03A42D5
S315080058F0116311670F4A2946D36440220E4B20468E
S315080059005A64D4F89420FFF7CFFA0E230022CDE983
S31508005910003340F202231046194602F03FFD00F01C
S3150800592097FC304602B070BD4000FFFF005001B83A
S31508005930004000B8005000B8002002B838B506F09C
S3150800594042FB4FF6FF710A4A13888B4203D106F0D1
S3150800595035FB0E2038BD074C074D1B046567A4F5BB
S3150800596080546367118006F029FB0020F2E700BF28
S31508005970FE260020006001B80000FFFF08B50C4BAA
S31508005980D3F84C21531C11D012F080420ED1094B8A
S315080059901B681BB111460320FFF75CF94FF08062C4
S315080059A0054B1A6501225A6102229A6208BD00BF98
S315080059B00080E00F0C210020001002B84FF40022EE
S315080059C0034B586C03F500535A64C0F3C040704744
S315080059D0000002B8034BDB6913F4401F0CBF01201B
S315080059E0002070470080E00F0F4BDB68C3F30363AA
S315080059F0013B0B2B0FD8DFE803F006060C0606065C
S31508005A0006080A080808022070470420704705207F
S31508005A10704703207047054B5B6913F0060F0CBFF0
S31508005A2001200420704700BF000002B800C001B87A
S31508005A30094AD368C3F303630B2B08D06FF490505D
S31508005A40184100F0010080F0010040007047506CDA
S31508005A5010F48030EDD17047000002B80C4AD368C4
S31508005A60C3F30363062B07D8042BD8B20BD8C31E7F
S31508005A705842584140007047072B06D1D2F86801B2
S31508005A800028ECD17047022070470020704700BFFD
S31508005A90000002B8094BDB68C3F303639A1E012AA8
S31508005AA08CBF00220122012B02701EBF4FF4026236
S31508005AB022FA03F303F001030B707047000002B8E3
S31508005AC0FF28074B09BF0A6851F82020C3F8782237
S31508005AD04A6818BFC3F87822C3F87C22704700BF0B
S31508005AE0004001B8144BFF281870144A144B09D10A
S31508005AF01821C2F8FC131022C3F8FC23114BD3F863
S31508005B0074320DE0C0431821C00000F00800C2F846
S31508005B10FC13C3F8FC030028F0D10A4BD3F87832FB
S31508005B2040F2FF31054AC3F30903C2F80C11A2F586
S31508005B308052C2F80C31704750250020002002B868
S31508005B40001002B80080E00F014B1878704700BFBC
S31508005B50502500204FF03A43D3F81421D2031ED51E
S31508005B604FF480320E49C1F81421A1F58051C1F8CD
S31508005B7018215A6DD1B2C2F30722C3F8A410C3F88C
S31508005B80A4200422C3F8A4200022C3F8A420C3F842
S31508005B90A420C3F8A420C3F8A420C3F8A4207047FF
S31508005BA0002000BAF0220B4B01219A64A022A3F52B
S31508005BB080539A644FF03A43826CC3F8F410FC2180
S31508005BC0C3F8CC10C3F8D0204FF40052C3F8F02025
S31508005BD0704700BF006000B8F8B50D464FF03A446C
S31508005BE01746064606F0EFF901230421074A6363C0
S31508005BF0E76026616561C2F81411054AC2F8843166
S31508005C0006F0DCF90DB102236363F8BD002000BA83
S31508005C1000E100E02DE9F04105460124006800F0A6
S31508005C200700063004FA00F3A868EC685E1EA04276
S31508005C3062D000EA060E6C6810441E430640A3EBC9
S31508005C400E000EEB040C8242644618D9D31A0EEBEA
S31508005C50030298B1431E052B04D94B1CACEB030376
S31508005C60022B59D80B460844ACEB010E03EB0E0188
S31508005C7013F8014B83420C70F8D101466C688AB15F
S31508005C80531E052B01F1010302D9E01A022812D886
S31508005C900A44611E00E0013313F8010C934201F82F
S31508005CA0010FF8D106F08FF90223AE60AB62BDE8AA
S31508005CB0F04106F083B90B46204622F0030E8E44C7
S31508005CC053F804CB734540F804CBF9D122F003030B
S31508005CD0D01A920701EB030C04EB0307E2D0CA5C67
S31508005CE00128E254DED09CF8013002287B70D9D016
S31508005CF09CF80230BB70D5E7042A35D90878043AEF
S31508005D00A86148780431A86111F8020CA86111F855
S31508005D10010CA861A8688CE70B4620F003070F441E
S31508005D20ACEB010E1C684EF803400433BB42F9D1B4
S31508005D3020F0030310F0030F01EB030EA0EB03049E
S31508005D400CEB030728D011F80380012C0CF803800C
S31508005D5022D09EF80130022C7B7018BF9EF80230C4
S31508005D60084418BFBB7088E7013A032A12D8DFE84F
S31508005D7002F00F1507020B4613F8012B1946AA6104
S31508005D800A4612F8013BAB61114611F8013BAB61BB
S31508005D900B78AB61BDE8F08108446EE70A46F3E785
S31508005DA038B50B46154601464FF03A4468B101220C
S31508005DB01048C4F8F4201A46FFF72CFF25B14FF017
S31508005DC03A430422C3F8F42038BD73B1D4F8D82076
S31508005DD09A4284BF0122C4F8F4204FF03A42C2F82E
S31508005DE0D4300223C2F8F430E8E70123C4F8F430CB
S31508005DF0E4E700BFCC0000BA38B5044606F0E3F87D
S31508005E004FF03A420121638F054651674BB3B3FA07
S31508005E1083F3C3F11903DBB2A069C2F8B410C2F860
S31508005E208C300723C2F89000C2F8B0304FF4A02394
S31508005E3002F50052C2F81431A2F58052C2F81831A0
S31508005E4000220C4B1A600C4B5B6C5B0209D54FF4B5
S31508005E5080020A4B04F1F8005A64D4F8941001F051
S31508005E603BFA4FF4E0232846E363BDE8384006F0E2
S31508005E70A5B800BF30230020000002B8002002B8F1
S31508005E80044B186820B140F001021A6020F00100A6
S31508005E90704700BF302300202DE9F84305460C461D
S31508005EA0B1B1D0F81880478F06F08DF8B5F83CC028
S31508005EB0791E01EA0C0323F00702032C0646DFF8D5
S31508005EC0F8E042445ED1DEF8004024B906F076F8E0
S31508005ED00E20BDE8F88324F00104DEF8000020F067
S31508005EE00100A04253D10023CEF800302388944203
S31508005EF06FEA43436FEA534323803ED1EB8F08EBA7
S31508005F0007091846083880B202F108044C4528BF2C
S31508005F104446082804D9B4F800E0BEF5804F40D2BC
S31508005F2063440F431B1A3B409BB2AB87E8879478C0
S31508005F3011884FF03A42C1F30C019165C2F89830C6
S31508005F40C2F8B0004FF48022174B04F00704C3F8D8
S31508005F5014210122154BC3F88421FFF7FBFD042CFD
S31508005F600BD14FF48002124B05F1F8005B6C114B14
S31508005F705A64D5F8941001F0AFF9304606F01EF8C9
S31508005F800020A6E7601E012898BF1446A5E7E88FFB
S31508005F904344E31A48BFDB1908389842A6DC304662
S31508005FA094E72246AEE700BF002000BA00E100E011
S31508005FB0000002B8002002B830230020154B10B5A7
S31508005FC01968CA8F8B8F488F13440138073B8C6931
S31508005FD0034023F007031C4402F108034FF03A423A
S31508005FE09BB2CB87C2F8B0304FF480220A4BC3F875
S31508005FF014210122094BC3F88421A07800F0070078
S31508006000042803D1064AD3681B03FCD4054B1C603D
S3150800601010BD00BF0C210020002000BA00E100E0FE
S31508006020000002B83023002010B5064C216839B1AB
S31508006030CB0703D4044B1868FFF72EFF0023236011
S3150800604010BD00BF302300200C2100204FF4803201
S315080060500C4B0D49C3F818214FF03A43C1F81421E7
S31508006060D3F8AC10D3F88C20012302F007020632CD
S315080060709340C1F30C01083B994201D8FFF76ABD6A
S31508006080704700BF002000BA001000BA2DE9F0479B
S3150800609080460C4616468769458F05F094FFB8F882
S315080060A03C2005F1FF3C02EA0C0323F00701032C10
S315080060B082463944B8F83E0019D14A4C24689CB93E
S315080060C00244073A02EA0C0222F00702BC183B44D3
S315080060D0E31A48BF5B19834210DB504605F06EFF92
S315080060E000242046BDE8F08724F00104EFE7012CE0
S315080060F002D0022CEBD108380C46E8E7002E3FD038
S315080061008C4241D14FF03A42D2F858904FF03A417A
S31508006110D1F8AC20B8F81270C2F30C02934247DAF1
S315080061202588B5F5804FD8D2A378C5F30C0503F0BA
S3150800613007037A1EA5EB09053A43052B337005EAD2
S3150800614002052DD82DB2E84340F241420421C00F82
S31508006150FEF7ACFC7580E3783374D8F81C207B1EF8
S3150800616003EA0903D118B160A9B213FA85F5AF425B
S315080061702FBF0023FF1AB780F26024BFB180F360F7
S31508006180504605F01BFFACE7A4F10802974284BF0E
S31508006190ED0802EBC502B2F80090C9F30C09B5E7A1
S315080061A0114B5B6D003B18BF0123A5EBC305C9E77F
S315080061B04B6D7A1EA3EB09033A431A400B4915B2F5
S315080061C0002DCB680BDCC3F30363D81E434243415F
S315080061D0DB003370CB6C72801B0A3374BDE708236F
S315080061E0F7E700BF30230020004000B8000002B8DF
S315080061F0054BA822D3F84C013121431C0CBF0120C2
S31508006200C0F38070FEF752BC0080E00F034B1A689B
S3150800621002609B8883800020704700BF002700200B
S3150800622010B50446084B063C9B689847074B032C59
S31508006230D3F8F80706D800F4C020B0F5C02018BF78
S31508006240012010BD0020FCE774260020000002B8DB
S315080062500E4BD3F8FC37FF2B0ED0C3F3421103F0D5
S315080062601F03013303EB4112FE2A88BFFE23084AA7
S3150800627098BF03EB4113137041F66A02054B1B687E
S31508006280B3FBF2F3044A1360704700BF000002B87C
S315080062900B2700205023002034230020063803282B
S315080062A09ABF024B18780020704700BF0B270020C2
S315080062B0334BD3F8F827D3F8FC17324B1B68D3F8BF
S315080062C0E43013B11A68032A2BD82F4BDB6BC3F3C0
S315080062D0C20013F0380F03F0070218BF424313F445
S315080062E0E07FC3F3821000D04243C1F34213022B6E
S315080062F0234919D9062A37D9D1F8FC3313F00103F3
S3150800630035D14FF0E0702149092AC1F82C012048FF
S31508006310C0F82C316FF0FF03C1F828311DD91D4B89
S315080063201DE09A6A520EE0E70023D1F8FC13C9076C
S31508006330E7D5032A1CD84FF47C71144A43F44C73EE
S31508006340C2F82C114FF0E071C2F82C111049C1F8AF
S315080063502C316FF0FF03C2F828314FF408530C4A6A
S315080063600020C2F8283170474FF40003DDE7002308
S315080063704FF47C70054943F43873C1F82C01C0E723
S31508006380000002B80C210020008001B8002002B8E5
S31508006390001002B8002DB00BF8B5834D04462978D5
S315080063A0002950D12C22814805F0ACF92378804F7A
S315080063B0FF223B70638800247B807E4B4FF481501C
S315080063C0C3F8DC407C4B1A7007227C4BD3F8F817CD
S315080063D0D3F8FC6703F50053C3F8FC234FF4707237
S315080063E0C3F82C21764A4903C3F830214FF001023D
S315080063F0C3F83421C3F86C014FF40060A3F5805349
S31508006400C3F86C0126D4C3F8FC234FF4307216F097
S31508006410E00FC3F82C2108BF4FF480524FF0080054
S3150800642008BFC3F86C21FCF7B7FC4FF478042022A8
S315080064306449C1F86C213A78063A032A2BD8DFE872
S3150800644002F0156B6E7300235F4AC2F8FC305F4A90
S315080064501370ABE70421C3F8FC1380210920C3F8A5
S315080064602C11C3F83421FCF797FCE0E716F0E00F8F
S31508006470C6F3421204D144F40C3444F440740AE0DE
S31508006480012A1BBF2020524A44F4C134C2F86C01C9
S3150800649018BF44F48024C1F83041FFF709FF0028EB
S315080064A039D14C4B1A68B2F1406F474A5BD3D3F8DF
S315080064B07C1201313BD0D3F87C12C9B2C2F8DC1089
S315080064C0D3F88032404ADBB24249C2F8E430D1F808
S315080064D08432013343F63F7332D0D1F884421C40EC
S315080064E0C2F8D840D1F888120B40C2F8E030394BD0
S315080064F0D3F88C1201312CD0D3F88C1201F0FC01A0
S31508006500C2F8F010D3F8903203F0FC032E4AC2F812
S31508006510F43001232B70F8BD44F40834ADE744F495
S31508006520A73444F48074B6E744F4FE44B3E7234939
S31508006530D1F82831DBB2C2F8DC30D1F82831C1E70E
S315080065401E4CD4F824111940C2F8D810D4F82411D6
S31508006550CAE71A49D1F8343103F0FC03C2F8F0301F
S31508006560D1F83431D0E71549D1F8F847D3F83012C5
S31508006570C9B2C2F8DC10D3F83432DBB2C2F8E43060
S31508006580630357BF43F62B3341F61B33C2F8D830A3
S31508006590C2F8E03049BFC2F8D830FC23C2F8E03070
S315080065A0DC23C2F8F030B1E752250020D43F00B012
S315080065B000270020004001B80A270020000002B882
S315080065C000FFFF00001002B8003F00B05125002070
S315080065D0002002B80080E00FD0F8A4104C2202294F
S315080065E038BF02212DE9F04F804690F824A1814852
S315080065F00139C36CD0F8DC507F48C3F38213DA4004
S31508006600036898F82B708B42DFF828B27B4B87B06B
S3150800661002F0010219D11C78944216D1784C2478DC
S31508006620544512D1D8F8A8407CB1AC420DD1754C6E
S31508006630D4F8F840A60608D4734C2478BC4204D192
S31508006640BBF8040007B0BDE8F08F01609BF80000B6
S315080066501A70FFF723FEFF2F81466A4840D1AAF138
S315080066600603032BD0F8F800684B09D985064DD5E3
S3150800667040F2FF30C3F88800FB0843F4407309E092
S31508006680840642D540F2FF300127C3F88800BB08CC
S3150800669043F438735E48C0F888305C4B0120C3F871
S315080066A0E0005C4B1E6840F27123B6FBF3F6192333
S315080066B04E43B6FBF3F65AB3D8F8E4502DB12B681F
S315080066C0082B40F2948095F83850294605A8059677
S315080066D004F0CEFE0602059C46F011062D043CE0A9
S315080066E009F1FF33BB4228BF3B46012B38BF0123C4
S315080066F0D0F8F800DFB2800608D540F2FF344348E8
S315080067001B06C0F88840B7D4C1E70127404BC5E748
S31508006710414B9821A3FB062303A8039304F0A8FE84
S31508006720039C3E4A361BA2FB06120190342104A89C
S31508006730049204F09DFE049D0090761B302105A866
S31508006740059604F095FE019B009A1E02059B2C44B3
S3150800675046EA0216324D06431C44324B40F697026F
S3150800676018682B21003818BF0120FEF79FF9FA2276
S315080067702C4B02FB04F01B6840F6FF72B0FBF3F0EB
S315080067800A235843214B00F57A74C3F8D820A3F599
S315080067908053C3F8D860A3F58053C3F8DC50224B66
S315080067A0224E1B78C6F8D4700BB9C6F8FC7086F86A
S315080067B0FB9000F58C50C8F8A8501D4D14302C607D
S315080067C001F036FB4FF47A72C6F89800C6F8EC006A
S315080067D02B680D49B3FBF2F3ABF80430084BB4FB56
S315080067E0F2F083F800A098F82B300B702AE7002502
S315080067F06BE700BF004001B848260020532500205B
S3150800680009270020004F00B008270020006001B8C3
S31508006810005001B85023002069C2F568B97A146E91
S315080068203064FC003423002051250020003F00B0CE
S31508006830382300200027002010B5104B0246187890
S315080068400F4C0C2802D1FF20207010BD831F042B8B
S3150800685034BF0121FF21FFF721FD904228BF1046D2
S31508006860C0B2884238BF084623788342EDD0054B2C
S3150800687020701868FFF7B0FE2078E6E700270020AA
S315080068800A2700200C21002008B50E4B024618786E
S315080068900C2812D0FF2A13D0FFF700FD904228BF1C
S315080068A01046C2B2012A38BF0122074BC3F8FC20A2
S315080068B00123064910460B7008BD0023FF22F8E79E
S315080068C00023F6E700270020003F00B051250020EE
S315080068D00020044B1870044BD3F8D420C3F8FC20CE
S315080068E0704700BF51250020003F00B010B5044690
S315080068F0FDF7CAFE78B1154B1B786BB964B1144B1A
S315080069001B784BB1134B1B78013B012B04D84FF472
S315080069100042114B1A6510BD104B1B6D1B04FAD4AF
S3150800692005F051FB044601F0A9FF4FF400420C4B59
S315080069302046BDE810401A6502220A4BC3F82425F2
S315080069400422054B5A6405F039BB00BF54250020C4
S31508006950552500203C230020002002B8000002B87C
S31508006960001002B800D00350054BD3F8843013F05A
S31508006970030F4FF4802314BF024A034A93647047F7
S31508006980004000B8005000B8006000B8594B2DE927
S31508006990F34193F82E800646B8F1000F40F0A88020
S315080069A09B68554C984701213A20FBF75FFD534BEE
S315080069B02578534F1E7085BB2846FFF797FF237827
S315080069C0013B012B19D8E37B01A88DF80430237C01
S315080069D08DF80530FAF726FFC7F824554FF6FF72EB
S315080069E0484BC3F88420F822A3F58053C3F88420C3
S315080069F00022434BC3F824250DE04FF6FF72414BA6
S31508006A00C7F82455C3F88420F822A3F58053C3F8A1
S31508006A108420C7F824553C4B5BE04046FFF766FFE9
S31508006A202378013B012B08D8E37B01A88DF80430B5
S31508006A30237C8DF80530FAF7F5FE0023C7F82435D0
S31508006A40002ECBD062685AB3304B1B6803EB520357
S31508006A50B3FBF2F3013B1B0243F0F80326782949FE
S31508006A60022E2B4A1ED0032E4FF6FF75244826D039
S31508006A70012E37D143F00203C1F88450C2F884309E
S31508006A800723C0F82435E37B01A88DF80430237C5E
S31508006A908DF80530FAF796FE0120FFF727FF17E075
S31508006AA0F823DBE74FF6FF7043F00103C1F88400D3
S31508006AB0C2F884300622124BC3F82425E3E743F0D4
S31508006AC00503C1F88450C2F884300423C0F824357D
S31508006AD0104B4FF080421A65FFF746FF002002B0C0
S31508006AE0BDE8F081C1F88450C2F884300023EDE790
S31508006AF00E20F4E7742600203C23002055250020AC
S31508006B0000C00350006000B8002002B850230020DF
S31508006B10005000B8001002B8034B1B6D002BBCBF19
S31508006B20024BC3F888007047000002B8004000B85E
S31508006B30304B2DE9F047DB6898474FF47A762E4BB1
S31508006B40B0FBF6F618604FF4FA73734307462B4802
S31508006B50190E1B0218182A4A4FF0000341F10001CA
S31508006B6002F052FD274BA0F5807205461A6320B93C
S31508006B7048222B21FDF79AFF01254FF47A724FF030
S31508006B80000A6A4353465008310202F03DFD1D4B88
S31508006B901D4AB7F57A7F9A601C4B4FEA056819605B
S31508006BA01B4B8946044618604FEA152505D29B22D9
S31508006BB02B215046FDF77AFF01264FF47A73A8FB7E
S31508006BC0030103FB05117308C01841F100010023F6
S31508006BD0324602F019FD0F4B023419600E4B49F18B
S31508006BE00009A408186044EA8974064B013C9C63B2
S31508006BF0BDE8F087742600205023002020A1070056
S31508006C0040420F0000C001B80211010060230020B5
S31508006C105C23002058230020542300201022044B14
S31508006C20C3F884215A600122024BDA60704700BF1C
S31508006C3000E100E000C001B838B501250A4B0201A1
S31508006C409D504FF480730446084A8340536605F006
S31508006C50BAF9074AA540137823EA05031370BDE875
S31508006C60384005F0ABB900BF00E101B800E001B853
S31508006C705E25002038B505F0AFF9084B084A1D6AAD
S31508006C8092F8CD405A6EE4B2520744BF1D6A0134E9
S31508006C9005F09DF9284604F0030138BD00C001B887
S31508006CA0003E00B0064B1B68434303EB8171054B5E
S31508006CB01B68A3FB003013F1004341EB000070474B
S31508006CC058230020542300200C4A20F04043014654
S31508006CD010B5002014684FF00042E4FB0320084A70
S31508006CE0890F126802FB0300064B9B6B984204D976
S31508006CF001330131C01A01F0030110BD5C230020E5
S31508006D006023002000C001B8044B01F0F071103078
S31508006D1041F0030100011950704700BF00C001B8D7
S31508006D2008B52220FFF7F8FE4FF48022014BDA60FF
S31508006D3008BD00BF00C001B8836833B10549C26801
S31508006D40096803F13043032A00D8704743F8041B47
S31508006D50043AF8E7A826002070B51646054600B39B
S31508006D60F9B1F2B14268104B006803321B68920809
S31508006D7000F130409847044688B9EA68A8680332A3
S31508006D803146920800F1304004F0CBFB044630B996
S31508006D90D5E90402214600F1304004F0B3FC204650
S31508006DA070BD2124FBE700BF5026002070B50C6893
S31508006DB0651C15D0C4F302669E42C4F3074530D15C
S31508006DC0A4B294422DD804EB8506B24229D2141BEC
S31508006DD0A50824F003040E59340F04D0012C08D05A
S31508006DE00022212402E06B1C51F82320C0E900246C
S31508006DF070BD0E4C34F8133042EA03431A686B1C14
S31508006E0051F8234001EB83014B6822405E4036F07F
S31508006E10704404D11B0F032B04BF8B681A4300244C
S31508006E20E4E7013501EB8501C1E700BFA8D20008F8
S31508006E3007B501A8FCF7D2FA42F201020C4B0D493C
S31508006E40C3F870224FF4FC72C3F8E0205822A3F569
S31508006E508053C3F8E020084AA3F61C7352F8040BC3
S31508006E6043F8040B8B42F9D103B05DF804FB00BF6D
S31508006E70006001B8104101B87CD2000870B503243F
S31508006E80134E144DB3689847134A144B1A6500F00D
S31508006E909BFFFFF7CDFF124BC3F8104101232B656B
S31508006EA0336898474FF460736B614FF400732B6532
S31508006EB0FEF74AFE0021FEF715FE8022094B1C64E8
S31508006EC0A3F580535C64084BC3F884215A6070BDEF
S31508006ED074260020001002B80048F000000002B82E
S31508006EE0005001B800A0095000E100E02DE9F04784
S31508006EF005460E461446DFF88480DFF884901E4F58
S31508006F0088B01CB9204608B0BDE8F087B4F5006F14
S31508006F104FF010024FF000016846A24628BF4FF412
S31508006F20006A04F0EFFB08238DF800300AF1FF33FE
S31508006F309BB2009A1B0143F0036302EA090203EAC3
S31508006F4008031343102200210DEB0200CDE9003699
S31508006F50029504F0D7FB6A46387804A9FCF7ACF921
S31508006F60A4EB0A0406EB8A0605EB8A053878FCF7D3
S31508006F7001FA0028FAD0C4E70C270020F07F300C6D
S31508006F800F80CFF3002210B5274B284C5A649A6419
S31508006F90DA6494F82D2003F5805312B14FF000728D
S31508006FA01A6594F82E20002A39D04FF400421A6543
S31508006FB094F830302BB14FF480521D4B1A65A36AF2
S31508006FC0984794F831201A4B12B14FF400521A65BB
S31508006FD001225A6102229A62134AD368C3F30363F1
S31508006FE00D2B01D0002BF8D111231249D363124877
S31508006FF0124AFFF7B1FE01F069F81148FFF79CFE47
S315080070001048FFF799FE1048FFF796FE4FF080628A
S31508007010074B5A61012203F580535A6110BD0121BD
S315080070203A20FBF723FAC3E7000002B874260020CB
S31508007030001002B82CD3000810D3000828D3000883
S31508007040E0D20008F8D20008C8D200080F4B104951
S315080070501A68012302F58052C2F8803291660D4AF9
S3150800706053600D4A53600D4A5360A2F5804253603F
S31508007070A2F54042536002F5C032536002F58042E1
S315080070805360A2F500425360704700BF7026002087
S31508007090FF0B001600D000B8001000BA005001B867
S315080070A008B504F06FFC044B1B681B6FC3F3004361
S315080070B00133B0FBF3F008BD7026002070B5044616
S315080070C098B1B1B13A4A52F8043B834213D100232E
S315080070D0384A116CC907FCD4374800EB830004F022
S315080070E029FA364B106001221A6470BD01330C2B45
S315080070F002D1334D2CE0012352F8041BA142F5D1ED
S31508007100304A32F81330E3E7C2F3016335F8130067
S31508007110110C93B211F0FE0F43EA0043606820D0C9
S315080071200434CAB2022A216808D9D4E90160033AAC
S31508007130C3E9001698600C340C33F3E704D162688F
S31508007140C3E90012083403E0012A01D104341960A6
S315080071502268531CD8D10022164B1A6003F58053B7
S31508007160C1E7120F072AEDD8DFE802F00704090D78
S315080071701013181DC04303F500531860E2E71A6898
S3150800718042401A60DEE703F58053F6E704F0A5F9F6
S31508007190D8E7012203F580538240F2E7012203F57E
S315080071A000538240EDE71A6830EA0202FBD1C9E7CC
S315080071B06423002000C002B8404000B000D002B8E6
S315080071C0A8D20008282500200122014B1A6570471D
S315080071D0001002B80122014B1A657047002002B858
S315080071E04022014B1A657047002002B84022014B25
S315080071F01A657047001002B8064BDB68C3F30363D1
S31508007200984206D1044A936F23F0F00343EA01112A
S3150800721091677047000002B8003F00B02DE9F743B8
S31508007220064604F053F900248046DFF8909004F0EF
S31508007230CAFE0DF1070105460DF10600FEF72AFC08
S315080072409DF806308BB9721C29D004F03FF9A0EBE3
S315080072500804284604F0B2FE9DF8063013B99DF8D6
S3150800726007303BB3A642E2D824E0D9F80C3013F431
S31508007270603FE8D0D9F8180004F0AFF9731C074648
S3150800728003D004F023F9A0EB0804284604F096FE80
S3150800729017F5007FE0D0384603B0BDE8F0832846EE
S315080072A004F08CFE9DF80630002BC0D19DF80730FF
S315080072B0002BBCD1004FEEE700FEFFFF00C000B870
S315080072C0044BD3F8B03010B1C3F30332027003F0A5
S315080072D00F007047000002B8064B01F080015B6C96
S315080072E003F480030B4302BF4FF40012024BDA6427
S315080072F0704700BF000002B8006001B84FF0B052F6
S31508007300024B1B6803F580539A6670477026002067
S31508007310044B1B68986E00F0B05000F16A4358425F
S3150800732058417047702600200F4B1B788BB1012BF4
S3150800733011D10E4A012102F580528B4291600FD875
S315080073400A4A0B49002B08BF0A4693689B07FCD4D8
S315080073507047074AEEE700224FF480539A60FFDE33
S3150800736000239B68FBE700BF5F250020004003B8A9
S31508007370000003B838B50B4B0B4C002818BF1C4649
S31508007380A569E3691D4007D0084B1B682BB1284641
S31508007390984704F50054A56138BD6B05F9D5FFF784
S315080073A0C3FFF6E7004003B8000003B894230020A3
S315080073B04FF604014FF60502044B01201B6C9BB2E5
S315080073C08B4208BF1346024A136670470080E00FD7
S315080073D000C001B8034B1A6E596E03F500530A40F4
S315080073E01A66704700800A5030B54FF04044114B7A
S315080073F01A68D2F8883002F50055C5F8A040C3F3DC
S315080074008803C5F8A44091B1B3F5D17F28BF4FF4DE
S31508007410D173D52B38BFD52303F14605A3F1460111
S3150800742041EA0541D16702F58052C2F8A4400380BB
S31508007430002030BD6C2600204FF48022034B00202C
S315080074401B6803F581539A61704700BF64260020C4
S3150800745073B50446234B244D9B68984701213A206F
S31508007460FBF704F8E1782279286841EA0243C0F874
S31508007470F435E679A37943EA0643C0F8F835237864
S315080074804BB18DF8041004218DF805200DEB010091
S315080074900022FAF75BF963785BB10421A37900222D
S315080074A08DF80430E3790DEB01008DF80530FAF715
S315080074B04DF92B682178012203F5BE6359B103F50E
S315080074C080510A606178022241B103F58053002099
S315080074D01A6002B070BD03F50051F2E703F50053D8
S315080074E0F5E700BF74260020682600204FF080428A
S315080074F0034BC3F88020BFF34F8FBFF36F8F7047DE
S3150800750000E100E04FF08042014B1A60704700BF6F
S3150800751000E100E0124A10B5D2F84C315468D2693D
S31508007520104912F4401F0FD15A1C0DD124F04044C3
S3150800753024F44004240C24040B4804F068F821467B
S31508007540BDE8104004F063B8084A19409442F3D1E4
S3150800755003F4FE43B3F5807F08BF41F4A061EBE76F
S315080075600080E00FE0FFF01FCF13468B14001501D3
S315080075702DE9F0470C4681B1B1F1006F0DD31C4BD4
S31508007580CA1C9A4209D84FF0000844F6FC7654F80B
S3150800759028104FEA88094B1C01D1BDE8F08704F092
S315080075A036F8C1F30263032B844608F10107C1F3D9
S315080075B0074514D18BB2F31AB5EB930F4FEA930A2A
S315080075C00DD909F104015246214404F03BF88446DA
S315080075D008F10208013D08EB0A07A5EB0A052A4649
S315080075E0604604EB870104F02DF807EB0508CEE7A3
S315080075F0FFFF07082DE9F041044668B1B0F1006FB6
S315080076000AD3254B00F117029A4205D8234B244A80
S3150800761019780023994224D800252427FFF77AFFF2
S315080076202168FFF7A5FF6168FFF7A2FFE668AE428B
S3150800763021D12269111A4B424B41B4F1006F15D37F
S31508007640154904F117058D4210D8824222D1134AF2
S315080076501378052B09D8124941F8234001331370D2
S3150800766003E052F8040BA04203D101231846BDE8F3
S31508007670F0810133CEE707FB05F3A2680135D1583F
S3150800768002EB0308FFF774FF042208EB020103F07C
S31508007690D9FFCCE70023E9E7FFFF070861250020AB
S315080076A09823002070B52C4B0C461A781AB92B4A29
S315080076B0D2F86C221A702A4A126D52054AD51D78DC
S315080076C0284B05F00F06B0FBF3F040434FEA1515BB
S315080076D005D140F27C622B21FDF7E8F90120224A08
S315080076E00A217243B2FBF0F34843B3FBF1F602EB0F
S315080076F05002B2FBF0F201FB1633042BD2B207D8C4
S31508007700C3EB8310C3EB80035BB283B96DB217E09A
S31508007710C3F10B0303EB8303DBB2B3FBF1F32B4497
S31508007720DDB20F2DF2D9013AD2B2053DEEE7053B9F
S315080077305BB293FBF1F31D44EBB26DB2002D04DB93
S31508007740002042EA0512226070BD01320533D2B22A
S315080077505DB2F5E70220F7E7622500200080E00F1A
S31508007760000002B8403B250080969800F8B50B4605
S31508007770002213F8044B944225D91D68854224D16A
S3150800778006245A791D79124B88181E6804FB0503CE
S31508007790104F33F8063C7B43B3420ED900238A5A6E
S315080077A07A43964202D804FB0300F8BD9D42FAD9F3
S315080077B0013304FB03F2825AF2E740F244423D21C8
S315080077C00020FDF773F90020EFE708330132D2E70E
S315080077D0B023002040420F0000202DE9F04FA2FB05
S315080077E0016AB94FDFF824C3F7191D466AF1000389
S315080077F0BC4570EB030383B008D240F23E220E214B
S31508007800FDF754F9022003B0BDE8F08FD5F82890AB
S315080078108B461446B9F1000F04D0D9F80030032B73
S3150800782000F29381A94BAA4A9B6BD2F8FC90C3F34A
S315080078301408A84B1B6F59074EBF4FF440039B050E
S3150800784003F0E07348EA0308A34BD3F8EC305A0078
S3150800785048BF48F0807848EA446804F0CDF80746FF
S31508007860002CCFD00028CDD09C4B6E62C3F800B058
S315080078709B4B984200F0B18103F5122303F5F86398
S31508007880984200F07381974B984200F0B181024606
S31508007890002300204FF0007101F0B6FE00230130EE
S315080078A006FB03F300FB0A33A6FB0002134420334E
S315080078B089499B092B60D1F8ECB3D1F8F033D1F89C
S315080078C078A1D1F8A01000930846584030F47F6399
S315080078D00CBF012000204FF4287201911021FDF7FA
S315080078E0E5F88BEA0A0232F47F634FF0100140F2A2
S315080078F0A6220CBF01200020FDF7D8F87A4A009B83
S31508007900D2F86012C9B2FF291CBF2AF47F6242EA84
S315080079100112764908BF5A468E4207D9211F012906
S3150800792040F2278172498E4200F22381B7FBF4F7B1
S31508007930C8F31301A1FB0717AB61684BC90C41EAF1
S31508007940473118F4801F1F686A4B08BF49421960FF
S31508007950694B0F44C5E907B21F60B9F1000F00F083
S31508007960328100236B60AB60D9F81C60D9F800A09F
S31508007970002E49D0BAF10F0F97BF574BB9F818B078
S31508007980D3F88C31C3F3832B524B98BF0BF1080BFA
S31508007990D3F83C31B7FBFBF2DB0216D5002381EAAC
S315080079A0E17EAEEBE17E5549C8F3815811F808C06F
S315080079B0194650084FEACC5CCCFB0E01009201F048
S315080079C023FE009AC0F3130068605F4504D3B2FA39
S315080079D082F10D2940F3048133469103B1FBF3F19B
S315080079E04B004FEAC23E0133520C01E0023301312B
S315080079F0A3FB06C0E64572EB0000F7D2C1F30E0101
S31508007A00090341F00061A960BAF1050F40F2DF8071
S31508007A10D9F82C60002E00F0B680307804FB07F702
S31508007A20A0F10400B0FA80F040F20B523D21400963
S31508007A30FDF73CF8324B9F4240F20181314B9F42A1
S31508007A4040F20181304A974294BF0222032244F24F
S31508007A501421FF0B07EBC70307EB43039B0B013B03
S31508007A605B0232446B61567801FB07F2B6EBD25FD4
S31508007A704FEAD25380F0E5802644B34240F2D780DD
S31508007A802644B34240F2E1802644B34240F2DF8006
S31508007A902644B34240F2DD802644B34298BF05200F
S31508007AA040F2C680002040F226523D21FCF7FEFF38
S31508007AB044F6776307FB03F3DB0D013BB34280F023
S31508007AC0BC80002026E000BF006CCA88008001B890
S31508007AD0004F00B0004001B8000002B8B8230020EB
S31508007AE000F04902005A62020080E00F00BBEEA0D7
S31508007AF000AE5EA7B4230020B0230020B0D2000851
S31508007B0020D4CB8F00DAF89AE0DF25A6807C814A5C
S31508007B10042804D8361BB34200F10100F8D3032821
S31508007B208CBF0020012040F232523D21FCF7BEFFF7
S31508007B3001216B69A6F1140242EA86421343D9F879
S31508007B4000A06B6185F82C101FE0042BD9F828805B
S31508007B507FF483AE18F0807F14BF4FF4400308F01B
S31508007B60E07328F0E07848EA030876E600233A4806
S31508007B7096E6019B2AF47F6A23F47F6343F42A631B
S31508007B804AF4CC6BD2E685F82C600023BAF1060FCE
S31508007B90EB6018D9D9F83030ABB103F02DFFD9F81E
S31508007BA03010FFF7E3FD044608B183781BBB03F0EA
S31508007BB0E3FED9F83010FFF7D9FD20B1837813B169
S31508007BC0C3781B042B61002003B0BDE8F08F0023A7
S31508007BD0002085F82C30EB60F6E700231F485FE6A7
S31508007BE0C1F10E0326FA03F302FA01F10133F5E6B1
S31508007BF000231B4854E6407940F25552003818BF16
S31508007C0001203D21FCF752FF207940F256520038F8
S31508007C1018BF01203D21FCF749FF237962791B0231
S31508007C2043EA0213EB60E3781B042B61BFE70120EC
S31508007C3003288CBF0020012035E7012073E70022C6
S31508007C4005E701202FE7012201E70220F0E70320DC
S31508007C50EEE70420ECE700BF313641DC0A3BB2DF31
S31508007C60D694BFD630B505460C468DB059B9334BB8
S31508007C70827AD3F8FC30416831480A9300686B462B
S31508007C80FFF7AAFD6C462F4B22685A632B4BD3F895
S31508007C90FC30002B3CD0636843B12B4B2B4AC3F80E
S31508007CA03C216268A3F58053C3F83C21A36843B11D
S31508007CB0254B274AC3F81C21A268A3F58053C3F8AD
S31508007CC01C21244AE168D2F8983194F82C0023F450
S31508007CD0EE630B43C2F898316FF078421E4B1F498A
S31508007CE09A606269A3F580539A604FF44033C1F8ED
S31508007CF08C3122691A4BC3F88C214FF40012D8B183
S31508007D000A65184B1B6898471749606AFFF7CAFC4B
S31508007D100020A2690F4BC3F8A020E269C3F87821B6
S31508007D20226AC3F8F8232A89A3F5E0339A6203F591
S31508007D30A03318640DB030BD1A65E2E7004F00B0F5
S31508007D400C210020008001B8006001B8FFFF0F0079
S31508007D5000F0FF0F000002B800600C50002002B8C7
S31508007D60001002B874260020588001B84FF400228B
S31508007D70014B00201A657047002002B80E4B1B689D
S31508007D80D3F88022D2070ED55B6E002B0DDA0B4B8B
S31508007D904FF480029B6813F00C0F094B09D11A6542
S31508007DA04FF480421A65002070474FF48002054B55
S31508007DB0F5E704490A65F3E77026002000400950F4
S31508007DC0002002B8001002B84FF48062014B1A6511
S31508007DD0704700BF001002B840B10368012B05D9EF
S31508007DE00069034B002808BF1846704700487047CB
S31508007DF0B8D2000810B590B10468012C0FD90269F1
S31508007E006AB11168094B102C19605168596091685C
S31508007E1088BFD268996094BFD960DA6010BD102215
S31508007E200021024803F06EFCF8E700BFC0230020DB
S31508007E30084BC1171A68A2FB000302FB013310F1B5
S31508007E40807043F10003400E40EAC310803820EAF0
S31508007E50E0707047D02300200722194B70B51A64CA
S31508007E60184B194A1D68194BEC08E005C0184FEA6B
S31508007E70153141F10001002301F0C6FB144B154EE4
S31508007E8018601548FFF7D4FF4042C6F8D00049F6F7
S31508007E905800FFF7CDFFC6F89C001048FEF714FF00
S31508007EA0024660B1E301500818184FEA15714FF001
S31508007EB0000341F1000101F0A7FBC6F8A80070BD58
S31508007EC0000002B85023002065CD1D00B2E60E0062
S31508007ED0D0230020003F00B07011010040420F007F
S31508007EE010B5044698B10B4BD3F8FC00FFF782FF98
S31508007EF04FF47A7303FB04F0074BA0F57A60DA684F
S31508007F009B681044C01ABDE81040FFF791BF4CF2B9
S31508007F105030F8E7004F00B0C02300202DE9F843A1
S31508007F200546084614461E46FFF764FF05B306F0E5
S31508007F30020716F004061DD1D7B14FF47A706B68A4
S31508007F405843002B40F08C80FFF772FF20636B6963
S31508007F50002B00F08C804A4AD0684FF47A7202FBF4
S31508007F600300A0F5FA50FFF763FFE062002E58D130
S31508007F70BDE8F8832869002869D04FF47A73584316
S31508007F803F4BA0F57A609B68C01AFFF751FFA062C5
S31508007F90A88B00285ED04FF47A735843384BA0F567
S31508007FA07A609B68C01AFFF743FFE061354BE968C2
S31508007FB0D3F80080002950D04FF47A735943304BD8
S31508007FC0A1F57A619A685B68891AC91A2E4BC8178F
S31508007FD01A68DFF8BC90A2FB011302FB003311F10B
S31508007FE0807143F10003490E41EAC3118039274BDA
S31508007FF02162D3F8B8306362D9F8003053B14046ED
S3150800800003F0DBF930B12246D9F800301C49D8F81C
S31508008010D80098470021A869FFF762FF6063002F20
S315080080208BD1A86830BB47F23050FFF701FF60617B
S315080080304FF47A702B6858432BB1114B1B6803F524
S315080080401C5310331844FFF7F3FEA06190E74CF277
S3150800805050309AE74CF25030A5E74CF25031B5E76C
S31508008060074B1B6803F51C53103318446CE747F29B
S31508008070305078E74FF47A735843A0F5FA50D4E7AE
S31508008080C02300200C210020D0230020003F00B090
S31508008090BC23002038B5054608461C4603F039FAC5
S315080080A00246D5F8E400FFF797FE4368A018002BB0
S315080080B0044AA8BF4FF4FA721A44034B92FBF3F230
S315080080C0104438BD0CFEFFFF18FCFFFF70B5154CB9
S315080080D08CB001AD0FCC0FC50FCC0FC594E80700C7
S315080080E085E80700AC2200210F4803F00BFB9C2211
S315080080F000210E4803F006FB202200210C4803F05D
S3150800810001FB03F0AAFA0B4B1B784BB1054E01ADE8
S315080081100FCD0FC60FCD0FC695E8070084E80700F8
S315080081200CB070BDD43F00B0B83E00B0643F00B09C
S31508008130E04F00B05225002008B503F044FF0E4B6F
S315080081401A78A2B90D4A126812F4843F0FD10C4A64
S31508008150102111651B7863B9084B1B68DB0508D429
S31508008160074B20221A65BDE8084003F027BF054AD9
S31508008170EEE7044BF5E700BF68250020380A002023
S31508008180002002B8001002B810B5104B104AD3F8F8
S31508008190B8001478596A9A6A00F00F0021F47061E1
S315080081A022F0E052844241EA042142EA84624FF016
S315080081B01F04084835BF9A6259625962C0F8B84028
S315080081C034BFC0F8B8409A6210BD00BF00C000B8FE
S315080081D04E25002000E000B80A4B197801F0FF028E
S315080081E029B10021197008499202C1F80821597865
S315080081F001F0FF0229B1002159709302024AC2F820
S315080082000C31704763250020005000B8084BD3F89E
S31508008210000F084B9A6C110107D4074A926E920711
S3150800822005D5D3F8F4339B0701D500F58070704760
S31508008230003000B0000002B8004000B810B503F0E6
S31508008240C2FE0E2104460320FEF7D6FF40F20122A5
S31508008250034B2046BDE81040DA6203F0AFBE00BF0C
S31508008260004000B838B503F0AEFE4FF00043244C8A
S315080082700546C4F88030BFF34F8FBFF36F8F0123D5
S31508008280C4F88430BFF34F8FBFF36F8F0223C4F84F
S315080082908430BFF34F8FBFF36F8F0423C4F8843045
S315080082A0BFF34F8FBFF36F8F0823C4F88430BFF333
S315080082B04F8FBFF36F8F134B1B6A98471023C4F871
S315080082C08430BFF34F8FBFF36F8F2023C4F88430F9
S315080082D0BFF34F8FBFF36F8F4023C4F88430BFF3CB
S315080082E04F8FBFF36F8F4FF48073C4F88430BFF39A
S315080082F04F8FBFF36F8F2846BDE8384003F05EBE48
S3150800830000E100E07426002038B503F05CFE05465F
S315080083104FF000430C4C2360012363600423636021
S3150800832008236360094BDB699847102363602023A1
S315080083306360402363604FF4807363602846BDE83A
S31508008340384003F03BBE00BF00E100E07426002081
S31508008350012370B5074C2370074B1E68074B324044
S31508008360D3E9005319402840FDF7DEF900232370AE
S3150800837070BD00BF66250020D8230020380A0020DB
S315080083800022044B1A70044B197811B11A70FFF7C2
S31508008390D3BE704767250020682500202DE9F047E1
S315080083A0DDF8209003EA0108099B06460D4602EA15
S315080083B0000703EA090AB9F1000F40F0F280031F2B
S315080083C00B4300F0A180052871F100036FD250EA33
S315080083D0010300F0D481431E0B4300F0B880FFF779
S315080083E041FF814AD2E9004323EA050324EA060449
S315080083F03C4343EA08077D4BC2E900471E6826EA64
S31508008400090646EA0A061E60FFF796FE16F0020FF0
S3150800841042F2020308BF0223754A7648D26E250344
S3150800842083EA020122EA0302C266734A03EA0103E7
S315080084308166D366C4F380424FEA023248BF42F4EB
S315080084408072E00648BF42F40052A10648BF42F4D3
S3150800845000726306694B48BF42F48062DB682506F2
S3150800846048BF42F40062664882EA030123EA02032F
S31508008470C360644B0A4017F4007F8160DA6007F432
S315080084800071614B00F0D2800121604A83F8941094
S3150800849092F82D004FF00073002800F0A1805C4888
S315080084A0036593695B4898474FF48025D1E04FF4FC
S315080084B00043994208BF48454B4C61D081458B41E2
S315080084C08DD3A0F580630B4305D020F48063A3F514
S315080084D000730B4383D103F076FDD4E9003223EA17
S315080084E0060322EA050242EA08023B43C4E90032CF
S315080084F0494A126892F8F610484A09B313F4C06F4D
S315080085001ED04FF4807311E003F05DFD364AD2E9C0
S31508008510003123F004033B4341EA080157EA080700
S31508008520C2E900314FF480633C4A0BD0C2F81431DB
S31508008530A2F58052C2F81831BDE8F04703F03EBDF7
S315080085404FF48073C2F81831C2F81431F4E703F017
S315080085503AFD254AD2E9003123F001033B4341EABB
S315080085600801C2E9003101232D4A57EA08071BBF53
S315080085709364A2F58052D364D36408BF9364DBE79F
S3150800858003F021FDD4E9002323F400433A4343EAE8
S315080085900803C4E9002357EA08074FF48063204A12
S315080085A0E5E750EA01037FF41AAFB9F1010F7FF44A
S315080085B016AF03F008FD0D4A136823F0010343EADA
S315080085C00A0313604FF48063164ABAF1000F04D009
S315080085D05366A2F580521367AEE713675366ABE797
S315080085E0114A136560E700BF380A0020D823002027
S315080085F0004000B8006000B8005000B8004001B85C
S31508008600006001B8005001B8003F00B07426002091
S31508008610001002B8843F00B00C210020002000BAE8
S3150800862000E000B800E001B8002002B893F89420F2
S3150800863072B1544883F8941090F82D304FF00072B8
S31508008640002B00F08C80504B1A6583694F48984779
S315080086500025E00448BF45F48035A10348BF45F42A
S315080086608015A20748BF45F4800514F4001FDFF8FB
S315080086705C8106D0D8F8000002F0BDFE08B945F4C2
S315080086800025E302424B48BF45F40035F8061A6A4E
S3150800869048BF45F40005610248BF45F4001585EA60
S315080086A0020323F001033B491A400A621D40CB61CD
S315080086B0394A354B16F0010F1D62384B18BF134661
S315080086C07A07374A48BF43F00063126F354883EA92
S315080086D0020122EA03020267334A0B404166136726
S315080086E0324A04F00103D26C3D0448BF43F4806368
S315080086F02F4883EA020122EA0302C2642D4A0B408C
S315080087008164D364D8F80020200248BF2A4B92F827
S31508008710F62058BF294B610748BF43F4806322B14E
S3150800872014F4C06F18BF43F4807332074FF03A420F
S31508008730BDE8F047D2F8181148BF43F0004383EA72
S31508008740010222F4A0221E481140C0F81811134055
S31508008750C0F814211B4AC2F81831FFF7D5BD0D49D8
S315080087600A65194AD2F8A41002F50052C2F8A410F4
S31508008770C2F8A0104FF05022C2F8A43068E7BDE84E
S31508008780F08700BF74260020001002B8843F00B0AE
S31508008790000002B8002002B8041C000304180003F5
S315080087A000C001B800E001B800D001B800C000B8A8
S315080087B000E000B800D000B80D0A0A09090A0A093B
S315080087C0002000BA001000BA004000500C2100201A
S315080087D0024B5868C0F3C000704700BF380A002033
S315080087E0024B186800F00100704700BF380A0020E5
S315080087F0024B5868C0F3C030704700BF380A0020E3
S3150800880010B50446FEF73AFBFFF72CFD2046FDF7A8
S31508008810C9F9FEF7B7FBFEF78BF9FEF7FFF9FFF785
S315080088201BFB13490723134AD1F8FC1004F1F8007F
S31508008830FFF774FB4FF080710020FEF765FA4FF0E2
S3150800884000720D4B4FF400110120C3F80021FEF70A
S315080088505BFAFEF7ADFD20B940F292321421FCF71F
S3150800886025F9FFF783FABDE810400120FEF78EB818
S31508008870004F00B0983F00B000D001B8F8B5084CDA
S31508008880084D636C0423084F6B64636C5B0300D468
S31508008890F8BD042602207E6402F01FFE6E64F4E72B
S315080088A0000002B8001002B8002002B8A82238B5A5
S315080088B01B4B5D6C03F500535A6410229A60A3F5AE
S315080088C0804302F100521A675A66FFF785FC154B7A
S315080088D01B7813B90320FEF7AFF90024124B9C67E7
S315080088E0FFF7CCFF114A124BD2F8001F0B40C2F813
S315080088F0003F04220F4B5A640F4BC3F8D840FFF7CA
S3150800890043FCAB0608D50D4BD3F88830B3F5817F09
S3150800891022BF8022024B1A61BDE83840FDF70EB827
S31508008920000002B86525002000C001B8003000B07C
S31508008930DF0000FF002002B8003E00B0003F00B094
S3150800894010B551B920B3154BDB681B0E13F00E0F8B
S315080089501ED1134B1B6CD9071AD4FFF76FFC0F4CAB
S315080089600020FEF7ADFC032801D0092805D1A36A2B
S31508008970DA07F5D4A36CDB03F2D4FFF77FFF0122F5
S31508008980084B5A6102229A62042203F580535A64FC
S315080089904FF4C062044B9A6510BD00BF000002B8D0
S315080089A000C002B8001002B8006001B808B503217B
S315080089B00920FEF721FC2022014B1A6108BD00BFE1
S315080089C0000002B8144B10B51B78CBB9134AD2F87D
S315080089D0A030D2F8A4100B40B3F1804F0CD34FF05F
S315080089E040400F490F4CC1F8A400D467C1F8A00055
S315080089F04FF480210C4AD161094AC2F8A03010BD53
S31508008A000A4A0B4B92F894109B690A4898474FF408
S31508008A108022054BDA61F2E760250020004000500D
S31508008A20006000500000FF01001002B8003F00B0CF
S31508008A3074260020843F00B038B5054603F0C3FA13
S31508008A400E4B04461868FDF7D7F935B1FFF798FCC1
S31508008A502046BDE8384003F0B1BA094B1B78002B15
S31508008A60F6D0084B1D78002DF2D1FFF789FC2A466F
S31508008A704FF480400021FFF76BFCE9E70C2100204A
S31508008A8067250020662500202DE9F84F5B4B064632
S31508008A900D4614465B6C002A40F0AC8013F0A00F1C
S31508008AA014BF4FF001094FF00009FCF747FFFFF725
S31508008AB06BFBA0234FF0000ADFF85C810320C8F89F
S31508008AC04430FEF7B9F80420FEF7B6F84C4FFFF726
S31508008AD057FC4C4B4FF0040B7B67C7F878A0FFF7A1
S31508008AE0CDFE494B4FF48071D3F8D02E42F02002C8
S31508008AF0C3F8D02EFF22C8F80820404A1161D3F8DF
S31508008B00002F42491140C3F8001FC8F844B0C3F803
S31508008B10D8AE7B6913F0060F04D0FEF701F9584664
S31508008B20FEF78AF8B9F1000F09D04FF40063384A06
S31508008B3053640223C2F8F433A2F5E032936666B1B1
S31508008B40344BDB6C180701D4FFF778FBFFF72EFFD1
S31508008B500420FEF771F8FFF73FFB284B5A69D10747
S31508008B6046D5DA6812F0706FFBD12B4B2B4A5A6444
S31508008B702B4A936F23F0F003936715B12046FFF74E
S31508008B805BFF284BD3F84C315A1C01D05B0002D549
S31508008B900122214B5A615CB31E4BDA6E03F5005372
S31508008BA09A6603F5D0331B6A1B4A23F00103D36187
S31508008BB01D4BD96803F50053996003F50053D3F8A4
S31508008BC0841003F5005399674FF03A43D3F8181108
S31508008BD003F50053C3F81411144BD96C03F500536D
S31508008BE09964134903F5803359664FF6084353646D
S31508008BF0BDE8F88F4FF0000957E700BF000002B83C
S31508008C0000C001B800000101003000B0DF0000FF1D
S31508008C10001002B8004000B8002002B8100030006A
S31508008C20003F00B00080E00F004001B800C000B867
S31508008C305000002FA74B2DE9F04F9A6EDB6E87B0D8
S31508008C4002EA0308A44BC3F868804FF03A43D3F806
S31508008C501461D3F818311E40A04BC3F81461A04B19
S31508008C609A68DB6802EA030A9E4BC3F808A003F574
S31508008C702043DA691B6A02EA03099B4B09F4770267
S31508008C80DA619A4BD3F80422D70606D4D3F804310E
S31508008C90DD06C3F3001740F1F88003F094F9944B0E
S31508008CA05A695F6E12F0060F14BF012200221B6F6D
S31508008CB000921F408F4A27F0007323F400637C0755
S31508008CC0536606D58C4A92F8CD300133DBB282F86A
S31508008CD0CD3003F073F9B8F1000F00F0F78018F003
S31508008CE0020400F0F180854B0025D3F8F4B303F5B0
S31508008CF000530BF00702CBF380041BF0020FC3F8F6
S31508008D00F4234FEA44542ED003F05DF90190FFF79F
S31508008D107DFA03467A4A1268106811688842FCD0C0
S31508008D2010688842FCD0CDE90223FFF76FFA039B4F
S31508008D30029A984240F0AB800198029303F03EF9FC
S31508008D40704A029B13606D4A526C12F4E05140F06F
S31508008D50A08023F07F4323F0DF030BB9FFF7A6FDBE
S31508008D604FF080731C431BF0010F13D0634B5E4911
S31508008D705B6C03F460424A64002A00F09F801A0480
S31508008D8000F19F8013F4005F0CBF4FF000534FF0C3
S31508008D9000631C43C8F340384FEA48085A4B33402F
S31508008DA0002B4BD016F4206F0AD040F6A3120621EA
S31508008DB00020FBF77BFE0020FFF73EFE26F4802608
S31508008DC0F00506D5FF22484B44F4C0649A60FFF7C5
S31508008DD035FA16F0090F0BD040F6B8120821002014
S31508008DE0FBF764FEFFF7E2FD4FF03A4301225A63B0
S31508008DF016F0106F0CD040F6C11209210020FBF7BF
S31508008E0055FEFFF7D3FD002211461046FCF7C8FFB2
S31508008E1016F4202F0AD040F6C91207210020FBF7C6
S31508008E2045FE0020FFF708FE26F48026F10301D54B
S31508008E30FDF70CF9002EB8BF48F0080872070ED5E2
S31508008E404FF03A431B6B13F4005F4FF4005317BF00
S31508008E50224A2E4A136344F4000408BF13637305B9
S31508008E6048BF44F0040416F4802B00F0B880FDF7E0
S31508008E70A5F8013806284BD8DFE810F0330136018B
S31508008E80330139013C013F013F01009723E70346BF
S31508008E9042E7CDE90121FFF709FD0299124B019A34
S31508008EA05964D10407D412F4806F0CBF4FF0805375
S31508008EB04FF0806356E74FF0804353E74FF0007357
S31508008EC067E74FF0004364E7254663E744464546AF
S31508008ED064E700BF004000B8006000B8002000BA90
S31508008EE0004001B8006001B8002002B800E100E0C7
S31508008EF000C001B800E001B8003E00B0000002B8AA
S31508008F0078D20008D4230020090B0B89001000BA78
S31508008F1040F6FA1203210020FBF7C8FD4FF03A424B
S31508008F200121D2F88C30D2F8AC0003F007030633DF
S31508008F3001FA03F3C0F30C001B1A9BB2072B12D9D4
S31508008F40784B5B6C58020ED47748D36CD26E406D62
S31508008F5058B103F0070306339940C2F30C03C91A44
S31508008F6089B2072901D844F40074704B1B78002B8A
S31508008F7035D04FF03A43D3F8143113F4A02F2ED13D
S31508008F806B4B6C4A1B7893B9FB0410D4137873B1F6
S31508008F90E308694943EA457383F00103D1F8001FE2
S31508008FA003F001035B0021FA03F3980717D10420A5
S31508008FB0FDF742FE614B62495967FFF7E1F95D4AE1
S31508008FC0137843B95F4B1B782BB15F4B5F4A1B681D
S31508008FD02340134201D144F4804427F48057BAF160
S31508008FE0000F1DD01AF4805F18BF44F480241AF4C9
S31508008FF0807F18BF44F400241AF4005F18BF44F0B9
S3150800900010041AF4007F18BF44F020041AF4806F85
S3150800901018BF44F040041AF4006F18BF44F08004E7
S31508009020B9F1000F3FD019F4802F18BF45F4007529
S3150800903019F4803F18BF44F4805419F4801F18BFF0
S3150800904044F4003419F4800F18BF44F0020419F4EC
S31508009050003F18BF44F4801419F4000F18BF45F0F8
S31508009060100519F4002F19D0334BD3F8D03E13F05E
S31508009070C00F13D02B4AD368C3F30363032B01D065
S31508009080072B05D1936CD90602D4D36C1A0737D5AA
S315080090904FF400222E4B29F40029DA6119F4001F37
S315080090A018BF44F48004002F00F019813B0540F1F5
S315080090B089802849DFF884A0CB78274A002B51D02D
S315080090C04FF40060013BDBB25066CB7033B9234BDB
S315080090D01B78C3B140F60142214B5A670023002290
S315080090E06EE044F4803419E744F4006416E744F467
S315080090F0806413E744F4807410E744F008040DE72D
S3150800910044F40014CAE7DAF8783013F4A05F15BF00
S315080091104FF4807340F60143CAF85830CAF87830DD
S31508009120DCE700BF000002B8004000B86825002050
S31508009130672500206A250020003000B000C001B86D
S315080091400000010169250020380A0020088D010069
S31508009150002002B85625002000E001B86525002049
S3150800916000D001B80320FDF767FDDAF81430A248ED
S3150800917013F0060F04BF41F61F73A04AA04908BFA3
S3150800918053674FF400629D4B5A66DAF8143013F0B1
S31508009190060308BFCAF87830B0F8CA3013F400627C
S315080091A05CD023F40063A0F8CA300B7803F0FF0AFA
S315080091B0002B57D1FDF7B4FDFFF778FB5346202265
S315080091C01C431543B80009D52E20FDF7A5FC4FF022
S315080091D000528A4B45F008051A675A66F90606D5FD
S315080091E02B20FDF799FC1022844B1A675A6617F054
S315080091F0306F05D1FA045FD5009B002B00F0AA80DA
S315080092003B0111D52920FDF787FCFFF7E1FA48B1A4
S315080092107C4B7D49794A53660B6701F54051C9680D
S31508009220480422D445F0040517F0007328D004201A
S31508009230FDF702FD2720FDF76FFCFFF737FB4FF020
S3150800924000726E4B5A66714BD3F8002F52067BD4C8
S315080092506F4B02229A6045F002052AE00B784FF41C
S315080092600053ADE74FF4004339E7136720205366F0
S31508009270FDF752FC2D2045F00C05FDF74DFCD3E714
S3150800928017F0807FDFF88CA149D004200093FDF702
S31508009290D3FC2820FDF740FCDAF87820009B002A4A
S315080092A03AD1FFF703FB554B564A45F001051A67B5
S315080092B05A660022574B9A653A0404D5564B1B68E2
S315080092C0984704430D437B0509D5544A9378002BE8
S315080092D000F08C80013B9370002348EA030842465D
S315080092E020462946FFF734F8BBF1000F01D0FCF7FA
S315080092F09BFE01224A4B06F00436C3F81461494B1B
S3150800930019F4002FC3F884211EBF4FF40022404BE6
S31508009310DA6107B0BDE8F08FCAF87830C3E7F90418
S31508009320C7D50420FDF788FC3F4BCAF87430FDF713
S31508009330F7FCDAF8643013F0407FBAD12A20FDF73B
S31508009340EBFBFFF7B3FA7EE7D3F8D03E9B0682D451
S31508009350364B7EE7314A13794BB1013BDBB21371C9
S3150800936013B9294B324A5A6700231C43A4E7042041
S31508009370FDF762FC0320FDF75FFC264B2A4A5A6775
S3150800938002F021FE82460DF11700FDF799FF294BE1
S315080093901B781BB10090FEF751FF009803280BD1EC
S315080093A00020FDF78DFF032806D1234B9A6AD007C4
S315080093B0F6D49A6CD103F3D49DF81730032B06D153
S315080093C001221E4B50461A7002F0F8FDCCE74FF00A
S315080093D03A43D3F8143113F4A02FF1D1FEF7D0FF96
S315080093E0504602F0EBFD4FF48043BEE70220FDF73E
S315080093F023FC012371E700BF003E00B000E001B87E
S31508009400652500201000002000D001B8003000B00B
S31508009410002002B800C001B84C26002056250020BE
S31508009420002000BA00E100E000000101001002B8C7
S315080094300000010D6B250020000002B867250020FA
S315080094400122024B1A62DA61704700BF002002B897
S31508009450094A08B5D369116A0B40084923F47F0005
S31508009460DB07C86106D5D1684FF0FF30C1F3036149
S3150800947002F0FCF808BD00BF000002B8002002B8E0
S31508009480154B10B59C6CDB6C1C40144BE2079C64B6
S315080094900DD5134B40F663421878122100F00100EF
S315080094A0FBF704FB002201200021FEF751FF6305AC
S315080094B010D50B4B40F66A4258684D21C0F3C030B0
S315080094C0FBF7F4FABDE81040002200204FF40041F3
S315080094D0FEF73EBF10BD00BF00C000B800E000B8F0
S315080094E0380A002038B50B4D2C6C6B6C1C400A4BA7
S315080094F024F002021A64E20705D540F6CA420020A3
S315080095002968FBF7D3FAA30741BF0222024B1A6464
S315080095106B6838BD0080095000A0095038B50B4C5F
S315080095200B4DD4F88430DB0706D4A36FD4F8842017
S315080095301340084A936738BDD5F804311A06F0D5A2
S31508009540FFF7D0FF8023C5F88431EAE7008001B829
S3150800955000E100E000A001B838B514460D4602F057
S3150800956032FD064BD3F8D02E54402C405440C3F855
S31508009570D04EBDE8384002F021BD00BF003000B033
S31508009580034BD3F8D03E99430CBF01200020704707
S31508009590003000B0184BD3F8D02E12F0010312D0C9
S315080095A0164B93F85C30164A43F08073C2F8D030F5
S315080095B04FF4801302F50052C2F8B430A2F5805277
S315080095C0C2F8B830704712F0C00FECD10B4B93F8C5
S315080095D05B1021B1D20602D593F85830E3E74FF471
S315080095E080120020074B0649C3F8B820C1F8D000FE
S315080095F0C3F8B420704700BF003000B0003F00B089
S31508009600004000B8006000B853B94AB9002908BF3D
S3150800961000281CBF4FF0FF314FF0FF3000F082B931
S31508009620ADF1080C6DE904CE00F006F8DDF804E0AB
S31508009630DDE9022304B070472DE9F04F099D0C4679
S31508009640002B4DD18A420F4684469646B2FA82F3DB
S3150800965060D94BB102FA03FEC3F120029F4000FA1B
S3150800966003FC20FA02F217434FEA1E461FFA8EF44D
S315080096704FEA1C42B7FBF6F106FB117701FB04F033
S3150800968042EA0742904208D91EEB020201F1FF376F
S3150800969002D2904200F231813946121A1FFA8CFC26
S315080096A0B2FBF6F006FB102200FB04F44CEA024C6F
S315080096B0644508D91EEB0C0C00F1FF3202D2644552
S315080096C000F21E81104640EA0140ACEB040C002172
S315080096D025B12CFA03F30022C5E90032BDE8F08F64
S315080096E08B4205D90DB1C5E9000100210846F5E709
S315080096F0B3FA83F100294DD1A342C0F0F38090421A
S3150800970080F0F080064623460846002DE6D0C5E9D7
S315080097100063E3E7002B40F0A3808A1A4FEA1E474E
S315080097201FFA8EF60121B2FBF7F407FB14204FEA65
S315080097301C4242EA004206FB04F090420FD91EEB97
S31508009740020204F1FF382CBF4FF001094FF000095F
S31508009750904203D9B9F1000F00F0CC804446121AA2
S315080097601FFA8CFCB2FBF7F007FB102200FB06F68B
S315080097704CEA024C664508D91EEB0C0C00F1FF3288
S3150800978002D2664500F2B3801046ACEB060C40EAFE
S3150800979004409DE7C1F120068B4004FA01FE22FA37
S315080097A006F720FA06FCF4408A401F434EEA0C03EB
S315080097B000FA01FE4FEA17484FEA13491FFA87FCD9
S315080097C0B4FBF8F008FB104449EA044400FB0CF922
S315080097D0A1450ED93C1900F1FF3A2CBF4FF0010BF9
S315080097E04FF0000BA14503D9BBF1000F00F08B80A9
S315080097F05046A4EB09041FFA83F9B4FBF8F308FBF7
S31508009800134403FB0CFC49EA0444A44506D93C1955
S3150800981003F1FF3801D2A4457BD8434643EA00400A
S31508009820A4EB0C04A0FB02984445CC46434602D35D
S3150800983006D1CE4504D20138B9EB020C68EB070312
S31508009840002D6CD0BEEB0C0264EB030422FA01F384
S3150800985004FA06F6CC4000211E43C5E900643DE73C
S3150800986002FA03FEC3F1200104FA03F200FA03FC2C
S31508009870CC404FEA1E4720FA01F11FFA8EF6B4FBD8
S31508009880F7F00A4307FB1044110C41EA044100FBB8
S3150800989006F48C420ED91EEB010100F1FF382CBFED
S315080098A04FF001094FF000098C4202D9B9F1000FB7
S315080098B02CD04046091B92B2B1FBF7F407FB1411F2
S315080098C042EA014204FB06F1914207D91EEB020265
S315080098D004F1FF3801D291421ED84446521A44EA8E
S315080098E0004120E7861A64EB030301200DE7F444E0
S315080098F002384AE7023C724431E702397244CCE640
S31508009900F4440238DFE602383C4472E70238714410
S31508009910D0E7023B3C4481E7023C7244DEE7294635
S31508009920DCE600BF704700BF08B5064B044613B116
S315080099300021AFF30080044B1B6803B1984720460B
S3150800994000F0FFFC00000000142500200CB4184BA2
S3150800995030B50C1E9DB01D6808DA8B234FF0FF301A
S315080099602B601DB0BDE8304002B070474FF402735B
S315080099700290069002A9ADF8143014BF04F1FF3323
S315080099802346209A2846049307934FF6FF73ADF8AB
S31508009990163021AB019300F03FF8431CBCBF8B2364
S315080099A02B60002CDDD0029B00221A70D9E700BF7D
S315080099B0AC26002007B5009313460A46014603481D
S315080099C0006801F05AFE03B05DF804FBAC260020DF
S315080099D070B50D4D00260D4C641BA410A64209D186
S315080099E00B4D00260B4C02F05BFC641BA410A64230
S315080099F005D170BD55F8043B01369847EEE755F892
S31508009A00043B01369847F2E710270020102700206C
S31508009A1010270020182700202DE9F04F98468B893B
S31508009A209DB007461B060D46144610D50B6973B93B
S31508009A30402100F00FF92860286130B90C233B60FB
S31508009A404FF0FF301DB0BDE8F08F40236B61002357
S31508009A50CDF80C804FF00109DFF8A0810993202387
S31508009A608DF8293030238DF82A3023469A4613F884
S31508009A70012B0AB1252AF9D1BAEB040B0BD05B46A8
S31508009A8022462946384601F066FE013000F0A780D6
S31508009A90099A5A4409929AF80030002B00F09F80E0
S31508009AA000234FF0FF320AF1010A049307938DF859
S31508009AB053301A93CDE90523544605224F4814F826
S31508009AC0011B01F043FF049AD8B9D00644BF2023EE
S31508009AD08DF85330110744BF2B238DF853309AF86D
S31508009AE000302A2B15D0079A544600204FF00A0C4E
S31508009AF0214611F8013B303B092B4BD9B0B10792EF
S31508009B0014E0A0EB0803A24609FA03F313430493EF
S31508009B10D2E7039B191D1B68002B0391BBBF5B4251
S31508009B2042F0020207930793B8BF049223782E2BBC
S31508009B300AD163782A2B32D1039B02341A1D1B687B
S31508009B4043EAE37303920593DFF8C0A00322217862
S31508009B50504601F0FBFE38B1A0EB0A004022049BF8
S31508009B60013482401343049314F8011B0622244847
S31508009B708DF8281001F0EAFE002836D0214B1BBBD1
S31508009B80039B073323F0070308330393099B3344E6
S31508009B9009936AE70CFB02320C460120A8E700236A
S31508009BA001344FF00A0C19460593204610F8012B8C
S31508009BB0303A092A03D9002BC6D00591C4E70CFB15
S31508009BC0012104460123F0E703AB2A4604A93846D7
S31508009BD000930D4BAFF30080421C0646D6D1AB89E5
S31508009BE05B063FF52DAF09982CE703AB2A4604A977
S31508009BF038460093044B00F0A5F8EDE74005010848
S31508009C004A0501080000000057B700084605010884
S31508009C1070B50F4E0C460546316811B900F0CAF901
S31508009C2030602146284600F0C5F9431C03D14FF0A1
S31508009C30FF34204670BDC41C24F00304A042F8D0AB
S31508009C40211A284600F0B6F90130F2D1EFE700BF35
S31508009C50182500202DE9F041CD1C064625F0030500
S31508009C6008350C2D38BF0C25002D01DBA94204D977
S31508009C700C2333600020BDE8F081314F00F08EF9E7
S31508009C803B681C4644BB29463046FFF7C1FF431CC8
S31508009C90044650D13C682146002941D1002C44D0C5
S31508009CA02368304604EB030800F084F980453CD16C
S31508009CB0216830466D1A2946FFF7AAFF013034D0CD
S31508009CC023682B4423603B68002B36D05A68A2428F
S31508009CD029D100225A600EE02268521B1DD40B2A95
S31508009CE016D96119A342256018BF5960636808BF71
S31508009CF0396062514B60304600F056F904F10B00AA
S31508009D00231D20F00700C21AB5D01B1AA350B2E7CC
S31508009D10A3426268DED13A60EDE723466468B1E79C
S31508009D200C464968B8E71346CEE70C23304633603D
S31508009D3000F03AF99EE70560DDE75B60FFDE00BFED
S31508009D401C2500202DE9FF470F7E914680460C46CC
S31508009D50782F9A460C9E01F1430207D8622F0AD83B
S31508009D60002F00F0DD80582F00F0C38004F1420672
S31508009D7084F842703AE0A7F16303152BF6D801A1DF
S31508009D8051F823F0DD9D0008F19D00086D9D00083F
S31508009D906D9D00086D9D00086D9D0008F19D0008E9
S31508009DA06D9D00086D9D00086D9D00086D9D00085D
S31508009DB0079F00087F9E0008BF9E00086D9D00084B
S31508009DC06D9D0008299F00086D9D00087F9E00086C
S31508009DD06D9D00086D9D0008C79E000833681A1D12
S31508009DE01B68326004F1420684F842300123A8E079
S31508009DF031682368081D30601E0601D50D6803E02A
S31508009E005D06FBD5B1F90050002D616878DA2D2082
S31508009E100029A16084F843002DDA6D425D480A23C3
S31508009E201646B5FBF3F103FB1157C75D06F8017D2E
S31508009E302F460D46BB42F4D9082B0BD12368DF0702
S31508009E4008D5236961689942DEBF302306F8013CCC
S31508009E5006F1FF36921B22614B4603AA214640466D
S31508009E60CDF800A001F0D2FC01306FD14FF0FF30E1
S31508009E7004B0BDE8F08723F004032360CDE721682A
S31508009E803368080653F8045B02D4490648BFADB2E6
S31508009E906F2F33603F4814BF0A230823002184F834
S31508009EA043106668002EA660BADB216821F004011B
S31508009EB02160002DB4D1002EB2D11646BCE7236826
S31508009EC043F02003236078273348236884F84570D5
S31508009ED01F06316851F8045B02D45F0648BFADB26D
S31508009EE03160D90744BF43F0200323601DB1102316
S31508009EF0D4E72848E9E7236823F020032360F6E738
S31508009F0024480A23CDE733682568181D616930603F
S31508009F102E061B6801D5196002E06806FBD5198074
S31508009F2000231646236197E7336800211A1D32601D
S31508009F301E686268304601F009FD08B1801B606042
S31508009F4063682361002384F8433085E72369324632
S31508009F5049464046D047013088D023689B0714D429
S31508009F60E068039B9842B8BF184681E7012332464A
S31508009F7049464046D04701303FF478AF0135E3689B
S31508009F8003995B1AAB42F1DCEAE7002504F11906EE
S31508009F90F5E700BF5105010862050108014801F00F
S31508009FA0B9BB00BF6C250020014801F0B4BB00BF57
S31508009FB06C25002038B50023054D044608462B605D
S31508009FC0FAF7E4F9431C02D12B6803B1236038BDC4
S31508009FD02025002038B50546002941D051F8043C13
S31508009FE00C1F002BB8BFE418FFF7D8FF1D4A1368EB
S31508009FF033B9636014602846BDE83840FFF7D4BF1C
S3150800A000A34208D9206821188B4201BF19685B68EA
S3150800A01009182160EDE71A465B680BB1A342FAD925
S3150800A02011685018A0420BD12068014450181160DD
S3150800A0308342E0D118685B68084453601060DAE729
S3150800A04002D90C232B60D6E7206821188B4202BF61
S3150800A05019685B680918636008BF21605460CAE71D
S3150800A06038BD00BF1C25002008B5F6F74BF908BD1A
S3150800A0700FB400B5B3B034AB53F8042B0193C02129
S3150800A08002A8FFF797FC011E05DDBF2928BFBF21DF
S3150800A09002A8F6F7BDFA33B05DF804EB04B07047D2
S3150800A0A0182805D9643880B2182803D801207047C3
S3150800A0B001207047002070478446C8B10378CBB1A9
S3150800A0C000229CF8003083B1A3F13000C0B2092801
S3150800A0D012D802EB820203EB4203A3F13002B2F577
S3150800A0E0803F0BD20CF1010CEBE70A800120704788
S3150800A0F000207047002070470020704700207047F6
S3150800A10070B58646049E002400E001348C4218D2BD
S3150800A1101EF804002028F8D0002002E00134155467
S3150800A12060468C4208D21EF80450202D04D01DB17A
S3150800A13000F1010C9C45F1D30023135406B1346099
S3150800A14070BD0020EDE708B500F093FEFFF78CFF21
S3150800A15000F0B6FEF6F7C8FBFAE70023934215D2DD
S3150800A16010B4CC5C24B100F8014B01339342F8D308
S3150800A170934204D2202100F8011B0133F8E75DF869
S3150800A180044B7047202100F8011B01339342F9D391
S3150800A190704700B5002296460DE0A3F1410C5FFA20
S3150800A1A08CFCBCF1050F13D8373B9BB243EA0E1360
S3150800A1B01FFA83FE0132032A14DC835CA3F1300CF8
S3150800A1C05FFA8CFCBCF1090FE7D8303B9BB2EDE790
S3150800A1D0A3F1610C5FFA8CFCBCF1050F07D8573B5D
S3150800A1E09BB2E3E7A1F800E001205DF804FB00203C
S3150800A1F0FBE70378532B1BD14378542B1AD1022241
S3150800A200042A06DC835C303BDBB2092B14D8013206
S3150800A210F6E74379522B07D0432B07D0412B01D0C1
S3150800A22000207047012070470120704701207047C1
S3150800A230002070470020704700207047844600229F
S3150800A2404FF6FF700FE0400080B20133072B09DCA0
S3150800A25010F4004FF7D0400080B280F4815080F0AF
S3150800A2600100F2E701328A4205D21CF8023080EA80
S3150800A27003200023EAE77047704770477047704726
S3150800A28008B500F027FB08BD704708B5F7F740FA90
S3150800A29008BD08B5F9F7C6FA00F031F808BD7047E9
S3150800A2A0704770477047704708B500F00BF808BD4F
S3150800A2B008B5F7F739F808BD08B5FFF7F5FFFFF752
S3150800A2C0F7FF08BD08B5F7F757F808BDFEE708B564
S3150800A2D0FFF7FCFF08BD704708B5FFF7FCFF08BD90
S3150800A2E0704738B504460D46F9F7A6FA29462046BA
S3150800A2F0FFF7F6FF38BD08B501F0DEFF08BD08B563
S3150800A300F7F7BAF808BDFEE704E050F8042B41F861
S3150800A310042B1A46531E002AF7D170470023036000
S3150800A320704700E018460368002BFBD10B600160FC
S3150800A33070470346006818B102681A600023036074
S3150800A3407047FEE700B589B084460E9807900D98C9
S3150800A35006909DF8300005900B9804909DF828000B
S3150800A360039000200290019300920B466246012159
S3150800A370F7F7B0FA09B05DF804FB70B505460E4666
S3150800A380144601F020FE2B685C4034405C402C608B
S3150800A39001F014FE70BD38B505460C4601F0F2FA18
S3150800A3A005B128600CB10D23236038BD30B583B0E4
S3150800A3B005460C46002301934FF0E0231B6913F072
S3150800A3C0040F0CD001F0FEFA01900C2300930DB196
S3150800A3D0019B2B600CB1009B236003B030BD69461E
S3150800A3E001A8F7F711FEF2E708B501F0FDFA00211A
S3150800A3F0F8F702F808BD10B582B000230193009360
S3150800A400B0F5807F00F20781B0F5807F00F28B817E
S3150800A410DFE810F054018901890189018901890160
S3150800A42089018901890189018901890189018901CE
S3150800A43089018901890189018901890189018901BE
S3150800A44089018901890189018901890189018901AE
S3150800A4508901890154018C0154018C01A401A401CC
S3150800A460A401A401A4018C01A90145016601B30157
S3150800A47045018C018C018C018901890189018901B9
S3150800A48089018901890166018C018C018C01C7014A
S3150800A4902B018C01890189018901890189018901B9
S3150800A4A08901890189018901890189017101A4014B
S3150800A4B0540154015401B80145014501BD0181010A
S3150800A4C05E0116011601890189018901890189013F
S3150800A4D0890189018901890189018901890189011E
S3150800A4E0890189018901890189018901890189010E
S3150800A4F089018901890189018901890189018901FE
S3150800A50089018901890189018901890189018901ED
S3150800A51089018901860189018901890189018901E0
S3150800A52089018901890189018901890189018901CD
S3150800A53089018901890189018901890189018901BD
S3150800A54089018901890189018901890189018901AD
S3150800A550890189018901890189018901890189019D
S3150800A560890189018901890189018901890189018D
S3150800A570890189018901890189018901890189017D
S3150800A580890189018901890189018901890189016D
S3150800A590890189018901890189018901890189015D
S3150800A5A0890189018901890189018901890189014D
S3150800A5B0890189018901890189018901890189013D
S3150800A5C0890189018901890189018901890189012D
S3150800A5D0890189018901890189018901890189011D
S3150800A5E0890189018901890189018901890189010D
S3150800A5F089018901890189018901890189018901FD
S3150800A60089018901890189018901890189018901EC
S3150800A61089018901AE01B0F5F06F00F0C28014D946
S3150800A620B0F5206F00F0B3805FD9B0F5306F00F059
S3150800A630B3806DD9B0F5386F52D0B0F5406F72D18E
S3150800A640002101A8F7F782FB6DE0B0F5607F78D0AE
S3150800A65010D9B0F5B06F00F0868033D9B0F5D06F59
S3150800A66000F08B80B0F5E06F37D1002101A8F7F72D
S3150800A67017FE58E0B0F5007F0AD101F083F90446C9
S3150800A6804FF40070F7F78AFEB4FBF0F401944AE041
S3150800A69011D9B0F5207F49D0B0F5407F43D101F0FC
S3150800A6A091F904464FF42070F7F778FEB4FBF0F4FE
S3150800A6B06408019437E0B0F5C07F34D101F082F91F
S3150800A6C0019030E0B0F5806F48D0B0F5A06F2AD180
S3150800A6D0002101A8F7F76CFB25E0B0F5C06F22D181
S3150800A6E0002101A8F7F790FC1DE0B0F5106F49D0DE
S3150800A6F0B0F5186F04D1002101A8F7F78DFB12E019
S3150800A700B0F5086F0FD1002101A8F7F723FC0AE07E
S3150800A710B0F5286F07D1002101A8F7F7CDFC02E0B4
S3150800A72001F030F90190019802B010BD01F04AF924
S3150800A73004464FF42070F7F731FEB4FBF0F40194A9
S3150800A740F1E700216846FFF726FE009C4FF460708B
S3150800A750F7F724FEB4FBF0F40194E4E7002101A81E
S3150800A760F7F71EFCDFE7002101A8F7F76FFDDAE728
S3150800A770002101A8FFF71AFED5E7002101A8F7F77F
S3150800A780B5FDD0E7002101A8F7F7DCFDCBE70021EE
S3150800A79001A8F7F75FFCC6E7002101A8F7F760FBF9
S3150800A7A0C1E7002101A8F7F7A9FCBCE708B500290D
S3150800A7B003DD0121F7F720FE08BD0021F7F71CFE8F
S3150800A7C0FAE708B502214FF42070F8F759F808BDE2
S3150800A7D07047436813F0010F19D0836813F0010F0F
S3150800A7E003D0036913F0010F09D00A238363436D6D
S3150800A7F013F0500FFBD1836C13F0030FFBD100F558
S3150800A800005301225A60436813F0020FFBD17047C8
S3150800A81008B5F9B10A4600F580530121596002F0DE
S3150800A8200F01436DC3F30B03002BFAD18163436D0C
S3150800A83013F07803FBD112F0010F00D0012312F0B8
S3150800A840040F01D043F00203826C02F003029A421D
S3150800A850FAD108BDFFF7BDFFFBE7836C13F0400F85
S3150800A860FBD04164704708B500231A46F8F770FB19
S3150800A87008BD08B500231A46F8F76AFB08BD70B587
S3150800A88005460E46144601F09EFB2B685C40344094
S3150800A8905C402C6001F092FB70BD70B505460E4613
S3150800A8A0144601F090FB2B685C4034405C402C60F9
S3150800A8B001F084FB70BD0020704708B5002100F048
S3150800A8C06AFB002008BD09B12120704708B5FFF7CB
S3150800A8D0F4FF08BD08B500F001F808BD0020704770
S3150800A8E008B5F9F7D9F808BD08B540B2F9F712F96D
S3150800A8F008BD08B5F9F730F908BD08B5F9F71EF926
S3150800A90008BD08B5FFF7F0FF08BD2DE9F04182B094
S3150800A9100E4617461C46054670B18CB195B1D5F85A
S3150800A9200C80B8F1000F0FD023463A463146286806
S3150800A930C04702B0BDE8F081F9F766F90546ECE7CD
S3150800A94001ACEBE72320F4E72320F2E703280BD832
S3150800A950DFE800F0020D0407002070474FF480502E
S3150800A96070474FF4405070474FF4805070474FF48B
S3150800A97000507047D0F8A0301B689A6C12F0800F10
S3150800A98003D0DB6B0B70002070471B20704738B56F
S3150800A9900446D0F8A0301D68AB6C13F0400FFBD00E
S3150800A9A000231A4694F8A91094F8A800F8F7E0FBD3
S3150800A9B000231A4694F8AB1094F8AA00F8F7D8FBC7
S3150800A9C094F8B03013F0010F12D194F8B03013F0A8
S3150800A9D0020F16D105F5005304221A6500212846F0
S3150800A9E0FFF716FFD4F8A40001F008FB002038BDD5
S3150800A9F000231A4694F8AD1094F8AC00F8F7B8FBA3
S3150800AA00E3E700231A4694F8AF1094F8AE00F8F777
S3150800AA10AFFBDFE708B5D0F8A0301868FFF71DFFD1
S3150800AA20002008BD704780F89510704790F895008B
S3150800AA30704710B582B004460DF10701007D01F09C
S3150800AA4055F89DF807303BB1206DA26CE36C1344B2
S3150800AA5083420BD002B010BD237D03EB43031B01D9
S3150800AA6003F1A04303F58023D86EEEE71046F1E71D
S3150800AA7010B50446FFF7DDFF236D834201D2C01AE5
S3150800AA8010BDA26CE16C0A44D01AF9E738B5044641
S3150800AA90007DF7F7DFF82046F9F718FA0546207D16
S3150800AAA0F7F7F8F8284638BDF8B50446FFF7EEFF7D
S3150800AAB000B1F8BD01F090FA0646207DF7F7CAF80E
S3150800AAC02046FFF7B6FF451EA36CAB4202D9E56CDC
S3150800AAD0013D1D4494F85470207DF7F7DBF8CFB993
S3150800AAE02B46D4F898209A4212D01A78112A09D0FF
S3150800AAF0132A07D0013BA26C9A42F2D9E36C013BB8
S3150800AB001344EEE7112A14BF0022012284F89C2080
S3150800AB10C4F89850304601F05AFACAE72DE9F843C6
S3150800AB2004460F46154690F8959000264FF0010802
S3150800AB3002E094F89C304BB9AE421FD294F8963096
S3150800AB40002BF6D02046FFF7AFFFF2E7B9F1000F6A
S3150800AB5002D03B780A2B09D0236E5B6839782046E9
S3150800AB609847804650B901370136E5E7236E5B689A
S3150800AB700D212046984780460028EDD04046BDE87E
S3150800AB80F88308B590F894301BB9FFF7C7FF002083
S3150800AB9008BD0E20FCE790F89430DBB170B504468A
S3150800ABA00D460B69B3F5006F16D801F015FA06467F
S3150800ABB06C6194F88C304BB1294604F19000FFF78C
S3150800ABC0B0FB304601F003FA002070BD2846F9F7BD
S3150800ABD09FF9F6E70E2070472120F6E730B583B0D7
S3150800ABE0144692F8543033B1936D0BB1D06D984733
S3150800ABF0002384F8543094F8963023B9002084F85A
S3150800AC00540003B030BD2046F9F738F90028F5D0CE
S3150800AC10236E5B68132120469847002507E0112B11
S3150800AC2014BF0023012384F89C300135EDB20F2DA3
S3150800AC300DD8236E1B680DF107012046984730B9D9
S3150800AC409DF80730112BEAD0132BEED1E7E7204603
S3150800AC50F9F792F9D2E72DE9F04F83B090464AB159
S3150800AC6004460D46002966D0FFF710FF814628B135
S3150800AC704FF00008404603B0BDE8F08F2046FFF7C6
S3150800AC80F7FE4746804528BF074694F896A0BAF1CE
S3150800AC90000F48D001F0A0F90190266D2046F9F77B
S3150800ACA0EDF88346B846002211E00133C4F898301F
S3150800ACB0D14612E008F1FF38B9F1000F05D0112B83
S3150800ACC014BF0023012384F89C3001320136BA42AE
S3150800ACD00BD2D4F89830B342E7D03378112BE9D0A9
S3150800ACE0132BE7D005F8013BEFE7D4F89810A26CD0
S3150800ACF0E36C1344994213D0019801F068F9394678
S3150800AD002046F9F7EBF994F89630002BB2D0BBF150
S3150800AD10000FAFD0236E5B68112120469847A9E73C
S3150800AD20C4F89820E8E73A46216D284600F0F4FC76
S3150800AD30B846D346E3E74FF000089BE72DE9F04114
S3150800AD4080460F4616461D4600232B602968721A50
S3150800AD5039444046FFF77FFF034620B12C681C4460
S3150800AD602C60B442F2D32B6813B10020BDE8F08101
S3150800AD701B20FBE710B514465069002380F88C3079
S3150800AD809030FFF7D6FA08B1F9F7C2F863681BB135
S3150800AD90A268002120469847002010BD50B138B55A
S3150800ADA0056801F019F90024AC65EC6501F00FF9A6
S3150800ADB0204638BD2220704738B5056895F8943086
S3150800ADC03BBB0446FFF7EAFFF8F71EFF84421CD098
S3150800ADD02B6E93F91000F8F7E1FE2B6E93F910002D
S3150800ADE0FFF787FD287D00F061FE287DF6F7AAFEAD
S3150800ADF0F6F782FE002323606360E3606361A36164
S3150800AE002B6EDB682846984738BD0020F8F7F0FE19
S3150800AE10DEE70F20F8E701F00303DB004FF0FF0C35
S3150800AE200CFA03FC07290ED810B54FEA910E0EF15D
S3150800AE300C0150F821409A40624002EA0C02624036
S3150800AE4040F8212010BD704708B5F9F7B1FA08B5E2
S3150800AE50FFF7FAFF08BD7047704708B5FFF710FA05
S3150800AE60FFF713FAFFF728FAFFF713FAFFF717FAAF
S3150800AE7008BD08B5F9F71AFBFFF7EDFFF8F79CFED2
S3150800AE80F8F71CFEFFF72CFDF8F730FEF9F74CFB38
S3150800AE90F9F7B4FAFFF7E0FF00F006F8FFF7F4F960
S3150800AEA0FFF7DBFF08BD704708B5FFF7E5F9FFF7C1
S3150800AEB0E4F9FFF7E3F9FFF7E2F9FFF7F4FF08BD56
S3150800AEC008B5FFF7EDF9FFF7ECF9FFF7EBF9FFF730
S3150800AED0EAF908BD00F0AEB87047431E012B03D946
S3150800AEE0031F584258417047012070474FF4D872E3
S3150800AEF0002100F007BC70B50446FAF7BBFC05460E
S3150800AF00A8B9A169F1B1238AD3B1204604F1100288
S3150800AF1000F0F2F938BBE16919B3638AA3B1204698
S3150800AF2004F1120200F0BDF978B1054603E00023EA
S3150800AF30A3612361E361002328466361236270BD30
S3150800AF40A061E8E72082E6E7E361216A0029F2D0FA
S3150800AF50A28A002AEFD02046E38ABDE8704000F0B6
S3150800AF605FB96182F1E76582E561DEE711B9D0F87C
S3150800AF70DC1021B1CB6813B18B68D88970474FF6BE
S3150800AF80FF70704710B5F9F787FB044608B900F05B
S3150800AF906EFA204610BDF9F737BEF9F75BBE70B5F5
S3150800AFA000232425D0F8DC00C4689C4201D1212066
S3150800AFB070BD826805FB0322D6898E4202D8128AA2
S3150800AFC08A4201D20133F0E70020F1E7C08D7047CD
S3150800AFD00A7838B505461046FFF77FFF60B14C780A
S3150800AFE02046FFF77AFF38B12243530704D4284690
S3150800AFF0BDE83840F9F7EABF212038BDFFF7E8BFBA
S3150800B00010B504460878FFF768FF58B14A78104625
S3150800B010FFF763FF30B1042A04D02046BDE810408C
S3150800B020F9F7F2BF212010BDFFF7EABF00F0AAB872
S3150800B030F9F73ABF38B504460D4600F07DF850B129
S3150800B04029462046F9F7B8FC30B929462046BDE816
S3150800B0503840F9F7E9BE0E2038BD70B50446002021
S3150800B0600E4600F000FAD4F8F0503DB10023314600
S3150800B0702046AC46BDE870401A4660472B4601227A
S3150800B08031462046FAF7C2F8284670BD38B5044658
S3150800B09048880D4600F0E7F9D4F8F0302BB9294670
S3150800B0A02046BDE83840F9F7C9BF022038BD00F090
S3150800B0B0DCB900F0A4B800F005BA38B504460D4668
S3150800B0C000F081FF0023C4F89050C4F88C30BDE826
S3150800B0D0384000F073BF38B505460C4600F073FFDC
S3150800B0E0D5F890301C40D5F88C302343C5F88C3001
S3150800B0F000F064FF211E18BF01210020490238BD57
S3150800B100FAF7C4BFFAF7C4B9FAF7BABEFAF7C4BE73
S3150800B1100B4610B514461846A168928800F0FCFA4A
S3150800B120E168034631B1A0886288121A92B21844BF
S3150800B13000F0F2FA002010BD0346408A18B1188ABA
S3150800B140003818BF0120704700207047002070475C
S3150800B1507047D0F8943003F06003402B0DD0602B75
S3150800B16003D0203B58425841704749B10B68012B20
S3150800B17006D9486940F00100704740F2011070474F
S3150800B18000207047F7B504461046D4E954C7DDE9F0
S3150800B19008268CEA020587EA06010540194085EA71
S3150800B1A00C057940C4E95451002523F4004106EA08
S3150800B1B0010320F0010043F40073024043F0020348
S3150800B1C0CDE90055FDF7EAF894F824309A0713D527
S3150800B1D0D4F854319B050FD54FF488112046FFF754
S3150800B1E07AFF94F82430024665F3410384F8243044
S3150800B1F020460B46F9F7EEFC002003B0F0BD0346E7
S3150800B200D0F824010860B3F8283100208B807047F5
S3150800B21090F824310C2B14BF90F82B00FF207047B0
S3150800B2202DE9F041884618F00307064615461946E3
S3150800B23033D1B2F5805F30D89A422ED33F2A28D927
S3150800B240B2FA82F401220120C4F11F03DBB29A404C
S3150800B25092B2AA422CBFC4F11904C4F11A04E2B28C
S3150800B260931DDBB2984080B2A84214D096F8F53008
S3150800B270ABB9012096F8253060F3410386F82530EE
S3150800B2804046FAF7A9FCC6F82080B5823846BDE8DC
S3150800B290F0813A46EAE70020ECE72127F6E70E2791
S3150800B2A0F4E7F8B511F0030607460D46144621D112
S3150800B2B002B313883F2B1DD9B3FA83F3C3F11901DF
S3150800B2C0C9B2062901D8192B12D0062928BF06218A
S3150800B2D001238A1DD2B293402846238000F0B7F88E
S3150800B2E023883846FD617B82FAF786FD3046F8BD2D
S3150800B2F03146EDE72126F9E738B5148811F003053C
S3150800B3004FEAC4041ED13F2C1CD9B4FA84F4C4F104
S3150800B3101903DBB2052B01D8192C11D0052B28BF30
S3150800B320052301240633DBB204FA03F3C3F3CF047F
S3150800B3301480816104824387FAF75EFD284638BD8A
S3150800B3402B46EEE72125F9E738B5154604460846A3
S3150800B3500121FBF7B3FE01212846FBF7AFFE94F85F
S3150800B360253043F0010384F8253038BD38B5044646
S3150800B370154680F82C105AB100F03AF808B90020A2
S3150800B3801AE094F8243043F0800384F82430F6E772
S3150800B3900846FBF779FAFF2884F82C0009D02046DE
S3150800B3A000F026F80028EAD094F8243065F3C7138D
S3150800B3B0EBE7FBF78DFA212038BD8021FEF7E0B8D0
S3150800B3C038B50546F9F73AFC04462846F9F714FC59
S3150800B3D0072804BF24F47F4121F00801284614BF3A
S3150800B3E024F0800141F08001BDE83840F9F72CBC13
S3150800B3F04021FEF7C5B890F8F400431E584258415C
S3150800B400704738B5054610460C46FAF759FBD5B1CC
S3150800B410D5F8E030BBB15B69ABB1421ED2B2FD2AAA
S3150800B42013D90A68013204BF6FF001020A600A687C
S3150800B430FF281A6007D16268013202D16FF0010253
S3150800B440626062685A60002038BD0128F2E74FF052
S3150800B4503A4301225A6741F6FF72D96418651A679A
S3150800B4607047FAF78BBA002070470020704770477C
S3150800B47010B504680246090494B9D9B1B1FA81F342
S3150800B480C3F12003C3F10F00012838BF012003F0E0
S3150800B4901F03D9408C4201D201384908116010BDFA
S3150800B4A0B4FA84F331B1B1FA81F01B1A002BE9DC46
S3150800B4B00F20EFE70F20F1E70638042834BF0120F4
S3150800B4C0FF207047704700200021704708B5FBF73A
S3150800B4D0D1FBBDE80840FBF7E5BB38B50446FFF7E6
S3150800B4E0F5FF0546FFF7F2FF431BA342FAD338BD23
S3150800B4F038B50D460446FBF7BDFB35B1844200D985
S3150800B5000139204601F0030138BD844238BF0131B4
S3150800B510F7E708B50121FFF7EBFFBDE80840FBF7A1
S3150800B520C1BB08B521B1920000F0F6F8002008BDAD
S3150800B5302120FCE700F06F43B3F1804F02D0B3F14E
S3150800B540204F02D120F07040704700F06043B3F1FD
S3150800B550204F08BF20F0805070470B0C23F480530F
S3150800B560B3F5284FF7B50D468FB2064699B216D0F1
S3150800B5704AF60103994214D04AF60203994212D0B8
S3150800B580B1F5204F14BF04240324D6F8E0300BB1DC
S3150800B590196851B9D6F8DC3093B928680EE000244A
S3150800B5A0F3E70124F1E70224EFE7234668463A4623
S3150800B5B0FBF7FCFBDDE90003002BEBD103B0F0BD84
S3150800B5C019680029E9D0234668463A46FBF7EEFB98
S3150800B5D0DDE90003002BE0D1F0E70204C0F389138C
S3150800B5E007D56FEA83536FEA935313F5007F18B2B2
S3150800B5F006D0A3F1C8006FF4FF739842B8BF184687
S3150800B60070470020FBF7B6BE0120FBF7B3BE00EB80
S3150800B6108023C0EB831353FA81F303EB8322C3EB36
S3150800B6208213C1F30722134403EB8322C3EB82136D
S3150800B630C1F30742134403EB8322C3EB821303EBE4
S3150800B6401160704738B50D46144604B938BD55F82B
S3150800B650041BFFF7DCFF013CF7E77047FDF7EABA82
S3150800B660FDF7E8BAFDF7E6BAFDF7E4BA08B5084605
S3150800B670FDF7E6FE08BDFDF7DDBA30B514469BB00A
S3150800B68005461A46002C05DA8B2303604FF0FF3077
S3150800B6901BB030BD4FF40273009104916946ADF8B2
S3150800B6A00C3014BF04F1FF332346029305934FF67B
S3150800B6B0FF73ADF80E301E9BFEF7AEF9431CBCBFF8
S3150800B6C08B232B60002CE3D0009B00221A70DFE747
S3150800B6D0884210B501EB020402D98442234607D8F2
S3150800B6E0431EA14208D011F8012B03F8012FF8E7F1
S3150800B6F0024401468A4200D110BD13F8014D02F8F2
S3150800B700014DF7E702440346934200D1704703F818
S3150800B710011BF9E7704770470A44431E914200D15E
S3150800B720704710B511F8014B914203F8014FF9D152
S3150800B73010BD034613F8012B002AFBD1181A01384D
S3150800B740704710F8012B11F8013B012A28BF9A42CD
S3150800B750F7D0D01A70472DE9F0471F468E68824603
S3150800B7600C46BE4290460B682DD8B1F90C2012F44F
S3150800B770906F26D06569096905EB4505A3EB0109B4
S3150800B7807B1C05EBD5754B446D109D4238BF1D4695
S3150800B790530527D52946FEF75DFA064660B34A469D
S3150800B7A02169FFF7B9FFA38923F4906343F0800367
S3150800B7B0A38126614E446561A5EB090526603E46D0
S3150800B7C0A560BE4200D93E46324641462068FFF78C
S3150800B7D07FFFA36800209B1BA36023683344236074
S3150800B7E0BDE8F0872A4600F083F806460028E0D12F
S3150800B7F021695046FEF7EEFB0C234FF0FF30CAF8DE
S3150800B8000030A38943F04003A381E9E72DE9F04717
S3150800B810164698468A6807460B690C46DDF8209056
S3150800B8209342B8BF1346336091F843200AB10133F7
S3150800B83033602368990642BF33680233336025684C
S3150800B84015F0060506D104F1190AE36832689B1A51
S3150800B850AB422BDC94F843302268003B18BF012327
S3150800B860920630D404F1430241463846C8470130AF
S3150800B87023D023681A3454F80A2C03F00603042B41
S3150800B8800ABF54F80E5C002533684FF0000608BF5F
S3150800B890ED1A54F8123C08BF25EAE5759342C4BF71
S3150800B8A09B1AED18B5421AD1002008E0012352462A
S3150800B8B041463846C847013003D14FF0FF30BDE84E
S3150800B8C0F0870135C1E7E1185A1C302002332244BB
S3150800B8D081F8430094F8451082F84310C2E7012323
S3150800B8E0224641463846C8470130E6D00136D9E7F0
S3150800B8F02DE9F041804615460C4621B91146BDE8AA
S3150800B900F041FEF7A7B92AB9FEF764FB00242046E2
S3150800B910BDE8F08100F028F88542064602D8B5EB66
S3150800B920500FF4D829464046FEF794F907460028F2
S3150800B930ECD0B5422A46214628BF3246FFF7ECFE30
S3150800B940214640463C46FEF745FBE0E7C9B20346BA
S3150800B950024410B59342184601D1002003E004784A
S3150800B96001338C42F6D110BD51F8043C181F002B48
S3150800B970BCBF0B58C0187047014B1868704700BF0A
S3150800B9801026002008B50B4B1B6F03F00703013B7D
S3150800B990032B09D8DFE803F00B020509FFF7ECFFD4
S3150800B9A004E0054B186801E0FEE7044808BD0448B2
S3150800B9B0FCE700BF008000501826002080D543020F
S3150800B9C0002D310108B5FFF7DDFF054B1B6FC3F3EB
S3150800B9D003330133B0FBF3F0024B186008BD00BF18
S3150800B9E0008000500C2600200048704700B4C404AC
S3150800B9F000487047002D3101014B1868704700BF99
S3150800BA00182600200048704780D543021A4B4FF489
S3150800BA1000225A664FF0B4439868C0F304400C28D5
S3150800BA2008D8DFE800F009070707070722181A07EA
S3150800BA301C1E2000002070474FF0B4439B6803F09B
S3150800BA404073B3F1807F12D0B3F1007F11D003B1F8
S3150800BA5070470A4870470A4870470A4870470A48B4
S3150800BA6070470A4870470A4870470A4870470A48A4
S3150800BA7070470A48ECE700BF0090005000093D00F7
S3150800BA800024F400C0EA210180BA8C010048E801CC
S3150800BA90005A6202405DC60080841E0040420F00C4
S3150800BAA0014B1868704700BF1426002008B50A4BDA
S3150800BAB01B7853B107280AD8084B03EB00131B7BE6
S3150800BAC03BB1F7F745FC002008BD0548FCE70548EB
S3150800BAD0FAE70548F8E700BF45250020442000207E
S3150800BAE0028000F0018000F0078000F00C4B1B7804
S3150800BAF073B110B50C4607280CD869B1094B03EB8E
S3150800BB0000131B7B53B1F7F735FC2070002010BDDE
S3150800BB10054870470548FAE70448F8E70448F6E791
S3150800BB204525002044200020028000F0018000F016
S3150800BB30078000F00C4B1B7873B110B50C4607282C
S3150800BB400CD869B1094B03EB00131B7B53B1F7F70C
S3150800BB502BFC2060002010BD054870470548FAE711
S3150800BB600448F8E70448F6E7452500204420002065
S3150800BB70028000F0018000F0078000F040B9054B14
S3150800BB805B6813F0010F03D0024B9B6D002BF6D1B7
S3150800BB90704700BF00800A5008B9014B59647047C6
S3150800BBA000900A5008B9014B5964704700A00A5022
S3150800BBB008B9014B1964704700A00A5010B9024B26
S3150800BBC0186C70470020704700800A5038B5054643
S3150800BBD00C46FFF7D3FF55B91CB1012C04D0002041
S3150800BBE006E0044BD86C03E0024B186D00E0002019
S3150800BBF038BD00BF00800A5070B505460C4616468B
S3150800BC00FFF7BCFF15B914B1012C03D070BD034B67
S3150800BC10DE64FBE7014B1E65F8E700BF00800A50AB
S3150800BC20B8B1036803F03F00C3F3821213F4E07F50
S3150800BC3003D0012A0FD1094A00E0094A31B102F5B9
S3150800BC4080520123834013600020704702F500529A
S3150800BC50F7E70E2070470E20704700BF6880005037
S3150800BC60648000504161114B1B68CBB110B40024AD
S3150800BC7003E0891A41611C469B6823B15A698A42C6
S3150800BC80F7D9002AF5D044B1A060836013B15A6988
S3150800BC90521A5A615DF8044B7047044A1060F4E77B
S3150800BCA0024B186000238360704700BF0021002004
S3150800BCB0104B1B680246B8B1002101E019469B6883
S3150800BCC00BB19342FAD1934210D149B193688B6074
S3150800BCD093686BB1596952691144596100207047DC
S3150800BCE09168044B1960F3E72220704702207047D9
S3150800BCF0002070470021002008B500F0E1F80B4B42
S3150800BD001B680B4A1268821A03E0521A002159610D
S3150800BD109B683BB132B159699142F6D3891A596188
S3150800BD200022F5E7024B186008BD00BF002100207D
S3150800BD30FC2000200B4B1B6800220B490A70012AC5
S3150800BD400ED86BB1D98811F0020F05D19B68002B6C
S3150800BD50F5D059690A44F2E7034B01221A70704775
S3150800BD60704700BF002100204A2500200D4B1B68A4
S3150800BD70B3B110B55B6963B10B4A14681C44022061
S3150800BD8000F05AFA204600F0B7F8FFF7D3FF002074
S3150800BD9010BD022000F050FA022000F0FFF8F4E788
S3150800BDA02220704700210020FC20002070B500F0FA
S3150800BDB013F9054600F084F80446084B1E6801206E
S3150800BDC000F023FA28B9284600F001F92046314642
S3150800BDD070BD00F075F804460136F4E70821002026
S3150800BDE0014B1868704700BF0421002008B5084BAE
S3150800BDF01968A1FB000140F2E733C0184FF47A72C4
S3150800BE004FF0000341F10001FDF7FEFB08BD00BF3E
S3150800BE1004210020F8B5044610F0010F03D114F0F0
S3150800BE20020F09D1F8BD234A136801331360FFF7DF
S3150800BE3063FFFFF79BFFF2E700F0CEF80546FFF732
S3150800BE405BFF00273E4616E09B683BB15A692AB954
S3150800BE5021791A799142F7D91C46F5E7284600F068
S3150800BE60B6F8204600F083F9E788013600F0B4F802
S3150800BE700546FFF741FF104B1C681CB163690BB9F7
S3150800BE802346E2E70D4B00221A70012E07D0FFF772
S3150800BE906DFF222809D0284600F099F8C2E717F066
S3150800BEA0020FF4D001221A70F1E7022000F05CF8C4
S3150800BEB0F1E700BF082100200021002049250020C5
S3150800BEC0054B5B6813F0010F03D0034BDB69002BAE
S3150800BED0F6D1014B9869704700800A5000B583B0C7
S3150800BEE001A9044B187900F07DF8019803B05DF8B4
S3150800BEF004FB00BFFCD10008F8B5044600F063F85F
S3150800BF000646FFF7DDFF054600F090F907460020D4
S3150800BF10FFF754FE10F0020F04D17B1B032B01D848
S3150800BF20BD420FD1631B022B00D8EC1CB4F1FF3FB6
S3150800BF302CBF2246621E00210846FFF75DFE02203E
S3150800BF4000F07AF9304600F039F8054B1B782BB12A
S3150800BF50044B01229A64024B00221A70F8BD00BFF6
S3150800BF600727002000900A5008B510F0010F0ED1DF
S3150800BF70002110F0020F06D041F002010123054A04
S3150800BF801370054A93640020FFF70CFE08BD0121D3
S3150800BF90EFE700BF0727002000A00A5010F0020FA5
S3150800BFA002D0024B02221A64704700BF00900A5062
S3150800BFB04FF4004070474FF47A70704710B962B674
S3150800BFC0BFF36F8F7047EFF3108072B6704780F338
S3150800BFD01188BFF36F8F7047EFF31180302383F317
S3150800BFE01188704719B108B500F00DF808BD222070
S3150800BFF0704708B50121FFF713FE08BD08B50021F3
S3150800C000FFF70EFE08BD70B504460E46FFF7E4FFBF
S3150800C01005461F2C00F2A780DFE804F01019A520BA
S3150800C020272EA5353CA543A54A51A5585F66A56D9B
S3150800C030A574A59EA57BA582A5899097FFF7A2FC66
S3150800C040306000242846FFF7C2FF204670BD4FF433
S3150800C050C070FEF7D0F930600024F3E74FF4207083
S3150800C060FEF7C9F930600024ECE74FF44070FEF79C
S3150800C070C2F930600024E5E74FF46070FEF7BBF9BB
S3150800C08030600024DEE74FF40070FEF7B4F9306044
S3150800C0900024D7E74FF48060FEF7ADF9306000243E
S3150800C0A0D0E74FF44060FEF7A6F930600024C9E7F0
S3150800C0B04FF4C060FEF79FF930600024C2E74FF4E2
S3150800C0C0F060FEF798F930600024BBE74FF4B060E3
S3150800C0D0FEF791F930600024B4E74FF4D060FEF71C
S3150800C0E08AF930600024ADE74FF41060FEF783F953
S3150800C0F030600024A6E74FF4E060FEF77CF9306074
S3150800C10000249FE74FF4A060FEF775F9306000241D
S3150800C11098E74FF41860FEF76EF93060002491E74F
S3150800C1204FF42860FEF767F9306000248AE74FF479
S3150800C1308070FEF760F93060002483E74FF43060C2
S3150800C140FEF759F9306000247CE74FF42060FEF7CB
S3150800C15052F93060002475E74FF40860FEF74BF992
S3150800C160306000246EE70023336021246AE72DE956
S3150800C170F041044605696DBB00252F462E46002D65
S3150800C18039D02369FBB1F5B9BE1BA38B6BB1E28B22
S3150800C19013449BB2E383B3F57A7F06D3A3F57A7388
S3150800C1A0E383013EA369013BA361FFF715FF05463B
S3150800C1B031462046FFF756FDA36922691344A36159
S3150800C1C02846FFF704FFE36813B12168204698471D
S3150800C1D0BDE8F0812F46FFF773FEA369C61AF2176A
S3150800C1E0AE4272F1000204DB22691344A361012501
S3150800C1F0C5E70025C3E7FFF7EFFE80462046FFF7B1
S3150800C20057FD4046FFF7E3FEBBE710B5044600209E
S3150800C210FFF7D4FC012C04D0022C05D1C0F3400052
S3150800C22003E000F0010000E0002010BD08B5002181
S3150800C2300846FFF7CBFC08BD08B510F0010F09D179
S3150800C240002110F0020F01D041F002010020FFF793
S3150800C250A3FC08BD0121F4E738B5FFF7BDFE044687
S3150800C2600020FFF7ABFC10F0010F11D1002510F0EC
S3150800C270020F01D045F0020500F003010020FFF788
S3150800C28097FC2846FFF7C6FD2046FFF7A0FE38BDF7
S3150800C2900125ECE700000000000000000000000097
S3150800C2A0F8B500BFF8BC08BC9E467047F8B500BF95
S3150800C2B0F8BC08BC9E4670475FF800F08125002050
S3150800C2C050415353000000004641494C000000000D
S3150800C2D076616C6964000000696E76616C69640059
S3150800C2E04F4B00000D0A3D3D3D204E6574416E6181
S3150800C2F06C797A65725F464732335F56303120284B
S3150800C30046535F4E3D256429203D3D3D0D0A554166
S3150800C310525420256C7520382D4E2D31202F205053
S3150800C32042253032753D5458205042253032753DED
S3150800C33052580D0A000000005B53325D20435243F9
S3150800C34031362F43434954542D46414C53452025F5
S3150800C350730D0A002020202020223132333435364E
S3150800C36037383922203D2025303458202865787002
S3150800C3702025303458290D0A0000000020202020EE
S3150800C380202241424322202020202020203D202513
S3150800C39030345820286578702025303458290D0AFD
S3150800C3A0000000005B5333615D206672616D652095
S3150800C3B06275696C6420257320206C656E3D257551
S3150800C3C0202865787020257529202043484B3D256F
S3150800C3D030345820286578702025303458290D0ABD
S3150800C3E0000000005B5333615D206672616D653E37
S3150800C3F03E0D0A000D0A5B5333615D203C3C656EB9
S3150800C400640D0A0052494E472B504F4C4C00000011
S3150800C4105B5333625D2074785F6D6F64653D257389
S3150800C420202063616C6C5F72657475726E3D256C55
S3150800C43075207469636B2028256C7520757329200F
S3150800C440206C696D69743C3130303075730D0A00A3
S3150800C4505B5333625D207469636B5F667265713D19
S3150800C460256C7520487A202070656E64696E673D74
S3150800C4702575202064726F707065643D256C750D96
S3150800C4800A0000005B53355D204641494C20726125
S3150800C490696C2068616E646C65206973204E554C22
S3150800C4A04C0D0A005B53355D207261696C2068612A
S3150800C4B06E646C65204F4B0D0A0000005B53355DBA
S3150800C4C02063683D2530337520252D377320286570
S3150800C4D0787020252D3773292025730D0A00000052
S3150800C4E05B53355D20726573756C743A2025752F1C
S3150800C4F0257520504153530D0A0000005B533661E1
S3150800C5005D2073746172745F72782063683D257567
S3150800C5102025732020286372635F6572725F7368D3
S3150800C5206F773D2564290D0A000000005B533661CC
S3150800C5305D204641494C207278206E6F74206172E6
S3150800C5406D656420287374617475733D3078253081
S3150800C550345829202D2D20ECB184EB84902F504897
S3150800C5605920EC84A4ECA095EBB680ED84B020EDC0
S3150800C5709995EC9DB80D0A005B5336615D206C6990
S3150800C5807374656E696E672E2E2E2028EAB090ECBD
S3150800C590A780EAB8B0204449503A2047524F555030
S3150800C5A03D31202F204E4F44453D3120ED9995ECE5
S3150800C5B09DB820ED9B8420EBA6ACEC858B290D0A53
S3150800C5C00000000001010101000000000000180041
S3150800C5D064007C001900320063007D005B533461FF
S3150800C5E05D207278204F4B202020747970653D2598
S3150800C5F063206C656E3D253033752043484B3D25D9
S3150800C60030345820726573796E633D256C750D0A52
S3150800C610000000005B5334615D207278204352436A
S3150800C620204641494C2063616C633D2530345820CF
S3150800C630726563763D2530345820726573796E636A
S3150800C6403D256C750D0A00005B5334615D207278D8
S3150800C650204241445F484452202866616C73652035
S3150800C66073796E632C2072656A65637465642069E4
S3150800C6706E2036422920726573796E633D256C7586
S3150800C6800D0A00005B5334615D20727820424144F4
S3150800C6905F454420287461696C206973206E6F7445
S3150800C6A020274544272920726573796E633D256CDA
S3150800C6B0750D0A005B5334615D207278204241444F
S3150800C6C05F4C454E20726573796E633D256C750D1A
S3150800C6D00A0000003F3F3F3F0000000020286F7619
S3150800C6E0657273697A65202D2D2068657820EC833C
S3150800C6F09DEB9EB5290000005B5336615D2023251E
S3150800C7006C752063683D257520727373693D2564D1
S3150800C710206372633D2573206C656E3D2575257310
S3150800C7200D0A00005B5336615D20202025303475E4
S3150800C7303A2025730D0A00005B5336615D206E6F43
S3150800C7407465206576743D256C7520706B743D257F
S3150800C7506C752028ECB0A8EC9DB4203D20EBAFB852
S3150800C760EBB0B0ECB69C2FECA491EBB3B520EC9DE6
S3150800C770B4EBB2A4ED8AB8290D0A00005B53315D0B
S3150800C780207469636B3D256C750D0A0030313233B0
S3150800C79034353637383941424344454600000000AF
S3150800C7A06163746976650000706173736976650004
S3150800C7B07068793D6C6F6E67000000007068793D9F
S3150800C7C073686F72740000006D6F64653D61637411
S3150800C7D0697665006D6F64653D706173736976652A
S3150800C7E000000000656D7074790000003F000000CD
S3150800C7F0564552004E6574416E616C797A65725F72
S3150800C800464732335F5630312046533463000000C2
S3150800C810535441540000000063683D2530337520A9
S3150800C8207068793D2573206D6F64653D25732073A7
S3150800C83063616E5F6E3D2575000000005458000068
S3150800C8406E6F745F737570706F72746564202854A8
S3150800C8505820656E61626C65642066726F6D205340
S3150800C86039290000434800006D697373696E6720B3
S3150800C87061726700696E76616C6964202876616CFE
S3150800C88069643A20302D323420646174612C203179
S3150800C89030302D3132342077616B65290000000075
S3150800C8A063683D25303375207068793D257300002F
S3150800C8B0504859006D697373696E67206172672005
S3150800C8C02873686F72747C6C6F6E672900000000AD
S3150800C8D0696E76616C6964202873686F72747C6C03
S3150800C8E06F6E672900000000636F6E666C6963747B
S3150800C8F07320776974682063683D2530337520286E
S3150800C900696D706C69657320257329202D2063680D
S3150800C910616E67652043482066697273740000007B
S3150800C9204D4F4445000000006D697373696E6720BA
S3150800C9306172672028706173736976657C616374B8
S3150800C9406976652900000000696E76616C69642065
S3150800C95028706173736976657C6163746976652985
S3150800C960000000005343414E00000000746F6F2022
S3150800C9706D616E7920286D617820342900000000E9
S3150800C980696E76616C69642063682028302D3234BC
S3150800C9902C203130302D3132342900006D69737303
S3150800C9A0696E67206172672028312D3420636861BB
S3150800C9B06E6E656C732900007363616E5F6E3D254C
S3150800C9C0752028726F746174696F6E2066726F6D58
S3150800C9D02053382900000000756E6B6E6F776E5F06
S3150800C9E0636D6400455252000102030405060708F8
S3150800C9F04142430031323334353637383900000086
S3150800CA003031323334353637383941424344454676
S3150800CA100000000076F501000300B9FFD20102010B
S3150800CA200501230104000000E8C900080800000009
S3150800CA30F0CA00080000000048CA0008020000000A
S3150800CA4000000000C0175302C0CA0008ECAFA81ABD
S3150800CA50D4300000000000001800FF7FD425002015
S3150800CA6000000000E8CF00080000000090CA000897
S3150800CA70ECAFA81AD4300000640064007C00FF7F85
S3150800CA80D425002000000000E8CF000800000000C0
S3150800CA90FC4F010394CF000874400401120070177C
S3150800CAA0B42B00000000000059FF000024420101D9
S3150800CAB0F82E0000F84F010300000000FFFFFFFFFB
S3150800CAC0FC4F010394CF00087440040112002800AB
S3150800CAD0B42B000000000000590F00002442010199
S3150800CAE068000000F84F010300000000FFFFFFFF89
S3150800CAF00C40020001800000FF40000020400200B8
S3150800CB0000000000000000003040070000000000A0
S3150800CB100000000000000000000000000000000007
S3150800CB2000400000A007000050400100000000007F
S3150800CB305C4002000000000000000000A840010060
S3150800CB4007000000BC4004000000000000000000D0
S3150800CB500000000000000000084104000048000032
S3150800CB60FF4C000000490000FF4D000020C00110E6
S3150800CB7000F8070020C00130FE01280024C001107B
S3150800CB80FF00000024C001300013000028C0080080
S3150800CB90EC80B30343754051A00F00F83040000005
S3150800CBA0A8AA07000000000000000000000000001E
S3150800CBB054C0140087213000F400E3E6DC020000CC
S3150800CBC086B7CFDCE300000088C6020080040000B8
S3150800CBD0BA14000000000F002C004D007500AC00D0
S3150800CBE0EF00D401D502E603BD05BF07F709A30D7B
S3150800CBF0AD11D916C71DB626CE31FF3FD039FF3F36
S3150800CC00FF3F0000A8C00500BD4B721511A318050B
S3150800CC1010325476980A000000000000CCC00400C8
S3150800CC20FE0100000000000001000A0001002800C3
S3150800CC3008000101C40700001800010100FF0000F8
S3150800CC40200001010884000040400D01000030303A
S3150800CC500000000010000000000000040FC0820061
S3150800CC600000002000000000000000030000002073
S3150800CC7000000000F47E1400400C0000880100004B
S3150800CC808440150100000000300309000000066218
S3150800CC9000000000040A142232414A4F0000000036
S3150800CCA00000000000000000000000000000000076
S3150800CCB00000000000000000000000000000000066
S3150800CCC00000000000000000000000000000000056
S3150800CCD00000000000000000E0400111F80100001B
S3150800CCE0E04001310102000010410201331E050037
S3150800CCF0000000001C410E0100E0388F0000000013
S3150800CD00FF0483078813C83AFF06660CFF048307E7
S3150800CD108813FF03BC200AF0A3C95000D756A040C9
S3150800CD20D42D55559F826943893B4000C003008036
S3150800CD305841020100000000FFFD000064410101A6
S3150800CD400C0100006C410B010000004000000000CF
S3150800CD5000000000000000000000000000000000C5
S3150800CD6001010000000000000000000000000000B3
S3150800CD7000000000A44102010000000000000000BD
S3150800CD80B0410C010000000058963FC000000000AA
S3150800CD900000000000003C00AAAA060000000000EF
S3150800CDA00000000055555555E70268800600C20088
S3150800CDB000000000E4411001E6E7FF0BCDA10A00E0
S3150800CDC0BD066A005EB04D007D02420EA5B622027F
S3150800CDD0FF25B234EA6B8F00B3000E00773A0E00D7
S3150800CDE02FBFBB0015BA4C0F2206A704981DF921C0
S3150800CDF00000008000000000284204010000000036
S3150800CE006018004000000000000000003C420101DC
S3150800CE100000000044420301140000000000000066
S3150800CE200800050430430F01000000000000000060
S3150800CE3000000000000000000000000000000000E4
S3150800CE4000000000000000000000000000000000D4
S3150800CE50000000000000003800000000000000008C
S3150800CE600000FF581080010103000000388002010D
S3150800CE7001151000050000009C8003010000000059
S3150800CE8070B8030070B80300A8800111F60100000D
S3150800CE90A880013101420101AC800111F6010000B0
S3150800CEA0AC80013101420101B08002010003000299
S3150800CEB0000300029800030200000000000C0004B2
S3150800CEC04C040000D8000202050040AA88010000B0
S3150800CED0EC000112E00F0000EC0001320D205111A8
S3150800CEE0F0000102233300000001010210010000D6
S3150800CEF004010112000000000401013210010000C3
S3150800CF001001011200FF0F00100101320200004259
S3150800CF102C01011200FC1F002C010132AA0080001E
S3150800CF20400101023F0000005001011200C000004C
S3150800CF305001013262005100680102021000060029
S3150800CF4000200600740101026901100C7801011223
S3150800CF5000001C00780101324004E0CF8001011274
S3150800CF6079070000800101320600000088010202EC
S3150800CF709000000000000000AC010112F80100005A
S3150800CF80AC01013204000100B001010200020000F8
S3150800CF90FFFFFFFF1400000022222200000000000D
S3150800CFA030D0000818D00008000000000800000073
S3150800CFB000000000B80B00000101EE000115100A80
S3150800CFC028D00008ECCF0008000000000000000090
S3150800CFD000000000B80B0000000000000000000080
S3150800CFE00000000010000000000000000100000022
S3150800CFF0C0175302050C00009E0100000000CC017A
S3150800D00001010505FA0101010605280201010606C6
S3150800D01056020101070600009859090098590900A7
S3150800D020151605000000000004A5B4C3CD000000D5
S3150800D03014290200003111000000010002640001F9
S3150800D040012F00000700000056636F6D0000000006
S3150800D050010100001E000003040404040404000186
S3150800D06002030000000901F070D10008000901F070
S3150800D07024D10008000901F0D8D00008000901F001
S3150800D0808CD000080000000000000000CEFF84FEDF
S3150800D090FF00CEFF0A000000F00094077D2405007B
S3150800D0A0D300C8084A720500BA00DB07482C0500F9
S3150800D0B0A6004F07B4FD040094007506A9AC040049
S3150800D0C08500F405017804007600C004A6EE030086
S3150800D0D04F00A5015B2702001E0084FEFF001E000C
S3150800D0E00A000000F0001F0845CA0200D400220A00
S3150800D0F0B0AD0200BA00380925B20200A5009607AD
S3150800D10003AA020090009F06609B02008100E105C9
S3150800D1101E89020073004305987402004B005A01E9
S3150800D1201E7B01006E00A2FEFF006E001E000000BE
S3150800D130F000C40B7391FEFF880046068136000096
S3150800D1405B00C30357AF00003C0070022CC500000B
S3150800D1502A00B6012DBC00001D001F0151A20000C7
S3150800D1601400B800838400000C003A0096480000BA
S3150800D17096001AFFFF0096001E000000F0006714D4
S3150800D18027ADF7FF530087041126FFFF2E0019026B
S3150800D190C2FBFFFF1E005001A92800001400D000A2
S3150800D1A08C3600000D0085003C35000009005A0049
S3150800D1B04D2F0000050022006F1E00000B00000026
S3150800D1C00C00000003000000000020200000000002
S3150800D1D0020000003C3C3C0000000000000000008B
S3150800D1E00000000001031001010903001E000000F1
S3150800D1F0160000001A0000005600000000800A50C1
S3150800D20013000000ECD100080000015B15000000C7
S3150800D210F8D10008050000000000000000C2010067
S3150800D22000020000001000000000000000000000DE
S3150800D2300000000005000000000000008025000036
S3150800D24080020000001000000000004000000000FE
S3150800D2500000000000000000B001000008080020DF
S3150800D2600002100010210020B8090020000000016B
S3150800D270000001010001010120C001B86090A31A55
S3150800D280F26EEF03410821066310420AA518630EE1
S3150800D290E720941249A9B518AC39F72251CA392999
S3150800D2A0D55EAC39BDFB0F0000B801B802B800B0B6
S3150800D2B00304040808050000000000000000000040
S3150800D2C00000000000000000C43B0000C800000089
S3150800D2D08C3C00000C000000703E000000000000BE
S3150800D2E0CC360000F80400009C3C00000400000056
S3150800D2F0783E00000300000014320000B804000065
S3150800D300983C000004000000703E00000800000081
S3150800D31000000000143200007C3E000000000000FF
S3150800D3207C3E00003C00000000000000703E00004B
S3150800D330CD2C0000E52C0000E52C0000E52C0000B3
S3150800D340E52C0000E52C00000000000000000000AD
S3150800D3500000000000000000E52C0000E52C00009D
S3150800D360E52C00001D310000E52C0000FB2500001F
S3150800D3700B260000B32600002B270000B527000067
S3150800D38049290000D5270000DD29000029280000CA
S3150800D39089280000FD280000412B00000D2C000004
S3150800D3A0C92500005B2E000019220000792E000016
S3150800D3B0FD2E0000E52C0000F52F0000C12F00000F
S3150800D3C0E52C0000E52C000045300000E52C0000A7
S3150800D3D0E52C0000E52C0000E52C0000E52C0000FB
S3150800D3E0E52C00001D130000131300005648806842
S3150800D3F0000200D4704780B5802080025349086037
S3150800D400CF2000F0C9FA102051490968014003D01D
S3150800D410B849C8630220086001BDF8B54D48816B5C
S3150800D4204D4F802292033A604C4E336840241D05C6
S3150800D4300BD41C402AD0012003F085F8002825D0FB
S3150800D4408020C0058E49086020E0130BA0250D40FA
S3150800D45002D10068C00601D53B6017E00A403FD1FB
S3150800D4608020884A1060884A1060194038D0364DA6
S3150800D470287A400705D501208449086000028449B6
S3150800D48008602878002801D0062801DB0020F2BDB4
S3150800D49000F094FB716889684E682978052907D1D8
S3150800D4A0E105B9606E60B668CC218901784A1160D9
S3150800D4B000F08DFB012E00DA0226BC2080058E497D
S3150800D4C00860942080058D4908606E480021C9438C
S3150800D4D00164714241648021894A11600460D5E77C
S3150800D4E0A3480360FFF782FF0120F2BD18480168D0
S3150800D4F0890504D5C06E0004000F022801D000205B
S3150800D50070470120704738B580245E48046000F0F3
S3150800D51055FB05009748006800F0C2F9280000F09E
S3150800D52056FBFFF763FF0848007A000705D5A000F9
S3150800D5300949086000F022FC31BD60038C49086087
S3150800D5408D48046031BD00007C3E00001C1002A816
S3150800D550440002A80C0002A8442002A8D03E0000FD
S3150800D560FEB50400854D8C2080016860012684483C
S3150800D5700660FFF7BBFF002826D0824800780028FF
S3150800D5807DD031020194052802D022460A4076D180
S3150800D590CC2292012A607C4A126881231B0213401E
S3150800D5A001D0032301E053075B0F0C01022804D1C5
S3150800D5B0022B62D3364804605CE04D01032804D18F
S3150800D5C0022B5AD932480560F7BD042802D111400A
S3150800D5D053D0F7BD052850D1019800284DD0C00575
S3150800D5E0C10F684641700198C004C10F68460170B2
S3150800D5F000F0E4FA029063484068694649780029D1
S3150800D60003D006688021204A1160670495496A4656
S3150800D6101278002A0CD0C2680B68D21A924B1B6883
S3150800D6203B4001D0066800E04668964200DD1600D9
S3150800D630684640786A461278024308D0086842422B
S3150800D640B01E824202DA7042886000E00026029824
S3150800D65000F0BDFA0198800501D598480760019841
S3150800D660054001D096480760002E06D0CC208001E0
S3150800D67007490860B6480460F7BDFFF744FFF7BDE1
S3150800D6804C6201A80CC001A890E001A8C4D000A86B
S3150800D690145001A838B580248A4804600120384906
S3150800D6A00860384D2878052802D06000A949086026
S3150800D6B0FFF71CFF002812D02E480068000A8021B8
S3150800D6C04140A868000EC9B2814208D22E480068B7
S3150800D6D04007400F022802D2FFF715FF31BD9E48CA
S3150800D6E00168C0220A4002D1C06F204001D0044818
S3150800D6F0046031BD082002A808E001A808D001A8E6
S3150800D70094D001A80A0000D1704780B51822514369
S3150800D71040180C304069002803D08021090300F026
S3150800D720DDF901BD38B500F049FA04008B480568F3
S3150800D730A86881782800FFF7E5FF6888012101437A
S3150800D740698002208649086086490860200000F042
S3150800D7503EFA31BD10B500F031FA04007F48006882
S3150800D7608168C978FFF7CEFF200000F030FA10BDB7
S3150800D770441002A818C000A8100002A8106001A84A
S3150800D780C4E000A87C3E0000184001A8F1B582B0AC
S3150800D7900F00A020384003D173480068C00603D59F
S3150800D7A080208000714959E000F008FA00906B4823
S3150800D7B00468F80204D5A0680069029000F07CFBB2
S3150800D7C000F0D5FB80210903606800F087F9267808
S3150800D7D00020761C6178B14200D2002618217143D8
S3150800D7E065180C3529780829F3DA2670A56060498A
S3150800D7F02A780A70BA0507D5584800688068C0684C
S3150800D800FA0201D4032290438860012738400DD1DB
S3150800D81058480299426B89180068081A56494018F0
S3150800D820012803DB00F09CFC01F01DF8F904686987
S3150800D83000F054F93C2000F0AFF8F0B200F0ACF874
S3150800D84060884E4901406180009800F0C0F93805AB
S3150800D850464908604A48076038024A4908600298FB
S3150800D860FEBD000048C001A84C0002A810B54648F5
S3150800D8700068800501D4FE2010BDC02080034349FE
S3150800D880086000F09BF9354909688A78D20702D5FD
S3150800D89089688C7800E00C7800F099F9200010BDB2
S3150800D8A02E4909688A688B78DB0704D5927818238D
S3150800D8B05A438A180C329060704700004C1002A830
S3150800D8C04C2002A894E001A8F1B582B0304F3C681C
S3150800D8D00026200F000702D1E00102902AE000F09E
S3150800D8E0C2FF00F06BF9019080210903606800F01F
S3150800D8F0F5F825786D1C6078A84200D20025E80066
S3150800D90020180C30009000680290802109030098C6
S3150800D910406800F0E3F83D2000F03EF8E8B200F079
S3150800D9203BF825700098A060019800F050F902A80D
S3150800D93001F035F817480068800407D5F86901F042
S3150800D940A4FC02990818029000D502960298FEBD1A
S3150800D950B03E0000146001A814C001A8D43E00001F
S3150800D960284000A8448001A80C0002A8442002A868
S3150800D9707C3E00009C3F00000010FFFFFEFF0000F9
S3150800D980C0E000A8106001A8440002A8441002A83C
S3150800D990D83E0000FC0302A845490968002901D5BC
S3150800D9A0444908607047F2B582B0434CA168434DBC
S3150800D9B04A004ED50126090100D521260100404A14
S3150800D9C01068526800922A689206920E23689B0095
S3150800D9D080273B4013437A001A430192394F0A00C5
S3150800D9E026D0890601D5012008E0F021014007D19B
S3150800D9F06946097A0C220A4002D0022000F042F851
S3150800DA00396EBC22920091420DD12F490968C9038B
S3150800DA1009D52168490306D52168090701D40221D9
S3150800DA2000E0032100914836019A3968890002E02E
S3150800DA30019AB96B09094023194011439A00009BC2
S3150800DA40002B02D013432B660836296602432A6642
S3150800DA502E66E86D45076D0F00F09AF8A8070BD0FB
S3150800DA60052D09D0A068000406D400F0A7F8022105
S3150800DA70164A116000F0ABF800F093F8002000F0A9
S3150800DA8001F8F7BD0E490A68F0239A4300011043CE
S3150800DA900860C0B270478020C0020D49096889072E
S3150800DAA001D10C4900E00C490860704700000000ED
S3150800DAB0500002A8884000A8480002A8284000A8EC
S3150800DAC0783F0000184001A8D03E000024D5035036
S3150800DAD0844000A8486000A8485000A880B5494A74
S3150800DAE0116001F0FDFBFFF7D6FF01BD70B500F030
S3150800DAF065F8454A454BD1688C0819002140D12460
S3150800DB006400D52901D2D52102E0A14200D921001D
S3150800DB100D0046352D041E042E400D00463D2B40B3
S3150800DB2033431360C0221206394B1A60394A137CF4
S3150800DB30002B0AD0384BD52902D98025ED051D6062
S3150800DB40A14202D2802424061C600023334C2360A1
S3150800DB505388002B00D1118000F039F870BD80B5CC
S3150800DB602F48304908603048C1680902090A192255
S3150800DB705143416005210160FFF7B8FF01BD2A48FE
S3150800DB800068C00300D4704780B5FFF7AFFF01BD3A
S3150800DB908020C0021B490860244800684007FBD45F
S3150800DBA070478020C00222490860704701E0214979
S3150800DBB00860214909680140F9D170471F48006883
S3150800DBC020211F4A116010211E4A1160704730211A
S3150800DBD0014002D110201A490860704717480068AA
S3150800DBE030210140102901D10120704700207047DB
S3150800DBF0154801210160C16070470120134908607A
S3150800DC0070470000441002A87C400050FF01000045
S3150800DC10A0600050843F0000A450005018E000E0C7
S3150800DC207F1A0601540002A810E000E0440002A88A
S3150800DC30442002A8282002A8280002A8600002A8FA
S3150800DC40602002A8601002A8789001A884A001A804
S3150800DC50F8B54C4880214902C16102214A4A5160FF
S3150800DC6000214A4A11604A4A11800321464A116036
S3150800DC7002210160002047490860202046490860C3
S3150800DC80802046490860CC20800145490860012467
S3150800DC90444804603D48806F00900F26070B3740C4
S3150800DCA041480068C505ED0D103DC0202843C0B2A7
S3150800DCB0FFF772FE35480069800303D5092F01D0A6
S3150800DCC001F060F900980640009638480668009802
S3150800DCD0032803D0022806D1032F32D000F0B0FA69
S3150800DCE00098032803D0062F2BD1062D29D03048BB
S3150800DCF00068C00B204001D001F024FCFC20800104
S3150800DD000068000108D5052D06D1012529480460BB
S3150800DD106005FFF74BFF00E000253100380000F0F2
S3150800DD20E9FA0600002D06D000F098FC22480460A7
S3150800DD3002202249086060051F4948658009204974
S3150800DD400860114821040162002F08D102214160B0
S3150800DD5000200E490861C020C000114948643000FF
S3150800DD60F2BD80B5FFF714FF16480078800602D486
S3150800DD70022015490860FFF714FF01BD0220134968
S3150800DD80086070472C1002A8282002A8380002A8AC
S3150800DD90B43E0000B03E000094E001A80CC001A803
S3150800DDA0146001A8C4E000A804ED00E0B44000A88F
S3150800DDB000E200E0645000A8646000A82C4000A8B7
S3150800DDC080E200E0D03E0000081002A8082002A861
S3150800DDD070B5794C794D80267601794800683040CF
S3150800DDE005D06660062001F07BFC6E6004E06E607C
S3150800DDF0062001F075FC66603D20A0607021296050
S3150800DE000F222A602160A86070BDF8B56C4C802589
S3150800DE10ED028D4E6F097068384002D16068800542
S3150800DE2029D58A480068C00405D4FFF7C7FE884983
S3150800DE300D60FFF7CCFE70688649014090204001CE
S3150800DE4008437060844885490860002060607068EF
S3150800DE50384002D1F02080006060706807402AD000
S3150800DE607A480068C00726D57D480078800722D4FE
S3150800DE7001F03EFC1DE03068C0071CD5AE097348AA
S3150800DE800068304005D1FFF799FE71490D60FFF72C
S3150800DE909EFE7448FF21FE314160F12149026F4A16
S3150800DEA0116021680E4001D0822100E0C321490299
S3150800DEB00160FFF78DFFF1BD80B568480121624A10
S3150800DEC012680A4006D0684A1268920501D4CA0246
S3150800DED002608160C02141605C480068C00407D4C4
S3150800DEE0FFF76CFE8021C902BB4A1160FFF76FFE7F
S3150800DEF001BDF8B5554804685C4D802702263442B2
S3150800DF000AD092480068E021C900014004D02F6079
S3150800DF100420686101206861FFF750FED021C9031B
S3150800DF20214007D18A490968314003D1894901222C
S3150800DF304A600E60210507D52F6004216961C24930
S3150800DF400D220A600F220A60FFF741FEF1BD80B577
S3150800DF50FFF734FE0121804A1160804A02231360CC
S3150800DF6051600021B94A1160FFF731FE01BD9048A2
S3150800DF700068C007FBD4B6480421416180210160CE
S3150800DF8070478C4908680122104200D1704710B5C5
S3150800DF90E023DB000340FF24A41CA34207D3AD4BB8
S3150800DFA09C6BA40602D41B68DB0600D548680240B1
S3150800DFB001D000F001F910BDA82102A8A81102A8F5
S3150800DFC0AC0102A8F8B5C821844A11600621844A22
S3150800DFD0116080214903834A1160834C89092160B5
S3150800DFE082490A684B691C251D40102D01D1012361
S3150800DFF000E0002305000720824313430B602868CE
S3150800E0008E490F68874200D30700C01B286001218C
S3150800E010280000F08AFB06002868C0192860FFF768
S3150800E02068FF8D480168C90603D584208000E06131
S3150800E03007E0954908220068104001D00A6000E010
S3150800E0404A603000F2BD0000EC0002A8500002A8A9
S3150800E0503850005AFFE3FFFF00FEFFFFAC2102A87D
S3150800E060843E0000AC1102A8B00102A8841102A8DF
S3150800E070F1B58648864908608020C0018549086050
S3150800E080854C0827A7650420A065012583480560F7
S3150800E0901D20A062824EE930B061072001F020FB06
S3150800E0A00220A06210216C4A13680B4003D022009C
S3150800E0B07C4B23600AE00D2312683A4003D03200F5
S3150800E0C01032A56502E032001432A0651360764A64
S3150800E0D01268002A00D4B761744A3260C022D2009E
S3150800E0E0734B1B68F824E4011C4001D1F26201E07D
S3150800E0F06A4B5A616F4A12682A4007D075666E499C
S3150800E1000968890503D48102F16500E071636149F4
S3150800E1100A6C2A4008D0496BC90705D467490968BB
S3150800E120084001D101F01CFB0020C0436449086087
S3150800E130584C606B054001D1FFF7DBFE009801F0F3
S3150800E140BDFA606B8001FCD4F1BD0000980102A8FD
S3150800E15000400C5000500C50982102A800600C504A
S3150800E160F8B54C4F786BC00701D4FFF7F0FE4B4C5F
S3150800E170B72040002060534D03262E634B48A866FF
S3150800E1800020E061504908600D20334909680907F5
S3150800E19001D5A86700E0E867FFF78EFE1020E0616A
S3150800E1A02E600C202863802000023860F1BD000034
S3150800E1B09C0102A8883F0000F0210901434A11602A
S3150800E1C001404348016020204249086042490968E5
S3150800E1D008404249086070473860005A548001A8D0
S3150800E1E00C9001A8982002A8A41002A8740102A8FD
S3150800E1F080B53B483B4982680A4002D1C268114053
S3150800E20001D02249016026480821374A13680B4085
S3150800E21000D081611178C90602D5862109010160FD
S3150800E220FFF7AFFE1420FE2189010860BA4801688D
S3150800E230490701D0FF21416101BD00009C3F000054
S3150800E240124813490860704700100C5000000C5023
S3150800E250842102A80C0002A8FC0302A8234800682F
S3150800E26023490968890F89070CD0AC490968C90789
S3150800E27008D5AB49802292030A60B64B1A60104053
S3150800E28000D00A6070470000601102A80120000053
S3150800E290706201A8100002A8C01002A8682102A88E
S3150800E2A0501102A8FF03000028C000A8043E000081
S3150800E2B0A88001A8EC0002A8B00102A8843E0000CC
S3150800E2C0B46000A8E82002A8C00002A8586001A807
S3150800E2D0585001A8482002A8184001A8481002A8CA
S3150800E2E0704201A800800080F84F00004C4001A849
S3150800E2F04C4201A8F0B587B005000C0096480068A6
S3150800E300400102D520004024044394480068059043
S3150800E3109348C66AFFF752FC0690B00503D59148A4
S3150800E3200068FFF7BDFA0020019001237006C00FB0
S3150800E33002908D4A916800209060B82040008B4E6C
S3150800E34030606608B82030401278F0261640402E15
S3150800E35002D10200402010430D2D02D10A000421EB
S3150800E36011434A0704D5020014201043102294438F
S3150800E3707F4A12686D462B70D20506D58022520058
S3150800E3807C4B1A60020001201043029A002A11D120
S3150800E3900C220240082A0DD00200714B9B6BDD0649
S3150800E3A001D41025AA439B0601D420239A43B123FE
S3150800E3B013404FD06A461278002A4ED0A54A956B6C
S3150800E3C0966D01236D076D0FAD1DAB40F504ED0C81
S3150800E3D05B1B9BB2082B09D280200623604D2B605D
S3150800E3E043029D4D2B6000236D462B70812303400D
S3150800E3F036D00823029D002D00D113620D00082196
S3150800E400294310239C4304231D05984E3560DD04DB
S3150800E410434E35606D462D78002D1ED0062B24D32D
S3150800E4204D4DEE6CF60620D5914E3668360E0196A1
S3150800E4306D69ADB28E4EF66B360603D02E0080257A
S3150800E4406D01354315612D121561494A1268D505C6
S3150800E45092D40AE008227F4B1A620491009031E0B8
S3150800E46030A34506ED0E5B5DD4E7049100903C4869
S3150800E470026B7F490968774D2E686F463E812826CC
S3150800E48016401E43930CDB0133431600120E32402E
S3150800E490102632401A43890040231940114302AA24
S3150800E4A09170406B000A02A9C870FFF7DFF902A94C
S3150800E4B00871019848716F480068C8800298E86634
S3150800E4C00398E8660698FFF782FB600602D50820DF
S3150800E4D0664988600498C1B20098C0B2FFF763FA2B
S3150800E4E0FFF7BCFEBC20800061490A6E824207D154
S3150800E4F0059AD20301D4086E0BE05F4A5F4B1A6097
S3150800E500096E814205D10598C00302D55C480068AA
S3150800E5108047200007B0F0BD0C4000A8384301A88A
S3150800E5204C5001A803010706030107060501060664
S3150800E5300501060603020706030207060502060684
S3150800E54005020606081A03D24E4909684018401CF7
S3150800E550704700004C6001A8084000A8D03E0000A3
S3150800E560180002A81CC000A8783F0000B46000A8E4
S3150800E5701C0100AA1C2100AAF8B5434E0F24012548
S3150800E58042491027B06B38401BD00120087040481C
S3150800E590006840490968FFF7D5FF3F4909684018F0
S3150800E5A001284BDB01F09EF93C490968090B0C4030
S3150800E5B0022C41D1A9053A4A11603A490F643560DF
S3150800E5C03AE0306CC0001ED537480068E02189055E
S3150800E5D0014033D0314D2868210301407802814239
S3150800E5E02CD1FFF7EBFA314A31490968C90502D53A
S3150800E5F03049096811602968090B21400229F3D0BE
S3150800E600FFF7E5FAF1BD2C4E3068002816D00D70DC
S3150800E61001F054F8002811D101F064F91F4909687E
S3150800E620090B0C40022C07D129041D4A116002214E
S3150800E6301C4A11600021316001F058F9F1BD8020B3
S3150800E64080041E4908607047802040041B49086002
S3150800E65070470000540000AA141100AA184801685F
S3150800E660490701D0FF21416170470000441002A804
S3150800E670184001A8448001A808000400482002A800
S3150800E6808C3C000038C001A8100002A8B63E000065
S3150800E6901CC101A820C001A8F03E0000B00002A8D5
S3150800E6A01C1002A8082002A84C4001A8800000AA55
S3150800E6B0084000A8904000A89C3E00003C2002A804
S3150800E6C00C4000A8F0B58020000208217B4A1160A2
S3150800E6D00A227B4B01210124944004438AA5AD5CA0
S3150800E6E025431D60F025774E3560744D89A6B65CC6
S3150800E6F0022737432F6004262E60734D2D680D4080
S3150800E70001D00220F0BD1D6C2D03FCD41D6C5E6C7F
S3150800E7106D036D0BAE4200D22000521EDBD50822D7
S3150800E720684C226018600020F0BDF3B581B0060081
S3150800E730FFF70DFC65480068009065480068634966
S3150800E7400860644D3068296847180024012F12DBD9
S3150800E75000F04FFDC001381A01280CDBFFF707FC53
S3150800E76000F081F830682968401800F0A7FF050016
S3150800E77001D0346072E0584F8026B6003E60574894
S3150800E780006F07282CD005210840052806D05348D5
S3150800E79001670C2000F0A4FF05005FD1504DFF2053
S3150800E7A07A3068620420A862FFF7E1FB022028603D
S3150800E7B0E020C0044B494860300478600220386085
S3150800E7C0012000F08DFF6E62022000F089FF7000C4
S3150800E7D068620820A862022000F082FF0220A86270
S3150800E7E06846007A002805D03C480068C00701D56D
S3150800E7F0FFF70BFB3C4EE02040003060042000F0A1
S3150800E8006FFF050024D10220364908608002B062F5
S3150800E810C001B062354F102038600120F0654026EF
S3150800E82033480068304003D1FFF74CFF05000FD18D
S3150800E83001203860FC67022000F052FF2D4C26604C
S3150800E840B0002060022000F04BFF8120C002A062C9
S3150800E85027480068800101D4FFF791F900981B4901
S3150800E86008602800FEBD70B5FFF771FBFFF77FFB58
S3150800E87002241E480460204E0820B062C00170625F
S3150800E880012000F02DFF2502756234600620B06273
S3150800E8901A487062E020400016490860114E34603C
S3150800E8A0FFF776F916480078002800D005201549A4
S3150800E8B00860FFF776F9356070BD0000889001A8FA
S3150800E8C04C8001A888A001A8140002A8780102A813
S3150800E8D0F80302A8D03F0000981002A8EC0002A88E
S3150800E8E05C1102A8982002A82C9001A80C8001A807
S3150800E8F0500002A82CA001A85C2102A8F96100001A
S3150800E900703F00005C0102A800000001010202023B
S3150800E9100808100050505040403030303020200059
S3150800E920F8B504000F00444DA878FF2801D12E88B9
S3150800E9300FE042480068800108D4FFF73FF94049D4
S3150800E94009684905CE0DFFF742F901E03D480688FA
S3150800E9502E80E92E01D2E92604E0CC20400086422A
S3150800E96000D9060020003978814200DA0800012122
S3150800E9707A56010051430222BA5E8918414304209F
S3150800E980385E08183049711848438015001901D5B2
S3150800E9900020F2BDE978814200DA0800F2BD38B5F8
S3150800E9A00400102029490860FFF7E1FAC020C000DA
S3150800E9B027490968F822D2010A4001D1254900E011
S3150800E9C0254908602548C82181640A210160244830
S3150800E9D08021490301608909C160224801684269AA
S3150800E9E0E0231340802B01D1012200E000220723F7
S3150800E9F099430A4302601C480068C821C9014518A2
S3150800EA002068854200D30500401B206000212000B5
S3150800EA10FFF78BFE21684919216032BD802000016D
S3150800EA20124908600003124908600220114908606B
S3150800EA301149086070470000F83F0000500002A81E
S3150800EA4088400050843F0000D6FEFFFF984101A889
S3150800EA50AC8001A87C1102A87C2102A80C8001A820
S3150800EA60981002A8740102A8983F0000441002A852
S3150800EA70442002A8F41302A8685000A8F1B584B08F
S3150800EA80BD4800680190BD48C068C821C901401842
S3150800EA900499884204D2081A00F010FE002803D10F
S3150800EAA00124C94D6868204000D0BAE10420C7494E
S3150800EAB0C8628003C6498862C6480668A86B80078C
S3150800EAC0800F00906704032803D01020BF49C8624E
S3150800EAD022E008468762E96B890601D5012041E0F4
S3150800EAE0310610D5E96B89070DD4CF4905220A608E
S3150800EAF0EA6B10231A40022313430B6000220A60B4
S3150800EB00AA6B120A0A600421C162E86B002803D5C1
S3150800EB10AE48876200200090A86B400704D5A86B12
S3150800EB20C0002102084003E094480068204201D052
S3150800EB30FFF742FB264009D0BC48009989014018D6
S3150800EB40006AC004C00C401EB9490860C020800095
S3150800EB50B849486500990902B74A1160B54B9865E6
S3150800EB6051600020296C942292050A40160000D0B4
S3150800EB7001263043000635D096483021405CC02136
S3150800EB800140402902D1FFF7ECF801E0FFF7F6F85B
S3150800EB9020202860360600D143E1B54FA74EA86B62
S3150800EBA040070CD5A0038A498862400287498862D3
S3150800EBB034600220386000F03BFA00280BD00420AD
S3150800EBC08249C86240028249886200037F49886296
S3150800EBD00220306038607F480078000600D420E1C3
S3150800EBE0E0041CE16868204000D01AE17848C76252
S3150800EBF0FEF7CEFF8E48406E296C090408D4C0067D
S3150800EC0006D5FEF7DBFF02219A4A1160FEF7DFFF01
S3150800EC10FEF7C7FF20032860974EC0200006306322
S3150800EC20200496490860A86B4007C10F6846017022
S3150800EC30FEF7C4FF92490C60FEF7C9FF914F924850
S3150800EC40B861686B000206D59048801C0068E1052B
S3150800EC505E4A916201E04948806C296CC90208D570
S3150800EC60202806D976A1019A520700D4891DFFF7F4
S3150800EC7057FE0100854A1070002809D041091F2255
S3150800EC801040062904D940002043202800D31F201D
S3150800EC904A01024348021043306001217C48C26F92
S3150800ECA07C4B1343C36774668022F2620822734B57
S3150800ECB01A66019AD20603D5AA6B920603D403E014
S3150800ECC0019A120700D40021AB4A3A60FC223A6145
S3150800ECD000290BD039003C310291284A116DD36CBA
S3150800ECE0664DEB66526E2B46DA6709E0390040310D
S3150800ECF00291224B996D614A5D6DD5669B6ED3670D
S3150800ED000268FF239A4311430160A020C0003063C4
S3150800ED10052000F0E5FC04250198284001D0802054
S3150800ED2000E040200299086002203063062000F0C7
S3150800ED30D7FC08203063052000F0D2FC346320029B
S3150800ED40B864042000F0CCFC64027460022000F071
S3150800ED50C7FC842080003063022000F0C1FCFC61FF
S3150800ED60062000F0BDFC02988449401801990D4020
S3150800ED7006D0202105E000BFFC0302A88C3F000056
S3150800ED8010210160062000F0ABFCB4640020C043EB
S3150800ED902849086000F02DFA7949401DC001CA6863
S3150800EDA086189E4F60017C6F04409D4A10609D4DF9
S3150800EDB00498864211D2C968401A00F07FFC0028E0
S3150800EDC00AD02C602DE000BF100002A81C2002A863
S3150800EDD01C1002A8D03E0000049E012000F080FC12
S3150800EDE08020400025490860300000F067FC8E4E00
S3150800EDF068460078002805D13868706280200004CB
S3150800EE008A4908602C6068460078002809D00120E5
S3150800EE1000F066FC3078000603D5802000039B4985
S3150800EE20086005B0F0BD00BFE40000AA0C0000AA07
S3150800EE30204000A8B46000A8085100A8F41302A84E
S3150800EE40C0350C109E8DAF1B3813460D80B5FEF7E6
S3150800EE50B5FE8F4900220A600A22CA61FEF7B7FE8C
S3150800EE608C488321090401608B49416001BD00007B
S3150800EE70685000A824E503503C1102A8B81002A85F
S3150800EE8000500C50242102A8FF0E0000FA3F000093
S3150800EE90280102A8FF3FFF3F8048806B800300D40B
S3150800EEA07047F8B57E4804687E4D0826E00629D5E1
S3150800EEB07A48806B800627D42800483000900120C5
S3150800EEC000F00EFC00277848076078480660784806
S3150800EED00068C00403D4774800683040FBD002209D
S3150800EEE000F0FEFB842080006865022000F0F8FB35
S3150800EEF0700171490860042000F0F2FB600706D52E
S3150800EF00202005E03442D7D128004C30D6E710201F
S3150800EF1000990860FEF752FE0121684A1160FEF763
S3150800EF2056FE0220686500F0DBFB09206865C020F4
S3150800EF3000066865022000F0D3FB00980F494018C8
S3150800EF40610701D5802100E040210160A020C000B2
S3150800EF506865082000F0C4FBB001E8662E60E02072
S3150800EF602865574807604760B0024C4908600001A9
S3150800EF7054490860F1BD00003F3F000000F0FFFF64
S3150800EF808C3F0000F8B5504800680D270740042458
S3150800EF90002F00D104274D480225102608214C4A87
S3150800EFA04C4B1B682340126818D04260394005D084
S3150800EFB00220FEF767FD6003474908603C4007D01A
S3150800EFC046480068064345480660280342490860E3
S3150800EFD00120434908604348056018E0026039404B
S3150800EFE005D00220FEF74EFDA0023B4908603C40D2
S3150800EFF006D03A4801680E4306606802364908603A
S3150800F0003748056037480560A8062E490860FFF7A7
S3150800F01043FF00210020FEF7C6FCF1BD20C001A871
S3150800F02094E001A894D001A8D03E00001C1002A8C4
S3150800F03010B580202C490A6802400AD02B4B1A6862
S3150800F0400624144005D15C6E294A22401B6D9C019A
S3150800F05001D5002010BD096808400DD02548824218
S3150800F06003D1180501D5012010BD23480068C10742
S3150800F070C90F481E8041C00F10BD204803210164F6
S3150800F080A821C16310210160704700001C2002A856
S3150800F090D80000AA442002A804000080100002A894
S3150800F0A0FC0302A8182102A8B80002A8106001A84B
S3150800F0B0D84001A8104001A86C1102A800600C50A5
S3150800F0C0A00102A8482002A8B44000A8F83E000003
S3150800F0D01CC101A8480002A8441002A8783F0000F5
S3150800F0E0F41302A8685000A8440002A814C001A896
S3150800F0F01F1F0000010C000030C101A8082002A84B
S3150800F1006C4800680121084209D16B4A12686B4BAA
S3150800F110000C1840F03291400B40984201D0022072
S3150800F120704700207047F8B507000F386A46108008
S3150800F130604CE0680A0004D16B461B8882B29A428A
S3150800F1403AD200226B461A80012502263A0013D0CD
S3150800F1502268324007D000292ED059480088401C22
S3150800F1605749088000203900216156490E6080B24F
S3150800F170B84201D369460D805348456000E030BF68
S3150800F1802068304003D1FFF7BBFF0028F7D04D4871
S3150800F1904560390010D02168314005D048490A88B1
S3150800F1A06B461B88D2180A80066000202061E0683A
S3150800F1B0B84201D244480660FFF7A2FFF2BD38B54F
S3150800F1C0050000F08FFB0400012199204543A8099A
S3150800F1D03E4A12688018123880B2FFF7A4FF05006D
S3150800F1E08020C0013A490860200000F07FFB280013
S3150800F1F032BD334803883549096802889342F9D1F4
S3150800F200100408187047FEB51238070C69460880BE
S3150800F21000F068FB0190274C294D2888B8421ADA75
S3150800F22001202C490860274E30BF02202168014082
S3150800F23006D030604003264908602888401C28808C
S3150800F240FFF75EFF002802D12988B942ECDB0121CD
S3150800F250716000280DD12888B8420AD1E06869464D
S3150800F2600988884205D2002168460088FFF75BFFB7
S3150800F27001E0FFF745FF04008020C001144908603B
S3150800F280019800F033FB2000FEBD10B512490A684C
S3150800F2900E4B1B680C689442FAD0DB014033141AF3
S3150800F2A002D288692418641C0C4800684443181B59
S3150800F2B010BD0000280002A804ED00E0FF3F000092
S3150800F2C0B43E0000282002A8281002A8340002A88C
S3150800F2D080E200E02C1002A820C001A8A83F000088
S3150800F2E0F0B502E00A601C602E607EC84F1C07D08D
S3150800F2F05F1C04D06F1CF5D10A601C60F0BD0A6063
S3150800F300F0BD000080B5FEF7BDFB0120824908600C
S3150800F31001BD38B581490C68082581490D60FFF79C
S3150800F320F1FF2C4001D07F48056031BD80B5EB2048
S3150800F33000F001F801BD30B5FE2189010B681840BF
S3150800F3401022134210D0784B784C2468224008D0FB
S3150800F350774A14682402FF252D0225401D630024E0
S3150800F3601460802252031A60086030BDF3B50100AC
S3150800F37016001C00002500956E48019A33000027E8
S3150800F3800BE0BC464F5D4743AE009E597E40575D35
S3150800F39047433740664637436D1CA542F1D33909C2
S3150800F3A039438A080A43510811430840C1090143F1
S3150800F3B00F208A0B0A4302405040F6BDF1B582B0D1
S3150800F3C00E0000205A4908605B4DEF7AA87A019032
S3150800F3D00F21394000910ED00B46584A58490298D9
S3150800F3E0FFF7C4FF0199014051480160994841431C
S3150800F3F09948084001D1012400E04401380915D094
S3150800F40032003B0929000298009E6D7A7519401949
S3150800F410FFF7ACFF019909110140454802680B0145
S3150800F42013430360002901D0480044438B48006811
S3150800F430204001D10420FEBD0020FEBD80B50A0093
S3150800F44000211180864952888018FFF7B7FF02BD50
S3150800F450F0B50F22834B5C7905780F202040C54014
S3150800F4602009284001259C79C4402C4001D103205D
S3150800F470F0BD2E4C2468254008D07B4D9E68470079
S3150800F480F65B761E2E608026B601EE60DD78DE79A4
S3150800F490C640F00711D5E0060FD5002D0DD07348EC
S3150800F4A048600888488008881C7800192A4080180F
S3150800F4B05A7880182A09801800E000200880002061
S3150800F4C0F0BD80B56A4801686A4A0820014200D042
S3150800F4D09061C90602D58621090111606649674A05
S3150800F4E01368034005D0664B1B689B0F9B0700D02B
S3150800F4F008600E480078C023034002D180204005EA
S3150800F500086010682022104008605E480068C00144
S3150800F51001D4FFF70BFF01BD2C4000A84C4000A802
S3150800F5204C6000A84C5000A81C1002A8D03E000051
S3150800F530A03E000001010101503F0000083F000005
S3150800F540483F0000F8B5504B586F9E6F06404F482D
S3150800F55030404F4908604F4F0220002101223404F1
S3150800F5601FD500923C7E002C07D13C695C60FC6884
S3150800F5707D6964191C603A7606E0FC685C603C6943
S3150800F5807D6964191C6039767B7E002B00D000915A
S3150800F5907976009B002B04D004233F4C23603F4B15
S3150800F5A0186004053E4DF3022BD53B681F0605D5AA
S3150800F5B03C490968A9602A70A88016E0134203D05E
S3150800F5C03948A860AA8010E0D80610D52748A86050
S3150800F5D0364A907803071B0F12789A1800091018F4
S3150800F5E0A880E980A888002809D0264309E058069B
S3150800F5F004D5281D2E4909688847F3E7A980FFF72F
S3150800F60095FE264024D0224E74603460294FA8887F
S3150800F61000280BD03968814208D3291D2648AA68D4
S3150800F62090470100F3D0FFF76DFEF1BD01000CD045
S3150800F630FC218902F161194902038A6634600C6566
S3150800F6403A68824204D3CC64F1BDEB20FFF773FE1F
S3150800F650F1BD00001111000021840000043F0000E4
S3150800F660283F0000583F0000204000A81121000054
S3150800F670F84F0000502102A8481002A8184001A817
S3150800F6804C4201A8D04000A8404000A8FFFFDFFF79
S3150800F690B46000A8D03E0000F41302A8685000A881
S3150800F6A0A43E00009C3C000025210000593F0000B4
S3150800F6B0983C0000D44000A8D84000A810B5C4095A
S3150800F6C0FFF797FD201A312806DAC000183801D44A
S3150800F6D0C01EFDD5002010BD2000FFF794FD10BD0B
S3150800F6E0C32148436F3801D41E38FDD50020704722
S3150800F6F052480121017052490A684260496881608E
S3150800F7005049E02252010A60802292004E4B1A604C
S3150800F710FD224A604D49096801614D494D4A11600B
S3150800F7208121C9004C4A11604C490968C16007200B
S3150800F7304B49086002204B49086070473F480178EA
S3150800F74000290CD00169414A116000210170C16885
S3150800F750424A11603A4982684A60406808607047C0
S3150800F760FEB5C020C00440490860404C404860656A
S3150800F7704048A0651020FFF7B3FF00285CD1FF20A2
S3150800F78000053D4908603D483D4908603D48206000
S3150800F79080256D03384805603B4807680820FFF751
S3150800F7A09FFF002848D10826384806600120FFF741
S3150800F7B097FF3548806801903548066035482060CF
S3150800F7C02D4805600820FFF78BFF002834D12F4805
S3150800F7D006600120FFF784FF2B4DA86800902C488F
S3150800F7E006602D4820600199009800F05FF8000433
S3150800F7F0FC26B60306400198C10B0098C00B00F022
S3150800F80055F80106FC208005084030432349020CC0
S3150800F8104A40FF239B1CD2181140014321602F60E8
S3150800F82080200003144908601D481E4901601E49CE
S3150800F8304160FFF783FF0020FEBD0000883E000000
S3150800F840AC0102A8AC1102A8B02102A8F00002A8D7
S3150800F850083E0000F02002A8F01002A8704001A897
S3150800F860706001A8705001A820E000A84C0102A809
S3150800F87057140000FF3FFF3FB42002A80000380ECF
S3150800F880B41002A810103030104101A8105101A878
S3150800F890106101A830301010202020203F3F0000C2
S3150800F8A0A02102A8F703F000FF3F000010B54904A5
S3150800F8B0CA104004C310991A00209A18D30F9A1830
S3150800F8C0521052188B115B0E5B18DB11D2182023CD
S3150800F8D0541A01D422001843CC0F611849105B084A
S3150800F8E0F6D110BDEFF3108072B67047002800D12C
S3150800F8F062B6704780B5FEF7ABF9A5480068000305
S3150800F9000CD4FEF79DFCFFF7C7FAFEF729FC012089
S3150800F910FFF79CFAFEF7A7FFFFF710FF8020800588
S3150800F920FEF744F901BD80B5FEF792F98020400242
S3150800F930FEF73CF901BDF8B5FEF72AF9844D052016
S3150800F9406865FEF72EF9934806680124264201D118
S3150800F950FEF7FDFA6003C02189018F4A1268D205B5
S3150800F960D20D012A00D108008C4A11602860E005F2
S3150800F9708B490860FEF76CF98A480168009140686F
S3150800F98089490860B005C70F884D002028603800EF
S3150800F99004D031000098FDF7F9FE00902868204051
S3150800F9A005D16846FEF70EFB00280BD107E0002FAD
S3150800F9B005D07F480068204001D0FEF726FA009857
S3150800F9C0FEF756FB76480460022096490860C82070
S3150800F9D0C0049F4908606004FEF7E8F8F1BDF8B571
S3150800F9E09C4F9B4C01259C489C49096801408142D3
S3150800F9F00FD19B48006828400BD09A4801689A485E
S3150800FA0005606805E063B863014000D1E063974884
S3150800FA100560974E306CC00506D58020000630601C
S3150800FA2000BF00BF40083060FEF7E2FBFEF710F9A2
S3150800FA30280320603860FDF7F0FC0400A848A949AF
S3150800FA400860A804FEF7B2F8002C01D080203060C8
S3150800FA50A5480570F1BDF8B5FEF7FAF8FC27BF0111
S3150800FA6038780521014002D0FEF77BF901E0FEF760
S3150800FA7085F97F4C012502263868304000D025607C
S3150800FA801020C043994908600020E063984908603F
S3150800FA90FEF77EF897480068216C090407D400072A
S3150800FAA005D5FEF78BF894490E60FEF790F8FEF739
S3150800FAB078F8FFF706FD9148006805400CD08020CD
S3150800FAC000068F490968014006D08E490968084032
S3150800FAD002D10D20FFF71DFCB004FEF767F8F1BD53
S3150800FAE080B5FEF7B5F82A480068000303D4FEF788
S3150800FAF037FBFEF7B8FE80204003FEF757F801BD36
S3150800FB0038B5FEF7A5F85A4C2025FFF791FA0028D4
S3150800FB1006D0606B000704D5FFF7AFFAFEF77EFF45
S3150800FB202560FEF71DFBFEF79EFEFC20800100788F
S3150800FB300C210140042902D1FEF713F901E0FEF772
S3150800FB401DF96804FEF732F84020206031BD000038
S3150800FB50081102A880B5FEF71BF80520BE49086003
S3150800FB60FEF71FF8FEF774F8FFF787FAFF20800103
S3150800FB70006800906846FEF712FF002802D1009838
S3150800FB80FEF77CFF80204004FEF710F801BD000058
S3150800FB900C0002A8440002A83C8001A8082102A87B
S3150800FBA0442002A8AC3F00009C3E0000843E0000B2
S3150800FBB0EC0002A8F8B5FEF74BF8A84CA56A502049
S3150800FBC0284002D0FEF7CDF801E0FEF7D7F8284F17
S3150800FBD0FFF72EFA00281BD1B86B40071DD4786BA7
S3150800FBE0E0214901014018D1A80611D4FDF7D0FF3C
S3150800FBF0A56A9B4E354207D0FF20C0432D18A56243
S3150800FC008020000597490860FDF7CBFF2E4002D0FB
S3150800FC100120386001E00020206080208004FDF784
S3150800FC20C5FFF1BD305201A880B5FEF711F8BE48F0
S3150800FC300068C00501D5FEF793FA0120FFF706F91B
S3150800FC40FEF711FE8020C004FDF7B0FF01BD0000DD
S3150800FC50106001A8145001A840000800D03E00001A
S3150800FC60884101A84C4001A8405101A8406101A85B
S3150800FC70100002A810B5FC2080010468FDF7E8FF13
S3150800FC8079490968090326D40321C00601D521400C
S3150800FC9001E0A0080140012902D1FEF762F80BE055
S3150800FCA0200107D50E20FFF72DFBA048042101608F
S3150800FCB008210160FEF762F89D4801699D4A1160B6
S3150800FCC00068002807D04000122802D2FFF708FD76
S3150800FCD001E0FFF774FA80208003FDF767FF10BD87
S3150800FCE070012000B46000A8B63E0000482002A8B3
S3150800FCF0A03E0000844000A824E50350404101A826
S3150800FD00D44101A8304001A8F0B585B0012768465E
S3150800FD10077000240394FDF79BFF0490524D286852
S3150800FD2000036FD40320A5490864A548006802901B
S3150800FD30A44EA5490007000F032804D00298000422
S3150800FD40000F06283AD1A14800684A6803922A6C2F
S3150800FD50920701D589680391FFF797FA0399401826
S3150800FD6001D5019400E00190A86B0107C80F032193
S3150800FD70326B0A40022A1BD1049AD20618D5326879
S3150800FD80D30513D5EF6B924B1F409F4203D1102129
S3150800FD908A4A11640CE092050AD42A6C2823134077
S3150800FDA006D16B461C702F4A116001E06A46147032
S3150800FDB0039068460778002F02D10EE00868019084
S3150800FDC0FFF736F9002808D0FFF757F903980028F7
S3150800FDD002D0FEF723FE00E00027022077490860DC
S3150800FDE0002F10D03020305C0C210140042902D0AD
S3150800FDF0E86BC00602D5FDF7B4FF01E0FDF7BEFFCC
S3150800FE002020686021E0FEF7ABF98020000615493E
S3150800FE1008600020C0436F49086001A8FEF7BFFDCF
S3150800FE20002812D102980007000F03280AD1A86BF0
S3150800FE30800507D5A020400031680140814201D1E4
S3150800FE40FDF788FC0198FEF719FE80200004FDF7EF
S3150800FE50ADFE05B0F0BD00005C1102A8D83E00005A
S3150800FE6000FFFF00481002A80C0002A8FEB50024F7
S3150800FE700194FDF7EDFE584EF06E584D0007000F41
S3150800FE80072807D17068002804D40020FEF7DEFF93
S3150800FE90286841E0012103204A4A73685B070BD4AE
S3150800FEA04F4B1B680B4007D01368DF050BD55B0566
S3150800FEB002D43368DB0503D40191116B890904E088
S3150800FEC01021484B1960116B090908400090002061
S3150800FED0FEF7BCFF0098002805D17068C00602D45A
S3150800FEE0FDF74CFF01E0FDF73CFF002001990029D2
S3150800FEF003D13D480068FFF7C8F96969401801D57C
S3150800FF00009400E000906846FEF75CF8002805D1EA
S3150800FF100098FEF7ADF8A869064908608020000534
S3150800FF20FDF744FEF7BD0000680102A880E200E084
S3150800FF30A03F00009C3E0000F8B5FDF789FE0024AE
S3150800FF4000252A48466B80277F05300606D53007E8
S3150800FF5009D5FFF792F8FEF761FD2AE0012520484A
S3150800FF600068284019D00020FEF770FF02200640DE
S3150800FF7002D01F490C60C8611E480468002D03D0D2
S3150800FF802000FDF7A1FC0400FFF777F82000FEF734
S3150800FF9075FD3800FDF70AFEF1BDFC2080010078EA
S3150800FFA0C0210140402902D1FDF7DBFE01E0FDF743
S3150800FFB0E5FE20200D490860EBE70000082002A8AE
S3150800FFC0B00002A8D03E0000B43F00000CC101A852
S3150800FFD010000010B46000A8440002A8B03F00005A
S3150800FFE0B44000A8481002A81CC101A8100002A825
S3150800FFF0180000AACC3F000000F03CF8024803496C
S31508010000486000F053F800BF812D00000000000091
S3150801001080B5EFF305800B2801D23A2100E02921AA
S31508010020FF221632002000F039FAFEE710B5C200A9
S3150801003018231340FF249C40E2438907090E99407F
S31508010040030004D46E489B089B00C01806E0A14B28
S315080100500007000F083880088000181803681A403E
S315080100601143016010BD80B573225421002000F0B0
S3150801007015FA01BD10B5FFF735FC624901220A6080
S31508010080614B624C2360624C23600323614C2360FD
S31508010090614C2360614B1A60614B1A60614A9F4B40
S315080100A01A6011228A63FFF721FC10BDFFF71AFCBB
S315080100B005000024012160B2FFF7B8FF641C0E2C6D
S315080100C0F8D301210F20FFF7B1FF01211120FFF716
S315080100D0ADFF01211320FFF7A9FF01211720FFF723
S315080100E0A5FF03210120C043FFF7A0FF01211E2020
S315080100F0FFF79CFF7848794908600220784908602B
S315080101000120904908604704764C20693840FCD0A4
S315080101102068800101D4FDF722FD2800FFF7E6FBE0
S31508010120714D0AE000281BD0FDF748FD18E020694B
S315080101303840FCD03000FFF7D9FB206E0004000FD1
S31508010140022801D1FEF718FAFFF7CCFB0600FDF7E6
S3150801015045FD00286878E5D0002801D1FDF737FD6F
S3150801016001202978002906D177490968890601D429
S315080101705B49086030BF002129700221584A116085
S3150801018070490860D3E77148016842680A407048B7
S3150801019010401E490860800703D5A9480188491CF3
S315080101A001807047F8B56B48016840680840070E3A
S315080101B03F066948046880256D02F8010DD5674830
S315080101C00068BC218900884204D12C4202D06448C7
S315080101D000688047022063490860634E6802074247
S315080101E00BD070605D480068BC218900884204D143
S315080101F0254002D0A548006880473760F1BD000058
S3150801020000E400E0040002A80000FF3F282002A83D
S315080102102C1002A840E002A844C002A804C001A804
S31508010220044001A820006006F8B5864C2068656878
S315080102300540974805608026F6054C4AB00C954955
S315080102400B68002B10D105420ED0934B5F68FF0750
S315080102500AD51B68DB0007D580231B06136000BF80
S3150801026000BF16608A4B18609B4F3B78062B0FDA46
S3150801027008688C218901014329401BD0FFF732FB0D
S3150801028000902800FDF76CF90098FFF72FFB11E0A5
S315080102900B68526B92050DD5C822D2041A432A401F
S315080102A005D0FDF7DBFF2800FDF75AF902E0AA029F
S315080102B000D5086089480068064009D0A80607D510
S315080102C0A068000704D53878072801D1FDF72AFA6E
S315080102D0F1BD00001CED00E0FFFF9B4000E100E0DE
S315080102E0602002A8500002A8B63E000010B57C485E
S315080102F0016844680C407B48046080210C4205D0A3
S315080103004160794801600020FDF72AF9600403D5A8
S31508010310802040057549086010BD0000145001A8E9
S3150801032038B57348016844680C40E00707D5FFF7FC
S31508010330D9FA0500FDF7AEF92800FFF7D7FA6D4897
S31508010340046031BD601002A8F40302A8280002A8BF
S31508010350FFFF00C0B44000A8D03E0000784001A8C5
S31508010360903C00002C4000A8B46000A8100002A828
S31508010370FEB5614C206C676C074001252F4216D0EB
S315080103802E065E48066020685D490D60002802D089
S315080103900021FDF7A3FB5B480068A021C90188423B
S315080103A08041C043C00F5849487058480660FDF758
S315080103B005FC0190022007403ED06168CEB20F0AC3
S315080103C053490822474B4403012E24D0022E31D12A
S315080103D0012F22D14F4EF67800964E4E37780126D8
S315080103E0BE404D4F3E604B4E3678760590277F04CA
S315080103F0F71903263E43494F3E601C60484B1C6073
S315080104000B68009C1B194B65424909788D40454983
S315080104100D6045490DE00090DFE7002F0AD1434EF4
S31508010420356000254D655C601C60C104404B196050
S3150801043040490A60324908600198FDF7C8FBF7BDD3
S31508010440B43E0000104001A870B5FDF7B7FB0400E3
S31508010450FFF748FA31490A68D20710D52C4A566D72
S315080104601368FB25AD012E60CE686E604968E98187
S315080104708021C904214E3160297B59185165FFF73E
S3150801048035FA2000FDF7A3FB70BD0000943C00007F
S31508010490106001A8B03E0000344301A8002800D02E
S315080104A0704770B50C00FDF789FB0500FFF71AFACE
S315080104B00600FDF79DFB2048046001211F4A1160D3
S315080104C0026C0A40FCD1FDF798FB3000FFF70EFAE3
S315080104D02800FDF77CFB70BD7C3E00004C4201A85C
S315080104E090C001A890E001A80CC001A804ED00E0A5
S315080104F0C0C000A8C0E000A800C002A8441002A815
S3150801050040E002A8404000A8B63E0000442002A8E8
S3150801051018800A50C93E000068A00A5060C101A8A7
S3150801052094D001A868900A50F42302A860E101A8B2
S3150801053080E200E0F41302A80080095040900950B7
S31508010540232D302B2000686C4C00656667454647AD
S315080105500030313233343536373839414243444530
S31508010560460030313233343536373839616263649F
S3090801057065660000AD
S30D08010574DCFCFE7F010000001A
S3110801057C88050108C02500205700000072
S315080105880000000000000000FFFF000030CA000854
S3150801059800000000FFFFFFFFFFFFFFFFE025002027
S315080105A8C01D002048D00008020000007913000881
S315080105B80000000000000000000000000000000024
S315080105C80B000000C01D0020FFFFFFFFC0EA210144
S315080105D8C0EA210100800000C01753020A00E40C92
S315080105E80A00000020270020D9AE000854D20008C6
S315080105F8FFFFFFFF4DB1000849B10008FFFFFFFFE4
S31508010608FFFFFFFF51B10008FFFFFFFFC7B400084E
S3150801061823B50008FFFFFFFFFFFFFFFFFFFFFFFFEF
S31508010628FFFFFFFF0040005A00C00350004000507A
S31508010638008000507D7D0008517400084D7000083F
S31508010648A1700008FD72000811730008E973000813
S3150801065805750008ED740008ED6E00083974000880
S3150801066800000000000000003B2D0000B026002015
S3150801067800000000DC23002044240020AC240020CC
S315080106880000000000000000000000000000000053
S315080106980000000000000000000000000000000043
S315080106A80000000000000000000000000000000033
S315080106B8000000000000000000000000FFFFFFFF27
S315080106C80C00000000002801FF0CFFF0FF000000E5
S311080106D82D020008CD02000805020008EA
S705080015BD20
